index,pmu_name,captured_at,soc,fracsec_raw,fracsec_count,lag_ms,raw_hex,raw_bytes
1,pmu-5,2026-09-07T04:58:32.8141518Z,1788757125,160000,160000,-12345.848,aa01005800016a9e44850002710000004287f745bf6051844287fcdebf66eda8428804adbf609c1242880634bf670d904287fbe0bf5c9d884287fa6cbf5f5ba84270062539343d710000000000000000000000000008c045,88
2,pmu-2,2026-09-07T04:58:32.8141518Z,1788757125,60000,60000,-12245.848,aa01005800016a9e44850000ea60000042600437c0182132425ff1f8c01886474260028ac018647c42600de3c017e72a42600a17c018b115425ffa46c01935d8427006e839ac3d71000000000000000000000000000bb2fd,88
3,pmu-1,2026-09-07T04:58:32.8141518Z,1788757124,800000,800000,-11985.848,aa01005800016a9e4484000c350000004287fd76bf66def64287fa27bf5ea1c74288103dbf5f55e74287f726bf5ca83f4287f8cfbf5ed8f94287f203bf5e256c4270006a394fd70a000000000000000000000000000cd17f,88
4,pmu-4,2026-09-07T04:58:32.8141518Z,1788757124,640000,640000,-11825.848,aa01005800016a9e44840009c400000042bdf5f34020bccc42bdfd9a4020d3cf42be03924020682442bdfc6d402232af42bdfdd44020b63f42be0790402215f4427006db399e51ec000000000000000000000000000054e4,88
5,pmu-5,2026-09-07T04:58:32.8685926Z,1788757125,180000,180000,-12311.407,aa01005800016a9e44850002bf200000428df463bf0191a9428dffe5bf0440c5428e069ebeff491d428e09ebbf0471c1428df9dabef70e1d428df9f0befe9305426ff9dcb97b999a00000000000000000000000000093b1b,88
6,pmu-5,2026-09-07T04:58:32.8685926Z,1788757125,200000,200000,-12331.407,aa01005800016a9e448500030d4000004293f965be0a41ed4293fd26be123c95429404aabdfad6c842940a56be16daca4293fdf2bdc850164293fd1dbe01a00c4270054c396a3d71000000000000000000000000000a6302,88
7,pmu-4,2026-09-07T04:58:32.8685926Z,1788757124,660000,660000,-11791.407,aa01005800016a9e4484000a1220000042c3f1c14038d57242c3fcff4039874842c402cf4039021d42c3ff36403a040542c3f9134038493642c40410403ad45142700563b7f0a3d700000000000000000000000000015b38,88
8,pmu-2,2026-09-07T04:58:32.8685926Z,1788757125,80000,80000,-12211.407,aa01005800016a9e4485000138800000426bfabcc00074d2426bed95c000c679426c0719bfff5b25426c0eadbfffa793426c0d02bfffecd7426bfea0c000c3e5426ff68db9a77ae1000000000000000000000000000c3f97,88
9,pmu-1,2026-09-07T04:58:32.8685926Z,1788757124,820000,820000,-11951.407,aa01005800016a9e4484000c83200000428dfcc9bf0604e3428dfd96befa99b8428e1453befb5e72428df2ebbef6febe428df5acbeffe5ab428df5e0beffa856426ffd2db884a3d7000000000000000000000000000d1980,88
10,pmu-3,2026-09-07T04:58:32.8685926Z,1788757123,960000,960000,-11091.407,aa01005800016a9e4483000ea6000000426bfb70c00183cb426c010cc000f94b426bf3c4c000ef86426bf048c000a337426bfe63c000804b426c01c6c000719c4270009f38a3d70a00000000000000000000000000061f56,88
11,pmu-4,2026-09-07T04:58:32.8685926Z,1788757124,680000,680000,-11811.407,aa01005800016a9e4484000a6040000042480000c0490fdb42480000c0490fdb42480000c0490fdb42480000c0490fdb42480000c0490fdb42480000c0490fdb427001fcb88b5c2900000000000000000000000000023513,88
12,pmu-1,2026-09-07T04:58:32.8685926Z,1788757124,840000,840000,-11971.407,aa01005800016a9e4484000cd14000004293faeabe1d99904293ff74bde7ebc342941026bdd52f234293f10cbdd6d2654293f147be02329c4293f630bdffb8d24270079a3955851f000000000000000000000000000e7a5b,88
13,pmu-2,2026-09-07T04:58:32.8685926Z,1788757125,100000,100000,-12231.407,aa01005800016a9e4485000186a0000042780343bfd01ecd4277ee19bfd1236942780302bfcff91e427818d8bfce95504278053cbfd0b23c4277fd75bfd1d5e64270009c394e0000000000000000000000000000000db754,88
14,pmu-3,2026-09-07T04:58:32.8685926Z,1788757123,980000,980000,-11111.407,aa01005800016a9e4483000ef420000042780428bfd245204277f92cbfd2179d4277f713bfd0bf114277fa68bfd0792c42780381bfd12d4b4277fb8ebfd15ac0426fff56b7d28f5c0000000000000000000000000007d98f,88
15,pmu-3,2026-09-07T04:58:32.8691632Z,1788757125,0,0,-12130.837,aa01005800016a9e448500000000000042820531bfa0dc9f4281faabbfa1cb754281fafdbfa104d64281fdc2bf9fa592428204b1bfa1e41b4281fbfbbfa1c0a94270092c394970a4000000000000000000000000000878ab,88
16,pmu-5,2026-09-07T04:58:32.9159222Z,1788757125,220000,220000,-12304.078,aa01005800016a9e448500035b6000004299f5393e80bf75429a01bb3e7742a44299ffea3e870e2a429a0ca03e6f4d87429a01693e8bb5b24299fcd03e7d45034270082e386c28f6000000000000000000000000000bd472,88
17,pmu-2,2026-09-07T04:58:32.9159222Z,1788757125,120000,120000,-12204.078,aa01005800016a9e44850001d4c0000042820583bf9edc994281f358bfa0866f428202bbbfa0b7824282095cbf9f1e674281fe53bfa0c05d4281fe23bfa2139b426ffb5bb8d73333000000000000000000000000000e5112,88
18,pmu-3,2026-09-07T04:58:32.9159222Z,1788757125,20000,20000,-12104.078,aa01005800016a9e448500004e20000042880827bf5f30ea4287fd3bbf60a3c94287fae0bf632f934287fe32bf5f8a5b428800c0bf60b8154287f7ddbf6445a9427006e1b83bd70a00000000000000000000000000099294,88
19,pmu-1,2026-09-07T04:58:32.9159222Z,1788757124,860000,860000,-11944.078,aa01005800016a9e4484000d1f6000004299fa5a3e660def429a04153e8c060a429a0ff93e8bc9664299f0b93e891aa54299f4ad3e7db3944299f1173e78a49942700301b8bc51ec000000000000000000000000000f541b,88
20,pmu-5,2026-09-07T04:58:32.9159222Z,1788757125,240000,240000,-12324.078,aa01005800016a9e44850003a9800000429ff0993f2189b942a006723f1fda10429ffc303f2691c642a007c23f1ea9ac429ffd433f25e73c429ff9773f1fe1f742700777b76a3d71000000000000000000000000000c9da5,88
21,pmu-4,2026-09-07T04:58:32.9159222Z,1788757124,700000,700000,-11784.078,aa01005800016a9e4484000aae60000042540384c031722c425400f3c03104294253fc21c03074e742540379c031519a4253fabcc030e28242540819c0318843427003a73808a3d7000000000000000000000000000353be,88
22,pmu-3,2026-09-07T04:58:32.9159222Z,1788757125,40000,40000,-12124.078,aa01005800016a9e448500009c400000428e05bfbef8760c428dfef7bf023021428dfe25bf022680428df91cbf0030f9428dff81befd1170428df46ebf02e0e7426ffd33b9463d71000000000000000000000000000a1a40,88
23,pmu-2,2026-09-07T04:58:32.9159222Z,1788757125,140000,140000,-12224.078,aa01005800016a9e4485000222e00000428800b8bf5e65bc4287eeb3bf5fb3834287ffc5bf62dcc342880e61bf5ea83942880197bf61079e4287fea9bf6200ed426ff887b867ae14000000000000000000000000000f1683,88
24,pmu-4,2026-09-07T04:58:32.9164361Z,1788757124,720000,720000,-11803.564,aa01005800016a9e4484000afc800000425ff9d7c019a4bf426009b1c01849cc42600265c018a50742600d8fc0199f70425ff258c0188323426000b2c0199b164270041b37147ae100000000000000000000000000044b32,88
25,pmu-1,2026-09-07T04:58:32.9164361Z,1788757124,880000,880000,-11963.564,aa01005800016a9e4484000d6d800000429ff9313f1bb8ed42a0074f3f2657d942a0107d3f24c7ff429feced3f263a90429ff1c03f209a73429fecdc3f1cae3f427006cf389bd70a0000000000000000000000000000025a,88
26,pmu-5,2026-09-07T04:58:32.9612287Z,1788757125,260000,260000,-12298.771,aa01005800016a9e44850003f7a0000042a5f0273f82322a42a605863f7f6e9b42a600543f83450f42a604023f80ac1a42a5f9473f838a7542a5f51c3f803666426ff7e3b99f851f000000000000000000000000000db908,88
27,pmu-1,2026-09-07T04:58:32.9612287Z,1788757124,900000,900000,-11938.771,aa01005800016a9e4484000dbba0000042a5fcdd3f7ebac742a603ba3f84b23042a60b7b3f81c35442a5e8fc3f83cfe642a5f01d3f8179fd42a5ee0b3f7c0d59426ffd82b93e7ae10000000000000000000000000001069a,88
28,pmu-3,2026-09-07T04:58:32.9612287Z,1788757125,60000,60000,-12098.771,aa01005800016a9e44850000ea60000042940908bdcfb63c4293fb50bdf988a24293fafbbdf8cdd64293fdedbe006562429402f4bdfdce924293f259be0b5dbe426fffe8385dc28f000000000000000000000000000baa8a,88
29,pmu-2,2026-09-07T04:58:32.9612287Z,1788757125,160000,160000,-12198.771,aa01005800016a9e4485000271000000428e0571befe4a63428decccbf01744c428dfe04bf015c90428e0e8cbefcca78428e013bbf0121fe428df9e9bf0133414270090639a8eb8500000000000000000000000000006cae,88
30,pmu-4,2026-09-07T04:58:32.9612287Z,1788757124,740000,740000,-11778.771,aa01005800016a9e4484000b4aa00000426bf79fc00184b8426c0e4fbffff3b7426c09d5c000960a426c1762c00218ef426bfb34c0005123426c05b1c0019cc2426ff850b971851f0000000000000000000000000005d3cf,88
31,pmu-3,2026-09-07T04:58:33.0031379Z,1788757125,80000,80000,-12076.862,aa01005800016a9e4485000138800000429a0b573e9004b04299f7d63e821ba94299fc223e854fd2429a01973e7ecf84429a05103e80b3884299f3b63e7b3fdb426ffd77b8480000000000000000000000000000000c058c,88
32,pmu-4,2026-09-07T04:58:33.0031379Z,1788757124,760000,760000,-11756.862,aa01005800016a9e4484000b98c000004277f3e2bfd203324278053bbfd0f8314278000bbfcfee9342781894bfd4be6b4277fc5dbfd0252342780c63bfd39458427001093932a3d70000000000000000000000000006ff41,88
33,pmu-2,2026-09-07T04:58:33.0031379Z,1788757125,180000,180000,-12176.862,aa01005800016a9e44850002bf2000004294027ebde6cb6e4293f15bbe0ce7db429400cbbe08189042941358bdf5b2f64293fdf8be071eec4293f6cbbe0a111c427004b2b8b147ae00000000000000000000000000012cbd,88
34,pmu-1,2026-09-07T04:58:33.0031379Z,1788757124,920000,920000,-11916.862,aa01005800016a9e4484000e09c0000042abfead3fb0a15542ac05573fb4920a42ac07b23fb179d742abe9f23fb2e8e842abf4bb3fb2883b42abf2433faf39db42700643393347ae0000000000000000000000000002e1a2,88
35,pmu-5,2026-09-07T04:58:33.0031379Z,1788757125,280000,280000,-12276.862,aa01005800016a9e4485000445c0000042abf0f93fb12d3042ac07b63fb01ce642ac041d3fb3cad642ac01c13fb09b7942abfdc53fb3f3bc42abf6e43faf883a427002d1395fd70a000000000000000000000000000e47bc,88
36,pmu-5,2026-09-07T04:58:33.0486591Z,1788757125,300000,300000,-12251.341,aa01005800016a9e4485000493e0000042b1ed203fe0be7f42b203133fdf833542b205e83fe3b2ab42b203fa3fe15fef42b1faed3fe5521e42b1f5a53fdfe82a426ffc27b9087ae1000000000000000000000000000f8bf2,88
37,pmu-2,2026-09-07T04:58:33.0486591Z,1788757125,200000,200000,-12151.341,aa01005800016a9e448500030d400000429a02553e8a37254299f03a3e7efc2f429a02fc3e75091f429a0f1d3e84b0d94299fc913e7f07794299f8e63e7aaf84427000c6b8a0a3d700000000000000000000000000025eda,88
38,pmu-4,2026-09-07T04:58:33.0486591Z,1788757124,780000,780000,-11731.341,aa01005800016a9e4484000be6e000004281f866bfa2bad9428200bfbfa04dac4282047dbfa005e242820a42bfa4db114281fe20bf9eac4b42820ab5bfa47ac242700088b7251eb800000000000000000000000000078c9d,88
39,pmu-5,2026-09-07T04:58:33.0486591Z,1788757125,320000,320000,-12271.341,aa01005800016a9e44850004e200000042b7ec2b4008f18742b7ffb34007a7f842b80953400a7b1642b808774008f1bf42b7f910400a7f0e42b7fa004007fda1426ff5cdb902147b00000000000000000000000000008955,88
40,pmu-2,2026-09-07T04:58:33.0486591Z,1788757125,220000,220000,-12171.341,aa01005800016a9e448500035b60000042a004b93f231562429fee8d3f1ee36d42a001c33f1d456342a00f453f226b0d429ff9463f202ebd429ff7283f1e6e104270012a37000000000000000000000000000000000398dd,88
41,pmu-3,2026-09-07T04:58:33.0486591Z,1788757125,100000,100000,-12051.341,aa01005800016a9e4485000186a0000042a00d363f27cf5e429ffb6e3f20c293429ffff43f21230142a0060a3f1fcb0742a009323f211b28429fef7b3f1df28b426fff93382ccccd000000000000000000000000000d07ce,88
42,pmu-1,2026-09-07T04:58:33.0486591Z,1788757124,940000,940000,-11891.341,aa01005800016a9e4484000e57e0000042b1fd2e3fe1a11342b203053fe5b15242b206e83fe1635542b1e8463fe4186942b1f95b3fe2163e42b1f3c73fdf9f8d426ff79fb995eb85000000000000000000000000000386d4,88
43,pmu-1,2026-09-07T04:58:33.0486591Z,1788757124,960000,960000,-11911.341,aa01005800016a9e4484000ea600000042b801264008a0be42b802e0400af45942b80a7140094fb842b7e6a1400acd5e42b7f7454008b77242b7f0564007afcb426ff857376b851f000000000000000000000000000406dd,88
44,pmu-3,2026-09-07T04:58:33.0486591Z,1788757125,120000,120000,-12071.341,aa01005800016a9e44850001d4c0000042a60b183f85199642a5fbc63f80cb0642a5fe1a3f802ef442a602a23f80fd1e42a609053f80d14b42a5ed783f7d9bba426ffdc9b8128f5c000000000000000000000000000e77bb,88
45,pmu-4,2026-09-07T04:58:33.0486591Z,1788757124,800000,800000,-11751.341,aa01005800016a9e4484000c350000004287faf7bf655407428804d8bf5e6ae6428808fbbf5f102c428806debf6773924287f9b2bf5b48e7428809eebf690e17427002ad382fae140000000000000000000000000008471e,88
46,pmu-5,2026-09-07T04:58:33.1022521Z,1788757125,340000,340000,-12237.748,aa01005800016a9e448500053020000042bde81940213a9642bdfd4f401f674e42be0ce140231e8a42be05ed40216e7542bdf9ee402209e142bdf958401fe6864270065039a9147b0000000000000000000000000001c0d9,88
47,pmu-4,2026-09-07T04:58:33.1022521Z,1788757124,820000,820000,-11717.748,aa01005800016a9e4484000c83200000428df890bf04ef7a428e01ebbefe9cf5428e0e02befe64c6428e066abf08448d428df5d3bef7a8e1428e076ebf07afef427006fd38b0a3d700000000000000000000000000093934,88
48,pmu-2,2026-09-07T04:58:33.1022521Z,1788757125,240000,240000,-12137.748,aa01005800016a9e44850003a980000042a607313f81af7242a5e9ea3f80d29442a5fe233f7f19fd42a60b013f81903442a5faa53f7f229942a5f9fa3f7e0387426ff7eab93d70a40000000000000000000000000004983d,88
49,pmu-5,2026-09-07T04:58:33.1022521Z,1788757125,360000,360000,-12257.748,aa01005800016a9e448500057e40000042c3e59140399b7a42c3fb2c40377ab642c40bda403ba97342c406c04039778e42c3f90d403a786e42c3fc9e4037ac4c426ff89fb98c33330000000000000000000000000002a443,88
50,pmu-3,2026-09-07T04:58:33.1022521Z,1788757125,140000,140000,-12037.748,aa01005800016a9e4485000222e0000042ac0fb83fb429c042abf7e33fb1072942abf9d23fb181f542ac072f3fb1cc5b42ac0de63fb13db142abf1793faf2805427000903863851f000000000000000000000000000f250a,88
51,pmu-1,2026-09-07T04:58:33.1022521Z,1788757124,980000,980000,-11877.748,aa01005800016a9e4484000ef420000042be05d9402162d342be02984022c2cb42be0e754021ab5742bde94b4023734042bdf8db4020975042bdf394401f2d7f426fff1d390ab8520000000000000000000000000005dec4,88
52,pmu-4,2026-09-07T04:58:33.1022521Z,1788757124,840000,840000,-11737.748,aa01005800016a9e4484000cd14000004293fa85be0cc9bf4293fe79bdf2e38e42940e5cbdee7bc142940ad1be195bcc4293fab9bdcdd19242940787be168249426ffc30b95d3333000000000000000000000000000a2902,88
53,pmu-2,2026-09-07T04:58:33.1022521Z,1788757125,260000,260000,-12157.748,aa01005800016a9e44850003f7a0000042ac04233fb307de42abe59c3fafe39042abfb533faeab8a42ac075f3fb144db42abfc7d3fafaea242abfb3e3fae80e5426ff5d6b82a3d710000000000000000000000000005353b,88
54,pmu-1,2026-09-07T04:58:33.1022521Z,1788757125,0,0,-11897.748,aa01005800016a9e448500000000000042c40a904039b4b942c3fe56403ad27142c40cb9403999a342c3e4af403c2c5042c3fc03403818db42c3f0624037ae60427001bc3856b85200000000000000000000000000060b91,88
55,pmu-3,2026-09-07T04:58:33.1027636Z,1788757125,160000,160000,-12057.236,aa01005800016a9e448500027100000042b2138d3fe34dfa42b1faa83fe10b7442b1febf3fe0b32f42b20bea3fe1736d42b20e733fe1be6342b1f3c33fde6e44426ffff0b74ccccd0000000000000000000000000000fc24,88
56,pmu-1,2026-09-07T04:58:33.1027636Z,1788757125,20000,20000,-11917.236,aa01005800016a9e448500004e20000042480000c0490fdb42480000c0490fdb42480000c0490fdb42480000c0490fdb42480000c0490fdb42480000c0490fdb426ff6a0b963851f00000000000000000000000000073672,88
57,pmu-3,2026-09-07T04:58:33.148122Z,1788757125,180000,180000,-12031.878,aa01005800016a9e44850002bf20000042b813e0400a35fb42b7f99e4008de0e42b7fce44008751942b80d644009212c42b811514008eebe42b7f170400775a74270088a393028f60000000000000000000000000001c94f,88
58,pmu-2,2026-09-07T04:58:33.148122Z,1788757125,280000,280000,-12131.878,aa01005800016a9e4485000445c0000042b2076f3fe3cade42b1e6df3fdeff6442b1f6d03fe004b942b20acc3fe1a53642b1fe9c3fdeb57542b1f78f3fdf83934270044d39941eb8000000000000000000000000000601d6,88
59,pmu-5,2026-09-07T04:58:33.148122Z,1788757125,380000,380000,-12231.878,aa01005800016a9e44850005cc60000042480000c0490fdb42480000c0490fdb42480000c0490fdb42480000c0490fdb42480000c0490fdb42480000c0490fdb4270047a3972cccd00000000000000000000000000037974,88
60,pmu-1,2026-09-07T04:58:33.148122Z,1788757125,40000,40000,-11891.878,aa01005800016a9e448500009c4000004253f64ac03167124253f8d6c0318aea4253fbd3c0312e2e42540552c030de0c4253fdf4c030b7ab4253ff24c030adb7426fff17392d5c2900000000000000000000000000084b62,88
61,pmu-4,2026-09-07T04:58:33.148122Z,1788757124,860000,860000,-11711.878,aa01005800016a9e4484000d1f6000004299f9e43e6d25d54299fde53e84c12d429a09443e855452429a0ab03e6732134299f9663e8a0cec429a09f43e67ed0242700318390d70a4000000000000000000000000000bad59,88
62,pmu-5,2026-09-07T04:58:33.193935Z,1788757125,400000,400000,-12206.065,aa01005800016a9e448500061a8000004253fcf5c0305c77425405adc030c7234253f640c030ae194253ff2dc03183484253ffc0c030cf844253fd0dc0314dda42700182b8733333000000000000000000000000000411b8,88
63,pmu-1,2026-09-07T04:58:33.193935Z,1788757125,60000,60000,-11866.065,aa01005800016a9e44850000ea600000425ff2e8c018a6bd425ff841c019bad4425ff1f0c0191f8b42600282c018cd73426004bbc018450f425ffbb3c01886a14270063039115c2900000000000000000000000000099fd2,88
64,pmu-3,2026-09-07T04:58:33.193935Z,1788757125,200000,200000,-12006.065,aa01005800016a9e448500030d40000042be15104022419c42bdfd944020c25742bdfe66402076e242be0dd240211c7a42be0d874021057342bdecba401f23ba426ff77fb9ae851f00000000000000000000000000026125,88
65,pmu-5,2026-09-07T04:58:33.193935Z,1788757125,420000,420000,-12226.065,aa01005800016a9e4485000668a00000425ff743c018dc39425ffdf9c018420c425ffca6c01835eb425ff695c018f7ca425ffd53c018f2e4425ffc42c018baa7427004183853d70a00000000000000000000000000054acb,88
66,pmu-2,2026-09-07T04:58:33.193935Z,1788757125,300000,300000,-12106.065,aa01005800016a9e4485000493e0000042b802de40097aed42b7e5ca40072fe442b7f7dc4008a41842b807444008d35042b8012540075e6f42b7fc1b4007c379426ffec3b8e2e1480000000000000000000000000007b3aa,88
67,pmu-4,2026-09-07T04:58:33.193935Z,1788757124,880000,880000,-11686.065,aa01005800016a9e4484000d6d800000429ffbe03f19e93c42a000053f20908542a005723f21ab0542a00c643f1b6c7a429ff6403f26084142a007693f188c59426ff9ebb93beb85000000000000000000000000000cf53f,88
68,pmu-1,2026-09-07T04:58:33.193935Z,1788757125,80000,80000,-11886.065,aa01005800016a9e4485000138800000426bfcd0c000f650426bf990c0013533426bf0d4c000d12a426c0428c0011ac9426c0a54bffff80a426bf6f4c0004dca427009733885999a000000000000000000000000000ad076,88
69,pmu-2,2026-09-07T04:58:33.193935Z,1788757125,320000,320000,-12126.065,aa01005800016a9e44850004e200000042be05f24021d55d42bde717401ee64642bdf7204020599142be058f4020e8ca42bdff75401efcb542bdfda0401f51e3426ffee43628f5c30000000000000000000000000008e4df,88
70,pmu-4,2026-09-07T04:58:33.193935Z,1788757124,900000,900000,-11706.065,aa01005800016a9e4484000dbba0000042a5ff3e3f77e51642a602ef3f80c08442a601253f812a6842a607583f7cce5b42a5f2d63f8308f642a606a43f7aeb46426ffefc38cf851f000000000000000000000000000db15f,88
71,pmu-3,2026-09-07T04:58:33.193935Z,1788757125,220000,220000,-12026.065,aa01005800016a9e448500035b60000042c4181a403a9c0742c400bb4038715042c3fbd74037f45e42c410be4039000842c40ea940388b0842c3ecbe40373b53426ff972381fae140000000000000000000000000003bebd,88
72,pmu-4,2026-09-07T04:58:33.2437032Z,1788757124,920000,920000,-11676.297,aa01005800016a9e4484000e09c0000042abfddd3fad528242ac055c3fb201f542ac060b3fb291ee42ac04263fafdb1a42abf5c93fb3056042ac03e13fae2f75426ff927b8eee148000000000000000000000000000e8476,88
73,pmu-2,2026-09-07T04:58:33.2437032Z,1788757125,340000,340000,-12096.297,aa01005800016a9e448500053020000042c4083c4039925c42c3e5b14036857542c3f8b14038b45342c401db4038709242c3fe1e4036c51842c40020403730d3427003a738c30a3d00000000000000000000000000093785,88
74,pmu-1,2026-09-07T04:58:33.2445716Z,1788757125,100000,100000,-11855.428,aa01005800016a9e4485000186a000004277f8e2bfd0753d4277fce8bfd1d1b34277f73fbfd06f7242780ab8bfd233d6427809a9bfce89134277f80bbfcfea19427005fbb88e147b000000000000000000000000000b9e4e,88
75,pmu-5,2026-09-07T04:58:33.2445716Z,1788757125,440000,440000,-12195.428,aa01005800016a9e44850006b6c00000426bf759c000f554426c039fc0004e90426bf777bfff87ff426becc0c000a41f426bfe92c000f037426bffd7c000aa13427007e0389ae14800000000000000000000000000067d9f,88
76,pmu-3,2026-09-07T04:58:33.2445716Z,1788757125,240000,240000,-11995.428,aa01005800016a9e44850003a980000042480000c0490fdb42480000c0490fdb42480000c0490fdb42480000c0490fdb42480000c0490fdb42480000c0490fdb4270048939631eb80000000000000000000000000004e604,88
77,pmu-3,2026-09-07T04:58:33.2854353Z,1788757125,260000,260000,-11974.565,aa01005800016a9e44850003f7a0000042540476c03085774253feb5c030b691425402b7c030e17f42540187c0312af6425403fac03079af42540307c031031c426ff72eb988c28f000000000000000000000000000517c1,88
78,pmu-5,2026-09-07T04:58:33.2854353Z,1788757125,460000,460000,-12174.565,aa01005800016a9e4485000704e000004277f40cbfd2b3e442780a6fbfd18ad24277f48bbfcf525c4277f09ebfd177b14277f6ebbfd159fe427809a8bfd0c2c0426ffc10b971eb850000000000000000000000000007f58b,88
79,pmu-3,2026-09-07T04:58:33.2854353Z,1788757125,280000,280000,-11994.565,aa01005800016a9e4485000445c00000425ffec7c017cd46426001f3c01839ea426000e6c019360b42600632c0196e8242600d2dc018a97a425ff976c0185f26426ffc8f38dc51ec00000000000000000000000000067471,88
80,pmu-5,2026-09-07T04:58:33.2854353Z,1788757125,480000,480000,-12194.565,aa01005800016a9e44850007530000004281f6d4bfa16d7d42820794bfa08c614281f650bf9eab3e4281fcdbbfa15a7f4281f678bfa227ba42820069bfa0bd42426ffc8f37228f5c00000000000000000000000000085c20,88
81,pmu-1,2026-09-07T04:58:33.2854353Z,1788757125,120000,120000,-11834.565,aa01005800016a9e44850001d4c000004281f770bfa140c542820087bfa1301a4282008bbfa057a242820392bfa1ee574282006ebf9dfc9e4281f7e5bfa014fc427009ab38970a3d000000000000000000000000000cf9e9,88
82,pmu-2,2026-09-07T04:58:33.2854353Z,1788757125,360000,360000,-12074.565,aa01005800016a9e448500057e40000042480000c0490fdb42480000c0490fdb42480000c0490fdb42480000c0490fdb42480000c0490fdb42480000c0490fdb426ffe90b8d07ae1000000000000000000000000000a4bec,88
83,pmu-1,2026-09-07T04:58:33.2854353Z,1788757125,140000,140000,-11854.565,aa01005800016a9e4485000222e000004287f54fbf631c704287fbbbbf62536b428800debf6041b7428807c8bf62fb7242880444bf5ca1da4287f4bebf5f89d1426fff6eb951ae14000000000000000000000000000dca4a,88
84,pmu-4,2026-09-07T04:58:33.2860096Z,1788757124,940000,940000,-11653.990,aa01005800016a9e4484000e57e0000042b1fe243fdd9c7742b2040a3fe2f22842b20a5e3fe1fdb842b204563fe1321b42b1f7ab3fe2440642b202413fdf3ec7426ffc08386bd70a000000000000000000000000000fa46a,88
85,pmu-2,2026-09-07T04:58:33.2860096Z,1788757125,380000,380000,-12093.990,aa01005800016a9e44850005cc600000425405ebc030ff73425404dcc031732c42540539c03075bc4254071ec030b61e4253fa96c0304f394253fa9fc0318d4d426ffee736deb852000000000000000000000000000bd615,88
86,pmu-4,2026-09-07T04:58:33.2860096Z,1788757124,960000,960000,-11673.990,aa01005800016a9e4484000ea600000042b7fb734006affd42b806aa40092d7142b80ebf4008ec9e42b804014008421642b7f31d4009d1b442b803a340075ff74270083e397a147b00000000000000000000000000004de9,88
87,pmu-5,2026-09-07T04:58:33.3307841Z,1788757125,500000,500000,-12169.216,aa01005800016a9e44850007a12000004287fa1fbf60c8e5428805a7bf60af684287f374bf5b3f0b4287fc91bf6402894287f994bf64e5fe42880052bf61a021426ffd9c37ac28f600000000000000000000000000098553,88
88,pmu-3,2026-09-07T04:58:33.3307841Z,1788757125,300000,300000,-11969.216,aa01005800016a9e4485000493e00000426bfedbbfffa7fe426c0658bfff2649426c0a65c000da46426bfc0fc000f773426c095ec00063ca426bf0e5c00054f4426ff6d7b8ea3d7100000000000000000000000000073d6a,88
89,pmu-1,2026-09-07T04:58:33.3307841Z,1788757125,160000,160000,-11829.216,aa01005800016a9e4485000271000000428df6e2bf004378428df894bf01d78c428e0340befee749428e030bbf0255c6428e032abef3c972428df980bf00b5cd426ffd0fb8423d71000000000000000000000000000e93c7,88
90,pmu-2,2026-09-07T04:58:33.3307841Z,1788757125,400000,400000,-12069.216,aa01005800016a9e448500061a800000426001bec018dc79426006a6c0190955425ffdcac018e031426002c0c018bd8a425ff0a8c0180793425ff0c9c0198db4426ffd1db8128f5c000000000000000000000000000cf357,88
91,pmu-4,2026-09-07T04:58:33.3307841Z,1788757124,980000,980000,-11649.216,aa01005800016a9e4484000ef420000042bdfefc401eff5642be090d4021380f42be105e40216cca42be0006401fce4f42bdf72840226a8642be0352401f654b427007b9b72a3d7100000000000000000000000000017fd8,88
92,pmu-4,2026-09-07T04:58:33.3313493Z,1788757125,0,0,-11668.651,aa01005800016a9e448500000000000042c3fdd34036da8542c408eb4038d53642c40f2a403979a342c3fd684037ac7c42c3f292403aaca742c401b140381b41426ff866b99ceb850000000000000000000000000002fa06,88
93,pmu-5,2026-09-07T04:58:33.3769125Z,1788757125,520000,520000,-12143.087,aa01005800016a9e44850007ef400000428df9a4bf01a0e0428e059fbefefcbe428df5c2bef3c9b1428dfcffbf048b13428dfe3bbf0481af428dfcadbeff8c934270019438a28f5c000000000000000000000000000a133c,88
94,pmu-5,2026-09-07T04:58:33.3769125Z,1788757125,540000,540000,-12163.087,aa01005800016a9e448500083d6000004293f500be01e614429402d0be05f4a44293f6e9bdd32ee74293f96fbe1787984293fb17be0dc4844293fa33be028207426ff9c3b920147b000000000000000000000000000b0412,88
95,pmu-3,2026-09-07T04:58:33.3769125Z,1788757125,320000,320000,-11943.088,aa01005800016a9e44850004e20000004278064dbfce816e42780cafbfcfc9c7427800dabfd18f794277f3b0bfd15f2442780fdbbfd16cb64277e833bfcf3bcd427000803945d70a0000000000000000000000000008e3ec,88
96,pmu-3,2026-09-07T04:58:33.3769125Z,1788757125,340000,340000,-11963.087,aa01005800016a9e44850005302000004281fe8cbf9dc29742820b00bf9f596c4281fc52bfa25c914281fcdebfa2639342820b5fbfa2258b4281f8f5bf9e9415426ffba3b8c733330000000000000000000000000009bf18,88
97,pmu-1,2026-09-07T04:58:33.3769125Z,1788757125,180000,180000,-11803.087,aa01005800016a9e44850002bf2000004293fa1cbdf98a314293f974be0611c0429400bebdf4ab464293ff88be072f9c4294034dbdc3a1514293f4eabe0184354270041739100000000000000000000000000000000fb222,88
98,pmu-2,2026-09-07T04:58:33.3769125Z,1788757125,420000,420000,-12043.087,aa01005800016a9e4485000668a00000426bfabcc000faed426c1073c0007c8d426bfdebc0005988426bff02c00044e1426becbdc000694f426bf4bbc000f2ac426ffd7936eb851f000000000000000000000000000db0e0,88
99,pmu-4,2026-09-07T04:58:33.3769125Z,1788757125,20000,20000,-11643.087,aa01005800016a9e448500004e20000042480000c0490fdb42480000c0490fdb42480000c0490fdb42480000c0490fdb42480000c0490fdb42480000c0490fdb426ffb0738575c2900000000000000000000000000038dfe,88
100,pmu-1,2026-09-07T04:58:33.377539Z,1788757125,200000,200000,-11822.461,aa01005800016a9e448500030d4000004299fe8e3e8622954299f9853e7588154299fcd83e884dd6429a001b3e757b83429a06693e8b4c044299f82a3e83cab542700495372147ae00000000000000000000000000008d20,88
101,pmu-4,2026-09-07T04:58:33.377539Z,1788757125,40000,40000,-11662.461,aa01005800016a9e448500009c4000004253f984c0309d4c42540124c030f0384253ff6dc03189644254058cc0314b0342540242c030fd3842540376c0307b20426ff7d7b8828f5c0000000000000000000000000004b683,88
102,pmu-2,2026-09-07T04:58:33.377539Z,1788757125,440000,440000,-12062.461,aa01005800016a9e44850006b6c000004277fb2fbfd259c3427814b0bfd098354277fd89bfd081e84277f738bfcf8bad4277e33dbfcfa4514277ee64bfd10386426ff788b8f35c29000000000000000000000000000edfec,88
103,pmu-5,2026-09-07T04:58:33.4201848Z,1788757125,560000,560000,-12139.815,aa01005800016a9e448500088b8000004299f1703e82870b4299ff513e759e504299f49e3e90de224299f6453e705a564299f8503e6fb8364299f84e3e790f2a427000cf391051ec000000000000000000000000000ce300,88
104,pmu-3,2026-09-07T04:58:33.4201848Z,1788757125,360000,360000,-11939.815,aa01005800016a9e448500057e4000004287ff6fbf58b44042880685bf5d75914287f7edbf669e904287fe96bf61e73842880d5cbf6410754287f8c1bf5c0d5e4270036c391f70a4000000000000000000000000000a245e,88
105,pmu-1,2026-09-07T04:58:33.4201848Z,1788757125,220000,220000,-11799.815,aa01005800016a9e448500035b600000429ffc9b3f215b44429ff6843f1c5299429ffdca3f22764b42a003bc3f1e7cac42a002f23f289519429ffbf53f237f3c426fffe3b8c051ec0000000000000000000000000001c978,88
106,pmu-2,2026-09-07T04:58:33.4201848Z,1788757125,460000,460000,-12039.815,aa01005800016a9e4485000704e000004281ff46bfa166c342820a3abfa181d74281fc96bfa0edf04281fd11bf9fc8534281eecdbf9f55904281f888bfa105e9426ff6acb78ccccd000000000000000000000000000fd4b9,88
107,pmu-4,2026-09-07T04:58:33.4201848Z,1788757125,60000,60000,-11639.815,aa01005800016a9e44850000ea600000425ffcbcc0188497426009f9c01928fe426002bec018d0e1425ffbc8c019ab8a425ffa3ec0188e17425ffe55c018ee4842700103393bd70a000000000000000000000000000514f0,88
108,pmu-3,2026-09-07T04:58:33.4655629Z,1788757125,380000,380000,-11914.437,aa01005800016a9e44850005cc600000428dfb41beee186c428e0878bef5376f428dfc09bf05903f428dfa1cbefe7124428e0b63bf021860428df78dbef97d2c427005e03848f5c3000000000000000000000000000b5548,88
109,pmu-5,2026-09-07T04:58:33.4655629Z,1788757125,580000,580000,-12114.437,aa01005800016a9e44850008d9a00000429ff01f3f20de25429ffc343f1ed8c7429ff5183f295038429ff4f83f1d48c8429ff80e3f1da8a7429ff45d3f1e54804270092b392b3333000000000000000000000000000d8dcd,88
110,pmu-3,2026-09-07T04:58:33.4655629Z,1788757125,400000,400000,-11934.437,aa01005800016a9e448500061a8000004293fc8abdadb72742940486bdbf055a4293ffabbe1033644293fb93be04478342940d59be0f80cf4293fca1bddbc8e0426ff6deb999ae14000000000000000000000000000cc34f,88
111,pmu-5,2026-09-07T04:58:33.4655629Z,1788757125,600000,600000,-12134.437,aa01005800016a9e4485000927c0000042a5ef373f80114d42a5f90f3f80b80d42a5f8f93f83e3a342a5f0be3f7d9e4a42a5fc833f7d6a5142a5f1443f7d00f5426ff71db9b8e148000000000000000000000000000ec59b,88
112,pmu-4,2026-09-07T04:58:33.4655629Z,1788757125,80000,80000,-11614.437,aa01005800016a9e4485000138800000426bf668bffff475426c1033c0018d14426c0139c0009115426c0184c00209db426bf12bc000f544426c0584c00131d4426ff942b91ecccd0000000000000000000000000006ecf7,88
113,pmu-1,2026-09-07T04:58:33.4655629Z,1788757125,240000,240000,-11774.437,aa01005800016a9e44850003a980000042a601a23f801a4842a5f6a13f7d583142a5fb573f811d1e42a606723f7d736942a5ffc63f85cb1842a5ff543f81dd6e426ff8c4b911d70a00000000000000000000000000021eb4,88
114,pmu-2,2026-09-07T04:58:33.4655629Z,1788757125,480000,480000,-12014.437,aa01005800016a9e44850007530000004287fabfbf638395428805e7bf6328934287fe81bf620f884287fb66bf5fcbb44287eb2ebf5d3ded4287f8ecbf613126426ffa77389b5c29000000000000000000000000000080b5,88
115,pmu-4,2026-09-07T04:58:33.4655629Z,1788757125,100000,100000,-11634.437,aa01005800016a9e4485000186a000004277ff8abfcedddb42780855bfd34aa54277fdf7bfd1aead4277f760bfd2bb304277eb37bfd27be242780433bfd15aea427007a5399351ec0000000000000000000000000007fb42,88
116,pmu-1,2026-09-07T04:58:33.4660651Z,1788757125,260000,260000,-11793.935,aa01005800016a9e44850003f7a0000042ac06463fb0a8ae42abf6003fafc74c42abfd353fb1f70a42ac035e3fae2fd042ac02fd3fb5aeab42abfe153fb14c3d426ffaac381c28f600000000000000000000000000032e4b,88
117,pmu-2,2026-09-07T04:58:33.4660651Z,1788757125,500000,500000,-12033.935,aa01005800016a9e44850007a1200000428dfdadbf027763428e093bbf041f09428dfb36bf011f19428dff5cbefd3b7f428de940befa5009428df8efbf032b9e427005b539663d710000000000000000000000000001d501,88
118,pmu-5,2026-09-07T04:58:33.5185663Z,1788757125,620000,620000,-12101.434,aa01005800016a9e4485000975e0000042abf3da3faf17ba42abf40c3fb1de4b42abf6563fb4e98a42abebc53fb0212b42abfc173fb0154342abed7b3fae49b6426ff5fdb7b851ec000000000000000000000000000f9f0f,88
119,pmu-3,2026-09-07T04:58:33.5185663Z,1788757125,420000,420000,-11901.434,aa01005800016a9e4485000668a000004299ffba3e99e211429a00033e95c752429a02d43e7a57ae4299f8d53e7f30f1429a0e393e6dcd094299f85d3e88d7984270057439955c29000000000000000000000000000dd82d,88
120,pmu-2,2026-09-07T04:58:33.5185663Z,1788757125,520000,520000,-12001.434,aa01005800016a9e44850007ef4000004293fb6ebe02468042940ae1be1161294293f967be065e384293facfbdffcfc74293e5bebdf3c8544293f3f6be0bc3cc427008f6388547ae0000000000000000000000000002be11,88
121,pmu-4,2026-09-07T04:58:33.5185663Z,1788757125,120000,120000,-11601.434,aa01005800016a9e44850001d4c0000042820373bf9e2bcc428202e6bfa1d6eb4281fbbabfa0b9844281f886bfa35bb34281f7f0bfa17be24281ff5cbfa0d85b426ff91fb994b85200000000000000000000000000082563,88
122,pmu-1,2026-09-07T04:58:33.5185663Z,1788757125,280000,280000,-11761.434,aa01005800016a9e4485000445c0000042b2012c3fe09a4142b1f3a83fe14d2942b1ff593fe146ab42b1fe4c3fdfa4a842b206043fe5413342b1fd883fe29471427004e4395147ae00000000000000000000000000041e3f,88
123,pmu-3,2026-09-07T04:58:33.5654409Z,1788757125,440000,440000,-11874.559,aa01005800016a9e44850006b6c0000042a002b93f2e18e9429fffce3f293e7942a0042d3f214b73429ffa503f21925b42a013123f1b4749429ff7db3f24b7c9426ff5dbb99fb852000000000000000000000000000e352a,88
124,pmu-2,2026-09-07T04:58:33.5654409Z,1788757125,540000,540000,-11974.559,aa01005800016a9e448500083d6000004299ff143e78d235429a0e203e6e1f6c4299fd923e811d234299fc8a3e817cae4299e6ff3e886b884299f8b13e7bd7694270067eb84a3d71000000000000000000000000000336e6,88
125,pmu-1,2026-09-07T04:58:33.5654409Z,1788757125,300000,300000,-11734.559,aa01005800016a9e4485000493e0000042b802e84008eeca42b7f506400882f242b802ce4008feda42b7fa184007dad842b801e2400aa1ba42b802124009077c42700110b89ccccd0000000000000000000000000005406b,88
126,pmu-5,2026-09-07T04:58:33.5654409Z,1788757125,640000,640000,-12074.559,aa01005800016a9e44850009c400000042b1eefb3fdfa98b42b1f56c3fe229a142b1f78a3fe4265e42b1edb53fdf3d7f42b1fa723fe099f642b1ea3a3fdedbb0426ffddc392133330000000000000000000000000000bf7b,88
127,pmu-4,2026-09-07T04:58:33.5654409Z,1788757125,140000,140000,-11574.559,aa01005800016a9e4485000222e0000042880607bf5a3b1c42880486bf6590c94287fd9bbf6173914287fb5bbf63e4824287f694bf63db304287fa97bf5f6ae8426ff6cfb83d70a40000000000000000000000000009a701,88
128,pmu-3,2026-09-07T04:58:33.5654409Z,1788757125,460000,460000,-11894.559,aa01005800016a9e4485000704e0000042a5fecf3f87a92242a601483f860e7642a6031a3f806ce042a5f7fd3f8152e042a611b43f79789442a5fbd63f8162ae426ffaa238c3ae14000000000000000000000000000fb59c,88
129,pmu-2,2026-09-07T04:58:33.5654409Z,1788757125,560000,560000,-11994.559,aa01005800016a9e448500088b800000429ffa443f1edd1042a00ecc3f1c1a35429ff8ca3f200c27429fff563f2266f0429fe8d63f22ec76429ffd473f20f556426fff53b912cccd00000000000000000000000000042bfe,88
130,pmu-1,2026-09-07T04:58:33.5654409Z,1788757125,320000,320000,-11754.559,aa01005800016a9e44850004e200000042be025f4021008442bdf114402062d542bdfed64021087542bdf657402072c642bdff054023208f42be057c4021c891427000aab7028f5c0000000000000000000000000006a1ae,88
131,pmu-5,2026-09-07T04:58:33.5654409Z,1788757125,660000,660000,-12094.559,aa01005800016a9e4485000a1220000042b7edf14007764642b7f2ed4008b4f842b7fa6f4009f94542b7f05d4007d17042b7faad4007cb5d42b7eada400815a0426ffa0db89c00000000000000000000000000000001b2b5,88
132,pmu-4,2026-09-07T04:58:33.5654409Z,1788757125,160000,160000,-11594.559,aa01005800016a9e4485000271000000428e0120bef52892428e0208bf034c61428dffafbf000dbb428dfa42bf05ef9e428df57dbf034965428dff0fbefa5ec442700195395ca3d7000000000000000000000000000a37c3,88
133,pmu-3,2026-09-07T04:58:33.620174Z,1788757125,480000,480000,-11859.826,aa01005800016a9e448500075300000042abfef33fb6e92e42ac05cb3fb638f042ac05543fb0242542abf9a13fb1c1ac42ac11013fad45d942abfd983fb1afa3427008bb39905c290000000000000000000000000000bfd2,88
134,pmu-4,2026-09-07T04:58:33.620174Z,1788757125,180000,180000,-11559.826,aa01005800016a9e44850002bf20000042940292bdda508342940188be05c71c42940098be05ba384293f572be16081c4293fa70be0bd8a942940331bdd151b34270077c38f1c28f000000000000000000000000000bb94f,88
135,pmu-2,2026-09-07T04:58:33.620174Z,1788757125,580000,580000,-11959.826,aa01005800016a9e44850008d9a0000042a5fae43f7dcea442a60bb63f7a2dd242a5fc8c3f7fd4e642a5fe3e3f81a50742a5e6353f82bf3242a5fd863f80df34426ff9d2b8e170a400000000000000000000000000050d97,88
136,pmu-1,2026-09-07T04:58:33.620174Z,1788757125,340000,340000,-11719.826,aa01005800016a9e448500053020000042c4044f4039a4a342c3f2264038eaa542c400f8403928d842c3f1ff403918ba42c3f9f4403b66f042c405d9403a1358427009be3939eb850000000000000000000000000007c200,88
137,pmu-5,2026-09-07T04:58:33.620174Z,1788757125,680000,680000,-12059.826,aa01005800016a9e4485000a6040000042bdee43401fbf4842bdf3d740207c5542bdf99640229aac42bdf2f34020033742bdfdc3401f9c5742bde92b401fb4e6426ffb0f37a51eb800000000000000000000000000023888,88
138,pmu-3,2026-09-07T04:58:33.620174Z,1788757125,500000,500000,-11879.826,aa01005800016a9e44850007a120000042b1fc5a3fe86a3a42b202223fe6b2f442b2095e3fe04bd742b1fa4d3fe20cb542b20f643fdea70d42b1f97b3fe278b2426ffc36b98033330000000000000000000000000001372c,88
139,pmu-2,2026-09-07T04:58:33.620174Z,1788757125,600000,600000,-11979.826,aa01005800016a9e4485000927c0000042abf8f13faf6f5142ac06c33fae0c5042abfb233faf11a342ac02133fb111d642abe2783fb2109542abfe8c3faff10d426ff6d3b87570a400000000000000000000000000068e5d,88
140,pmu-4,2026-09-07T04:58:33.620174Z,1788757125,200000,200000,-11579.826,aa01005800016a9e448500030d400000429a004a3e865380429a01223e7a75f64299ff7c3e7e5dc34299f1533e6299b34299ff793e6cdd26429a07963e8b4977427002ddb8bd47ae000000000000000000000000000ce300,88
141,pmu-1,2026-09-07T04:58:33.620174Z,1788757125,360000,360000,-11739.826,aa01005800016a9e448500057e40000042480000c0490fdb42480000c0490fdb42480000c0490fdb42480000c0490fdb42480000c0490fdb42480000c0490fdb42700748b849999a00000000000000000000000000085c2e,88
142,pmu-5,2026-09-07T04:58:33.620174Z,1788757125,700000,700000,-12079.826,aa01005800016a9e4485000aae60000042c3edfb4037634e42c3f7b740385b9142c3f4e5403b5baa42c3f3764038049a42c3fdbd40384f9542c3ec4f40385e97426ff732b89e3d7100000000000000000000000000038ea1,88
143,pmu-3,2026-09-07T04:58:33.6695296Z,1788757125,520000,520000,-11850.470,aa01005800016a9e44850007ef40000042b7fd81400c710042b8063c400b3ab142b808314008778a42b7fc2c40094f5d42b810a24007e65e42b7fe3740092d74426ff805b8abae140000000000000000000000000002cad7,88
144,pmu-5,2026-09-07T04:58:33.6695296Z,1788757125,720000,720000,-12050.470,aa01005800016a9e4485000afc80000042480000c0490fdb42480000c0490fdb42480000c0490fdb42480000c0490fdb42480000c0490fdb42480000c0490fdb427004fa398d1eb800000000000000000000000000041e43,88
145,pmu-2,2026-09-07T04:58:33.6695296Z,1788757125,620000,620000,-11950.470,aa01005800016a9e4485000975e0000042b1f4303fdf9f6442b202523fdf2f3742b1fb4d3fe0850542b1ffae3fe1fc5642b1e33e3fe1f4f942b1fe1f3fe11aa24270094339bccccd0000000000000000000000000007cc73,88
146,pmu-4,2026-09-07T04:58:33.6695296Z,1788757125,220000,220000,-11550.470,aa01005800016a9e448500035b600000429ffbac3f249ade42a005d23f20d62242a003c53f205a50429ff09a3f1a368b42a003d73f1a3fe842a009e33f286f9f4270084c38de8f5c000000000000000000000000000de595,88
147,pmu-1,2026-09-07T04:58:33.6695296Z,1788757125,380000,380000,-11710.470,aa01005800016a9e44850005cc600000425406fdc0306abc42540518c031268d4253f77fc031383d425409b4c030b9db42540968c03116c54253ffc6c030bb51426ffc8db95bc28f0000000000000000000000000009a5dc,88
148,pmu-3,2026-09-07T04:58:33.7201121Z,1788757125,540000,540000,-11819.888,aa01005800016a9e448500083d60000042bdf9cf40246c6842be06264023788d42be0a244020fc3142be00534021a80342be105d401fde2242bdfd5f402154dc427002383950e1480000000000000000000000000003e20f,88
149,pmu-2,2026-09-07T04:58:33.7201121Z,1788757125,640000,640000,-11919.888,aa01005800016a9e44850009c400000042b7f0df4007b95042b804ce400773c342b7fbf14008ae2142b800a84009179b42b7dfa34008f72242b8010a40082bf8427000c1b92e3d710000000000000000000000000008faa0,88
150,pmu-1,2026-09-07T04:58:33.7201121Z,1788757125,400000,400000,-11679.888,aa01005800016a9e448500061a800000426001a0c017df0b42600291c018f2cb425ffb4cc0195dce4260003fc019139d4260058dc019080d425ffcdfc0193383426ff9ccb861999a000000000000000000000000000aa239,88
151,pmu-4,2026-09-07T04:58:33.7201121Z,1788757125,240000,240000,-11519.888,aa01005800016a9e44850003a980000042a600493f81b70b42a606783f804c7042a6009f3f7f61da42a5f1333f7c332542a6022e3f79b82b42a605e93f849a44426ffa13b991a3d7000000000000000000000000000edd3f,88
152,pmu-5,2026-09-07T04:58:33.7201121Z,1788757125,740000,740000,-12019.888,aa01005800016a9e4485000b4aa000004253faaac0317f2f42540297c030fd7a4253f686c030c69142540529c030d62d4253fd18c0316f1d4253ff96c03140df42700083b8b6e1480000000000000000000000000005d5fb,88
153,pmu-3,2026-09-07T04:58:33.7201121Z,1788757125,560000,560000,-11839.888,aa01005800016a9e448500088b80000042c3f8bb403cc3a842c4024c403c26fc42c409c54038790942c40036403a20f642c40bf240377d0742c3feb8403944d8426ff951b93651ec00000000000000000000000000042d2c,88
154,pmu-2,2026-09-07T04:58:33.7201121Z,1788757125,660000,660000,-11939.888,aa01005800016a9e4485000a1220000042bdf4c540207a2d42be050f4020352a42be002040204c6542be00a840211a8d42bde24d40217c6042be04a9401fe9fe426ff735b943851f000000000000000000000000000939c3,88
155,pmu-1,2026-09-07T04:58:33.7201121Z,1788757125,420000,420000,-11699.888,aa01005800016a9e4485000668a00000426bfe64bffe7ce7426bfaf3c00079f4426bf6bcc00143cc426bf896c000ca2f426c0a27c00102db426bfd66c000ddc8426ffc013834cccd000000000000000000000000000b1691,88
156,pmu-4,2026-09-07T04:58:33.7201121Z,1788757125,260000,260000,-11539.888,aa01005800016a9e44850003f7a0000042ac04903fb1aacc42ac09783fb1c37642abfdce3faff27b42abf4ea3faf41c642abff5e3fae0dce42ac08f63fb4ec5d426ff60fb8a47ae1000000000000000000000000000f8e54,88
157,pmu-5,2026-09-07T04:58:33.7201121Z,1788757125,760000,760000,-12039.888,aa01005800016a9e4485000b98c00000425fffbbc019fa6c42600526c019330b425ff74ac018873f42600e5dc0188efa426006e8c019353242600798c018eb8d427002453810000000000000000000000000000000064ace,88
158,pmu-3,2026-09-07T04:58:33.7676964Z,1788757125,580000,580000,-11812.304,aa01005800016a9e44850008d9a0000042480000c0490fdb42480000c0490fdb42480000c0490fdb42480000c0490fdb42480000c0490fdb42480000c0490fdb426ff70eb83947ae00000000000000000000000000058629,88
159,pmu-4,2026-09-07T04:58:33.7676964Z,1788757125,280000,280000,-11512.304,aa01005800016a9e4485000445c0000042b202cd3fe10eb542b2096b3fe0c54442b1fc2d3fe14b7242b1f2f83fdff68342b201933fdea2be42b20dd53fe592a9426ff62b360f5c2900000000000000000000000000000a69,88
160,pmu-1,2026-09-07T04:58:33.7676964Z,1788757125,440000,440000,-11672.304,aa01005800016a9e44850006b6c000004277fc03bfcf297f4277f84dbfd136654277fcd1bfd26b3d4277faf0bfd0e63b42780ca3bfd1b77f427802c1bfd2a9a3426ffb42b7747ae1000000000000000000000000000cd996,88
161,pmu-5,2026-09-07T04:58:33.7676964Z,1788757125,780000,780000,-12012.304,aa01005800016a9e4485000be6e00000426bfbb2c00250b3426c0b17c0017397426bfe14bfffce21426c1393bfffb48c426c0c1fc001495f426c091cc000c7fe426fff68b86a8f5c0000000000000000000000000007d8fa,88
162,pmu-2,2026-09-07T04:58:33.7676964Z,1788757125,680000,680000,-11912.304,aa01005800016a9e4485000a6040000042c3f1154038299442c401334038855a42c404374038e3f742c4030040394c6942c3dfa7403a281642c4041c4037ab96426ffbeb38c0f5c3000000000000000000000000000a9cce,88
163,pmu-3,2026-09-07T04:58:33.7676964Z,1788757125,600000,600000,-11832.304,aa01005800016a9e4485000927c0000042540532c03066ce42540823c030e3964253fe2ec0312c76425406a3c030a3d1425408b3c0310afb425405c5c030f4684270006e394000000000000000000000000000000006d0c4,88
164,pmu-2,2026-09-07T04:58:33.7676964Z,1788757125,700000,700000,-11932.304,aa01005800016a9e4485000aae60000042480000c0490fdb42480000c0490fdb42480000c0490fdb42480000c0490fdb42480000c0490fdb42480000c0490fdb42700539393e8f5c000000000000000000000000000b9650,88
165,pmu-1,2026-09-07T04:58:33.7676964Z,1788757125,460000,460000,-11692.304,aa01005800016a9e4485000704e000004282003abf9eec954281fdb2bfa08a5b428201eabfa30ed44281ff89bfa1be67428201a7bfa0511d4281fcfcbfa1ace0426ff862b86b851f000000000000000000000000000d9f21,88
166,pmu-5,2026-09-07T04:58:33.7676964Z,1788757125,800000,800000,-12032.304,aa01005800016a9e4485000c3500000042780033bfd3b5b842780509bfd19db24277f475bfcf7de042780f58bfd067d242780240bfd31c9842780ab4bfd0540b4270008037b3333300000000000000000000000000084143,88
167,pmu-4,2026-09-07T04:58:33.768319Z,1788757125,300000,300000,-11531.681,aa01005800016a9e4485000493e0000042b802ed400882a442b80d0c400833cf42b8003640084eb242b7f1db40089d4a42b800ec40077f5442b811c8400b5b0d427001ac396b999a00000000000000000000000000015172,88
168,pmu-5,2026-09-07T04:58:33.8146789Z,1788757125,820000,820000,-12005.321,aa01005800016a9e4485000c83200000428200a2bfa41be3428201dabfa0a62d4281f8bcbf9fd6f242820a40bf9f8cec428202b2bfa3a2e24282050abfa13794426ffb1ab8dd1eb800000000000000000000000000095bd5,88
169,pmu-2,2026-09-07T04:58:33.8146789Z,1788757125,720000,720000,-11905.321,aa01005800016a9e4485000afc8000004253fc57c030f6cf42540722c030ea02425405a2c0306ff44253fce0c030baeb4254081cc03100e94253f98ec0308d2f4270097338ad1eb8000000000000000000000000000c20c1,88
170,pmu-1,2026-09-07T04:58:33.8146789Z,1788757125,480000,480000,-11665.321,aa01005800016a9e448500075300000042880456bf5b44c24287fb5abf607dcd42880547bf681ef7428802fbbf629ca74287fefbbf5feccb4287fc9fbf62c533426fffa83914f5c3000000000000000000000000000e01ce,88
171,pmu-3,2026-09-07T04:58:33.8146789Z,1788757125,620000,620000,-11805.321,aa01005800016a9e4485000975e0000042600bf2c018289e426010b3c018a219425fffaac0199ec54260081dc018e536425fff76c0186b6b42600f6bc0193bf6427007d3391770a40000000000000000000000000007e48b,88
172,pmu-4,2026-09-07T04:58:33.8146789Z,1788757125,320000,320000,-11505.321,aa01005800016a9e44850004e200000042be00324020190642be0cfc4020c5ae42bdfc924020182c42bdf07a40205ab742bdfe52401f5f1542be11f94023265b427007cb38fab8520000000000000000000000000002ca89,88
173,pmu-3,2026-09-07T04:58:33.8594063Z,1788757125,640000,640000,-11780.594,aa01005800016a9e44850009c4000000426c044bbfff34b6426c1002c0006dd2426bf631c0014bdc426c01aec000eeea426bf95dbfffb05b426c06c7c000fd1342700682b7d7ae1400000000000000000000000000083159,88
174,pmu-5,2026-09-07T04:58:33.8594063Z,1788757125,840000,840000,-11980.594,aa01005800016a9e4485000cd140000042880306bf671d8a42880505bf5e4e394287fc60bf5ee53842880a8cbf5c8f51428806c5bf68b2124288068abf62c34b426ffe3f3880cccd000000000000000000000000000afefd,88
175,pmu-2,2026-09-07T04:58:33.8594063Z,1788757125,740000,740000,-11880.594,aa01005800016a9e4485000b4aa00000425ffba9c018e2c84260110fc0191350425fff2bc0183f8e425ffa67c0193baa426009f3c018f279425ffaf4c018dd2e4270092fb6ae147b000000000000000000000000000d06d1,88
176,pmu-1,2026-09-07T04:58:33.8594063Z,1788757125,500000,500000,-11640.594,aa01005800016a9e44850007a1200000428e08cbbef1cab5428dfca5befafc4d428e0635bf0863f1428e0807beffe2e4428dfbfebefd7013428dfc55bf03fbd2426ffc51b888cccd000000000000000000000000000fd557,88
177,pmu-3,2026-09-07T04:58:33.8594063Z,1788757125,660000,660000,-11800.594,aa01005800016a9e4485000a122000004277fef5bfcdbe3a42780e1cbfcfc3c24277ec4cbfd1ccd7427801e9bfd0677c4278032bbfcfd10142780ea5bfd21ad1426ffa05b97fc28f0000000000000000000000000009ca4f,88
178,pmu-5,2026-09-07T04:58:33.8594063Z,1788757125,860000,860000,-12000.594,aa01005800016a9e4485000d1f600000428e0268bf042ee4428e08e1beff1988428dfaaabeff0e79428e0f56befcf7bb428e0a93bf07e233428e0644bf032f64427009943968147b000000000000000000000000000bd24f,88
179,pmu-1,2026-09-07T04:58:33.8594063Z,1788757125,520000,520000,-11660.594,aa01005800016a9e44850007ef40000042940564bdd244f142940053bdd5c26b42940153be185278429407c1bdee55744293f759bdf7c90f4293fdb9be12e970426ffb1cb7c5c28f0000000000000000000000000000d483,88
180,pmu-4,2026-09-07T04:58:33.8594063Z,1788757125,340000,340000,-11480.594,aa01005800016a9e448500053020000042c3fe204037efd242c40c1740384bd542c40078403809de42c3f4f440384acb42c3ff484036ec5d42c41430403b1a0d427004c3b87851ec0000000000000000000000000003be17,88
181,pmu-2,2026-09-07T04:58:33.8594063Z,1788757125,760000,760000,-11900.594,aa01005800016a9e4485000b98c00000426bf37cc0002a12426c0ac3c001509c426bf5f8c00065d7426bfaa9c001aca4426c03cbc000be5b426bf65cc0007245426ff7fab9b03333000000000000000000000000000ec03c,88
182,pmu-4,2026-09-07T04:58:33.8594063Z,1788757125,360000,360000,-11500.594,aa01005800016a9e448500057e40000042480000c0490fdb42480000c0490fdb42480000c0490fdb42480000c0490fdb42480000c0490fdb42480000c0490fdb426ff63eb994ae140000000000000000000000000004e521,88
183,pmu-3,2026-09-07T04:58:33.9059486Z,1788757125,680000,680000,-11774.051,aa01005800016a9e4485000a6040000042820484bf9d00c44282080bbf9e653c4281f1adbfa0d5ae4281fe58bf9f6462428200d7bf9eea1042820657bfa29c35426ff88db7f0a3d7000000000000000000000000000a2c6b,88
184,pmu-2,2026-09-07T04:58:33.9059486Z,1788757125,780000,780000,-11874.051,aa01005800016a9e4485000be6e000004277f6bfbfcf811542780a3dbfd20f7b4277fbaabfd05b9f4277ff62bfd3e61d42780b7cbfd103f44277fc44bfd02eae4270007a392e147b000000000000000000000000000f3bf7,88
185,pmu-4,2026-09-07T04:58:33.9059486Z,1788757125,380000,380000,-11474.051,aa01005800016a9e44850005cc6000004253f91fc03087894253fb9fc0316208425401acc031525f4253f967c030da384253ffcbc0309aaf4253fe5ac030a368426ffc6a38fccccd000000000000000000000000000562b8,88
186,pmu-1,2026-09-07T04:58:33.9059486Z,1788757125,540000,540000,-11634.051,aa01005800016a9e448500083d600000429a033c3e8e0500429a04f53e884c12429a03c03e5fa2b2429a0bbf3e81361b4299f92d3e8532ef4299ff463e778ec0427006183960f5c300000000000000000000000000019a9a,88
187,pmu-5,2026-09-07T04:58:33.9059486Z,1788757125,880000,880000,-11974.051,aa01005800016a9e4485000d6d8000004293fe9bbe0804304294055abdf7bb514293f638be05f9b342940e23be01903742940722be2502d042940996be0f7b1442700943b6cf5c29000000000000000000000000000c716a,88
188,pmu-5,2026-09-07T04:58:33.9523888Z,1788757125,900000,900000,-11947.611,aa01005800016a9e4485000dbba00000429a00643e74524a429a08573e870d584299f4b33e801711429a12a83e7c7e47429a082d3e551a0c429a065c3e6d2a9a42700083b9333333000000000000000000000000000def43,88
189,pmu-4,2026-09-07T04:58:33.9523888Z,1788757125,400000,400000,-11447.611,aa01005800016a9e448500061a800000425ff300c0189200425fff51c019a4c7425ff99dc019c321425ff97cc0186275425ff926c0180df6425ffa73c0182b47427000bd38b11eb800000000000000000000000000065cf9,88
190,pmu-1,2026-09-07T04:58:33.9523888Z,1788757125,560000,560000,-11607.611,aa01005800016a9e448500088b80000042a006783f2607ae42a0078c3f235b89429ffec43f18ffa142a00da33f21c192429ff97b3f23746c42a003763f206a0e426ffbdfb9515c290000000000000000000000000002a604,88
191,pmu-2,2026-09-07T04:58:33.9523888Z,1788757125,800000,800000,-11847.611,aa01005800016a9e4485000c350000004281ff71bfa00b6542820163bfa2bd184281facfbfa002064281fc6bbfa4cdab428204b7bf9f96214281fe45bfa027824270053e38c33333000000000000000000000000000089e7,88
192,pmu-3,2026-09-07T04:58:33.9523888Z,1788757125,700000,700000,-11747.611,aa01005800016a9e4485000aae6000004288003abf5a7a264288037dbf5de2e44287ee9ebf5f52794287fe4cbf6040ac4287fce1bf5c1b6842880addbf634d4b426ffe1438e26666000000000000000000000000000b8868,88
193,pmu-5,2026-09-07T04:58:33.9523888Z,1788757125,920000,920000,-11967.611,aa01005800016a9e4485000e09c00000429ffc303f1cb36542a00a0b3f23e376429ff13e3f20b19b42a0110c3f22266142a00b153f1660f242a008ae3f1b2651427001f737ee147b000000000000000000000000000e3799,88
194,pmu-2,2026-09-07T04:58:33.9523888Z,1788757125,820000,820000,-11867.611,aa01005800016a9e4485000c83200000428803d8bf608cf742880034bf663e684287fcb9bf5d9ea44287fd16bf6b0e9042880930bf5f79274287faccbf6133ff426ff7afb98ad70a00000000000000000000000000014499,88
195,pmu-4,2026-09-07T04:58:33.9523888Z,1788757125,420000,420000,-11467.611,aa01005800016a9e4485000668a00000426bf961c0002b69426c0774c000f044426bfc98c001a9df426bf529c0008a8d426bf930c00016ea426bf609c000a96f4270063338dfae14000000000000000000000000000792b1,88
196,pmu-3,2026-09-07T04:58:33.9523888Z,1788757125,720000,720000,-11767.611,aa01005800016a9e4485000afc800000428dfd09bef7edc9428e0003befdcd58428dea3fbf0020f9428dff14befa93b9428dfa86bef98fe4428e0634bf018b5f426ff671b91c6666000000000000000000000000000cc78a,88
197,pmu-1,2026-09-07T04:58:33.9531086Z,1788757125,580000,580000,-11626.891,aa01005800016a9e44850008d9a0000042a604f03f84326c42a606bf3f825a8242a5fa3b3f78d5bc42a611db3f81221a42a5fac93f81ccbf42a602743f7ebbca427002a5390ab85200000000000000000000000000039eb2,88
198,pmu-3,2026-09-07T04:58:33.9984933Z,1788757125,740000,740000,-11741.507,aa01005800016a9e4485000b4aa000004293f900bde51db14294003abdf776204293eda8bde8c70f42940075bdf266be4293ff0abdf1bc8f429408a9bdf7ebe0426ffdc939166666000000000000000000000000000d3508,88
199,pmu-5,2026-09-07T04:58:33.9984933Z,1788757125,940000,940000,-11941.507,aa01005800016a9e4485000e57e0000042a5fdc13f7b80a742a609ca3f82f47e42a5ee643f81a43042a60cde3f826c3742a60a263f74608442a6092f3f7e07204270094c391628f6000000000000000000000000000f2746,88
200,pmu-4,2026-09-07T04:58:33.9984933Z,1788757125,440000,440000,-11441.507,aa01005800016a9e44850006b6c0000042780111bfcf7c5242780325bfd1415a4278023cbfd2fe724277ed56bfd1254a4277f53abfcfa5644277f1dcbfd1869e427007c237ff5c290000000000000000000000000008339b,88
201,pmu-1,2026-09-07T04:58:33.9984933Z,1788757125,600000,600000,-11601.507,aa01005800016a9e4485000927c0000042ac076f3fb35a4042ac06ad3fb203b842abfae33fab913c42ac0de93fb19db342abff793fb0fc9342ac04773faf3682426ff7a9b960f5c3000000000000000000000000000460e1,88
202,pmu-2,2026-09-07T04:58:33.9984933Z,1788757125,840000,840000,-11841.507,aa01005800016a9e4485000cd1400000428e0815befc8c52428dff03bf047101428dfa28bef7608f428df980bf09ec91428e09e4befb4cdd428df847befffe29426ff99e381e666600000000000000000000000000025079,88
203,pmu-5,2026-09-07T04:58:34.0511927Z,1788757125,960000,960000,-11908.807,aa01005800016a9e4485000ea600000042ac00d13faeade842ac0ee83fb3444f42abf2843fb1d66c42ac0c233fb2e36942ac0a273fab743e42ac0d5e3fb029fc42700786b81147ae000000000000000000000000000047c9,88
204,pmu-2,2026-09-07T04:58:34.0511927Z,1788757125,860000,860000,-11808.807,aa01005800016a9e4485000d1f60000042940ce1bdf97baf4293fea3be080bfe4293f831bde1f2604293f5afbe1e7f8742940c4bbdf4a86b4293fd08bdefe706427002ba393a8f5c0000000000000000000000000003afb3,88
205,pmu-4,2026-09-07T04:58:34.0511927Z,1788757125,460000,460000,-11408.807,aa01005800016a9e4485000704e000004281fc99bf9e960f4281fd54bfa23fa042820610bfa234074281f607bfa0b69d4281fbc2bf9f5eb24281f62ebfa052984270080736b0a3d700000000000000000000000000098373,88
206,pmu-1,2026-09-07T04:58:34.0511927Z,1788757125,620000,620000,-11568.807,aa01005800016a9e4485000975e0000042b20b323fe41f7842b2065b3fe2997542b1fa543fdbf57342b2101a3fe2a84342b1fc883fe07fbe42b202223fdf0c8a42700325396b33330000000000000000000000000005a0ca,88
207,pmu-3,2026-09-07T04:58:34.0511927Z,1788757125,760000,760000,-11708.807,aa01005800016a9e4485000b98c000004299f8273e8375f7429a01643e8529584299ea1f3e8b6d74429a02583e86c5094299ff513e878506429a057f3e832a60426ff9cbb8a3851f000000000000000000000000000ea177,88
208,pmu-5,2026-09-07T04:58:34.0511927Z,1788757125,980000,980000,-11928.807,aa01005800016a9e4485000ef420000042b200123fe035b142b211a73fe44cb142b1f5533fe2d43442b2113a3fe1fe0442b205aa3fdb5e2d42b20c113fdfd87a426ffac1b982c28f00000000000000000000000000015e61,88
209,pmu-1,2026-09-07T04:58:34.0511927Z,1788757125,640000,640000,-11588.807,aa01005800016a9e44850009c400000042b80f27400ad28742b808144009ed7142b7f8104005970542b812b44009d40542b7f8bb4008cd7442b806024008151f426fff7ab8963d710000000000000000000000000006b7e3,88
210,pmu-2,2026-09-07T04:58:34.0511927Z,1788757125,880000,880000,-11828.807,aa01005800016a9e4485000d6d800000429a08683e8405df429a00963e7d1d464299f8ce3e87826b4299f96f3e6d785a429a08ad3e82d58c4299f8543e85a345426ffb3ab919999a00000000000000000000000000044657,88
211,pmu-3,2026-09-07T04:58:34.0511927Z,1788757125,780000,780000,-11728.807,aa01005800016a9e4485000be6e00000429ffca73f22b9db42a0030f3f24a5ff429fea213f24120542a004e63f255eae429ffc773f25398d42a003033f21610d4270097b39a0a3d7000000000000000000000000000fbccd,88
212,pmu-5,2026-09-07T04:58:34.0511927Z,1788757126,0,0,-11948.807,aa01005800016a9e448600000000000042b7ffe54007fee942b81418400a47e242b7f288400915a542b80e394009931c42b8017d4005851842b8096f4008451c426ffadf3619999a000000000000000000000000000284e6,88
213,pmu-4,2026-09-07T04:58:34.0511927Z,1788757125,480000,480000,-11428.807,aa01005800016a9e44850007530000004287fbc8bf5d890e4288005fbf6524f342880419bf6672864287f5b6bf62e5d04287fb6ebf5cda8d4287f718bf62ae044270001eb9220000000000000000000000000000000a1e2c,88
214,pmu-3,2026-09-07T04:58:34.0977091Z,1788757125,800000,800000,-11702.291,aa01005800016a9e4485000c3500000042a600263f81557642a607fb3f82f6e542a5e8b13f82140642a601813f822fd942a5fcc83f83a9ad42a5fdf33f80bd80426ffd62b977c28f0000000000000000000000000000016e,88
215,pmu-4,2026-09-07T04:58:34.0977091Z,1788757125,500000,500000,-11402.291,aa01005800016a9e44850007a1200000428df843befe970b428dfe84bf04387a428e025dbf03b6f5428df7a1bf007cc4428df72cbefa0e2c428df828bf01ad95426ff8a0b91970a4000000000000000000000000000b9e1d,88
216,pmu-1,2026-09-07T04:58:34.0977091Z,1788757125,660000,660000,-11562.291,aa01005800016a9e4485000a1220000042be0b554023289142be08034021f6f542bdf923401e248042be1081402262a942bdf3b940215d1342be03e04020616e426fff823523d70a00000000000000000000000000072115,88
217,pmu-5,2026-09-07T04:58:34.0977091Z,1788757126,20000,20000,-11922.291,aa01005800016a9e448600004e20000042be029f4020094f42be12e94022429742bdef7240216b4942be0923402242ec42bdff87401d0d3542be0c1a401fdfdf426ffe21388570a400000000000000000000000000033bf2,88
218,pmu-2,2026-09-07T04:58:34.0977091Z,1788757125,900000,900000,-11802.291,aa01005800016a9e4485000dbba0000042a0049b3f23e423429ffc943f1d5792429ffc503f22202f429ffa823f1d515442a004c33f2306da429ffd513f2505ae426ffb3e34a3d70a00000000000000000000000000054687,88
219,pmu-5,2026-09-07T04:58:34.1445394Z,1788757126,40000,40000,-11895.461,aa01005800016a9e448600009c40000042c402cd4038360e42c4116f4039c5be42c3f3b640394fe742c404d1403aa3d242c3fd27403506a042c40e9340380642426ffadfb88570a4000000000000000000000000000459ba,88
220,pmu-2,2026-09-07T04:58:34.1445394Z,1788757125,920000,920000,-11775.461,aa01005800016a9e4485000e09c0000042a606b43f82b4c542a5fe463f7fa17442a5ff063f82804242a5f5843f8017b042a602103f81426142a5fa053f82fccc427009d83995851f0000000000000000000000000006c1fc,88
221,pmu-3,2026-09-07T04:58:34.1445394Z,1788757125,820000,820000,-11675.461,aa01005800016a9e4485000c8320000042ac03b93fb0bb9742ac05523fb3967442abed423fb3241142ac00d73fb3050c42abfbc83fb33e0742abf9fc3fb21fe24270063b393533330000000000000000000000000001ebcc,88
222,pmu-1,2026-09-07T04:58:34.1445394Z,1788757125,680000,680000,-11535.461,aa01005800016a9e4485000a6040000042c40fd3403b082442c405dd403a38b742c3fc5640360af242c40cc9403aef8b42c3f1e74039b8ef42c408784037f7c3427000253750a3d70000000000000000000000000008891b,88
223,pmu-5,2026-09-07T04:58:34.1445394Z,1788757126,60000,60000,-11915.461,aa01005800016a9e44860000ea60000042480000c0490fdb42480000c0490fdb42480000c0490fdb42480000c0490fdb42480000c0490fdb42480000c0490fdb426ff98db7d851ec00000000000000000000000000057943,88
224,pmu-3,2026-09-07T04:58:34.1445394Z,1788757125,840000,840000,-11695.461,aa01005800016a9e4485000cd140000042b203be3fdfd9a842b204963fe492c142b1e8d03fe2fd3842b1fd3e3fe2f52e42b1fcb43fe2c81942b1f6313fe2c57b4270079f37e3d70a0000000000000000000000000002ad87,88
225,pmu-4,2026-09-07T04:58:34.1445394Z,1788757125,520000,520000,-11375.461,aa01005800016a9e44850007ef4000004293f8bbbde542d54293fdf3be142b9642940076be0f21f74293fa36bdeb97f64293f72abdf5c9dc4293f5c6bdf6f2ab42700185393628f6000000000000000000000000000cca6a,88
226,pmu-2,2026-09-07T04:58:34.1445394Z,1788757125,940000,940000,-11795.461,aa01005800016a9e4485000e57e0000042ac03f03fb3c69242abffcf3faeea4642ac004b3fb3522d42abf0de3fb048ec42ac043f3fb203a342abf8773fb20fbe426ff960b9a8a3d70000000000000000000000000007f610,88
227,pmu-1,2026-09-07T04:58:34.1445394Z,1788757125,700000,700000,-11555.461,aa01005800016a9e4485000aae60000042480000c0490fdb42480000c0490fdb42480000c0490fdb42480000c0490fdb42480000c0490fdb42480000c0490fdb426ffdfeb83051ec000000000000000000000000000943c2,88
228,pmu-4,2026-09-07T04:58:34.1445394Z,1788757125,540000,540000,-11395.461,aa01005800016a9e448500083d6000004299faad3e8b5a6c429a01993e72d256429a03623e7cdc284299fb2d3e8147794299fa1d3e81d1584299f8203e8317794270061438bab852000000000000000000000000000db3f4,88
229,pmu-3,2026-09-07T04:58:34.1904999Z,1788757125,860000,860000,-11669.500,aa01005800016a9e4485000d1f60000042b806014008179642b808cb400a08fe42b7ed554009cb1942b7f8df4008fad842b7fccf4009509b42b7f6e04009046a426ff956b99247ae00000000000000000000000000034f52,88
230,pmu-5,2026-09-07T04:58:34.1904999Z,1788757126,80000,80000,-11889.500,aa01005800016a9e448600013880000042540957c030660e4253f850c03057554253fd21c031786c425404e5c031657b4254061dc0308bc642540314c030d10742700272393628f60000000000000000000000000006a2c2,88
231,pmu-2,2026-09-07T04:58:34.1904999Z,1788757125,960000,960000,-11769.500,aa01005800016a9e4485000ea600000042b200813fe3ca8642b1fe133fdeac3f42b200cf3fe3befe42b1f5cd3fe1106c42b1ff9f3fe2d46b42b1f74e3fe24e38427007e63994b8520000000000000000000000000008ab6a,88
232,pmu-1,2026-09-07T04:58:34.1904999Z,1788757125,720000,720000,-11529.500,aa01005800016a9e4485000afc8000004253f815c0310f2942540351c03089254253f8e1c030e0e14253fb8ec0311d36425402dec030d23042540870c03129e94270060d39250a3d000000000000000000000000000a1f7f,88
233,pmu-4,2026-09-07T04:58:34.1904999Z,1788757125,560000,560000,-11369.500,aa01005800016a9e448500088b800000429ff8fd3f2481ab429ffd593f1be00b429fff7b3f21c6d8429ffaa13f1f58a2429ffa073f20059d429ffc1e3f20f00a42700001b8f8cccd000000000000000000000000000e551b,88
234,pmu-5,2026-09-07T04:58:34.2368476Z,1788757126,100000,100000,-11863.152,aa01005800016a9e4486000186a0000042600affc018939f42600164c0179c3b425ffbbbc0193122425fffd3c019295242600f1dc018db5c425ffbd6c018febb426ff8b2b947ae1400000000000000000000000000072562,88
235,pmu-1,2026-09-07T04:58:34.2368476Z,1788757125,740000,740000,-11503.152,aa01005800016a9e4485000b4aa00000425ff304c018914242600011c018e49f425ff2d7c01849e8425ff419c0196304425ffa8cc018878f4260078dc018e890426ff5ffb9a46666000000000000000000000000000ba510,88
236,pmu-4,2026-09-07T04:58:34.2368476Z,1788757125,580000,580000,-11343.152,aa01005800016a9e44850008d9a0000042a5f9a13f814a4842a600403f7b617742a5fc053f80dbff42a5fbdd3f8088a342a5fd333f7f5c2842a5fc413f80776f42700891392f5c29000000000000000000000000000f703b,88
237,pmu-3,2026-09-07T04:58:34.2368476Z,1788757125,880000,880000,-11643.152,aa01005800016a9e4485000d6d80000042be03d140200c5242be08544022c99642bde9b14021d89142bdfa5d40208de142bdfa19402135c842bdf34e40210067426ff620b883851f00000000000000000000000000040fc5,88
238,pmu-5,2026-09-07T04:58:34.2368476Z,1788757126,120000,120000,-11883.152,aa01005800016a9e44860001d4c00000426c1365c000552f426c0012bfff9bee426bf67cc001aa5f426c027ec000e036426c1434c0013a98426bf4f1c00170e8426ffd0038b051ec00000000000000000000000000081917,88
239,pmu-2,2026-09-07T04:58:34.2368476Z,1788757125,980000,980000,-11743.152,aa01005800016a9e4485000ef420000042b804a4400a5ca442b7fe124007a90142b802b2400a87ca42b7f45d40090e9a42b7faa14009873f42b7f2fe4009db9a42700637b809eb850000000000000000000000000009074a,88
240,pmu-4,2026-09-07T04:58:34.2368476Z,1788757125,600000,600000,-11363.152,aa01005800016a9e4485000927c0000042abf7683fb1b9fa42ac018b3facaff042abff193fb0bdcf42abf86e3faf9ace42ac00c93fb02a1342ac008c3fb0d6df427000e5b91d1eb80000000000000000000000000000ca29,88
241,pmu-2,2026-09-07T04:58:34.2368476Z,1788757126,0,0,-11763.152,aa01005800016a9e448600000000000042be011940230bcb42be0275402058f242be0237402255d042bdf3a54021b49042bdfd114022403542bdeee1402268ea426ff5e3b9a73333000000000000000000000000000aa385,88
242,pmu-1,2026-09-07T04:58:34.2368476Z,1788757125,760000,760000,-11523.152,aa01005800016a9e4485000b98c00000426bf479c001036a426c0a4cc0004852426bfb3bbfff7721426bf2bcc0010211426bfe77bfff9536426c109fc0013442427006db39aca3d7000000000000000000000000000c65fe,88
243,pmu-2,2026-09-07T04:58:34.2368476Z,1788757126,20000,20000,-11783.152,aa01005800016a9e448600004e20000042c4016c403b8bea42c3fde7403916b542c3fd4e4039ea3c42c3eeff40398d5442c40205403a69d342c3f2224039f38c42700a2d39cfc28f000000000000000000000000000b8451,88
244,pmu-3,2026-09-07T04:58:34.2368476Z,1788757125,900000,900000,-11663.152,aa01005800016a9e4485000dbba0000042c408a7403828bf42c40927403b001642c3ec824039a7b442c3f75d4038d70f42c3fc4b4039233842c3f3184038e5eb427002163974f5c3000000000000000000000000000583b5,88
245,pmu-3,2026-09-07T04:58:34.2854942Z,1788757125,920000,920000,-11634.506,aa01005800016a9e4485000e09c0000042480000c0490fdb42480000c0490fdb42480000c0490fdb42480000c0490fdb42480000c0490fdb42480000c0490fdb426ff94bb934147b00000000000000000000000000060b0d,88
246,pmu-1,2026-09-07T04:58:34.2854942Z,1788757125,780000,780000,-11494.506,aa01005800016a9e4485000be6e000004277ed5cbfd13a1242780cd2bfd106b64277fe32bfcee4734277f754bfd1f9424277ff37bfcf2f89427819e1bfd3110c42700437b85851ec000000000000000000000000000d70aa,88
247,pmu-5,2026-09-07T04:58:34.2854942Z,1788757126,140000,140000,-11854.506,aa01005800016a9e4486000222e000004278177dbfcf429f42780465bfcff1fb4277f559bfd27b3e4278097fbfd099e142781529bfd1f1c04277f6a0bfd16bfd426ff616b90d999a0000000000000000000000000009d59f,88
248,pmu-2,2026-09-07T04:58:34.2854942Z,1788757126,40000,40000,-11754.506,aa01005800016a9e448600009c40000042480000c0490fdb42480000c0490fdb42480000c0490fdb42480000c0490fdb42480000c0490fdb42480000c0490fdb4270021cb9253333000000000000000000000000000c28e9,88
249,pmu-4,2026-09-07T04:58:34.2854942Z,1788757125,620000,620000,-11334.506,aa01005800016a9e4485000975e0000042b1f4c43fe23c2242b1fd613fdd518942b1fbcb3fe147d342b1fd043fdf920542b1fcec3fdf42f642b2008f3fe00514426ff8ecb92347ae00000000000000000000000000019fd8,88
250,pmu-3,2026-09-07T04:58:34.2854942Z,1788757125,940000,940000,-11654.506,aa01005800016a9e4485000e57e000004253f8c3c03154294253fcfdc03072b74253f720c0312d314253fcc1c03061f242540430c030efba4253f6d6c03141ae427001ca392e00000000000000000000000000000007b6cd,88
251,pmu-1,2026-09-07T04:58:34.2854942Z,1788757125,800000,800000,-11514.506,aa01005800016a9e4485000c350000004281f462bfa17ffb428201d6bf9fe6e44281fcc6bf9f925742820034bfa2824a4281fe31bf9e227e428211c6bfa3569e426ffe3cb8f4f5c3000000000000000000000000000e7330,88
252,pmu-5,2026-09-07T04:58:34.2860778Z,1788757126,160000,160000,-11873.922,aa01005800016a9e4486000271000000428207e9bf9de7514281fd32bfa0bd504281ff65bfa2b75a4282000abfa17a6f42820826bfa1308d4281f935bfa1f4c242700531399aae14000000000000000000000000000aac0f,88
253,pmu-2,2026-09-07T04:58:34.2860778Z,1788757126,60000,60000,-11773.922,aa01005800016a9e44860000ea6000004253fbb7c030b68242540030c030d1944253ff4bc03129cf4253fbd6c03134cd4253fe7fc030d3f24253f930c031062942700148b787ae14000000000000000000000000000d727a,88
254,pmu-4,2026-09-07T04:58:34.2860778Z,1788757125,640000,640000,-11353.922,aa01005800016a9e44850009c400000042b7f0c44009164642b7ff434006ae8b42b7feec4009062f42b800af4007ad1e42b7faa94007c29e42b801ff40089a5542700201393a00000000000000000000000000000002c266,88
255,pmu-3,2026-09-07T04:58:34.3335891Z,1788757125,960000,960000,-11626.411,aa01005800016a9e4485000ea6000000425ffeadc019cc4f426001e0c017e144425ffc37c0196611425ff59ac018e31d42600d5bc01841a2425fedc5c01934c8427000beb7ab851f0000000000000000000000000008d17d,88
256,pmu-2,2026-09-07T04:58:34.3335891Z,1788757126,80000,80000,-11746.411,aa01005800016a9e4486000138800000425ff1a1c01828bd425ffc50c0191153425ffe79c018e5dc42600107c0199a0f42600100c018f90a425ff60dc01981724270077338fca3d7000000000000000000000000000ea92e,88
257,pmu-4,2026-09-07T04:58:34.3335891Z,1788757125,660000,660000,-11326.411,aa01005800016a9e4485000a1220000042bdf2f54020f9df42bdfecb401ea06142be016f4021406442be02fe40205c8542bdf6634020053a42be04bf40210c9f4270084e39010a3d0000000000000000000000000003cd1a,88
258,pmu-5,2026-09-07T04:58:34.3335891Z,1788757126,180000,180000,-11846.411,aa01005800016a9e44860002bf20000042880ae7bf5b0af64287f846bf5f78dd4287fc56bf6513f442880186bf639086428803c4bf61b26e4287f797bf621032426ff9c6b969d70a000000000000000000000000000b0f18,88
259,pmu-1,2026-09-07T04:58:34.3342021Z,1788757125,820000,820000,-11485.798,aa01005800016a9e4485000c832000004287f756bf5ffe3142880059bf6190174288015dbf5e56a64288009cbf6393f1428802aabf5a4581428815b4bf65a18f426ff6d2b917d70a000000000000000000000000000f4e7a,88
260,pmu-5,2026-09-07T04:58:34.3794712Z,1788757126,200000,200000,-11820.529,aa01005800016a9e448600030d400000428e0c46bef8c140428df89ebf017903428e00ccbf03fdc2428dfe02bf03264b428dffa2bf00a832428df41fbf025721426ffea638c7ae14000000000000000000000000000c7097,88
261,pmu-5,2026-09-07T04:58:34.3794712Z,1788757126,220000,220000,-11840.529,aa01005800016a9e448600035b60000042940812bde637b14293fa40be0b31434294050bbe113e4b4293fa4bbe11ee11429400b8be059a9e4293f198be03f57d42700a1a396a8f5c000000000000000000000000000dba48,88
262,pmu-2,2026-09-07T04:58:34.3794712Z,1788757126,100000,100000,-11720.529,aa01005800016a9e4486000186a00000426bfa04c0009f65426bfbcec001288a426c05f5c0008a9a426bfd6bc0015c38426bfd74c000b3df426bf54fc00122bc426fff3db92828f6000000000000000000000000000f3fbd,88
263,pmu-1,2026-09-07T04:58:34.3794712Z,1788757125,840000,840000,-11460.529,aa01005800016a9e4485000cd1400000428df7dabf01ebbd428e02b1bf005a7e428dfdc5befbba32428e0113bf0354a2428dfec5bef0a49b428e1902bf02b682426ff8ef382d1eb80000000000000000000000000000f445,88
264,pmu-4,2026-09-07T04:58:34.3794712Z,1788757125,680000,680000,-11300.529,aa01005800016a9e4485000a6040000042c3ee904038f60242c3fd3b4036557142c4045640398d4842c404fc40380a2a42c3fb0c4037ebd342c404904039a1f14270053cb87b851f0000000000000000000000000004afb6,88
265,pmu-3,2026-09-07T04:58:34.3794712Z,1788757125,980000,980000,-11600.529,aa01005800016a9e4485000ef4200000426bfda2c00148dc426c09a1bfff71a3426bfeaac000f1b2426bebdbc0004f03426c1725bfffa968426bf184c0009e8a427004ef38abae140000000000000000000000000009f99b,88
266,pmu-1,2026-09-07T04:58:34.3794712Z,1788757125,860000,860000,-11480.529,aa01005800016a9e4485000d1f6000004293fbd3bdfe10704293feedbdf1e6274293fea3bdef4a2c4294003ebe13dacc4293fab6bdb3a9c642941c48be0b3002426fff753905999a0000000000000000000000000001a35b,88
267,pmu-4,2026-09-07T04:58:34.3794712Z,1788757125,700000,700000,-11320.529,aa01005800016a9e4485000aae60000042480000c0490fdb42480000c0490fdb42480000c0490fdb42480000c0490fdb42480000c0490fdb42480000c0490fdb4270047bb7770a3d0000000000000000000000000005ef42,88
268,pmu-2,2026-09-07T04:58:34.3794712Z,1788757126,120000,120000,-11740.529,aa01005800016a9e44860001d4c0000042780232bfd0fffe42780527bfd24a9642780194bfd189a74277fb1cbfd289b94277fd1abfd204d54277ff24bfd2024b427007a6392c3d710000000000000000000000000000e756,88
269,pmu-3,2026-09-07T04:58:34.3794712Z,1788757126,0,0,-11620.529,aa01005800016a9e4486000000000000427805cfbfd28ae8427803e6bfcf93ce4277f4ebbfd294b44277f590bfcfa85842781582bfceeb3f4277f5c9bfd167ce426ffe1fb90b851f000000000000000000000000000a94a1,88
270,pmu-3,2026-09-07T04:58:34.380087Z,1788757126,20000,20000,-11639.913,aa01005800016a9e448600004e20000042820670bfa23d734281fec9bf9ee9ed4281fb80bfa183d74281f8adbfa009da42820a05bf9e6b074281ffbbbfa06b2a426ffb6ab85dc28f000000000000000000000000000b8cf2,88
271,pmu-3,2026-09-07T04:58:34.4338113Z,1788757126,40000,40000,-11606.189,aa01005800016a9e448600009c400000428803c2bf620a034287fdddbf5b55af4287fb1bbf6268214287f473bf6046cc428809fcbf5e46854288046cbf609b80426ff7b9b8973333000000000000000000000000000cb1f7,88
272,pmu-1,2026-09-07T04:58:34.4346004Z,1788757125,880000,880000,-11445.400,aa01005800016a9e4485000d6d8000004299fb303e8295cd4299fb4b3e81af61429a031c3e840559429a00143e715a4f4299fe293e934b5f429a18a03e75ee59427007b13928a3d70000000000000000000000000002655c,88
273,pmu-2,2026-09-07T04:58:34.4346004Z,1788757126,140000,140000,-11705.400,aa01005800016a9e4486000222e000004282042abf9fdfe942820759bfa2b66a42820404bfa1822e4281feb1bfa21b3f4282034abfa1500e4281fd19bfa1717f42700777b670a3d70000000000000000000000000001994f,88
274,pmu-5,2026-09-07T04:58:34.4346004Z,1788757126,240000,240000,-11805.400,aa01005800016a9e44860003a9800000429a07f23e8814c94299f6e73e7df7e0429a07d03e6ab9244299fc2a3e6b4c42429a04b83e7438004299ed983e73ea8e427000edb93beb85000000000000000000000000000e238f,88
275,pmu-4,2026-09-07T04:58:34.4346004Z,1788757125,720000,720000,-11285.400,aa01005800016a9e4485000afc800000425407f8c03092aa42540510c0307e414253fbdfc03187d84253f650c030f7784253fb47c030a6654254021ac030ef45427008cf38b147ae00000000000000000000000000062967,88
276,pmu-4,2026-09-07T04:58:34.4870578Z,1788757125,740000,740000,-11252.942,aa01005800016a9e4485000b4aa000004260093ec018688e4260080cc017d1f1425ffed8c018d4e4425ffb73c018e236425fff04c018e14d4260069ec01907a0426ffcf1b9730a3d0000000000000000000000000007671d,88
277,pmu-2,2026-09-07T04:58:34.4870578Z,1788757126,160000,160000,-11672.942,aa01005800016a9e4486000271000000428805cabf5e78394288046ebf65587b4287ffd7bf60c93c42880360bf66263e42880411bf6454374287fc72bf62f116426ff76bb9a451ec00000000000000000000000000029be9,88
278,pmu-5,2026-09-07T04:58:34.4870578Z,1788757126,260000,260000,-11772.942,aa01005800016a9e44860003f7a0000042a00a653f25b2f4429ff6ee3f1e471142a003bc3f1a326e429fff303f18f7e042a005fc3f1b7560429fe8df3f1e142742700467388e6666000000000000000000000000000fcb52,88
279,pmu-3,2026-09-07T04:58:34.4870578Z,1788757126,60000,60000,-11572.942,aa01005800016a9e44860000ea600000428e0840bf03605b428dfe07bef619df428dff46bf006049428df6c3befdece1428e0bb4bef7f3c0428e022bbefe0c344270067a3997147b000000000000000000000000000dae19,88
280,pmu-2,2026-09-07T04:58:34.4870578Z,1788757126,180000,180000,-11692.942,aa01005800016a9e44860002bf200000428e077fbefc0211428e0037bf06b4e8428e0349befefb6f428e0471bf056f7d428e0800bf04964f428df85dbf000d70427006b4399c851f00000000000000000000000000034e88,88
281,pmu-1,2026-09-07T04:58:34.4870578Z,1788757125,900000,900000,-11412.942,aa01005800016a9e4485000dbba00000429ffced3f207dc3429ffe2d3f215a5242a003443f24e3d842a001553f1dd593429fffd63f2b475d42a019b23f1d967f426ff942b993cccd0000000000000000000000000003dfb6,88
282,pmu-4,2026-09-07T04:58:34.4870578Z,1788757125,760000,760000,-11272.942,aa01005800016a9e4485000b98c00000426c0f09c0006f80426c017ebffedd06426c044ec0002535426bf28bc0013cbf426bf574c001060e426c03c4c0008bff4270039f3908cccd0000000000000000000000000008bfb7,88
283,pmu-5,2026-09-07T04:58:34.4870578Z,1788757126,280000,280000,-11792.942,aa01005800016a9e4486000445c0000042a6064e3f84123842a5f4ab3f8019ef42a608ae3f79fad142a5fef73f77e75542a609ef3f7c913642a5e9493f7d66f9427000b1b8980000000000000000000000000000000008b1,88
284,pmu-3,2026-09-07T04:58:34.4870578Z,1788757126,80000,80000,-11592.942,aa01005800016a9e44860001388000004294047bbe0f580d4294011ebdd304594293fdfbbe0319874293fa41bdfaaf7c42940f15bdd49ffb42940620be01a17742700865381d1eb8000000000000000000000000000e8a74,88
285,pmu-1,2026-09-07T04:58:34.4870578Z,1788757125,920000,920000,-11432.942,aa01005800016a9e4485000e09c0000042a601c13f81b9aa42a5febc3f7fa47442a600593f816bfd42a602443f7e989142a5fd893f85b93c42a614f93f7ca7ea426fffba39047ae100000000000000000000000000041044,88
286,pmu-5,2026-09-07T04:58:34.5366124Z,1788757126,300000,300000,-11763.388,aa01005800016a9e4486000493e0000042ac01ca3fb3142a42abf5773faf389a42ac060d3fae369242ac00f13faca77c42ac06d63fae818f42abebfd3fafd23a426ffd81b8828f5c0000000000000000000000000001e562,88
287,pmu-5,2026-09-07T04:58:34.5366124Z,1788757126,320000,320000,-11783.388,aa01005800016a9e44860004e200000042b2024e3fe4647d42b1f9a53fe0c02b42b2014a3fdf8ed642b205dd3fde05e942b204e43fddf2ab42b1f07e3fe137d5426ffd9b36051eb8000000000000000000000000000258a1,88
288,pmu-4,2026-09-07T04:58:34.5366124Z,1788757125,780000,780000,-11243.388,aa01005800016a9e4485000be6e000004278169abfd1a3c14277f82dbfce53254277ffccbfced3304277faa2bfd2af3e4277f35ebfd0e34942780743bfd12b2e426ffa00b9450a3d0000000000000000000000000009706b,88
289,pmu-2,2026-09-07T04:58:34.5366124Z,1788757126,200000,200000,-11663.388,aa01005800016a9e448600030d40000042940c48bde76a3a4293fda6be11b468429401e1bde8d8e44294073ebe1290b442940c55be1031c04293fab5bdf9980942700559b7de147b0000000000000000000000000004837f,88
290,pmu-3,2026-09-07T04:58:34.5366124Z,1788757126,100000,100000,-11563.388,aa01005800016a9e4486000186a000004299ffff3e73ef48429a00423e8dcafc4299fddd3e7586864299fb743e80f894429a10bd3e8e142a429a064b3e7d3c13426ffc33b979c28f000000000000000000000000000f7b9c,88
291,pmu-1,2026-09-07T04:58:34.5366124Z,1788757125,940000,940000,-11403.388,aa01005800016a9e4485000e57e0000042ac00773fb2bbd842abfccb3fb0fe3b42abfcae3fb154b942ac015c3fb059d842abfcda3fb5669642ac161c3faed1a7426fff5ab6f5c28f0000000000000000000000000005a375,88
292,pmu-3,2026-09-07T04:58:34.5366124Z,1788757126,120000,120000,-11583.388,aa01005800016a9e44860001d4c00000429ffc0f3f1f4eaa42a0045e3f26e800429ffa9d3f1fbe28429ffcfe3f21c62042a010da3f29cb8842a004bd3f1f717242700277390051ec0000000000000000000000000000b1cc,88
293,pmu-1,2026-09-07T04:58:34.5366124Z,1788757125,960000,960000,-11423.388,aa01005800016a9e4485000ea600000042b200753fe32b8542b2014e3fe0da4d42b1fa663fe1840f42b1fd843fe0290e42b1f91d3fe52ebd42b21a6b3fde76dd426fff663575c28f00000000000000000000000000064f59,88
294,pmu-4,2026-09-07T04:58:34.5366124Z,1788757125,800000,800000,-11263.388,aa01005800016a9e4485000c3500000042820844bfa201d34281ff30bf9f3c944281fcc1bf9f9b1a428201c4bfa26d114281fd90bfa1dbf042820628bfa06f2e426ffbaf3809eb85000000000000000000000000000a291f,88
295,pmu-2,2026-09-07T04:58:34.5372103Z,1788757126,220000,220000,-11682.790,aa01005800016a9e448600035b600000429a0fec3e8895704299fb9d3e6910244299fcf73e8b99f5429a078b3e74a8e6429a0c373e6b2dae4299fbca3e8633d7427009f238bc51ec00000000000000000000000000050330,88
296,pmu-5,2026-09-07T04:58:34.582108Z,1788757126,340000,340000,-11757.892,aa01005800016a9e448600053020000042b80091400a1d9c42b7f89e4008989542b802b5400783b942b803534007165a42b805154006dc3b42b7f04a4008afbe426ff965b8ac7ae10000000000000000000000000003b172,88
297,pmu-2,2026-09-07T04:58:34.5828405Z,1788757126,240000,240000,-11657.159,aa01005800016a9e44860003a980000042a00b1f3f26aa1542a000753f1c36d6429ffdc33f247a5b42a004cc3f1c00e242a00c9a3f1d674f429ffee73f22f94e427000e4b93970a40000000000000000000000000006ff8c,88
298,pmu-4,2026-09-07T04:58:34.5828405Z,1788757125,820000,820000,-11237.159,aa01005800016a9e4485000c8320000042880711bf6416814287fad7bf5ca5464287fbf6bf5c9aff42880359bf6523ca4287fc4bbf616ab64288072dbf5f5715426ffb4bb7000000000000000000000000000000000ba8fb,88
299,pmu-3,2026-09-07T04:58:34.5828405Z,1788757126,140000,140000,-11557.160,aa01005800016a9e4486000222e0000042a5f8fd3f7dec7142a603213f84a89a42a5f68e3f80210942a600b23f80275542a614c63f86364f42a605563f8063c842700a32391e51ec000000000000000000000000000135a3,88
300,pmu-1,2026-09-07T04:58:34.5828405Z,1788757125,980000,980000,-11397.160,aa01005800016a9e4485000ef420000042b800c64009e45242b8055240089db842b7f9444009436142b7faa84007de6442b7f594400ab6d942b81c724007247f426fff70354ccccd0000000000000000000000000007d33c,88
301,pmu-1,2026-09-07T04:58:34.5828405Z,1788757127,0,0,-12417.159,aa01005800016a9e448700000000000042bdfd784021ec4242be08bd40214f8342bdfbb24020dedd42bdffaa401fd22d42bdf7a04023587042be1bf8401f6451426fff8d36147ae10000000000000000000000000008902e,88
302,pmu-5,2026-09-07T04:58:34.6360347Z,1788757126,360000,360000,-11723.965,aa01005800016a9e448600057e40000042bdfd7640227cf842bdfc6e4021311342bdff71401f2c7f42be0594401f783642be0891401f654042bdede44020d4b3426ffbe1384b851f00000000000000000000000000047d8c,88
303,pmu-1,2026-09-07T04:58:34.6360347Z,1788757127,20000,20000,-12383.965,aa01005800016a9e448700004e20000042c3f93f4039f69842c4091d40393b8c42c3fb9a4038844c42c3fc2a4037862c42c3f842403b3edd42c417a84037aaba426ffc76b87d1eb800000000000000000000000000090e16,88
304,pmu-2,2026-09-07T04:58:34.6360347Z,1788757126,260000,260000,-11623.965,aa01005800016a9e44860003f7a0000042a60fda3f842abe42a6008f3f7a42cf42a5fa2c3f82b21d42a609523f7a407f42a608ad3f7c189b42a600963f80d6ae4270004bb743d70a00000000000000000000000000072b51,88
305,pmu-3,2026-09-07T04:58:34.6360347Z,1788757126,160000,160000,-11523.965,aa01005800016a9e448600027100000042abf6cf3faebd3642ac05033fb47acb42abf4803fb0b10842ac01e13faffcf742ac17ec3fb714d942ac07193fb198be426ffa88b9a06666000000000000000000000000000238df,88
306,pmu-5,2026-09-07T04:58:34.6360347Z,1788757126,380000,380000,-11743.965,aa01005800016a9e44860005cc60000042c40250403aa1d142c3fec1403957c842c4000940375db442c4076740372aed42c403da4036fe8342c3eceb40387eda426ff934b85b333300000000000000000000000000054396,88
307,pmu-2,2026-09-07T04:58:34.6360347Z,1788757126,280000,280000,-11643.965,aa01005800016a9e4486000445c0000042ac116d3fb595d442abfc253fadc6be42abfc193fb1b74d42ac0cd23fac482d42ac07373faf302f42abfbba3fb2547c427006c53904a3d700000000000000000000000000084dec,88
308,pmu-1,2026-09-07T04:58:34.6360347Z,1788757127,40000,40000,-12403.965,aa01005800016a9e448700009c40000042480000c0490fdb42480000c0490fdb42480000c0490fdb42480000c0490fdb42480000c0490fdb42480000c0490fdb426ff861b8a73333000000000000000000000000000a9bf7,88
309,pmu-3,2026-09-07T04:58:34.6360347Z,1788757126,180000,180000,-11543.965,aa01005800016a9e44860002bf20000042b1fb243fdddf9442b209613fe41c3e42b1f6813fdfad6042b206953fe0abaf42b219d33fe65e3742b202c13fe2658b4270094a39971eb800000000000000000000000000035da2,88
310,pmu-4,2026-09-07T04:58:34.6365984Z,1788757125,840000,840000,-11203.402,aa01005800016a9e4485000cd1400000428e092bbf053091428df7bfbef4616a428e0073befbb8eb428e0575bf030125428dfd32bf02135f428e0a53bf00431a426ff752b8a2b852000000000000000000000000000c20d5,88
311,pmu-4,2026-09-07T04:58:34.6365984Z,1788757125,860000,860000,-11223.402,aa01005800016a9e4485000d1f600000429406b8be0bb2174293f2b7bdd5048342940445bde684fe42940228be05e4be4293fae8be0fed7042940639be078cac4270001b3933eb85000000000000000000000000000d2857,88
312,pmu-5,2026-09-07T04:58:34.6818671Z,1788757126,400000,400000,-11718.133,aa01005800016a9e448600061a80000042480000c0490fdb42480000c0490fdb42480000c0490fdb42480000c0490fdb42480000c0490fdb42480000c0490fdb426ff855b78eb8520000000000000000000000000006a068,88
313,pmu-4,2026-09-07T04:58:34.6818671Z,1788757125,880000,880000,-11198.133,aa01005800016a9e4485000d6d800000429a09063e72271f4299f0fa3e88774f429a06583e88f8e8429a028f3e7620224299f6f03e73696a429a067d3e7ed60b426ffd62b85f0a3d000000000000000000000000000e6df6,88
314,pmu-1,2026-09-07T04:58:34.6818671Z,1788757127,60000,60000,-12378.133,aa01005800016a9e44870000ea60000042540812c03155c54253fe86c0315e8342540325c031041c4254061cc030d1544253f6adc03137b64253f616c0312b00427007d1399e147b000000000000000000000000000bda05,88
315,pmu-3,2026-09-07T04:58:34.6818671Z,1788757126,200000,200000,-11518.133,aa01005800016a9e448600030d40000042b7f960400764df42b80c554009ec1942b7f9654007ca2f42b809c44008768042b814eb400ad06942b7feea4009f6134270071fb831999a00000000000000000000000000041a93,88
316,pmu-2,2026-09-07T04:58:34.6818671Z,1788757126,300000,300000,-11618.133,aa01005800016a9e4486000493e0000042b216873fe532bd42b1f7d23fded67742b1fc6f3fe173c642b20e303fdb79af42b20a473fdfb29f42b1faeb3fe2f6aa426ffc4cb9567ae1000000000000000000000000000920c0,88
317,pmu-5,2026-09-07T04:58:34.6824117Z,1788757126,420000,420000,-11737.588,aa01005800016a9e4486000668a0000042540a1bc030cfde4253f841c03152fb42540156c030e18a4253fb8ac030965342540030c0315b1c425401cdc030df94426ffb993885c28f000000000000000000000000000777ba,88
318,pmu-4,2026-09-07T04:58:34.6824117Z,1788757125,900000,900000,-11217.588,aa01005800016a9e4485000dbba0000042a00d4b3f1de9d1429ff4d23f24c13442a0061d3f2608b142a006e53f1b9e0b429ff77f3f1da7b542a00b803f1f102c426fff693826147b000000000000000000000000000f002f,88
319,pmu-2,2026-09-07T04:58:34.6824117Z,1788757126,320000,320000,-11637.588,aa01005800016a9e44860004e200000042b81636400a8d4142b7f93e4007812442b800e44008c05b42b80ead4005729142b80a5940082f3b42b7fea0400970c74270047a3927851f000000000000000000000000000ad59c,88
320,pmu-1,2026-09-07T04:58:34.6824117Z,1788757127,80000,80000,-12397.588,aa01005800016a9e44870001388000004260031bc019d8bf425ffd31c018d773425ffb65c01859dc42600a18c018ea83425ffaa5c0187f0f425fececc019159342700147b905eb85000000000000000000000000000cb5d7,88
321,pmu-3,2026-09-07T04:58:34.6824117Z,1788757126,220000,220000,-11537.588,aa01005800016a9e448600035b60000042bdfc5d401f3d7042be1082402183dc42bdfd4e401ff32442be0e404020ed4a42be131d4022c4b042bdfa9f4022969642700357b89ae14800000000000000000000000000059935,88
322,pmu-5,2026-09-07T04:58:34.7269097Z,1788757126,440000,440000,-11713.090,aa01005800016a9e44860006b6c00000426013c1c018b7e4425fee71c0193115425ffd7ac0187738425ffec7c01815b2426004c7c019dca3425ffb78c019039f426ffbc7366b851f000000000000000000000000000860f7,88
323,pmu-4,2026-09-07T04:58:34.7269097Z,1788757125,920000,920000,-11193.090,aa01005800016a9e4485000e09c0000042a610ba3f7c24ab42a5f41f3f835b3942a6013e3f83c2b442a603a93f7d495342a5f2b33f7fd66442a6096b3f80b417426ff8a1b90ae14800000000000000000000000000008868,88
324,pmu-3,2026-09-07T04:58:34.7269097Z,1788757126,240000,240000,-11513.090,aa01005800016a9e44860003a980000042c3f767403784eb42c40e964039fd9a42c3f9614037eaab42c411be403987f842c41365403b238442c3f77e403a2f304270014ab828000000000000000000000000000000061837,88
325,pmu-2,2026-09-07T04:58:34.7269097Z,1788757126,340000,340000,-11613.090,aa01005800016a9e448600053020000042be113d4022f79842bdf8084020042742be02224021224942be09d3401d551042be0881401ff8e342bdff5d402108bb426ff961b96347ae000000000000000000000000000b73eb,88
326,pmu-1,2026-09-07T04:58:34.7269097Z,1788757127,100000,100000,-12373.090,aa01005800016a9e4487000186a00000426c0606c001857d426bf89cc000772e426bf7c0c000bc4e426c073cc000b5e5426bf4f2c000966f426bef19c0007aaa427001c637228f5c000000000000000000000000000d0104,88
327,pmu-5,2026-09-07T04:58:34.7717983Z,1788757126,460000,460000,-11688.202,aa01005800016a9e4486000704e00000426c0ac3c0001c1f426be91ec000be88426c0416c000e532426c01eec0002576426bfd0bc0012f0b426bfbbcc0015091426ffabeb7a9999a0000000000000000000000000009e7eb,88
328,pmu-5,2026-09-07T04:58:34.7717983Z,1788757126,480000,480000,-11708.202,aa01005800016a9e448600075300000042780e9abfd008fd4277ef9dbfd273cc4277fd22bfd16cf44277fe73bfcf71004277f374bfd190bf4277f413bfd28b5742700280391ee148000000000000000000000000000a091d,88
329,pmu-4,2026-09-07T04:58:34.7717983Z,1788757125,940000,940000,-11168.202,aa01005800016a9e4485000e57e0000042ac0e333faf875242abf2a53fb4d74f42abfd083fb38dc642ac08483faf2c2e42abf7043fb1041442ac0e263fb063b34270071f3994666600000000000000000000000000013387,88
330,pmu-1,2026-09-07T04:58:34.7717983Z,1788757127,120000,120000,-12348.202,aa01005800016a9e44870001d4c0000042780fc9bfd2cb344277f8e9bfd14b734277f87fbfcff22a42780cd4bfd185a84277ee65bfd106554277ee3bbfd12aa842700183b6ab851f000000000000000000000000000eda41,88
331,pmu-3,2026-09-07T04:58:34.7717983Z,1788757126,260000,260000,-11488.202,aa01005800016a9e44860003f7a0000042480000c0490fdb42480000c0490fdb42480000c0490fdb42480000c0490fdb42480000c0490fdb42480000c0490fdb4270074338f4a3d70000000000000000000000000007a977,88
332,pmu-2,2026-09-07T04:58:34.7717983Z,1788757126,360000,360000,-11588.202,aa01005800016a9e448600057e40000042c4159f403ae35242c3f6424038395742c3fecb4038c69c42c406fe4035c28842c4066b4037ac3342c4032340390514427005453973851f000000000000000000000000000c2c20,88
333,pmu-4,2026-09-07T04:58:34.7717983Z,1788757125,960000,960000,-11188.202,aa01005800016a9e4485000ea600000042b20a203fdf81ac42b1edca3fe423cc42b1ffe33fe3fc9c42b2098e3fdfdbb342b1fb923fe0bc2b42b209543fdf8e3f427007da376f5c2900000000000000000000000000028006,88
334,pmu-2,2026-09-07T04:58:34.7717983Z,1788757126,380000,380000,-11608.202,aa01005800016a9e44860005cc60000042480000c0490fdb42480000c0490fdb42480000c0490fdb42480000c0490fdb42480000c0490fdb42480000c0490fdb427005fb3768f5c3000000000000000000000000000d2620,88
335,pmu-3,2026-09-07T04:58:34.7717983Z,1788757126,280000,280000,-11508.202,aa01005800016a9e4486000445c00000425407f8c03182394254033fc03117d4425402f5c03057134254099ac030e0114253f788c0318edd4253f5cbc03191484270055eb81b33330000000000000000000000000008db37,88
336,pmu-1,2026-09-07T04:58:34.7717983Z,1788757127,140000,140000,-12368.202,aa01005800016a9e4487000222e0000042820890bfa3d151428200debfa0f1ea4281fe71bfa0a0a842820897bfa047464281faf4bfa170b94281f458bfa166d3426ffbf7b8e33333000000000000000000000000000fcf72,88
337,pmu-3,2026-09-07T04:58:34.8173953Z,1788757126,300000,300000,-11482.605,aa01005800016a9e4486000493e0000042600b18c0193f79425ffa65c018c352426005b5c017b78d42601004c0185d09425ff954c019a02b425fed73c019f00a4270067237b0a3d70000000000000000000000000009ff24,88
338,pmu-1,2026-09-07T04:58:34.8173953Z,1788757127,160000,160000,-12342.605,aa01005800016a9e448700027100000042880d2abf66661e428801fbbf62a13f4287faaabf62691842880538bf5e038a4287fdf2bf612c914287f94ebf61937e426ff6c9b8d428f600000000000000000000000000006d96,88
339,pmu-2,2026-09-07T04:58:34.8173953Z,1788757126,400000,400000,-11582.605,aa01005800016a9e448600061a80000042540781c0305bb942540794c030860442540369c031850b4254031bc030b2354253fb67c03172394253fc8cc030d782426ffdcab927c28f000000000000000000000000000e3cbb,88
340,pmu-5,2026-09-07T04:58:34.8173953Z,1788757126,500000,500000,-11682.605,aa01005800016a9e44860007a120000042820c4fbf9f07824281f34abfa2169f428201b1bfa0a1db42820372bfa04c604281f7a5bfa247994281fd48bfa226c3426ffd92b8c9eb85000000000000000000000000000bdaf0,88
341,pmu-4,2026-09-07T04:58:34.8173953Z,1788757125,980000,980000,-11162.605,aa01005800016a9e4485000ef420000042b80e98400864e642b7ed4d400a371e42b8003f4009dbcd42b80bbd4007e06542b7f8dc4008011e42b80a3f4007c229426ff90cb997999a0000000000000000000000000003aba9,88
342,pmu-4,2026-09-07T04:58:34.8173953Z,1788757127,0,0,-12182.605,aa01005800016a9e448700000000000042be0de7401ff89842bdede54021d8e242bdfd854021f81942be0b57401f7c8c42bdfb5c4020badf42be0d83401f674e427007823994147b0000000000000000000000000004dfc8,88
343,pmu-5,2026-09-07T04:58:34.8623151Z,1788757126,520000,520000,-11657.685,aa01005800016a9e44860007ef40000042880ef2bf5ce4574287f64ebf658d63428802aabf619c0c4288044abf6094714287fb33bf6450ed4287fc31bf6563aa427005cc39287ae1000000000000000000000000000c422a,88
344,pmu-5,2026-09-07T04:58:34.8630199Z,1788757126,540000,540000,-11676.980,aa01005800016a9e448600083d600000428e137abef8cfbd428df7ebbf053ae1428e01a4bf01f16c428e02fdbefb1662428dfca2bf03889d428dfd73bf057d4742700050b8e0a3d7000000000000000000000000000d5e74,88
345,pmu-3,2026-09-07T04:58:34.8630199Z,1788757126,320000,320000,-11456.980,aa01005800016a9e44860004e2000000426c0853c0013b44426bfd15c0014378426c0e32c0000196426c13d2c000b727426c0054c001db20426be547c0024fba427000d2b8e66666000000000000000000000000000a5d5e,88
346,pmu-4,2026-09-07T04:58:34.8630199Z,1788757127,20000,20000,-12156.980,aa01005800016a9e448700004e20000042c40d944037cbeb42c3ebb1403a703942c3f9904039b6fb42c40bb8403811dc42c3f6cb403859fa42c40a45403739b84270015db8fbae140000000000000000000000000005cc89,88
347,pmu-2,2026-09-07T04:58:34.8630199Z,1788757126,420000,420000,-11556.980,aa01005800016a9e4486000668a0000042600cf8c0188a8c425fff42c018238c42600bc3c0194be2425ffab5c018c048425ffc0ac01986a0425fffe8c018644242700790394828f6000000000000000000000000000f79a9,88
348,pmu-1,2026-09-07T04:58:34.8630199Z,1788757127,180000,180000,-12316.980,aa01005800016a9e44870002bf200000428e0c05bf0816fc428dff3bbf00ea9b428dff27bf01176b428e0637bef8b33d428dfbb7befcae51428dfd8abf0083234270064e399eeb8500000000000000000000000000010ebe,88
349,pmu-3,2026-09-07T04:58:34.8630199Z,1788757126,340000,340000,-11476.980,aa01005800016a9e4486000530200000427801cdbfd358494278016dbfd2968b42780fa4bfcf53fe42780bfcbfd0a2e34277f837bfd26c8c4277e6c4bfd37a8d426ffa31b907c28f000000000000000000000000000bbb5f,88
350,pmu-4,2026-09-07T04:58:34.8630199Z,1788757127,40000,40000,-12176.980,aa01005800016a9e448700009c40000042480000c0490fdb42480000c0490fdb42480000c0490fdb42480000c0490fdb42480000c0490fdb42480000c0490fdb426ffa22b914147b0000000000000000000000000006b2b2,88
351,pmu-2,2026-09-07T04:58:34.8630199Z,1788757126,440000,440000,-11576.980,aa01005800016a9e44860006b6c00000426c0590c0002fbd426c0766bfffc8ad426c0868c00143ff426bf63bc000761f426bfbfcc00123e0426c0095c0003af1426ff842b99cb8520000000000000000000000000000df9d,88
352,pmu-1,2026-09-07T04:58:34.8630199Z,1788757127,200000,200000,-12336.980,aa01005800016a9e448700030d40000042940f8abe16b2f5429401e8be0121564293fde1be0025da429405b1bded15764293fa5abdf8ee8a4293f8a5bdf07bed427009bd388ca3d70000000000000000000000000002bf78,88
353,pmu-3,2026-09-07T04:58:34.908453Z,1788757126,360000,360000,-11451.547,aa01005800016a9e448600057e4000004282051ebfa262e842820379bfa3015042820676bf9fd17c42820b0dbfa1269942820071bfa3067a4281f24fbfa299b6426ffd44387bd70a000000000000000000000000000c3df3,88
354,pmu-2,2026-09-07T04:58:34.9090676Z,1788757126,460000,460000,-11550.932,aa01005800016a9e4486000704e0000042780fb0bfcf812d42780fa3bfd0223542781289bfd1992c4277fd36bfd19d374277f552bfd243cc427806d7bfd0d174427002aa39551eb80000000000000000000000000001da95,88
355,pmu-1,2026-09-07T04:58:34.9090676Z,1788757127,220000,220000,-12310.932,aa01005800016a9e448700035b600000429a10723e71fddc4299fd4f3e81509a429a00e83e84f516429a04e63e8931c34299fc413e7c0c9e4299f6723e81907e426fffb9b94d1eb80000000000000000000000000003e32e,88
356,pmu-5,2026-09-07T04:58:34.9090676Z,1788757126,560000,560000,-11650.932,aa01005800016a9e448600088b80000042941312bde4c8ac4293f8e7be1ae6044293ffe1be0137214294075dbdfb08cb4293faebbe0b443e4293fa9cbe1baa7d426fffebb70147ae000000000000000000000000000ec46c,88
357,pmu-4,2026-09-07T04:58:34.9090676Z,1788757127,60000,60000,-12150.932,aa01005800016a9e44870000ea6000004253f786c03150d0425405ebc0312cb34253f856c031270d4254082fc0308b914253fb51c0309b4442540754c030a153426fffa238e147ae00000000000000000000000000072d45,88
358,pmu-3,2026-09-07T04:58:34.9545727Z,1788757126,380000,380000,-11425.427,aa01005800016a9e44860005cc600000428806b4bf6519304287ff56bf652c2742880aebbf5cc57142880be1bf603f134288044ebf6323954287f3b8bf6428e8427007c839575c29000000000000000000000000000dc420,88
359,pmu-2,2026-09-07T04:58:34.9545727Z,1788757126,480000,480000,-11525.427,aa01005800016a9e448600075300000042820a4fbf9e05fe42820682bf9ed1dd4282093bbfa14c284281fe4fbfa2709c4281fdbabfa1870f42820195bfa0306a426ff897b94e51ec00000000000000000000000000023075,88
360,pmu-1,2026-09-07T04:58:34.9545727Z,1788757127,240000,240000,-12285.427,aa01005800016a9e44870003a980000042a00f913f1b1cf6429fff803f21957f429ffda83f20dd5b42a0080e3f238dc8429ffa3a3f2147cc429ff2c53f21495b426ff84db91800000000000000000000000000000004eefd,88
361,pmu-3,2026-09-07T04:58:34.9545727Z,1788757126,400000,400000,-11445.427,aa01005800016a9e448600061a800000428e0959bf02f925428e00a5bf046033428e081bbef6643f428e0e41befb4141428e0056bf03a270428df6d2bf05043f426ffa58b989999a000000000000000000000000000ee280,88
362,pmu-5,2026-09-07T04:58:34.9545727Z,1788757126,580000,580000,-11625.427,aa01005800016a9e44860008d9a00000429a17823e83ebdd4299f4253e6688814299fdd63e83e65d429a05863e8252aa4299fe023e7a56264299f8cb3e655ee8427004cf38c851ec000000000000000000000000000fcbb0,88
363,pmu-4,2026-09-07T04:58:34.9545727Z,1788757127,80000,80000,-12125.427,aa01005800016a9e4487000138800000425ffd4cc018e62f426006b5c0198098425ffdbdc0192b7f426001e8c017ebe8425ffc22c018499642600db4c018c7d7426ffa07b8e5999a00000000000000000000000000081db6,88
364,pmu-2,2026-09-07T04:58:34.9551392Z,1788757126,500000,500000,-11544.861,aa01005800016a9e44860007a1200000428808c9bf59af9f428808dbbf5b26a442880bf5bf6131844287f947bf65be854287fa77bf64ae06428804a9bf5e1325426ff977378f5c290000000000000000000000000003062b,88
365,pmu-5,2026-09-07T04:58:34.9551392Z,1788757126,600000,600000,-11644.861,aa01005800016a9e4486000927c0000042a019943f21c71e429ff0463f1ba82142a001ea3f2435e842a0098a3f22a4a6429ffa9e3f1ee7c4429ffc493f179961426ffee5b8f23d710000000000000000000000000000e594,88
366,pmu-1,2026-09-07T04:58:34.9551392Z,1788757127,260000,260000,-12304.861,aa01005800016a9e44870003f7a0000042a60d813f7c990042a5fb263f81e0fd42a5fec83f80757442a6059b3f8181b942a5fe753f821d9a42a5f09b3f811422426ffde338e4cccd0000000000000000000000000005c879,88
367,pmu-4,2026-09-07T04:58:34.9551392Z,1788757127,100000,100000,-12144.861,aa01005800016a9e4487000186a00000426bf8d5c000e768426c0eb5c000e988426bf762c0017112426c047fbffff233426bfb5dc0004a9c426c1635c00054f64270000738f5c28f00000000000000000000000000098cea,88
368,pmu-3,2026-09-07T04:58:35.0012858Z,1788757126,420000,420000,-11418.714,aa01005800016a9e4486000668a0000042940b88be0afe8b4293ff9bbe12729e42940aacbde550dd429411c2bdf1be1f4293fe95be063e0f4293fab0be0e5d27426ff8b7b80570a4000000000000000000000000000fe91b,88
369,pmu-1,2026-09-07T04:58:35.0012858Z,1788757127,280000,280000,-12278.714,aa01005800016a9e4487000445c0000042ac0cc73faf1f4842abfa323fb3505f42abfa5e3fafce3942ac01513fb0f25a42abfde93fb2929942abebba3fb2160e427005c439215c2900000000000000000000000000068c27,88
370,pmu-2,2026-09-07T04:58:35.0012858Z,1788757126,520000,520000,-11518.714,aa01005800016a9e44860007ef400000428e0dd2beedf6e8428e058dbef7c81f428e074abf001ecd428dfa61bf04e235428df774bf0644ee428e0478befc5e51426ffd203895eb850000000000000000000000000004b078,88
371,pmu-4,2026-09-07T04:58:35.0012858Z,1788757127,120000,120000,-12118.714,aa01005800016a9e44870001d4c000004277fce6bfd14cc142780ceebfd069cc4277f377bfd3ba0e4278052bbfcf4b804277f131bfd0102942782062bfd0d03642700874392c8f5c000000000000000000000000000a2d53,88
372,pmu-5,2026-09-07T04:58:35.0012858Z,1788757126,620000,620000,-11618.714,aa01005800016a9e4486000975e0000042a618233f80a60842a5ed383f7bb68442a5ff973f818ef642a609e83f82c09742a5fb303f808f4942a5fa463f7a93d4426ff96db8e000000000000000000000000000000001cc31,88
373,pmu-3,2026-09-07T04:58:35.0486168Z,1788757126,440000,440000,-11391.383,aa01005800016a9e44860006b6c00000429a0f5b3e794bff4299fcca3e720868429a066b3e841342429a159c3e853cdb4299fe903e7866844299fae93e746bc7426ffb3c384e666600000000000000000000000000003059,88
374,pmu-3,2026-09-07T04:58:35.0486168Z,1788757126,460000,460000,-11411.383,aa01005800016a9e4486000704e0000042a011b43f2111e3429ffb633f1f55f342a001a93f21d3db42a018913f22d64c42a000bc3f1ec46c429ffd413f1b74a3427009ec3996666600000000000000000000000000017899,88
375,pmu-1,2026-09-07T04:58:35.0486168Z,1788757127,300000,300000,-12251.383,aa01005800016a9e4487000493e0000042b20dae3fdf092d42b1f9593fe3fdca42b1fae83fdece0c42b203bf3fe0e80b42b1f97d3fe249d442b1ef853fe2e4ad42700929388b0a3d00000000000000000000000000071cce,88
376,pmu-4,2026-09-07T04:58:35.0486168Z,1788757127,140000,140000,-12091.383,aa01005800016a9e4487000222e000004281fcc4bfa18e2f42820448bfa050be4281fdc6bfa34fa8428203f5bf9ff5884281f4a6bfa0783142821180bf9f7368427006a3b814cccd000000000000000000000000000bfd65,88
377,pmu-5,2026-09-07T04:58:35.0486168Z,1788757126,640000,640000,-11591.383,aa01005800016a9e44860009c400000042ac1bff3fb0caed42abee023fae18a242ac03153fb111bb42ac07823fb4251d42abfef13fb018e542abf8763fad7021426ffe3838c451ec00000000000000000000000000025b3c,88
378,pmu-2,2026-09-07T04:58:35.0486168Z,1788757126,540000,540000,-11491.383,aa01005800016a9e448600083d60000042940b0dbdc093294294017dbdef33eb42940a16be03cf1f4293fa11be0de33d4293f796be13f9a7429406f8bdfd4fdd426ff72ab8f428f600000000000000000000000000051da5,88
379,pmu-1,2026-09-07T04:58:35.0486168Z,1788757127,320000,320000,-12271.383,aa01005800016a9e44870004e200000042b8114d400727b442b7f995400a7e3742b7fe424007f67f42b7fecb4008b04f42b7fd4540097a4942b7ea7840095b0e426ffa0fb99aa3d700000000000000000000000000088667,88
380,pmu-4,2026-09-07T04:58:35.0486168Z,1788757127,160000,160000,-12111.383,aa01005800016a9e44870002710000004287fe44bf62d8a942880390bf61cbf242880138bf6408aa42880706bf5f9ba24287ef91bf5fbf114288161cbf5c1bf7427008d83834cccd000000000000000000000000000c35d2,88
381,pmu-5,2026-09-07T04:58:35.0486168Z,1788757126,660000,660000,-11611.383,aa01005800016a9e4486000a1220000042b21fd13fe1d33542b1f0773fddc03942b2046e3fe0fc3942b2041f3fe4e7f942b203433fe054a642b1f8eb3fdcc03d427000993842e14800000000000000000000000000035616,88
382,pmu-2,2026-09-07T04:58:35.0491273Z,1788757126,560000,560000,-11510.873,aa01005800016a9e448600088b800000429a0adf3e90d0a1429a05473e8534c3429a0def3e82c1544299f8ea3e73810a4299f6ce3e73b9e0429a031c3e7cf238426ffaac388fae14000000000000000000000000000616ce,88
383,pmu-3,2026-09-07T04:58:35.0937848Z,1788757126,480000,480000,-11386.215,aa01005800016a9e448600075300000042a6122f3f7f785742a5f6f23f811bd242a600483f81772542a61b883f80a97042a5fec73f8054ac42a5f9163f7d163c426ffe38b96fae1400000000000000000000000000029647,88
384,pmu-1,2026-09-07T04:58:35.0937848Z,1788757127,340000,340000,-12246.215,aa01005800016a9e448700053020000042be13bc401ea4b242bdf5994022529f42bdfbfb4020116242be003540215e0542bdf8db402140d442bdec584020fb23426ffa06b53851ec00000000000000000000000000095a38,88
385,pmu-4,2026-09-07T04:58:35.0937848Z,1788757127,180000,180000,-12086.215,aa01005800016a9e44870002bf200000428dfa65bf02d098428e047bbf00a808428dfe14bf026cfc428e042cbefc3be9428dec86befc3cb2428e11ccbef60d8a42700365b8df3333000000000000000000000000000dfc9b,88
386,pmu-5,2026-09-07T04:58:35.0937848Z,1788757126,680000,680000,-11586.215,aa01005800016a9e4486000a6040000042b81c604008e01a42b7eccd400798ec42b80606400929d342b80070400aef3742b802db4008adaa42b7f9e64006370942700a3d394570a40000000000000000000000000004c4ee,88
387,pmu-2,2026-09-07T04:58:35.0937848Z,1788757126,580000,580000,-11486.215,aa01005800016a9e44860008d9a0000042a007d63f2ad93342a008a73f235c0e42a00fc93f23c7fd429ffad43f1b96eb429ff50b3f1e5a6342a005503f2043ca4270037d39348f5c0000000000000000000000000007b7b9,88
388,pmu-5,2026-09-07T04:58:35.1348698Z,1788757126,700000,700000,-11565.130,aa01005800016a9e4486000aae60000042be19224020857c42bdee30401f52a842be06494021069f42be040b4022f9b942be06de4020cbf642bdfa04401df9fb42700332b9103d7100000000000000000000000000052d4b,88
389,pmu-5,2026-09-07T04:58:35.1358583Z,1788757126,720000,720000,-11584.142,aa01005800016a9e4486000afc80000042c41b3e4039192a42c3f0e14037d1a342c4069240389c1342c40923403b06a642c404974038c9ff42c3f7bd40358946427000f5b8375c290000000000000000000000000006a8b6,88
390,pmu-4,2026-09-07T04:58:35.1358583Z,1788757127,200000,200000,-12064.142,aa01005800016a9e448700030d4000004293faf8be0f6157429403a9bdfff0a342940044be0502ff429408ddbddfe4bc4293f17cbddb859a42940f58bdc636c3427003a536a3d70a000000000000000000000000000eb53c,88
391,pmu-2,2026-09-07T04:58:35.1358583Z,1788757126,600000,600000,-11464.142,aa01005800016a9e4486000927c0000042a6091a3f86557142a608473f81630a42a611e53f81244842a5fa3d3f7d548f42a5f6d43f7fd5b442a608413f81181e426ffc8eb90e0000000000000000000000000000000868bc,88
392,pmu-3,2026-09-07T04:58:35.1358583Z,1788757126,500000,500000,-11364.142,aa01005800016a9e44860007a120000042ac0d9d3faf17c742abf9833fb287c942ac03473fb2fbbb42ac1c0d3fafafd842ac022b3fb01f5842abfcbf3fae9b55426ff7dfb902000000000000000000000000000000036c82,88
393,pmu-1,2026-09-07T04:58:35.1358583Z,1788757127,360000,360000,-12224.142,aa01005800016a9e448700057e40000042c418974036a65d42c3f6f5403ac7bb42c3fa6d4037963242c3fc5340398fe142c3f6d14039c70042c3f0264039944a427009f339a3147b000000000000000000000000000ad0ef,88
394,pmu-2,2026-09-07T04:58:35.1358583Z,1788757126,620000,620000,-11484.142,aa01005800016a9e4486000975e0000042ac091d3fb74b9042ac057f3fb20fff42ac12fd3fb1c00542abfb983fafecec42abf56c3fb0d3d542ac0d533fb028e2426ff7c4b8c428f6000000000000000000000000000921ad,88
395,pmu-3,2026-09-07T04:58:35.1358583Z,1788757126,520000,520000,-11384.142,aa01005800016a9e44860007ef40000042b20f043fdfde9e42b1fd6d3fe2ed1042b2020d3fe32a7742b21e1b3fdfa75b42b1fda03fe12d7c42b200e83fddcb61426ff683b7deb85200000000000000000000000000044d3f,88
396,pmu-1,2026-09-07T04:58:35.1358583Z,1788757127,380000,380000,-12244.142,aa01005800016a9e44870005cc60000042480000c0490fdb42480000c0490fdb42480000c0490fdb42480000c0490fdb42480000c0490fdb42480000c0490fdb427005c5b8ab3333000000000000000000000000000b45d8,88
397,pmu-4,2026-09-07T04:58:35.1358583Z,1788757127,220000,220000,-12084.142,aa01005800016a9e448700035b6000004299ff023e6bd8a6429a06103e854e2d4299fc183e8148fc429a08e23e87c0de4299f65b3e8cf2af429a0d423e8d3f13426ffab7b936e148000000000000000000000000000fc798,88
398,pmu-4,2026-09-07T04:58:35.1805512Z,1788757127,240000,240000,-12059.449,aa01005800016a9e44870003a9800000429ffdb23f19ca8a42a001c53f221bfe429ffe723f1e9ec842a008f13f2360b2429ff81e3f289c4442a00d6b3f28dcb44270034e392feb8500000000000000000000000000001f8b,88
399,pmu-2,2026-09-07T04:58:35.1805512Z,1788757126,640000,640000,-11459.449,aa01005800016a9e44860009c400000042b209013fe80d4842b201313fe3894342b212a73fe3403942b1fa1c3fdf8cea42b1f75a3fdff5dc42b20a3e3fe0ceb4426ffb7f3898cccd000000000000000000000000000abb75,88
400,pmu-5,2026-09-07T04:58:35.1805512Z,1788757126,740000,740000,-11559.449,aa01005800016a9e4486000b4aa0000042480000c0490fdb42480000c0490fdb42480000c0490fdb42480000c0490fdb42480000c0490fdb42480000c0490fdb42700863391828f60000000000000000000000000007e09b,88
401,pmu-1,2026-09-07T04:58:35.1805512Z,1788757127,400000,400000,-12219.449,aa01005800016a9e448700061a8000004253febac0314bdf4253fc47c03161ec4253fdc0c030e0164254041fc0316f76425400d7c0305746425409ebc0314d45427003cbb821eb85000000000000000000000000000c5fbe,88
402,pmu-3,2026-09-07T04:58:35.1805512Z,1788757126,540000,540000,-11359.449,aa01005800016a9e448600083d60000042b8109040078e6442b7fa4240090e0642b80713400a44b242b81c6740078dac42b8001c4008ac4d42b8000240077a64426ffbc938d80000000000000000000000000000000537f8,88
403,pmu-3,2026-09-07T04:58:35.221686Z,1788757126,560000,560000,-11338.314,aa01005800016a9e448600088b80000042be0f1c401fa47542bdf8f64020967742be03a24021fba942be1975401fc37642be00fc4020bc5142bdfc00401ff988426ff6abb8d1999a000000000000000000000000000601f2,88
404,pmu-1,2026-09-07T04:58:35.221686Z,1788757127,420000,420000,-12198.314,aa01005800016a9e4487000668a00000425ff8abc019ab944260008dc01967db425ff79bc0182e06426003bec018b121425ffe6dc018840242600a37c019a698427000aeb87f0a3d000000000000000000000000000d6e8b,88
405,pmu-4,2026-09-07T04:58:35.221686Z,1788757127,260000,260000,-12038.314,aa01005800016a9e44870003f7a0000042a5fab43f7c1ef242a602253f81bc1d42a5fa953f7fc3e642a60bcf3f80b1e542a5f9f83f85072242a610ea3f857aa2426ffb28b926e1480000000000000000000000000001f085,88
406,pmu-3,2026-09-07T04:58:35.221686Z,1788757126,580000,580000,-11358.314,aa01005800016a9e44860008d9a0000042c40ada403859c042c3fa664038993642c4088640398fb442c41acc4037868742c4044b4039771442c4009a4037c1de4270060f399d999a0000000000000000000000000007e8a2,88
407,pmu-2,2026-09-07T04:58:35.221686Z,1788757126,660000,660000,-11438.314,aa01005800016a9e4486000a1220000042b80591400c2c0042b7fcc74009933742b814b0400981c442b7f85740075e2e42b7fa9640087ef842b8075940088f2b426ffee5388b3333000000000000000000000000000b2da2,88
408,pmu-5,2026-09-07T04:58:35.221686Z,1788757126,760000,760000,-11538.314,aa01005800016a9e4486000b98c000004254095ac03056e04253f87dc030c82d425409c2c030cfb542540520c030f4b04253ffdfc0305c7e4253fbadc0315822426ff9b5b99651ec0000000000000000000000000008c647,88
409,pmu-1,2026-09-07T04:58:35.221686Z,1788757127,440000,440000,-12218.314,aa01005800016a9e44870006b6c00000426befa6c001c713426bfd70c00163c0426bf86ac0004f85426c09e9c000163d426c01b4c00050d7426c104bc0014a9342700092b60f5c29000000000000000000000000000ec67e,88
410,pmu-2,2026-09-07T04:58:35.221686Z,1788757126,680000,680000,-11458.314,aa01005800016a9e4486000a6040000042be02c84024510a42bdfb9440215e0a42be185d402141ac42bdfab8401f592b42bdf9e04020d1d142be053a4021109c426fffcd37947ae1000000000000000000000000000c9f89,88
411,pmu-5,2026-09-07T04:58:35.221686Z,1788757126,780000,780000,-11558.314,aa01005800016a9e4486000be6e000004260057dc0186b66425fef3dc018fed2426002f9c0193d62425fffe9c0189ed7425ffc88c01808b14260020ec019c014426ffc6c385e666600000000000000000000000000091c94,88
412,pmu-4,2026-09-07T04:58:35.221686Z,1788757127,280000,280000,-12058.314,aa01005800016a9e4487000445c0000042abf8233fae426842abfd8b3fb23ec542abfacf3faffa9042ac109c3fafd2dc42abfbc33fb6297442ac138f3fb6b21e426ff740b8a0000000000000000000000000000000021b01,88
413,pmu-3,2026-09-07T04:58:35.2681458Z,1788757126,600000,600000,-11331.854,aa01005800016a9e4486000927c0000042480000c0490fdb42480000c0490fdb42480000c0490fdb42480000c0490fdb42480000c0490fdb42480000c0490fdb427006a6374147ae0000000000000000000000000008e311,88
414,pmu-2,2026-09-07T04:58:35.2681458Z,1788757126,700000,700000,-11431.854,aa01005800016a9e4486000aae60000042c406dc403c51fa42c3fc724039e0e942c41bb440393be142c3f9384037517f42c3f91c4039226842c402624038e513427006fb39130a3d000000000000000000000000000d282e,88
415,pmu-1,2026-09-07T04:58:35.2681458Z,1788757127,460000,460000,-12191.854,aa01005800016a9e4487000704e000004277e647bfd4258542780307bfd279494277f9febfd1613b427802bdbfd0041a42780584bfd05c49427808fdbfd1c6ca4270049138a3ae14000000000000000000000000000f610a,88
416,pmu-4,2026-09-07T04:58:35.2681458Z,1788757127,300000,300000,-12031.854,aa01005800016a9e4487000493e0000042b1fc843fdddb3742b1fd9b3fe1547a42b1f6953fe0774242b2146a3fdef07242b1fe0f3fe6d76942b2154a3fe753184270070039a147ae0000000000000000000000000003e753,88
417,pmu-5,2026-09-07T04:58:35.2681458Z,1788757126,800000,800000,-11531.854,aa01005800016a9e4486000c35000000426bfda4c00023a9426bf31fc000b7cd426bfefcc000e462426bfab4c001013a426bfcd9bfff4115426bfa29c001cd10426fff57386f0a3d000000000000000000000000000add74,88
418,pmu-5,2026-09-07T04:58:35.3187198Z,1788757126,820000,820000,-11501.280,aa01005800016a9e4486000c83200000427800d7bfcef2324277ea2cbfd2562d427802ecbfd05f804277f322bfd1658442780174bfce080042780356bfd3a3ef427008a1393e3d71000000000000000000000000000b354a,88
419,pmu-1,2026-09-07T04:58:35.3187198Z,1788757127,480000,480000,-12161.280,aa01005800016a9e44870007530000004281f342bfa4802b42820196bfa2deea4281fa34bfa187234281ffe2bfa0bce5428200b5bfa0d26a428208e1bfa201d6426ffdffb9068f5c000000000000000000000000000051a9,88
420,pmu-2,2026-09-07T04:58:35.3187198Z,1788757126,720000,720000,-11401.280,aa01005800016a9e4486000afc80000042480000c0490fdb42480000c0490fdb42480000c0490fdb42480000c0490fdb42480000c0490fdb42480000c0490fdb426ff83cb9970000000000000000000000000000000eef9e,88
421,pmu-4,2026-09-07T04:58:35.3187198Z,1788757127,320000,320000,-12001.280,aa01005800016a9e44870004e200000042b7f89340070b7c42b8021a4009429742b7f96f4008f5cd42b810494007cc6f42b7fe47400bbc5042b815d4400b65ec426ff761b99ff5c30000000000000000000000000004f174,88
422,pmu-5,2026-09-07T04:58:35.3187198Z,1788757126,840000,840000,-11521.280,aa01005800016a9e4486000cd140000042820486bf9f2f624281f263bfa0e92c428205a0bfa09d734281f5acbfa026ea4282031fbf9cac7a4281fd48bfa4620c426ff89ab9a41eb8000000000000000000000000000c2a35,88
423,pmu-3,2026-09-07T04:58:35.3187198Z,1788757126,620000,620000,-11301.280,aa01005800016a9e4486000975e000004253f763c0318786425409c0c0312a3b42540041c030d056425407c5c0310e0c4253fafcc031526c4253f747c0312b404270006cb8ff0a3d0000000000000000000000000009703f,88
424,pmu-3,2026-09-07T04:58:35.3187198Z,1788757126,640000,640000,-11321.280,aa01005800016a9e44860009c4000000426000cbc01975b742600290c0197368425ffc32c01919a742600b6fc018b57d425ff205c018efe4425fef17c0197158427007dc391851ec000000000000000000000000000ae0a6,88
425,pmu-1,2026-09-07T04:58:35.3187198Z,1788757127,500000,500000,-12181.280,aa01005800016a9e44870007a12000004287f4b6bf6a1b284288052bbf66947d4287fb99bf646abd42880424bf62ccb14287fc3ebf6357ef42880921bf6170114270013f38851eb800000000000000000000000000015eb9,88
426,pmu-2,2026-09-07T04:58:35.3187198Z,1788757126,740000,740000,-11421.280,aa01005800016a9e4486000b4aa000004253fe4ac0310a704253febac0309b684254067ec030c89942540388c0310e2b4253fa1ac03155bb4253fcbcc0311e2e426ffaaa38470a3d000000000000000000000000000f91e9,88
427,pmu-4,2026-09-07T04:58:35.3187198Z,1788757127,340000,340000,-12021.280,aa01005800016a9e448700053020000042bdfbf0401f013b42be05ea4020c26a42bdf543402129bb42be1491401fbac042be005f4024246c42be19834022f2ff42700306396e7ae100000000000000000000000000050760,88
428,pmu-3,2026-09-07T04:58:35.3647416Z,1788757126,660000,660000,-11295.258,aa01005800016a9e4486000a12200000426bf69ec0019e76426bfddcc001ac85426c049dc000d944426c0e08c0002375426be8abc00165ad426beb4dc001d88f426ffc43b96d851f000000000000000000000000000b9324,88
429,pmu-1,2026-09-07T04:58:35.3647416Z,1788757127,520000,520000,-12155.258,aa01005800016a9e44870007ef400000428df5b4bf082084428e08dabf058f74428dfa00bf056d14428e082abf0052d8428dfdacbf007891428e0831befed354426ff6d6b955333300000000000000000000000000029334,88
430,pmu-5,2026-09-07T04:58:35.3647416Z,1788757126,860000,860000,-11495.258,aa01005800016a9e4486000d1f600000428804d9bf5ce73f4287f187bf6105ca428809debf5f9edc4287f632bf611268428800bbbf5a949e4287fb4abf65fa2a427002c33950147b000000000000000000000000000dc614,88
431,pmu-4,2026-09-07T04:58:35.3647416Z,1788757127,360000,360000,-11995.258,aa01005800016a9e448700057e40000042c3ff2840372ffd42c409664038de6942c3f4f840397adf42c414ca4038370842c4015f403bdceb42c4183b403ac95f4270040c37a7ae14000000000000000000000000000656d5,88
432,pmu-2,2026-09-07T04:58:35.3647416Z,1788757126,760000,760000,-11395.258,aa01005800016a9e4486000b98c00000425ff884c018bba6425ff61fc0181bbf42600930c0189e24425ffa32c0185e20425ff533c018c32b425ff6f6c01896e1426ff7d9b866b8520000000000000000000000000000b202,88
433,pmu-5,2026-09-07T04:58:35.4205084Z,1788757126,880000,880000,-11459.492,aa01005800016a9e4486000d6d800000428e0719bef81c30428df1e0bf022c2c428e0e19bf000db7428dfae3befd111f428e031abef8cd21428dfedbbf078297426ff939b9435c29000000000000000000000000000e2604,88
434,pmu-5,2026-09-07T04:58:35.4205084Z,1788757126,900000,900000,-11479.492,aa01005800016a9e4486000dbba0000042940789bdefdf0f4293ef89be0758bb42940e7ebdfeaf694293fbc7bdf3b34f4293ffa6bdd6f15442940216be1aa4f2427003f5395bd70a000000000000000000000000000fc362,88
435,pmu-4,2026-09-07T04:58:35.4205084Z,1788757127,380000,380000,-11959.492,aa01005800016a9e44870005cc60000042480000c0490fdb42480000c0490fdb42480000c0490fdb42480000c0490fdb42480000c0490fdb42480000c0490fdb426fff43b8c4000000000000000000000000000000070a4a,88
436,pmu-1,2026-09-07T04:58:35.4205084Z,1788757127,540000,540000,-12119.492,aa01005800016a9e448700083d6000004293f7dfbe169eae429404e6be1c30a24293fceabe1c084142940a71be0890ed4293fbd6bdfc1a054294087cbde60074426ffb8338bf851f0000000000000000000000000003dbac,88
437,pmu-4,2026-09-07T04:58:35.4205084Z,1788757127,400000,400000,-11979.492,aa01005800016a9e448700061a8000004253f923c030c94f425403bdc030f5384254065cc0305577425401b5c0311229425404e6c030b5ff425400f1c030cafd4270050d38ed1eb800000000000000000000000000089841,88
438,pmu-2,2026-09-07T04:58:35.4205084Z,1788757126,780000,780000,-11359.492,aa01005800016a9e4486000be6e00000426c015cc0011e4b426bfe22c0003148426c1242c0005739426bfd5fc000a1df426bf78dc000506e426bef16c000b94e4270032b3967d70a0000000000000000000000000001f425,88
439,pmu-3,2026-09-07T04:58:35.4205084Z,1788757126,680000,680000,-11259.492,aa01005800016a9e4486000a604000004277f736bfd41cea42780453bfd31d2a4277fdcfbfd0714f42780b8ebfcf780e4277e82cbfd1a4df4277e8b2bfd34b43426ff992b85c7ae1000000000000000000000000000c875f,88
440,pmu-3,2026-09-07T04:58:35.4211134Z,1788757126,700000,700000,-11278.887,aa01005800016a9e4486000aae60000042820037bfa38e47428201c0bfa24d6d4281fb37bfa1104d42820217bf9e298d4281f3c0bfa10f084281f7bdbfa401a7426ff96fb6333333000000000000000000000000000d1c6f,88
441,pmu-2,2026-09-07T04:58:35.4211134Z,1788757126,800000,800000,-11378.887,aa01005800016a9e4486000c350000004277fb75bfd2e4474277fe4dbfd01e0742780892bfd17551427806d6bfd084674277f4e8bfcfe3c34277eac6bfd1409d426fffcdb889eb85000000000000000000000000000226fb,88
442,pmu-1,2026-09-07T04:58:35.4211134Z,1788757127,560000,560000,-12138.887,aa01005800016a9e448700088b8000004299f8643e678422429a09a43e6c21f04299fdb83e6a2905429a0a1a3e80d4454299fc1d3e7b13af429a044f3e8b77a9427009fc399433330000000000000000000000000004c8e1,88
443,pmu-1,2026-09-07T04:58:35.4710858Z,1788757127,580000,580000,-12108.914,aa01005800016a9e44870008d9a00000429ff77c3f1c8ac342a00b0b3f1b8813429ffa433f18f96e42a0052f3f1ec3a142a000473f1ec22642a004a13f24a54a42700857b806b8520000000000000000000000000005e43c,88
444,pmu-3,2026-09-07T04:58:35.4710858Z,1788757126,720000,720000,-11248.914,aa01005800016a9e4486000afc800000428803cebf648a114287ff5cbf61bae24288000cbf6025f642880643bf5e22734287eee6bf609e2f4287fcb6bf67fdff426ffa8437b147ae000000000000000000000000000e69aa,88
445,pmu-5,2026-09-07T04:58:35.4710858Z,1788757126,920000,920000,-11448.914,aa01005800016a9e4486000e09c00000429a09243e87f63d4299f1823e7bd9cd429a0c923e7ba8344299fa0e3e7f247a4299ff943e8d9af3429a04e43e6d92bf426fff50b8be3d71000000000000000000000000000007b5,88
446,pmu-2,2026-09-07T04:58:35.4710858Z,1788757126,820000,820000,-11348.914,aa01005800016a9e4486000c832000004281fec1bfa2243d4281fa46bfa0fb104282070abfa016c1428206a8bf9f64d24281fe0dbf9ec64d4281f5a8bf9ff8cf427006573905eb850000000000000000000000000003d059,88
447,pmu-1,2026-09-07T04:58:35.4710858Z,1788757127,600000,600000,-12128.914,aa01005800016a9e4487000927c0000042a5f8a73f7d94c242a60d0d3f7c643042a5f52d3f79a88b42a609de3f7fa8e742a602e43f7f5ea942a605943f83b0e3427004ffb888f5c3000000000000000000000000000636dc,88
448,pmu-4,2026-09-07T04:58:35.4710858Z,1788757127,420000,420000,-11948.914,aa01005800016a9e4487000668a00000425ffe4cc0184a94425ffca1c019217242600f1fc018237f426001d6c018bb2c425ffce4c0187e51426003dfc01937ad426ffc43b9340000000000000000000000000000000991b8,88
449,pmu-3,2026-09-07T04:58:35.4710858Z,1788757126,740000,740000,-11268.914,aa01005800016a9e4486000b4aa00000428dff85bf052b7c428e01c8befe7ccb428dfe95bf0142b4428e062dbefe6b43428df191befbc7df428dfdf8bf05a0454270089c399051ec000000000000000000000000000fe9c8,88
450,pmu-4,2026-09-07T04:58:35.4710858Z,1788757127,440000,440000,-11968.914,aa01005800016a9e44870006b6c00000426bf68fc00094c9426c021ac0009e93426c10ecc0008693426c08fdc0008e98426c02f5c000d95d426bfbf9c0009fe8426ff664b8f07ae1000000000000000000000000000a4439,88
451,pmu-2,2026-09-07T04:58:35.4710858Z,1788757126,840000,840000,-11368.914,aa01005800016a9e4486000cd14000004287fd93bf6603434287f929bf6381124288026bbf6224e64288021ebf5ea6a74287fcd0bf5e76e74287f503bf5f33c94270000eb900b852000000000000000000000000000415fd,88
452,pmu-5,2026-09-07T04:58:35.4710858Z,1788757126,940000,940000,-11468.914,aa01005800016a9e4486000e57e0000042a00dd93f2398b4429fef2a3f1d424342a011863f1dddca429ffa873f1ff3ab42a002523f291d6642a006113f1e209d427003d938b9c28f0000000000000000000000000001e2af,88
453,pmu-5,2026-09-07T04:58:35.5173894Z,1788757126,960000,960000,-11442.611,aa01005800016a9e4486000ea600000042a60a993f816c7b42a5ee3f3f7c503342a60fa33f8057dc42a5f84f3f81590a42a601af3f85a59542a607b93f7f412b426ffef9b8c7ae1400000000000000000000000000021eea,88
454,pmu-2,2026-09-07T04:58:35.5173894Z,1788757126,860000,860000,-11342.611,aa01005800016a9e4486000d1f600000428dff1cbf07c20c428df48cbf027c84428e00f3bf01c7f3428e03b5bef7a30c428dfeddbefc53ab428df93ebefb92374270010f37a47ae10000000000000000000000000005d3cb,88
455,pmu-1,2026-09-07T04:58:35.5173894Z,1788757127,620000,620000,-12102.611,aa01005800016a9e4487000975e0000042abfb473fadec9b42ac0e5f3fae4cd942abf0d53fad681742ac05cc3fafa45842abfeb23fb0af9242ac03963fb44f2f426ffc1cb936000000000000000000000000000000073404,88
456,pmu-4,2026-09-07T04:58:35.5173894Z,1788757127,460000,460000,-11942.611,aa01005800016a9e4487000704e000004277ecb5bfcfeed4427800adbfd22cd342781adcbfd0192b42780307bfcff23442780298bfd280d74278019bbfd004214270004f394b1eb8000000000000000000000000000bd162,88
457,pmu-3,2026-09-07T04:58:35.5173894Z,1788757126,760000,760000,-11242.611,aa01005800016a9e4486000b98c00000429402aabe16bc3f42940583be047c6b4293fe30be07082942940215be01f8894293f647bdf2bd0f4293fd35be140e64427001f2b9087ae10000000000000000000000000000b481,88
458,pmu-5,2026-09-07T04:58:35.5626081Z,1788757126,980000,980000,-11417.392,aa01005800016a9e4486000ef420000042ac05cc3fb0704442abeef43faf367142ac109d3fb0a9e042abfce03fb166bc42abfe603fb664ae42ac05e43fb0c6824270041938d1eb8500000000000000000000000000031ef3,88
459,pmu-5,2026-09-07T04:58:35.5626081Z,1788757128,0,0,-12437.392,aa01005800016a9e448800000000000042b203ca3fdfc70942b1f2273fdf0f1342b20f293fe088ba42b1f9c23fe27ee042b1f97d3fe792cd42b205a53fe120af426ffab8b940147b0000000000000000000000000004a641,88
460,pmu-4,2026-09-07T04:58:35.5626081Z,1788757127,480000,480000,-11917.392,aa01005800016a9e44870007530000004281f9a6bf9f79b642820462bfa1174d42821265bfa007274282019fbf9e84f54281fea4bfa13f3242820428bf9f41924270006535e147ae000000000000000000000000000ccba3,88
461,pmu-1,2026-09-07T04:58:35.5626081Z,1788757127,640000,640000,-12077.392,aa01005800016a9e44870009c400000042b1feae3fde305242b211b33fddcc7a42b1f09f3fdddff242b2059a3fe0592f42b1fd6f3fdfd0bd42b200b83fe5a0ab426ffdc83808f5c30000000000000000000000000008635f,88
462,pmu-2,2026-09-07T04:58:35.5626081Z,1788757126,880000,880000,-11317.392,aa01005800016a9e4486000d6d8000004293fd0abe1603364293f687be03956d4293ffa2be0677af4293ff6ebde48c574293f9dbbdec6fb34293f7f1bdfdbc9b42700815390fd70a000000000000000000000000000673c6,88
463,pmu-3,2026-09-07T04:58:35.5626081Z,1788757126,780000,780000,-11217.392,aa01005800016a9e4486000be6e00000429a05d63e71a7ed429a055c3e75620a429a01773e829524429a05dc3e7cfbe24299f3353e845b324299fba43e662b974270042038328f5c00000000000000000000000000018501,88
464,pmu-5,2026-09-07T04:58:35.5626081Z,1788757128,20000,20000,-12457.392,aa01005800016a9e448800004e20000042b800124008886142b7f07f40071b2942b80fa44008183b42b7fb61400928b242b7fc35400c088742b808474008f415427008283989999a00000000000000000000000000054d64,88
465,pmu-1,2026-09-07T04:58:35.5626081Z,1788757127,660000,660000,-12097.392,aa01005800016a9e4487000a1220000042b7fee74006db7742b80da14006df0942b7f2c54007799342b80a0a400848e142b8024b400782fc42b7fff2400b144b426ffc10b80ccccd0000000000000000000000000009477f,88
466,pmu-4,2026-09-07T04:58:35.5626081Z,1788757127,500000,500000,-11937.392,aa01005800016a9e44870007a12000004287fd4ebf5dbc074288076abf60cc8642881705bf61e155428801b2bf5b3d504287f9f4bf6056f2428807f4bf604bc5427000ec372ccccd000000000000000000000000000d4215,88
467,pmu-2,2026-09-07T04:58:35.5626081Z,1788757126,900000,900000,-11337.392,aa01005800016a9e4486000dbba00000429a01a13e73e4f94299fb823e82cf4c429a001d3e7fb212429a013e3e86e70c4299fd673e84c2d94299f74f3e85fc62426ff64fb9b6000000000000000000000000000000070919,88
468,pmu-3,2026-09-07T04:58:35.5632943Z,1788757126,800000,800000,-11236.706,aa01005800016a9e4486000c3500000042a003e83f1e3dbe42a0009a3f1df962429ffd403f2374a742a0039a3f2021a5429ff0d53f21744c429ff8013f184d8e4270077a388947ae0000000000000000000000000002df3c,88
469,pmu-5,2026-09-07T04:58:35.6169042Z,1788757128,40000,40000,-12423.096,aa01005800016a9e448800009c40000042be01844020d8fa42bdf3c1401f540742be0f9b40206a0a42bdfad940218e7f42bdf89d4023995042be07884020ac7d426ffd75b95b1eb800000000000000000000000000060e15,88
470,pmu-5,2026-09-07T04:58:35.6169042Z,1788757128,60000,60000,-12443.096,aa01005800016a9e44880000ea60000042c405444038c56f42c3ef934037cfd142c40a964038b00542c3fedf4039732942c3f525403b311642c402e8403867aa426fff213808f5c300000000000000000000000000072624,88
471,pmu-1,2026-09-07T04:58:35.6169042Z,1788757127,680000,680000,-12063.096,aa01005800016a9e4487000a6040000042bdff78401f9a7042be090f401f3b0142bdee69401f35d442be058e4020ee6742bdfe9e401f62c842bdfd1b4023807c426fff18387851ec000000000000000000000000000a541e,88
472,pmu-2,2026-09-07T04:58:35.6169042Z,1788757126,920000,920000,-11303.096,aa01005800016a9e4486000e09c00000429ffcb83f1e7429429ffdc23f1fa4a942a0019d3f22a36842a004cc3f23edd542a000013f23f3f1429ff3b13f25a7704270072239ac47ae000000000000000000000000000830df,88
473,pmu-4,2026-09-07T04:58:35.6169042Z,1788757127,520000,520000,-11903.096,aa01005800016a9e44870007ef400000428dfc01befd53f0428e06cebefdfe53428e1849befedae4428dfdf7bef15a9d428dfbdcbeff3f44428e07d3bf0153f34270033c383d70a4000000000000000000000000000e0a26,88
474,pmu-3,2026-09-07T04:58:35.6169042Z,1788757126,820000,820000,-11203.096,aa01005800016a9e4486000c8320000042a606323f7c776f42a5febf3f7da8c442a5fe323f80fe5542a603e83f7ff69742a5ebe33f81c93642a5fd013f7ab07b426ffab0b982f5c300000000000000000000000000036aac,88
475,pmu-2,2026-09-07T04:58:35.6169042Z,1788757126,940000,940000,-11323.096,aa01005800016a9e4486000e57e0000042a5fa353f7d3a1942a5fd783f80ab7842a5fcd83f81500e42a6042e3f826abc42a603fc3f82dc7342a5f2c03f82cc7e426ff667b9ab51ec0000000000000000000000000009678b,88
476,pmu-3,2026-09-07T04:58:35.6169042Z,1788757126,840000,840000,-11223.096,aa01005800016a9e4486000cd140000042ac0adf3fadb6a542abfaa83faf6ff642abfd433fb02b8f42ac01293fb01a6942abeec33fb194c342abf95d3fae09244270024e391c00000000000000000000000000000004f8af,88
477,pmu-1,2026-09-07T04:58:35.6169042Z,1788757127,700000,700000,-12083.096,aa01005800016a9e4487000aae60000042c4032c40379ef242c408104036e0f842c3ee804037261d42c4048d4038d7f042c3fcf640374de642c3fdde403c054c4270072839251eb8000000000000000000000000000b2dfb,88
478,pmu-4,2026-09-07T04:58:35.6174161Z,1788757127,540000,540000,-11922.584,aa01005800016a9e448700083d6000004293f962bde2224442940720bdf8d3a64294181abe0081604293f97abdc11c204293fa69bdf271e342940749bdfd2413426ffbb3b91a51ec000000000000000000000000000f3c54,88
479,pmu-3,2026-09-07T04:58:35.6615899Z,1788757126,860000,860000,-11198.410,aa01005800016a9e4486000d1f60000042b207a63fdefbc542b1f6773fded9df42b1fd3e3fe0c4f542b205553fe03a6d42b1e9ed3fe160e542b1fdb53fde2c74427009ef391c3d71000000000000000000000000000518e8,88
480,pmu-1,2026-09-07T04:58:35.6622597Z,1788757127,720000,720000,-12057.740,aa01005800016a9e4487000afc80000042480000c0490fdb42480000c0490fdb42480000c0490fdb42480000c0490fdb42480000c0490fdb42480000c0490fdb42700326b8a428f6000000000000000000000000000c5cf0,88
481,pmu-5,2026-09-07T04:58:35.6622597Z,1788757128,80000,80000,-12417.740,aa01005800016a9e448800013880000042480000c0490fdb42480000c0490fdb42480000c0490fdb42480000c0490fdb42480000c0490fdb42480000c0490fdb426ff8bdb902e14800000000000000000000000000085212,88
482,pmu-4,2026-09-07T04:58:35.6622597Z,1788757127,560000,560000,-11897.740,aa01005800016a9e448700088b8000004299fc8b3e8c80ba429a07343e7fb574429a18283e834eea4299f59c3e935acf4299fe873e8869c8429a069c3e807d08426ff62eb8e2147b000000000000000000000000000076b2,88
483,pmu-2,2026-09-07T04:58:35.6622597Z,1788757126,960000,960000,-11297.740,aa01005800016a9e4486000ea600000042abf9013fafe2d042ac02163fb124ce42abf7fe3fb2cd5c42ac07ae3fb3b0a342ac07d63fb404df42abf4183fb2a49b426ff75b379c28f6000000000000000000000000000a3417,88
484,pmu-3,2026-09-07T04:58:35.7040803Z,1788757126,880000,880000,-11175.920,aa01005800016a9e4486000d6d80000042b803ba4007fb5842b7f55e400801ab42b7ffe44008216c42b808bb4007f57842b7eccc40090d3d42b7fd164006da4d4270089fb7d70a3d0000000000000000000000000006b4d4,88
485,pmu-1,2026-09-07T04:58:35.7040803Z,1788757127,740000,740000,-12035.920,aa01005800016a9e4487000b4aa000004253f9f7c03087d34253f927c031644d425408aac030d982425406a8c030db4f4253f78dc0304d1a4253fab3c0308a7f426ff712b9775c29000000000000000000000000000db770,88
486,pmu-5,2026-09-07T04:58:35.7040803Z,1788757128,100000,100000,-12395.920,aa01005800016a9e4488000186a000004253fda1c03072224253ff4ec03084ce425407edc0311b7d4253f9c3c030c28c425406fbc0315ab34253fb3bc031002342700645398a8f5c0000000000000000000000000009b181,88
487,pmu-4,2026-09-07T04:58:35.7040803Z,1788757127,580000,580000,-11875.920,aa01005800016a9e44870008d9a00000429ffd6c3f25049542a00b413f1df69342a013a63f1fbcc0429ff48f3f2932a1429ffe953f256e5442a001a83f1ee9bb427004ac399466660000000000000000000000000001b087,88
488,pmu-2,2026-09-07T04:58:35.7040803Z,1788757126,980000,980000,-11275.920,aa01005800016a9e4486000ef420000042b1fbf53fe0fda842b2055e3fe0485042b1f81f3fe3998f42b209fc3fe43ad042b206c43fe46ba642b1f41d3fe411fd426fff8c3927c28f000000000000000000000000000bccd5,88
489,pmu-2,2026-09-07T04:58:35.7040803Z,1788757128,0,0,-12295.920,aa01005800016a9e448800000000000042b7fbc14008c42342b808b44008a05442b7f6c040095eaa42b80bee400ab58242b8022f400a062442b7f06e4009b133426ffc9ab87147ae000000000000000000000000000cc0f7,88
490,pmu-5,2026-09-07T04:58:35.7513099Z,1788757128,120000,120000,-12368.690,aa01005800016a9e44880001d4c000004260002dc018b191426003b0c017f78b42600f2ac0193ff9425ff198c01812a342600153c0190a71425ff1e3c018700e426ff672b9a20a3d000000000000000000000000000a9aec,88
491,pmu-3,2026-09-07T04:58:35.7513099Z,1788757126,900000,900000,-11148.690,aa01005800016a9e4486000dbba0000042be0582401ff95542bdf128402035b542be0133401fb16042be04ec40201dbd42bdf17940208cc042bdfed5401e7d20426ffc77b978f5c30000000000000000000000000007d39b,88
492,pmu-4,2026-09-07T04:58:35.7513099Z,1788757127,600000,600000,-11848.690,aa01005800016a9e4487000927c0000042a5fc8e3f82cb3f42a60d8a3f7cbb5a42a612bf3f7e6a4942a5f44e3f84be7342a5fdb63f83b82f42a601e13f7ee951426ff7fdb981e14800000000000000000000000000029ff2,88
493,pmu-2,2026-09-07T04:58:35.7513099Z,1788757128,20000,20000,-12268.690,aa01005800016a9e448800004e20000042bdf9f540211fa342be0bc64021400842bdf9674021e14642be074b40231b9c42be01a54022611f42bdee50402166904270089339753333000000000000000000000000000d7817,88
494,pmu-1,2026-09-07T04:58:35.7513099Z,1788757127,760000,760000,-12008.690,aa01005800016a9e4487000b98c00000425ff623c018974542600010c019b03542600942c01860ca42600563c0187492425ff121c017a421425ffda6c018e1224270074039a5ae14000000000000000000000000000ecf19,88
495,pmu-5,2026-09-07T04:58:35.7513099Z,1788757128,140000,140000,-12388.690,aa01005800016a9e4488000222e00000426c00e0c0002d60426bfc40bffecf2a426c1424c00193d4426bf4fac0004400426c0321c0014ba0426bed02c00047f5426fffb1393d5c29000000000000000000000000000b69ae,88
496,pmu-2,2026-09-07T04:58:35.7513099Z,1788757128,40000,40000,-12288.690,aa01005800016a9e448800009c40000042c3f86f4038b48042c409384039fbd342c3fb4c4039fc0842c40309403b266042c3fc9b403ab44f42c3ed4a40392bcc427004f3b8947ae1000000000000000000000000000e4dee,88
497,pmu-4,2026-09-07T04:58:35.7513099Z,1788757127,620000,620000,-11868.690,aa01005800016a9e4487000975e0000042abffe73fb1cd0342ac0ba73faf1adb42ac14203faf195b42abf6c03fb5a33642abfc0a3fb5353042ac02393fb077614270029a39595c2900000000000000000000000000034689,88
498,pmu-3,2026-09-07T04:58:35.7513099Z,1788757126,920000,920000,-11168.690,aa01005800016a9e4486000e09c0000042c4008d4038344d42c3f33940380db142c3fcde4037e0fe42c406ee4038662842c3ed1c40389f5942c3fcd84036bf3e426ff962b87c7ae100000000000000000000000000088643,88
499,pmu-1,2026-09-07T04:58:35.7513099Z,1788757127,780000,780000,-12028.690,aa01005800016a9e4487000be6e00000426bff6ebffff0f0426c08d2c001f001426c1188c0004d00426c073ec000ebab426bfaf7bfff3249426bfa23c00150d94270018eb8e947ae000000000000000000000000000fc067,88
500,pmu-5,2026-09-07T04:58:35.8040613Z,1788757128,160000,160000,-12355.939,aa01005800016a9e4488000271000000427803f5bfcfc10d427802efbfce6ae34278198bbfd2b7714277f4c7bfd0f71c4278020fbfd31c7b4277e4e3bfd0ab7b42700757391ca3d7000000000000000000000000000c62de,88
501,pmu-5,2026-09-07T04:58:35.8040613Z,1788757128,180000,180000,-12375.939,aa01005800016a9e44880002bf2000004282020bbf9ebed4428203a1bf9db030428210b4bfa259c44281f9c7bfa032784282047bbfa1ebe14281f163bf9fff434270031bb8ad70a4000000000000000000000000000dc352,88
502,pmu-3,2026-09-07T04:58:35.8040613Z,1788757126,940000,940000,-11135.939,aa01005800016a9e4486000e57e0000042480000c0490fdb42480000c0490fdb42480000c0490fdb42480000c0490fdb42480000c0490fdb42480000c0490fdb426fffba3901eb8500000000000000000000000000095691,88
503,pmu-3,2026-09-07T04:58:35.8040613Z,1788757126,960000,960000,-11155.939,aa01005800016a9e4486000ea6000000425402e6c0316964425401e2c030c9324253fa9ac0305a50425401e7c0314e2e42540092c0313d1f42540865c0315927427009713946f5c3000000000000000000000000000a4681,88
504,pmu-1,2026-09-07T04:58:35.8040613Z,1788757127,800000,800000,-11995.939,aa01005800016a9e4487000c3500000042780036bfcf2c7542780f60bfd2a2ed42780b3dbfcf32c7427808febfd148944277f538bfcfa3b74277fae9bfd19cd6426ffcfdb8bb0a3d00000000000000000000000000007710,88
505,pmu-1,2026-09-07T04:58:35.8040613Z,1788757127,820000,820000,-12015.939,aa01005800016a9e4487000c832000004281ff86bf9fe08d4282035ebfa34cf042820a07bf9de46a42820540bfa178d44281fc76bf9eb9504281ff36bfa1da44426ffcc3b6947ae10000000000000000000000000001ef33,88
506,pmu-2,2026-09-07T04:58:35.8040613Z,1788757128,60000,60000,-12255.939,aa01005800016a9e44880000ea60000042480000c0490fdb42480000c0490fdb42480000c0490fdb42480000c0490fdb42480000c0490fdb42480000c0490fdb427008ea38a26666000000000000000000000000000fe3f7,88
507,pmu-4,2026-09-07T04:58:35.8040613Z,1788757127,640000,640000,-11835.939,aa01005800016a9e44870009c400000042b201bb3fe1443342b208cc3fde9ce342b210cc3fdf6cfe42b1f2ad3fe6a92742b200fc3fe5708b42b2039c3fdfe8ab426ff8bcb94a147b0000000000000000000000000004b3e4,88
508,pmu-2,2026-09-07T04:58:35.8040613Z,1788757128,80000,80000,-12275.939,aa01005800016a9e44880001388000004253f8c3c03178924253fb27c03154d54253f9cfc030b365425401d1c030c3cc4253f97cc03175e44253fe1bc030a875426ffce9b975d70a0000000000000000000000000000fa50,88
509,pmu-4,2026-09-07T04:58:35.8040613Z,1788757127,660000,660000,-11855.939,aa01005800016a9e4487000a1220000042b7ffc04008ddf542b80632400805ba42b8129b4007e99b42b7f2d3400b2dda42b7fe5f400ad38742b7ffaa4008147b426ff6fab81000000000000000000000000000000005850c,88
510,pmu-2,2026-09-07T04:58:35.8608214Z,1788757128,100000,100000,-12239.179,aa01005800016a9e4488000186a00000425ff31ac0196f03425ff881c0198d4f425ff065c0185abc4260000ac018ed22426002d1c019ede3425ff791c0181730426ffbf0b79f5c2900000000000000000000000000011eca,88
511,pmu-5,2026-09-07T04:58:35.8608214Z,1788757128,200000,200000,-12339.179,aa01005800016a9e448800030d40000042880434bf5b6c7442880053bf5c6ba342881517bf657b274287fabbbf5f658b428800adbf638e2b4287f1debf5d0946426ffbe0b914147b000000000000000000000000000e9793,88
512,pmu-4,2026-09-07T04:58:35.8608214Z,1788757127,680000,680000,-11819.179,aa01005800016a9e4487000a6040000042bdfbbf4021314442be08dc401fd05242be16574020a93d42bdf39c4023630f42be030f4022b5bc42bdfe41401fdb9e426ff62cb783d70a00000000000000000000000000063b96,88
513,pmu-3,2026-09-07T04:58:35.8608214Z,1788757126,980000,980000,-11119.179,aa01005800016a9e4486000ef420000042600742c019d7a342600aadc0183274425ff31fc018045d42600969c018b4614260022fc0199d2642600ae3c019c30f426ffc41b9870a3d000000000000000000000000000b130e,88
514,pmu-1,2026-09-07T04:58:35.8618159Z,1788757127,840000,840000,-11978.184,aa01005800016a9e4487000cd1400000428801b3bf5dd60542880605bf65063242880904bf5b70c242880080bf6048214287fa8dbf5f3a0d4287fe53bf654a9942700605393d999a0000000000000000000000000002e862,88
515,pmu-5,2026-09-07T04:58:35.8618159Z,1788757128,220000,220000,-12358.184,aa01005800016a9e448800035b600000428e079cbef889ab428dfb9cbefcdde4428e1229bf077776428dfbe9befd4b6c428e03fdbf038080428decc4bef572f0427007e7397651ec000000000000000000000000000f8b3a,88
516,pmu-1,2026-09-07T04:58:35.8618159Z,1788757127,860000,860000,-11998.184,aa01005800016a9e4487000d1f600000428e0648bef7afa2428e06d1bf0691e7428e0d00bef16b6b428e01c8bf008662428df9e6bef9ac2c428dff2abf03729942700478b7fe147b0000000000000000000000000003194f,88
517,pmu-2,2026-09-07T04:58:35.8618159Z,1788757128,120000,120000,-12258.184,aa01005800016a9e44880001d4c00000426bf9bec0017d37426bfa4ac00166c0426be70fc000465e426c075ac0010bf0426c0938c0013201426bf1e7c00004384270051e393c000000000000000000000000000000028743,88
518,pmu-4,2026-09-07T04:58:35.8618159Z,1788757127,700000,700000,-11838.184,aa01005800016a9e4487000aae60000042c3fce54038b52342c408364037821642c41a2c4038614642c3ef91403bdc5e42c3fe68403a625e42c3fcae40388194426ffab238b947ae0000000000000000000000000007d6e8,88
519,pmu-3,2026-09-07T04:58:35.8618159Z,1788757128,0,0,-12138.184,aa01005800016a9e4488000000000000426c06afc00153d1426c0e29c0006261426bebd7bfffedf4426c08a6c0004c4a426bfea6c0010347426c0387c00224a5427009fa398c851f000000000000000000000000000c6a83,88
520,pmu-3,2026-09-07T04:58:35.8618159Z,1788757128,20000,20000,-12158.184,aa01005800016a9e448800004e20000042780178bfd23b2342780a9ebfd0e5aa4277ea89bfce6dd442780a57bfd03f104277fe97bfd1c9994278002cbfd436c6426ffed1b9648f5c000000000000000000000000000d76a4,88
521,pmu-2,2026-09-07T04:58:35.9147841Z,1788757128,140000,140000,-12225.216,aa01005800016a9e4488000222e000004277faa0bfd23cee4277fbfcbfd21a954277e2b1bfcfc65642780646bfd1f92e42780b78bfd1fe034277ead4bfd03649427000c4b8b23d7100000000000000000000000000032bcb,88
522,pmu-4,2026-09-07T04:58:35.9147841Z,1788757127,720000,720000,-11805.216,aa01005800016a9e4487000afc80000042480000c0490fdb42480000c0490fdb42480000c0490fdb42480000c0490fdb42480000c0490fdb42480000c0490fdb426ff70bb895999a00000000000000000000000000087224,88
523,pmu-1,2026-09-07T04:58:35.9152574Z,1788757127,880000,880000,-11964.743,aa01005800016a9e4487000d6d80000042940619bddd783a42940aedbe0fc29f429411f2bdb3e6ec42940172be01a3574293f756bde5f96e4293fcdcbe11f3c242700462b5e147ae000000000000000000000000000451ca,88
524,pmu-5,2026-09-07T04:58:35.9152574Z,1788757128,240000,240000,-12324.743,aa01005800016a9e44880003a980000042940440bde9025a4293fc10bde03deb42941102be255d7a4294006ebde365044294025cbe0860174293eb87bdc3b26f426ff8adb99beb8500000000000000000000000000004f29,88
525,pmu-3,2026-09-07T04:58:35.9152574Z,1788757128,40000,40000,-12124.743,aa01005800016a9e448800009c40000042820174bfa31c83428203dfbfa088454281f0f0bf9dd34a42820787bf9f0e6b4281ff76bfa051d04281fc55bfa48faf4270088d39475c29000000000000000000000000000ec637,88
526,pmu-1,2026-09-07T04:58:35.966873Z,1788757127,900000,900000,-11933.127,aa01005800016a9e4487000dbba00000429a06513e8dcc32429a07ea3e794e32429a0e0b3e972513429a016e3e83866b4299f3ab3e846a3d429a004d3e710b414270086f38a5eb8500000000000000000000000000059b16,88
527,pmu-4,2026-09-07T04:58:35.966873Z,1788757127,740000,740000,-11773.127,aa01005800016a9e4487000b4aa000004253f98cc0306c2742540883c030b8d6425403c3c03123144253f971c0306e93425401c3c03054674253f63bc03068094270023e39655c290000000000000000000000000009bad1,88
528,pmu-2,2026-09-07T04:58:35.966873Z,1788757128,160000,160000,-12193.127,aa01005800016a9e44880002710000004281faecbfa1097d4281ffb4bfa3142d4281f1bcbf9ffaf7428200b0bfa288d0428209b2bfa100884281f32abf9eb8ec427000b0b5cccccd00000000000000000000000000042a20,88
529,pmu-5,2026-09-07T04:58:35.966873Z,1788757128,260000,260000,-12293.127,aa01005800016a9e44880003f7a00000429a03993e88a902429a003d3e8b8fa4429a15303e55878d4299fff93e8825b0429a05e83e806d2a4299ee113e9180814270060f39890a3d00000000000000000000000000012e97,88
530,pmu-3,2026-09-07T04:58:35.966873Z,1788757128,60000,60000,-12093.127,aa01005800016a9e44880000ea60000042880360bf67d2024288047fbf6220904287f038bf58b58742880382bf5e9ed042880232bf6156494287fc18bf6ad513426ff7ceb9ab7ae1000000000000000000000000000f487e,88
531,pmu-2,2026-09-07T04:58:35.966873Z,1788757128,180000,180000,-12213.127,aa01005800016a9e44880002bf2000004287fe08bf63eeb94287fd3ebf676a4b4287ef7dbf5f8d4d428801e9bf66b44b42880778bf6038104287ef88bf5f458d426ff919b91b70a400000000000000000000000000057d2a,88
532,pmu-4,2026-09-07T04:58:35.966873Z,1788757127,760000,760000,-11793.127,aa01005800016a9e4487000b98c00000425ff89fc018486042601038c0183eb742600a57c018a8ad425ff300c017b77142600516c017c72c425fff1cc017ae794270070738c40000000000000000000000000000000ae53e,88
533,pmu-3,2026-09-07T04:58:35.966873Z,1788757128,80000,80000,-12113.127,aa01005800016a9e4488000138800000428e04c6bf076905428e0990bf012bba428debf2bef30b6a428e07f0befbbf29428e0308bf00a34b428e004ebf0b600d426ffee439111eb800000000000000000000000000006228,88
534,pmu-5,2026-09-07T04:58:35.966873Z,1788757128,280000,280000,-12313.127,aa01005800016a9e4488000445c0000042a005023f239f20429ffc7b3f24c8a442a016fa3f15c28f429ffc793f2352bf42a0095f3f1e4c46429fedca3f273477427006e7378a3d7100000000000000000000000000020dc0,88
535,pmu-1,2026-09-07T04:58:35.9671752Z,1788757127,920000,920000,-11952.825,aa01005800016a9e4487000e09c0000042a007fa3f26b10b42a007913f20f11e42a010063f2ae4d742a001043f22d00b429fefaa3f2514c5429ffdbf3f1cf516427002feb8dee1480000000000000000000000000006f236,88
536,pmu-3,2026-09-07T04:58:36.0176851Z,1788757128,100000,100000,-12082.315,aa01005800016a9e4488000186a0000042940102be256b3b42940db3bdf383824293ea25bdc1c1d742940b68bdf67b3542940220bded8807429404cabe2f8913426ffc24b86147ae0000000000000000000000000001ce6c,88
537,pmu-4,2026-09-07T04:58:36.0176851Z,1788757127,780000,780000,-11762.315,aa01005800016a9e4487000be6e00000426bfed0c000a73e426c0b8bc000a2fe426c0aacc00051a8426bed39bfffa46e426c0ea0c000444a426c064fbffdef394270019eb8dd999a000000000000000000000000000b39c7,88
538,pmu-2,2026-09-07T04:58:36.0176851Z,1788757128,200000,200000,-12182.315,aa01005800016a9e448800030d400000428dff6cbf03f36b428df8b9bf07fab6428ded59befc6bf8428e025abf086552428e0297befaf66e428ded0ebefd9652427000b4391bc28f00000000000000000000000000065012,88
539,pmu-3,2026-09-07T04:58:36.0176851Z,1788757128,120000,120000,-12102.315,aa01005800016a9e44880001d4c00000429a057d3e61253f429a12ae3e7eee754299ec543e905800429a0b253e8148c3429a05f13e81aaaa429a06dc3e58540e426ff8d0b88851ec000000000000000000000000000236e2,88
540,pmu-5,2026-09-07T04:58:36.0176851Z,1788757128,300000,300000,-12282.315,aa01005800016a9e4488000493e0000042a607813f816cd042a5ff503f825e9d42a616a73f75fde842a5fc223f8174d342a6061f3f7dd51942a5ec223f84cd8e426ffda8b93d5c29000000000000000000000000000361cf,88
541,pmu-1,2026-09-07T04:58:36.0176851Z,1788757127,940000,940000,-11922.315,aa01005800016a9e4487000e57e0000042a6096a3f839ddb42a6069b3f80f15642a613273f84ee9742a5ffae3f82491542a5f1283f8258a342a5fb3f3f7e76e24270059a3855c28f0000000000000000000000000007c754,88
542,pmu-4,2026-09-07T04:58:36.0176851Z,1788757127,800000,800000,-11782.315,aa01005800016a9e4487000c350000004277f6febfd2045b427806c9bfd04db442780d8bbfcff1a74277f404bfce9ea642780ce2bfcf38744277ffbdbfce6293427003c3382fae14000000000000000000000000000c207a,88
543,pmu-5,2026-09-07T04:58:36.0176851Z,1788757128,320000,320000,-12302.315,aa01005800016a9e44880004e200000042ac03a83fb2312242abfb9e3fb1d8d342ac19763fabb15042ac00ab3fb0d03642ac03663fae25fa42abf0b43fb42af742700167389970a400000000000000000000000000042113,88
544,pmu-1,2026-09-07T04:58:36.0176851Z,1788757127,960000,960000,-11942.315,aa01005800016a9e4487000ea600000042ac0a1f3fb4fc2942ac06f63fb0a04942ac0e4e3fb5503a42abfb3a3fb2b29e42abf1aa3fb3733342abfd7b3fb0a1aa427006df37d000000000000000000000000000000008e378,88
545,pmu-2,2026-09-07T04:58:36.0176851Z,1788757128,220000,220000,-12202.315,aa01005800016a9e448800035b6000004294004bbe147b344293fd13be1f44f94293ea30bddfdfd8429400c4be223c38429402a8bded46514293efe8bdec61f3426ff627b958147b0000000000000000000000000007d4b6,88
546,pmu-5,2026-09-07T04:58:36.0649653Z,1788757128,340000,340000,-12275.035,aa01005800016a9e448800053020000042b207fd3fe2433542b1fc643fe235e142b21bbe3fdbf9f342b2052a3fe0e36d42b205263fdda33f42b1ed553fe37288427001ce3703d70a0000000000000000000000000005045a,88
547,pmu-3,2026-09-07T04:58:36.0649653Z,1788757128,140000,140000,-12075.035,aa01005800016a9e4488000222e0000042a002a33f16401f42a014623f1e69fe429fead03f27156142a00ca53f22b6f242a00a573f22121742a0028f3f14404442700681398c33330000000000000000000000000003b89f,88
548,pmu-2,2026-09-07T04:58:36.0649653Z,1788757128,240000,240000,-12175.035,aa01005800016a9e44880003a9800000429a01a63e6590604299fe4c3e5a4a204299ec9c3e8429be429a03b93e57a0cd429a016a3e8351954299f36a3e87a7d4426ffa1738a147ae0000000000000000000000000008e401,88
549,pmu-4,2026-09-07T04:58:36.0649653Z,1788757127,820000,820000,-11755.035,aa01005800016a9e4487000c832000004281fd09bfa0eb6a42820087bfa0a18842820b14bf9f635b4281fe70bf9eebcc42820471bf9e96db4281fae1bf9e6c39426ffe45b8e0f5c3000000000000000000000000000d97bf,88
550,pmu-1,2026-09-07T04:58:36.0649653Z,1788757127,980000,980000,-11915.035,aa01005800016a9e4487000ef420000042b207463fe425b042b206d63fe1bef842b2094a3fe5168542b200393fe333e042b1eec03fe394e542b1ff4b3fdfd536426ffe7db92bae14000000000000000000000000000905d6,88
551,pmu-1,2026-09-07T04:58:36.0649653Z,1788757128,0,0,-11935.035,aa01005800016a9e448800000000000042b8094e400a399f42b803724008c45f42b80c11400ad27342b7fd8740092c5f42b7ef20400a2ab042b8011a4007e30b42700605391a3d71000000000000000000000000000a395b,88
552,pmu-2,2026-09-07T04:58:36.1181896Z,1788757128,260000,260000,-12141.810,aa01005800016a9e44880003f7a0000042a006983f1a4ba6429ffbd03f186fda429fea783f2519a442a001863f14147442a0054f3f21ab23429fefa23f23c5e64270061e397651ec0000000000000000000000000009e381,88
553,pmu-4,2026-09-07T04:58:36.1189067Z,1788757127,840000,840000,-11721.093,aa01005800016a9e4487000cd14000004287ff1dbf60161c4287feb2bf5f55be42880ae0bf5d172742880060bf5babfd42880417bf5bf7984287fc3bbf5dafde4270067939280000000000000000000000000000000ef9db,88
554,pmu-5,2026-09-07T04:58:36.1189067Z,1788757128,360000,360000,-12241.093,aa01005800016a9e448800057e40000042b803ac4009c52042b7f85d4009068c42b820ca400670e042b804e2400848c742b8062040067c0942b7eca7400a71e8426ff6eeb95eb85200000000000000000000000000062349,88
555,pmu-3,2026-09-07T04:58:36.1189067Z,1788757128,160000,160000,-12041.093,aa01005800016a9e448800027100000042a602e73f77f9a442a6123f3f80abec42a5eca63f83b65d42a60b983f80c4f642a6087f3f813ad242a6042e3f7395c4426ff875b98fd70a0000000000000000000000000004150e,88
556,pmu-1,2026-09-07T04:58:36.1189067Z,1788757128,20000,20000,-11901.093,aa01005800016a9e448800004e20000042be052e40229b3942be01eb4020f92b42be0a434023262642be01904021901742bdef3a402238d342be0552401fb10f4270078f37fc28f6000000000000000000000000000b5f15,88
557,pmu-4,2026-09-07T04:58:36.1189067Z,1788757127,860000,860000,-11741.093,aa01005800016a9e4487000d1f600000428e036fbeff33eb428dfcd4bf00fb35428e063dbefd8f14428e01fdbefa69ca428e005dbef6e187428dff0bbef5a128427000d1b8e7ae14000000000000000000000000000f80fe,88
558,pmu-2,2026-09-07T04:58:36.1189067Z,1788757128,280000,280000,-12161.093,aa01005800016a9e4488000445c0000042a60b413f7854d242a5fdd83f77468242a5e8a83f82268842a6026e3f72707842a60a503f81b91742a5f0d33f818ee1427008953849eb85000000000000000000000000000a3fff,88
559,pmu-5,2026-09-07T04:58:36.1189067Z,1788757128,380000,380000,-12261.093,aa01005800016a9e44880005cc60000042be032e4021fa9042bdfc4f40218fc542be1dd5401e498a42be036c4020af0a42be01b8401edaa842bdeb6b40225012426ff94d38423d7100000000000000000000000000073b93,88
560,pmu-1,2026-09-07T04:58:36.1189067Z,1788757128,40000,40000,-11921.093,aa01005800016a9e448800009c40000042c400b2403b5a0c42c3ff05403926d142c40ed6403b973d42c40013403a17d742c3ebb5403a9fa042c405dc4037760b426ff5f6b9b43333000000000000000000000000000ca736,88
561,pmu-3,2026-09-07T04:58:36.1189067Z,1788757128,180000,180000,-12061.093,aa01005800016a9e44880002bf20000042ac02533fabdee542ac17283fb1c6e742abe9683fb44d2942ac0c9e3fb1d8a542ac04433fb057b542ac065d3fab4fee426ff6a9b813333300000000000000000000000000050a88,88
562,pmu-5,2026-09-07T04:58:36.1643433Z,1788757128,400000,400000,-12235.657,aa01005800016a9e448800061a80000042c401e9403a440542c3fefb403a1f4a42c41b3e4036279142c40093403832c642c3fcad40366f0242c3ee4a403a7c47426ffd5938a5c28f000000000000000000000000000832c8,88
563,pmu-4,2026-09-07T04:58:36.1643433Z,1788757127,880000,880000,-11715.657,aa01005800016a9e4487000d6d80000042940316bde55a7a4293fa9ebe0648bd4294082dbe00c2e5429404a7bdd646794293ffc9bdd3595a4293fc57bdd6bc18426ff71cb946cccd0000000000000000000000000000ffba,88
564,pmu-3,2026-09-07T04:58:36.1643433Z,1788757128,200000,200000,-12035.657,aa01005800016a9e448800030d40000042b2047b3fdb8f0742b215593fe0f96942b1e6023fe3913f42b20a813fe1f84742b200c53fdfe30942b2095a3fdafefb426ffc5c38e970a40000000000000000000000000006732e,88
565,pmu-1,2026-09-07T04:58:36.1643433Z,1788757128,60000,60000,-11895.657,aa01005800016a9e44880000ea60000042480000c0490fdb42480000c0490fdb42480000c0490fdb42480000c0490fdb42480000c0490fdb42480000c0490fdb427006ba39abae14000000000000000000000000000d74de,88
566,pmu-2,2026-09-07T04:58:36.1643433Z,1788757128,300000,300000,-12135.657,aa01005800016a9e4488000493e0000042ac0a953fab788a42ac02f63fad27d742abe66c3fb34c8342ac03bc3fa83ef642ac0bf23fb2b61c42abee833fb24d23427006feb8023d71000000000000000000000000000b767c,88
567,pmu-5,2026-09-07T04:58:36.2100056Z,1788757128,420000,420000,-12209.994,aa01005800016a9e4488000668a0000042480000c0490fdb42480000c0490fdb42480000c0490fdb42480000c0490fdb42480000c0490fdb42480000c0490fdb4270057a39267ae1000000000000000000000000000967af,88
568,pmu-5,2026-09-07T04:58:36.2100056Z,1788757128,440000,440000,-12229.994,aa01005800016a9e44880006b6c0000042540658c0306a864253ff79c03166ee4254050bc030e2024254010fc0304c90425404ffc03150854253fd9bc030b393426ffa81b960b852000000000000000000000000000ad1a8,88
569,pmu-2,2026-09-07T04:58:36.2100056Z,1788757128,320000,320000,-12109.994,aa01005800016a9e44880004e200000042b20b4e3fdaf2c542b2010b3fdc9a9c42b1e96d3fe2979f42b2056c3fd99e6342b20b953fe2690042b1f1ca3fe1a2af426ff91ab98e3d71000000000000000000000000000c4199,88
570,pmu-4,2026-09-07T04:58:36.2100056Z,1788757127,900000,900000,-11689.994,aa01005800016a9e4487000dbba000004299fe973e84a7bd4299f9f13e74113f429a068f3e77e26f429a06f63e8998594299fbff3e8fa3fe4299f7a43e8d63db42700370397c7ae10000000000000000000000000001dc92,88
571,pmu-3,2026-09-07T04:58:36.2100056Z,1788757128,220000,220000,-12009.994,aa01005800016a9e448800035b60000042b809034005f48642b8177c4009106342b7e4c8400a1cec42b80ad44008f7b742b7fcae40080e0c42b805b94004fe7c427000de38b8a3d700000000000000000000000000070dab,88
572,pmu-1,2026-09-07T04:58:36.2100056Z,1788757128,80000,80000,-11869.994,aa01005800016a9e44880001388000004253f87dc03113a4425404ccc0304e484254094ac030e4b34254084ec03103854253fec3c030fa5c4253fc11c030f728426ff625b9a9cccd000000000000000000000000000eda73,88
573,pmu-1,2026-09-07T04:58:36.2100056Z,1788757128,100000,100000,-11889.994,aa01005800016a9e4488000186a00000425ff5c6c018e75d426003c1c017d28a42600164c0195b0442600324c0187b9c426000edc0196ecc426004e7c01929c0426ff8253823d70a000000000000000000000000000f938a,88
574,pmu-3,2026-09-07T04:58:36.2100056Z,1788757128,240000,240000,-12029.994,aa01005800016a9e44880003a980000042be05f9401d80db42be18f84020b64542bde37640224fb842be0ddb40211fe242bdf7ad4020d03642be0929401c8f56426ffb49b8e4a3d700000000000000000000000000082d64,88
575,pmu-2,2026-09-07T04:58:36.2100056Z,1788757128,340000,340000,-12129.994,aa01005800016a9e448800053020000042b809484005519742b8023140070d8a42b7ebff40091cf042b804f240056f9842b80b8840094b9942b7ed604008f25f42700261393e0000000000000000000000000000000d56e2,88
576,pmu-4,2026-09-07T04:58:36.2100056Z,1788757127,920000,920000,-11709.994,aa01005800016a9e4487000e09c00000429ffb293f21a29c429ff8193f1bfa4042a007ce3f1c9b3942a00ae03f249a5c429ffbfb3f28de50429ff7c73f261ddf426ffe4db8d2666600000000000000000000000000025a2b,88
577,pmu-5,2026-09-07T04:58:36.2554519Z,1788757128,460000,460000,-12204.548,aa01005800016a9e4488000704e0000042600d99c017d99d4260058ec019a5b242600603c0194039425ffc38c017889c426005f3c019903f425ff618c01856c4426ffdb33882e148000000000000000000000000000bdd11,88
578,pmu-1,2026-09-07T04:58:36.2554519Z,1788757128,120000,120000,-11864.548,aa01005800016a9e44880001d4c00000426bf2e3c0008a62426bfdc7bffefa4d426bfa59c000cfb7426c0763bfffdde0426bfdc2c001d40e426c07f2c001968742700220394c66660000000000000000000000000000d7fd,88
579,pmu-4,2026-09-07T04:58:36.2554519Z,1788757127,940000,940000,-11684.548,aa01005800016a9e4487000e57e0000042a5f9673f805e0442a5f8aa3f7b541242a6048e3f7b750042a60dec3f82257e42a5fa753f843d5e42a5f3e83f843c2342700841394bd70a000000000000000000000000000343e6,88
580,pmu-2,2026-09-07T04:58:36.2554519Z,1788757128,360000,360000,-12104.548,aa01005800016a9e448800057e40000042be06db401d027e42bdfd4c401eaadf42bdeb2a4021717742be02cc401cef5942be0b924020e34042bdee844020eaad426ff77cb95f1eb8000000000000000000000000000e63c7,88
581,pmu-3,2026-09-07T04:58:36.2554519Z,1788757128,260000,260000,-12004.548,aa01005800016a9e44880003f7a0000042c4015b403609c242c41b3b4038920c42c3e3d94039e42a42c40ff74039194d42c3f54d4038e3f842c4048f4034235c426ffaf4b6d9999a0000000000000000000000000009cbdf,88
582,pmu-3,2026-09-07T04:58:36.3030048Z,1788757128,280000,280000,-11976.995,aa01005800016a9e4488000445c0000042480000c0490fdb42480000c0490fdb42480000c0490fdb42480000c0490fdb42480000c0490fdb42480000c0490fdb426ffcb4380f5c29000000000000000000000000000a2da5,88
583,pmu-1,2026-09-07T04:58:36.3030048Z,1788757128,140000,140000,-11836.995,aa01005800016a9e4488000222e000004277fb31bfcfcef642780563bfce466c427801b3bfd0d18842780ea5bfd0d4924277f5f8bfd3a51e42780153bfd30f80427009f2392028f6000000000000000000000000000162ec,88
584,pmu-5,2026-09-07T04:58:36.3030048Z,1788757128,480000,480000,-12176.995,aa01005800016a9e4488000753000000426c10c0bffe72f7426bfce1c001b57b426c0f81c0012d6f426bfd5fbfff44e3426c0eb6c0013ef0426bf8bac0003c73426ffdbe356147ae000000000000000000000000000c390a,88
585,pmu-3,2026-09-07T04:58:36.3030048Z,1788757128,300000,300000,-11996.995,aa01005800016a9e4488000493e000004254019dc030aac1425400d3c030d81b425406eac030b709425402cbc030a4ea4254070dc0308f1b4253f89fc030a525427009b639853333000000000000000000000000000b136c,88
586,pmu-1,2026-09-07T04:58:36.3030048Z,1788757128,160000,160000,-11856.995,aa01005800016a9e44880002710000004281fde9bfa01c08428204e3bf9e84924282011dbfa0bd7542820b2dbf9f571b4281f67abfa22b7e4281fe51bfa35e8742700a1d365c28f60000000000000000000000000002084c,88
587,pmu-2,2026-09-07T04:58:36.3030048Z,1788757128,380000,380000,-12076.995,aa01005800016a9e44880005cc60000042c4045c403510c742c3fd754036fe1542c3ef3940399ec142c407b740353b3a42c4068340392b5942c3f28a4038baa94270013539471eb8000000000000000000000000000ffbc4,88
588,pmu-5,2026-09-07T04:58:36.3030048Z,1788757128,500000,500000,-12196.995,aa01005800016a9e44880007a120000042780b69bfce167d427803dcbfd3092542780e04bfd14fe84277f421bfcf3d464278162fbfd105834277f7bfbfd04ed842700a29397e51ec000000000000000000000000000d7160,88
589,pmu-4,2026-09-07T04:58:36.3030048Z,1788757127,960000,960000,-11656.995,aa01005800016a9e4487000ea600000042abf9fb3faf91dd42abfdb23fad87b542ac089e3fade31d42ac0d343fb1784d42abfe683fb45dec42abf48e3fb4aa034270048bb89800000000000000000000000000000004a937,88
590,pmu-2,2026-09-07T04:58:36.3030048Z,1788757128,400000,400000,-12096.995,aa01005800016a9e448800061a80000042480000c0490fdb42480000c0490fdb42480000c0490fdb42480000c0490fdb42480000c0490fdb42480000c0490fdb426ffa0fb912666600000000000000000000000000001d26,88
591,pmu-4,2026-09-07T04:58:36.3030048Z,1788757127,980000,980000,-11676.995,aa01005800016a9e4487000ef420000042b1fb8a3fdfd42e42b1f9783fdd2d2342b207fc3fdef53c42b20c663fe1a6b742b203393fe442d642b1f4fe3fe4b4f2427001e6b858a3d70000000000000000000000000005c593,88
592,pmu-4,2026-09-07T04:58:36.3030048Z,1788757128,0,0,-11696.995,aa01005800016a9e448800000000000042b8001e4008925f42b7f88140071a4042b8066140083c6942b80ad74008fc7c42b8011f400a331d42b7f99b400b036f426ff62bb9703d71000000000000000000000000000627bf,88
593,pmu-3,2026-09-07T04:58:36.3488554Z,1788757128,320000,320000,-11971.145,aa01005800016a9e44880004e2000000425ff88dc018d4124260087ec0183e8942600403c018b7f542600260c017e9e442600cafc0185c5e425fef85c018cbfd426ff93db9a8ae14000000000000000000000000000c0465,88
594,pmu-1,2026-09-07T04:58:36.3488554Z,1788757128,180000,180000,-11831.145,aa01005800016a9e44880002bf200000428801d0bf5dc1f04288014ebf5db2664288003abf63037642880927bf5db89e4287f6a3bf63bba24287fb8fbf67d78f42700615b8a51eb80000000000000000000000000003d68b,88
595,pmu-4,2026-09-07T04:58:36.3488554Z,1788757128,20000,20000,-11671.145,aa01005800016a9e448800004e20000042bdfc3f40211f9042bdf75b401fd55f42be01a9401fe83242be06e74020c2ca42be03124022b96a42bdfbb64022ec264270065f39a5eb850000000000000000000000000007f692,88
596,pmu-5,2026-09-07T04:58:36.3488554Z,1788757128,520000,520000,-12171.145,aa01005800016a9e44880007ef40000042820590bf9cd6254281feb1bfa1b69542820be9bfa1e5144281f9a5bf9f0c6b42820ec8bfa02a4b4281fc38bf9f378042700027b94cf5c3000000000000000000000000000e0722,88
597,pmu-2,2026-09-07T04:58:36.3488554Z,1788757128,420000,420000,-12071.145,aa01005800016a9e4488000668a000004253f6c3c030e3a642540812c031174a42540430c030e8ff42540653c03070e5425407b4c030d9c24253f6b1c030774e426ffe2438a733330000000000000000000000000001c549,88
598,pmu-5,2026-09-07T04:58:36.3952746Z,1788757128,540000,540000,-12144.725,aa01005800016a9e448800083d60000042880492bf58ea4c4287fb5cbf60b29942880ebfbf6459934287fdbdbf5ecbdb42880b6bbf612a0c4287ff64bf5c08cb427002053818f5c3000000000000000000000000000fc0ca,88
599,pmu-3,2026-09-07T04:58:36.3952746Z,1788757128,340000,340000,-11944.725,aa01005800016a9e4488000530200000426bef8ac000bf03426c04aec0007dca426c0a5ac00028ce426c0694bfffdc2b426c0e00c000160f426beec8c00112864270083839996666000000000000000000000000000dbd08,88
600,pmu-1,2026-09-07T04:58:36.3952746Z,1788757128,200000,200000,-11804.725,aa01005800016a9e448800030d400000428e04f8bef6394d428e026fbef911c4428dfe5abf02d598428e0c19befc7145428df62dbf04eef0428df8edbf061647426fff61b90947ae00000000000000000000000000043e29,88
601,pmu-2,2026-09-07T04:58:36.3952746Z,1788757128,440000,440000,-12044.725,aa01005800016a9e44880006b6c00000425fff1dc01946ba42600d59c018ad30426005c5c018ca4742600898c0189aab42601015c01885f0425ff427c018ea86427007f03948a3d700000000000000000000000000024bbd,88
602,pmu-5,2026-09-07T04:58:36.3952746Z,1788757128,560000,560000,-12164.725,aa01005800016a9e448800088b800000428e0468beee8e09428dfb48befdc3d5428e105fbf05f066428dfae5befcbec5428e0a88befcefd7428e00e8bef53c78427001aeb6deb85200000000000000000000000000001282,88
603,pmu-4,2026-09-07T04:58:36.3952746Z,1788757128,40000,40000,-11644.725,aa01005800016a9e448800009c40000042c400f54038f3de42c3fc3f40384eb142c40340403828ea42c4050d4039846e42c40332403b1c8642c3f976403ae2ff426ffbecb956000000000000000000000000000000088a18,88
604,pmu-3,2026-09-07T04:58:36.3952746Z,1788757128,360000,360000,-11964.725,aa01005800016a9e448800057e4000004277f0cbbfd1b70d42780cafbfd1d617427801c8bfd1136742780169bfcfc05b42781212bfcf3bf04277ee49bfd100af426ff64ab9b7999a000000000000000000000000000efc3b,88
605,pmu-4,2026-09-07T04:58:36.3952746Z,1788757128,60000,60000,-11664.725,aa01005800016a9e44880000ea60000042480000c0490fdb42480000c0490fdb42480000c0490fdb42480000c0490fdb42480000c0490fdb42480000c0490fdb426ff834b89851ec0000000000000000000000000009e670,88
606,pmu-2,2026-09-07T04:58:36.3952746Z,1788757128,460000,460000,-12064.725,aa01005800016a9e4488000704e00000426bf9c4c000cdf2426c0aa4c000527d426c0e24c00045de426c0b75c000e141426c0699c0004629426bf10fc0002839426ffb57b981000000000000000000000000000000039249,88
607,pmu-1,2026-09-07T04:58:36.3952746Z,1788757128,220000,220000,-11824.725,aa01005800016a9e448800035b60000042940887bdc76f184294047bbdd7fd274293fb12be0396b04294108dbddcb4b34293f315be1220e94293f759be0ff704426ff8a5b909eb850000000000000000000000000005dfab,88
608,pmu-5,2026-09-07T04:58:36.4426647Z,1788757128,580000,580000,-12137.335,aa01005800016a9e44880008d9a000004294064bbdc8c05c4293f72cbdeebb8842940f00be0cc09a4293f691bdf6f0a842940b26bde095144294017abdcbbadf4270026d37747ae1000000000000000000000000000108e7,88
609,pmu-1,2026-09-07T04:58:36.4426647Z,1788757128,240000,240000,-11797.335,aa01005800016a9e44880003a9800000429a0ad73e8f2eb0429a023b3e861c184299ff143e7fad72429a10fd3e8b239e4299f60a3e664e2d4299f9813e6b6c4142700217394170a400000000000000000000000000066d4a,88
610,pmu-4,2026-09-07T04:58:36.4426647Z,1788757128,80000,80000,-11637.335,aa01005800016a9e44880001388000004253fc3ac0314be44253ffffc030890b425400a6c030efb04253feaec03058414253fc95c03191984253fa5ec030dbbf4270099d39b247ae000000000000000000000000000a3e76,88
611,pmu-2,2026-09-07T04:58:36.4426647Z,1788757128,480000,480000,-12037.335,aa01005800016a9e44880007530000004277f9e7bfd02c4942780adebfd07b3942780954bfcf0f8d42780f3fbfd079904277fe93bfcf5ae14277e92cbfd073744270018f38feb8520000000000000000000000000004d2a0,88
612,pmu-5,2026-09-07T04:58:36.4426647Z,1788757128,600000,600000,-12157.335,aa01005800016a9e4488000927c00000429a08bf3e8e67024299f6373e876309429a0f8a3e7c46f04299f9973e8767b0429a0f343e8c0094429a006c3e8ae9e1426ff645b978f5c3000000000000000000000000000241ce,88
613,pmu-3,2026-09-07T04:58:36.4426647Z,1788757128,380000,380000,-11937.335,aa01005800016a9e44880005cc6000004281fb17bfa0be6e4282052abfa2a75342820119bf9fb7664281fc67bfa009d342820c27bfa032cb4281fc12bfa203284270001e394947ae000000000000000000000000000fa30e,88
614,pmu-1,2026-09-07T04:58:36.4426647Z,1788757128,260000,260000,-11817.335,aa01005800016a9e44880003f7a0000042a009783f2a398342a000663f24b4b042a002703f20c15b42a0139a3f27c56a429ff73e3f1bcb8c429ff5783f1925cc427004a938528f5c0000000000000000000000000007f914,88
615,pmu-2,2026-09-07T04:58:36.4426647Z,1788757128,500000,500000,-12057.335,aa01005800016a9e44880007a12000004281f83dbf9ed8f6428208a0bfa16b7f42820695bf9f9d524282085dbfa02ae34282003bbf9f71a04281f33ebfa16ded42700416384f0a3d000000000000000000000000000594c2,88
616,pmu-3,2026-09-07T04:58:36.4426647Z,1788757128,400000,400000,-11957.335,aa01005800016a9e448800061a80000042880015bf5e722b42880994bf633bed428805debf60d2d24287f980bf61245a42880876bf6069334287fda8bf648c17426ff7c5b92af5c3000000000000000000000000000077c2,88
617,pmu-4,2026-09-07T04:58:36.4426647Z,1788757128,100000,100000,-11657.335,aa01005800016a9e4488000186a0000042600249c018d7a1425ffaa0c018d135425ffbedc018d197425ff71cc01843f742600142c0194246425fffdcc019052e426ff8c9b9ac51ec000000000000000000000000000b6884,88
618,pmu-3,2026-09-07T04:58:36.4873906Z,1788757128,420000,420000,-11932.609,aa01005800016a9e4488000668a00000428dfbcdbef93abc428e04a8bf0380c8428e06a7bf0264a5428dfd88bf02e957428e08e5befdad5c428dfaa1bf037774427001923948b8520000000000000000000000000001a6d0,88
619,pmu-1,2026-09-07T04:58:36.4873906Z,1788757128,280000,280000,-11792.609,aa01005800016a9e4488000445c0000042a60e763f85025442a601e73f82947042a603953f80b2a242a6161f3f83921442a5f5e43f7d973042a5f0803f78e68b426ffcf7b91d999a0000000000000000000000000008f197,88
620,pmu-2,2026-09-07T04:58:36.4873906Z,1788757128,520000,520000,-12032.609,aa01005800016a9e44880007ef4000004287f7b9bf5e5ca942880b08bf61954742880406bf606b104288084cbf5d74f7428801f3bf5f072f4287f691bf63ff6f426ffb1db937c28f0000000000000000000000000006f866,88
621,pmu-4,2026-09-07T04:58:36.4873906Z,1788757128,120000,120000,-11632.609,aa01005800016a9e44880001d4c00000426c0714c00072bd426bf0bcc0008fcc426bf609c0012c0c426befcfc0006061426bf9eec001ad69426bfa46c000788c4270024839427ae1000000000000000000000000000cdfdf,88
622,pmu-5,2026-09-07T04:58:36.4873906Z,1788757128,620000,620000,-12132.609,aa01005800016a9e4488000975e0000042a00a0c3f28fd1b429ff4af3f2625e242a00b4b3f1e20e0429ffb7b3f26279c42a00eba3f2888a842a002133f27b4d3426ff81e38175c290000000000000000000000000003d430,88
623,pmu-5,2026-09-07T04:58:36.5484828Z,1788757128,640000,640000,-12091.517,aa01005800016a9e44880009c400000042a60b613f8419c842a5f85f3f82c91342a60daa3f7cbd6942a5fba73f841f0242a60e933f84af0b42a5ff293f84006d426ff6d1b7d51eb80000000000000000000000000004885e,88
624,pmu-5,2026-09-07T04:58:36.5484828Z,1788757128,660000,660000,-12111.517,aa01005800016a9e4488000a1220000042ac06b43fb32bab42abfb693fb3efb242ac0e043fafb96942ac00653fb3226542ac0e3f3fb5257642abfe6b3fb30ae9426ffa9f389bd70a00000000000000000000000000055216,88
625,pmu-1,2026-09-07T04:58:36.5484828Z,1788757128,300000,300000,-11751.517,aa01005800016a9e4488000493e0000042ac0fc23fb5675342abffcf3fb339d142ac07713fb17d3642ac112f3fb314ca42abf28a3faf12e442abf39d3facd678426ffb69b7feb85200000000000000000000000000093ea0,88
626,pmu-3,2026-09-07T04:58:36.5484828Z,1788757128,440000,440000,-11891.517,aa01005800016a9e44880006b6c00000429400bebdd59486429400d0be13a52442940984bdfd909d4293fcb0be0259d2429405cfbdefbdcf4293fc09be1205194270064b38c170a40000000000000000000000000002a4d0,88
627,pmu-2,2026-09-07T04:58:36.5484828Z,1788757128,540000,540000,-11991.517,aa01005800016a9e448800083d600000428df56dbef81cac428e0b61befd4cf0428e0486beff2c4c428e08adbefb6c9a428e058cbefc4143428df210bf05798a4270003538d0a3d70000000000000000000000000007c915,88
628,pmu-4,2026-09-07T04:58:36.5484828Z,1788757128,140000,140000,-11591.517,aa01005800016a9e4488000222e0000042780a5dbfd107c94277eb22bfcfc4b14277fc86bfd1c2894277f7acbfd139914278026abfd3b03b4277ff67bfd0c4cd427008ce3905999a000000000000000000000000000d8cb3,88
629,pmu-1,2026-09-07T04:58:36.5484828Z,1788757128,320000,320000,-11771.517,aa01005800016a9e44880004e200000042b20bc53fe54cc242b2001b3fe2cd4942b203283fe154f142b212513fe43e9242b1f6533fded71042b1f7463fdc3604426ffbf0372ccccd000000000000000000000000000a4fb8,88
630,pmu-2,2026-09-07T04:58:36.5484828Z,1788757128,560000,560000,-12011.517,aa01005800016a9e448800088b8000004293fa30bde7d9e442940a52bdffbb4d4294021bbdeecd0742940924bde18d4c429402dbbe0033474293f4a2be0c77bc42700008b6666666000000000000000000000000000809f0,88
631,pmu-3,2026-09-07T04:58:36.5484828Z,1788757128,460000,460000,-11911.517,aa01005800016a9e4488000704e00000429a04ba3e872e184299fecc3e721a0d429a0a8a3e7d9ea74299f8863e776d1e429a03333e88da004299fda73e6a5b4d426fffe0b90370a400000000000000000000000000033713,88
632,pmu-4,2026-09-07T04:58:36.5489937Z,1788757128,160000,160000,-11611.006,aa01005800016a9e448800027100000042820995bfa08da64281f7b2bf9fcef042820129bfa2655e4281f9c5bfa047354281fd49bfa2a8ee4281facdbfa00a3442700608b8633333000000000000000000000000000e7fcb,88
633,pmu-3,2026-09-07T04:58:36.6033145Z,1788757128,480000,480000,-11876.686,aa01005800016a9e448800075300000042a0096c3f2523e342a0006a3f1f27cd42a007ad3f1ebc3f429ff4db3f1cc9f042a001c63f24a1ab429ffbb83f19dfa54270012337ceb8520000000000000000000000000004a04b,88
634,pmu-5,2026-09-07T04:58:36.6033145Z,1788757128,680000,680000,-12076.685,aa01005800016a9e4488000a6040000042b20a0d3fe288bc42b1f74b3fe3ea7842b2125f3fdf093842b1ffb43fe2cc1b42b20ecb3fe622b442b202b03fe2aef6427007663982d70a0000000000000000000000000006ff74,88
635,pmu-3,2026-09-07T04:58:36.6033145Z,1788757128,500000,500000,-11896.685,aa01005800016a9e44880007a120000042a606f83f83a32042a5fe7d3f7e99e742a6087f3f800bec42a5f1543f7b94f442a5fd283f81953942a5ffca3f7b7886427009b0392f1eb800000000000000000000000000059e90,88
636,pmu-5,2026-09-07T04:58:36.6033145Z,1788757128,700000,700000,-12096.685,aa01005800016a9e4488000aae60000042b806b240093a7742b7f6db4009ff6c42b8121e4008317442b8037e4009828042b81184400b658d42b80756400912b4426fff89b9210a3d00000000000000000000000000078b69,88
637,pmu-2,2026-09-07T04:58:36.6033145Z,1788757128,580000,580000,-11976.685,aa01005800016a9e44880008d9a000004299fbe03e865862429a08a53e822167429a02eb3e86e442429a0d703e89fd26429a03383e80aee74299f8793e7fb8f3426ffab2b8da8f5c00000000000000000000000000090a4e,88
638,pmu-1,2026-09-07T04:58:36.6033145Z,1788757128,340000,340000,-11736.685,aa01005800016a9e448800053020000042b80d20400a576c42b7fb654009782642b8005a4009367b42b8164e400a8ec942b7f816400715b742b7f5474006507f427003003910a3d7000000000000000000000000000b6178,88
639,pmu-4,2026-09-07T04:58:36.6033145Z,1788757128,180000,180000,-11576.685,aa01005800016a9e44880002bf20000042880946bf63115e4287f6adbf5f6ee342880117bf65f88f4287f55bbf5f34f04287fadbbf6727cf4287f8cabf60ddd3426ff8f3b985f5c3000000000000000000000000000f003b,88
640,pmu-2,2026-09-07T04:58:36.6033145Z,1788757128,600000,600000,-11996.685,aa01005800016a9e4488000927c00000429ffc283f23ffdd42a0078d3f22d94342a004b83f256e7342a00eea3f24dde1429fff983f22ab0e429ff7b03f224f3e4270084f398b6666000000000000000000000000000ac8c1,88
641,pmu-1,2026-09-07T04:58:36.6033145Z,1788757128,360000,360000,-11756.685,aa01005800016a9e448800057e40000042be11764022bf2242bdfa01402120ec42be03624020cb4142be158b40228f3e42bdf421401f007942bdf2de401e0c61426ffb23b9210a3d000000000000000000000000000c191b,88
642,pmu-4,2026-09-07T04:58:36.6033145Z,1788757128,200000,200000,-11596.685,aa01005800016a9e448800030d400000428e0dd3bf0368be428df6a3befb8389428dfe74bf059a36428df7f1befc197c428dfab5bf08b579428df6d4bf01e4e3426fff1a38fc000000000000000000000000000000000e96,88
643,pmu-5,2026-09-07T04:58:36.6492777Z,1788757128,720000,720000,-12070.722,aa01005800016a9e4488000afc80000042be019740218ddd42bdf59a402238c042be0e71402092f142be043d4022235d42be155140234f3242be089e40214f5a426ff77db924cccd000000000000000000000000000803ac,88
644,pmu-1,2026-09-07T04:58:36.6492777Z,1788757128,380000,380000,-11730.722,aa01005800016a9e44880005cc60000042c41686403b76b742c3f6144039158a42c4019440389ea142c4179c403a0c7c42c3f52240378c2c42c3ee8c4035939a427009dc3996c28f000000000000000000000000000d9f09,88
645,pmu-4,2026-09-07T04:58:36.6492777Z,1788757128,220000,220000,-11570.722,aa01005800016a9e448800035b600000429411acbe0962824293f440bde051574293fdf1be1d17ab4293f306bddcfde54293f89ebe22e3dd4293f70fbe002710427009e6395d1eb800000000000000000000000000018702,88
646,pmu-2,2026-09-07T04:58:36.6492777Z,1788757128,620000,620000,-11970.722,aa01005800016a9e4488000975e0000042a5fedd3f82488c42a602873f82216942a605543f835d7c42a60e5e3f82778e42a5fd283f81e77c42a5fb573f81a7f0426ffd80b95d5c29000000000000000000000000000bee27,88
647,pmu-3,2026-09-07T04:58:36.6492777Z,1788757128,520000,520000,-11870.722,aa01005800016a9e44880007ef40000042ac0bd93fb3a7a342ac02903faeed0b42ac0a453fb0662342abef753fad1d8142ac00fe3fb2066b42ac02383faf3207426ff763b9bb666600000000000000000000000000066f38,88
648,pmu-3,2026-09-07T04:58:36.7011345Z,1788757128,540000,540000,-11838.865,aa01005800016a9e448800083d60000042b20f983fe2c28b42b204d03fe063de42b206973fe0020742b1eead3fde682142b2003c3fe2422c42b2009b3fdf0ca9426ff788363d70a40000000000000000000000000007fe2d,88
649,pmu-5,2026-09-07T04:58:36.7011345Z,1788757128,740000,740000,-12038.865,aa01005800016a9e4488000b4aa0000042c3ff15403a150b42c3f2a5403a4b5b42c412df4039083942c402a9403a2c7142c4108c403c120f42c406294038e234426ff9e73845c28f0000000000000000000000000009813c,88
650,pmu-4,2026-09-07T04:58:36.7011345Z,1788757128,240000,240000,-11538.865,aa01005800016a9e44880003a9800000429a131d3e7e708a4299f23a3e8969bb429a02fc3e6c38084299f7b73e869cce4299f8da3e68819d4299f4ff3e78d697427005bab8aae1480000000000000000000000000002c707,88
651,pmu-1,2026-09-07T04:58:36.7011345Z,1788757128,400000,400000,-11698.865,aa01005800016a9e448800061a80000042480000c0490fdb42480000c0490fdb42480000c0490fdb42480000c0490fdb42480000c0490fdb42480000c0490fdb426ffaf1b998c28f000000000000000000000000000e7951,88
652,pmu-3,2026-09-07T04:58:36.7011345Z,1788757128,560000,560000,-11858.865,aa01005800016a9e448800088b80000042b813af400a23ea42b8061c4008dd5b42b802a44008876a42b7f28f4007bae842b7fddd40096a0442b7ffcb400817c8426ffe83390ef5c3000000000000000000000000000840d5,88
653,pmu-1,2026-09-07T04:58:36.7011345Z,1788757128,420000,420000,-11718.865,aa01005800016a9e4488000668a000004253f704c03115c04254058ec03138434253f6e7c03112ab4253f98bc030ff024253f719c03107f842540889c030a5aa4270098139951eb8000000000000000000000000000f3367,88
654,pmu-5,2026-09-07T04:58:36.7011345Z,1788757128,760000,760000,-12058.865,aa01005800016a9e4488000b98c0000042480000c0490fdb42480000c0490fdb42480000c0490fdb42480000c0490fdb42480000c0490fdb42480000c0490fdb426ff62ab8991eb8000000000000000000000000000afff7,88
655,pmu-2,2026-09-07T04:58:36.7011345Z,1788757128,640000,640000,-11938.865,aa01005800016a9e44880009c400000042abff933fb1f49442abff253fb23dd342ac02f33fb4305d42ac0e403fb2e95a42abfb8a3fb341f342abf73b3fb1e064426ff72ab901c28f000000000000000000000000000cfb97,88
656,pmu-4,2026-09-07T04:58:36.7011345Z,1788757128,260000,260000,-11558.865,aa01005800016a9e44880003f7a0000042a00e873f1e205a429fefa63f2591fb42a006e73f19f230429ffb493f25303e429ffd0e3f19e911429ff1853f1ec0ae426ff8a3b9860a3d000000000000000000000000000317bb,88
657,pmu-2,2026-09-07T04:58:36.7011345Z,1788757128,660000,660000,-11958.865,aa01005800016a9e4488000a1220000042b1fd4d3fe2be3d42b203f53fe3621b42b205c43fe3a29842b20bd33fe4475142b1f8a13fe499ea42b1f55a3fe23e72426ffb7f38b170a4000000000000000000000000000dff63,88
658,pmu-5,2026-09-07T04:58:36.7468439Z,1788757128,780000,780000,-12033.156,aa01005800016a9e4488000be6e000004254045bc0307f0e4253fce2c0317658425405b9c031068f4253fe89c030a6c14253f70ac030cf304253f916c030683e4270098e39c68f5c000000000000000000000000000bf95b,88
659,pmu-1,2026-09-07T04:58:36.7468439Z,1788757128,440000,440000,-11693.156,aa01005800016a9e44880006b6c00000425ff10ec0194df7426004f1c018e722425ff6c9c019817c425fffa7c018e212425ff867c0186cfd42601129c0186258426ffbc0b98cd70a00000000000000000000000000007012,88
660,pmu-3,2026-09-07T04:58:36.7468439Z,1788757128,580000,580000,-11833.156,aa01005800016a9e44880008d9a0000042be15ca40224aa242be059640207e4f42be03854021135642bdf20d402079c542bdfc5240215ac042be0041401ff9eb4270030b38b9999a0000000000000000000000000009f3b6,88
661,pmu-2,2026-09-07T04:58:36.7468439Z,1788757128,680000,680000,-11933.156,aa01005800016a9e4488000a6040000042b7fcc940095f6a42b807e1400a2bc642b8063640095b0f42b8093a400a933d42b7fbd9400ab52842b7f7d240096f1d42700a1639956666000000000000000000000000000eca3e,88
662,pmu-4,2026-09-07T04:58:36.7468439Z,1788757128,280000,280000,-11533.156,aa01005800016a9e4488000445c0000042a612ef3f803c0a42a5f05c3f82836242a601e13f79660342a5f9d43f8255fe42a6015d3f7b454e42a5eeff3f7f9e79426ffac4382e666600000000000000000000000000045f96,88
663,pmu-5,2026-09-07T04:58:36.7468439Z,1788757128,800000,800000,-12053.156,aa01005800016a9e4488000c3500000042600439c018514c42600574c0194d20425ffd29c0185137425ff83bc0192927425ff1a4c018ea8b4260012cc01804e7426ff8ceb9ab851f000000000000000000000000000c3ddd,88
664,pmu-3,2026-09-07T04:58:36.7468439Z,1788757128,600000,600000,-11853.156,aa01005800016a9e4488000927c0000042c413b94039f95642c4033040382a8342c404a84038b81242c3f4204038b88f42c3fd7340392abf42c3ffc64037d59342700017b871eb85000000000000000000000000000aebc2,88
665,pmu-4,2026-09-07T04:58:36.747449Z,1788757128,300000,300000,-11552.551,aa01005800016a9e4488000493e0000042ac10a43fb116b342abeb9f3fb2fe8542ac02b73fabdf7942abf8ee3fb3128342abff123fac9eb342abf0633fb12733426ff7f2b8670a3d0000000000000000000000000005b1bc,88
666,pmu-2,2026-09-07T04:58:36.747449Z,1788757128,700000,700000,-11952.551,aa01005800016a9e4488000aae60000042bdfb604021d22542be068d4022b65042be01634021c2fa42be068f402335ae42bdfee84022a57942bdfa8140213ea1426ffc79b98b6666000000000000000000000000000fc045,88
667,pmu-1,2026-09-07T04:58:36.747449Z,1788757128,460000,460000,-11712.551,aa01005800016a9e4488000704e00000426bf7ecc0014607426c036fc000f984426bf94bc0010244426bffa8c000a088426bf85fbfff51c0426c07bbc0005d8f427008b83984cccd00000000000000000000000000018ffa,88
668,pmu-5,2026-09-07T04:58:36.7927742Z,1788757128,820000,820000,-12027.226,aa01005800016a9e4488000c83200000426bfe2ac00060dc426c0fb1c0019bdc426c01eac000757b426bedfec000e51d426bef96c001324f426c0889bfff132a42700224393f3333000000000000000000000000000da3c6,88
669,pmu-4,2026-09-07T04:58:36.7927742Z,1788757128,320000,320000,-11527.226,aa01005800016a9e44880004e200000042b20c7b3fe29a1b42b1ef4f3fe3a39942b201053fdd086542b1fcbc3fe4098342b200613fdcf2c142b1f05f3fe2a5814270024b3953eb8500000000000000000000000000067048,88
670,pmu-3,2026-09-07T04:58:36.7927742Z,1788757128,620000,620000,-11827.226,aa01005800016a9e4488000975e0000042480000c0490fdb42480000c0490fdb42480000c0490fdb42480000c0490fdb42480000c0490fdb42480000c0490fdb426ffedab7cae148000000000000000000000000000bb0ff,88
671,pmu-2,2026-09-07T04:58:36.7927742Z,1788757128,720000,720000,-11927.226,aa01005800016a9e4488000afc80000042c3fefe4039c35042c4029e403a3c2d42c3fea5403a2fa342c4077b403b254742c3fd53403a61a342c3fc394038e8394270046e3922f5c300000000000000000000000000000059,88
672,pmu-1,2026-09-07T04:58:36.7927742Z,1788757128,480000,480000,-11687.226,aa01005800016a9e44880007530000004277f9d8bfd32e2042780962bfd1e9d14278035dbfd26d334277f6c4bfd0269f4277f721bfcf03a2427801ddbfcf7cf9426ffe8db9503d71000000000000000000000000000251ae,88
673,pmu-1,2026-09-07T04:58:36.838598Z,1788757128,500000,500000,-11661.402,aa01005800016a9e44880007a12000004281f958bfa357ea4281ffb3bfa091504282061cbfa245814281fa0dbfa08a3b4281f6c6bf9f7c2f4281fd8fbf9e16784270049638f733330000000000000000000000000003433d,88
674,pmu-1,2026-09-07T04:58:36.838598Z,1788757128,520000,520000,-11681.402,aa01005800016a9e44880007ef4000004287f95abf6863d14287fffdbf601e9742880857bf62710b4287f894bf61fea44287f8b5bf5c75524287fe85bf5aa72e427006a83829999a00000000000000000000000000044ac5,88
675,pmu-3,2026-09-07T04:58:36.838598Z,1788757128,640000,640000,-11801.402,aa01005800016a9e44880009c40000004253fe3ac0312dab4253fb30c0308e3f42540080c03125e642540113c030d6a64253f814c03144524253ff1ec0318486427009bb395ecccd000000000000000000000000000cd40a,88
676,pmu-4,2026-09-07T04:58:36.838598Z,1788757128,340000,340000,-11501.402,aa01005800016a9e448800053020000042b8091c4009868842b7ee0f400a1ede42b7fe434006f9ca42b7fc6e4009cd8d42b7ff794006a4a842b7f0af400a01344270020ab6a666660000000000000000000000000007fd3e,88
677,pmu-2,2026-09-07T04:58:36.838598Z,1788757128,740000,740000,-11901.402,aa01005800016a9e4488000b4aa0000042480000c0490fdb42480000c0490fdb42480000c0490fdb42480000c0490fdb42480000c0490fdb42480000c0490fdb42700364b7aa3d71000000000000000000000000000105b1,88
678,pmu-5,2026-09-07T04:58:36.838598Z,1788757128,840000,840000,-12001.402,aa01005800016a9e4488000cd14000004277ffcbbfd14e3b427810c2bfd417ef427806edbfd09eb54277f591bfd0bae84277ee36bfd292ed4278099dbfcfc2f5426ff980b930f5c3000000000000000000000000000e959c,88
679,pmu-3,2026-09-07T04:58:36.838598Z,1788757128,660000,660000,-11821.402,aa01005800016a9e4488000a12200000425ffbf2c01977af425ff743c018c99a42600454c018ac78425ffcd6c0191895425ff17ac01961f2426003e9c0197bfa42700381b8ff0a3d000000000000000000000000000dc321,88
680,pmu-2,2026-09-07T04:58:36.838598Z,1788757128,760000,760000,-11921.402,aa01005800016a9e4488000b98c000004253fab8c030f0a84253fa76c030a9684253f9e2c031040c425401b3c0314717425401bcc03104fa4253faddc03057d8426ff7ecb96ae1480000000000000000000000000002e746,88
681,pmu-4,2026-09-07T04:58:36.838598Z,1788757128,360000,360000,-11521.402,aa01005800016a9e448800057e40000042be06f74021ec4042bdf0d140228d8a42bdff37401f4f5742bdfa6540216fb242bdfc36401f39b342bdf0e4402185bf4270073d38d4f5c30000000000000000000000000008a4a8,88
682,pmu-5,2026-09-07T04:58:36.838598Z,1788757128,860000,860000,-12021.402,aa01005800016a9e4488000d1f6000004282008abfa0b75542820c66bfa2b5a14281ff6fbf9fc28c4281fdb3bfa0ca464281f473bfa1e1ab428209c6bf9eef38426fffa338fb5c29000000000000000000000000000fb5d7,88
683,pmu-3,2026-09-07T04:58:36.8851462Z,1788757128,680000,680000,-11794.854,aa01005800016a9e4488000a60400000426c029bc00129dd426bee43c0007748426c03d6c000f234426bf3fcc00162b8426bf644c0012dd4426c06e4c000c1864270090d38e33333000000000000000000000000000e6cc0,88
684,pmu-4,2026-09-07T04:58:36.8851462Z,1788757128,380000,380000,-11494.854,aa01005800016a9e44880005cc60000042c40551403a028742c3eeab403b0c4f42c3fb724037f99d42c3fb654039744d42c401394037f26442c3ecf040398e8342700521b82ccccd0000000000000000000000000009ef26,88
685,pmu-1,2026-09-07T04:58:36.8851462Z,1788757128,540000,540000,-11654.854,aa01005800016a9e448800083d600000428df84dbf07d625428dfc1abefd9b44428e0b68befec1aa428df73ebf0267fa428dfc94bef60c2a428dfbb9bef8a2924270005db900e1480000000000000000000000000005f4cf,88
686,pmu-2,2026-09-07T04:58:36.8851462Z,1788757128,780000,780000,-11894.854,aa01005800016a9e4488000be6e00000425ff177c0183ef2425ff18dc018129d425ffee8c018e2d44260085cc019a8f242600b08c018c8c7426003c4c0188707426ffd9838e851ec0000000000000000000000000003aa9f,88
687,pmu-5,2026-09-07T04:58:36.8851462Z,1788757128,880000,880000,-11994.854,aa01005800016a9e4488000d6d800000428802eebf60b4b642880c53bf634af94288039ebf609446428801e2bf5fae814287f47abf61990d428808babf5e4489426ffc80b8807ae10000000000000000000000000000a6b2,88
688,pmu-3,2026-09-07T04:58:36.9344398Z,1788757128,700000,700000,-11765.560,aa01005800016a9e4488000aae60000042780518bfd3592e4277edc9bfd1ba7542780daebfd2b1c74277ea3fbfd36a694277f332bfd26db942780e8abfd072774270041eb8ca147b000000000000000000000000000f64e7,88
689,pmu-3,2026-09-07T04:58:36.9344398Z,1788757128,720000,720000,-11785.560,aa01005800016a9e4488000afc80000042820023bfa37c0c4281f1c8bfa24fd94282044abfa1c4754281f941bfa3ea9a4281f858bfa2794042820280bf9f40c3426ff8a1b96b47ae000000000000000000000000000045ed,88
690,pmu-2,2026-09-07T04:58:36.9344398Z,1788757128,800000,800000,-11865.560,aa01005800016a9e4488000c35000000426bf371c000a79a426be81ac0008303426bfde0c0015384426c1289c0021918426c0595c00128aa426c007dc0008369426ffe1c3728f5c300000000000000000000000000040381,88
691,pmu-1,2026-09-07T04:58:36.9344398Z,1788757128,560000,560000,-11625.560,aa01005800016a9e448800088b8000004293f70ebe21cdee4293fbe7bdeebd6e42940a01bdf396634293f50abe050daf4293f953bdd2cb9a4293fd4dbddd5726426ffe83b817ae140000000000000000000000000006dcd2,88
692,pmu-5,2026-09-07T04:58:36.9344398Z,1788757128,900000,900000,-11965.560,aa01005800016a9e4488000dbba00000428e00c9befb6448428e07eebf0531f6428e0716befb7dcf428e03c9befd1223428df7a2bf00d523428e0452bef76c2d427007983963333300000000000000000000000000012e5e,88
693,pmu-4,2026-09-07T04:58:36.9344398Z,1788757128,400000,400000,-11465.560,aa01005800016a9e448800061a80000042480000c0490fdb42480000c0490fdb42480000c0490fdb42480000c0490fdb42480000c0490fdb42480000c0490fdb426ffc66b932cccd000000000000000000000000000ac0c4,88
694,pmu-2,2026-09-07T04:58:36.9344398Z,1788757128,820000,820000,-11885.560,aa01005800016a9e4488000c832000004277f871bfd157df4277e046bfd0879642780275bfd26fcc42781838bfd3bf3b42780447bfd1780742780652bfd0880b426ffdfab62e147b0000000000000000000000000005d280,88
695,pmu-5,2026-09-07T04:58:36.9344398Z,1788757128,920000,920000,-11985.560,aa01005800016a9e4488000e09c000004293fd94bdf51bda429409ffbe12aa1f42940afbbdf4e8ff4294065fbdded59b4293f5debe01aa074293fff1bde5f0e0426ffeeab931c28f0000000000000000000000000002ddac,88
696,pmu-4,2026-09-07T04:58:36.9344398Z,1788757128,420000,420000,-11485.560,aa01005800016a9e4488000668a000004253fa5dc0314724425405fdc0309f864253fd21c030ef6e4253fe65c0314fec425409f7c0310f5442540865c030e9a34270028c38fbd70a000000000000000000000000000b5401,88
697,pmu-1,2026-09-07T04:58:36.9349467Z,1788757128,580000,580000,-11645.053,aa01005800016a9e44880008d9a000004299fbba3e66a91f4299f6ed3e830fe3429a0d893e8640004299f00c3e763de84299fb983e8f01804299ffce3e8900fd426ff820b902cccd0000000000000000000000000007c4c3,88
698,pmu-1,2026-09-07T04:58:36.9798716Z,1788757128,600000,600000,-11620.128,aa01005800016a9e4488000927c00000429ffa373f1b3770429ff42f3f1ff98542a009123f2252a9429ff1cb3f1d501a429ff9fa3f257e1f429ffea63f2661c742700289395533330000000000000000000000000008c2ac,88
699,pmu-2,2026-09-07T04:58:36.9805043Z,1788757128,840000,840000,-11859.496,aa01005800016a9e4488000cd14000004281fad2bfa0efef4281f05cbfa14cc74281fd6abfa175ad42820750bfa2935942820238bfa2366b42820179bfa18ab8426ff86ab8e3d70a0000000000000000000000000006fbba,88
700,pmu-4,2026-09-07T04:58:36.9805043Z,1788757128,440000,440000,-11459.496,aa01005800016a9e44880006b6c00000425ff135c019462742600189c018104b425ff5c9c0193598425ff603c019c7d242600820c018c53b42600973c018796d4270043a3809999a000000000000000000000000000cd9b3,88
701,pmu-5,2026-09-07T04:58:36.9805043Z,1788757128,940000,940000,-11959.496,aa01005800016a9e4488000e57e000004299fc0d3e84c4a0429a0c993e741cc2429a0b873e7fa61f429a0b733e86c9334299f5cd3e76baa94299fd933e8947754270029a38970a3d00000000000000000000000000031fd5,88
702,pmu-3,2026-09-07T04:58:36.9805043Z,1788757128,740000,740000,-11759.496,aa01005800016a9e4488000b4aa000004287fc28bf68fb714287f550bf64a812428800a2bf633b914287f4c7bf6800e64287f63fbf6236364288017dbf5ea038426ffa8c381d1eb800000000000000000000000000011e17,88
703,pmu-5,2026-09-07T04:58:37.0274926Z,1788757128,960000,960000,-11932.507,aa01005800016a9e4488000ea6000000429ff8fc3f24c37a42a008313f1c80a742a009373f1f6df442a006583f216fda429ff8223f1ec505429ffdf73f25fa7c426ff933b9408f5c0000000000000000000000000004f4b7,88
704,pmu-1,2026-09-07T04:58:37.0274926Z,1788757128,620000,620000,-11592.507,aa01005800016a9e4488000975e0000042a5fe5a3f7bb58c42a5f91e3f805cc742a60cb83f80af1a42a5f5bf3f7cf13f42a5f5523f81bef742a5ff023f847b184270074a38c2b8520000000000000000000000000009d216,88
705,pmu-4,2026-09-07T04:58:37.0274926Z,1788757128,460000,460000,-11432.507,aa01005800016a9e4488000704e00000426bef10c00120db426bfdfabfff59fd426bf963c001513d426bf85bc0012805426c09c6c000c444426c07b3bfffaa02426ffff4b8af0a3d000000000000000000000000000d9b3e,88
706,pmu-3,2026-09-07T04:58:37.0274926Z,1788757128,760000,760000,-11732.507,aa01005800016a9e4488000b98c00000428df7dcbf088a88428df3b2bf051987428e05b8bf053528428df6a3bf08bca3428df201bf0146fa428e0380befd77d3426ffaab361eb8520000000000000000000000000002ba5e,88
707,pmu-5,2026-09-07T04:58:37.0274926Z,1788757128,980000,980000,-11952.507,aa01005800016a9e4488000ef420000042a5fbec3f832c2842a6088e3f7f807642a606553f7e291742a609703f8229df42a5f57b3f7e614842a5fb213f8458304270010a39208f5c0000000000000000000000000005342f,88
708,pmu-1,2026-09-07T04:58:37.0274926Z,1788757128,640000,640000,-11612.507,aa01005800016a9e44880009c400000042abffc33fadf39c42abfd8d3faffdde42ac10993fb1755742abf3193faf899b42abf3c33fb342b142ac02543fb3ba43426ff9dcb989851f000000000000000000000000000a7bc1,88
709,pmu-3,2026-09-07T04:58:37.0274926Z,1788757128,780000,780000,-11752.507,aa01005800016a9e4488000be6e000004293f7cfbe29c1704293f49dbe0de4d5429405d4be17064c4293fa8dbe1fde424293ecf1be03e1b6429403d8bde4d1314270004a38e63d7100000000000000000000000000032118,88
710,pmu-4,2026-09-07T04:58:37.0274926Z,1788757128,480000,480000,-11452.507,aa01005800016a9e44880007530000004277e84fbfd255d7427804e4bfcee2924277f675bfd34d734277f9e7bfd30ada42781102bfd1a01442780d1cbfce471b426ffae1b8cfd70a000000000000000000000000000e866c,88
711,pmu-5,2026-09-07T04:58:37.0274926Z,1788757129,0,0,-11972.507,aa01005800016a9e448900000000000042abf7fc3fb3e6e542ac03d83fb08b9742ac036c3faf4c7142ac0ca03fb24f2542abf10e3fb0504e42abfac23fb364184270055138af33330000000000000000000000000006305a,88
712,pmu-2,2026-09-07T04:58:37.0279963Z,1788757128,860000,860000,-11832.004,aa01005800016a9e4488000d1f6000004287f90fbf60e5df4287eb73bf63a50e4287fc94bf62007042880b3ebf65ad8e4288024cbf62b9b742880016bf62e792426ff925376f5c2900000000000000000000000000071e7f,88
713,pmu-2,2026-09-07T04:58:37.0279963Z,1788757128,880000,880000,-11852.004,aa01005800016a9e4488000d6d800000428df51dbf00a80b428dec96bf059953428dfc17bf00d3af428e0e75bf06eb9e428e0554bf033ff9428e02c7bf0374e8427008a0399e851f000000000000000000000000000867ee,88
714,pmu-3,2026-09-07T04:58:37.0709878Z,1788757128,800000,800000,-11729.012,aa01005800016a9e4488000c350000004299f3de3e5d02674299f6073e6c5f12429a02453e7211154299f7d83e659f7e4299e8133e75474d429a07ce3e855958426ff84fb92370a40000000000000000000000000004378d,88
715,pmu-2,2026-09-07T04:58:37.0709878Z,1788757128,900000,900000,-11829.012,aa01005800016a9e4488000dbba000004293f951be06079d4293e8e1be1d94c44293f905be04c5ae4294137bbe0f80074294016cbe0a9a014294078fbe0f7640427004d9b89ab8520000000000000000000000000009ec31,88
716,pmu-1,2026-09-07T04:58:37.0709878Z,1788757128,660000,660000,-11589.012,aa01005800016a9e4488000a1220000042b2028d3fdf6cad42b1ff263fdf337942b213d93fe21d6642b1f0713fdf177f42b1f3163fe3ff6442b204183fe4db8b426ffd9e3899eb85000000000000000000000000000b36b8,88
717,pmu-4,2026-09-07T04:58:37.0709878Z,1788757128,500000,500000,-11429.012,aa01005800016a9e44880007a12000004281f302bfa201af428204aebf9d665e4281f82ebfa306184281f9a2bfa30a2342820969bfa1d7d4428202bcbf9da4724270088f398c147b000000000000000000000000000f0197,88
718,pmu-5,2026-09-07T04:58:37.0709878Z,1788757129,20000,20000,-11949.012,aa01005800016a9e448900004e20000042b1f8d43fe4a6cb42b201133fe14bd942b203c73fdf6dad42b20c473fe242ad42b1f1073fe16df742b1fa2c3fe2e215426ffcd2b92e000000000000000000000000000000072cd3,88
719,pmu-3,2026-09-07T04:58:37.120981Z,1788757128,820000,820000,-11699.019,aa01005800016a9e4488000c83200000429ff53d3f15e56b429ff0ee3f1b1a9842a000c43f1aebf7429ff7cb3f1b8013429fe9943f1c0e1f42a00cd83f23ff594270070139967ae100000000000000000000000000055fe5,88
720,pmu-3,2026-09-07T04:58:37.120981Z,1788757128,840000,840000,-11719.019,aa01005800016a9e4488000cd140000042a5f09e3f77a08a42a5f0f73f7dbba442a600323f7b181342a5f9033f7b8efb42a5e51d3f7b852f42a60ec83f82f70e4270020bb8cb333300000000000000000000000000067bec,88
721,pmu-4,2026-09-07T04:58:37.120981Z,1788757128,520000,520000,-11399.019,aa01005800016a9e44880007ef4000004287f819bf63dbdc428805e4bf59dc6c4287f971bf64dae94287fde4bf6563ec42880a00bf6320964287fec3bf58da7c427000bdb92028f600000000000000000000000000008b33,88
722,pmu-1,2026-09-07T04:58:37.120981Z,1788757128,680000,680000,-11559.019,aa01005800016a9e4488000a6040000042b806464008463342b803fe400852d942b8149a4008cd6242b7f3eb4007539f42b7ee68400a13b642b80621400aed5f42700563391f1eb8000000000000000000000000000c13e8,88
723,pmu-5,2026-09-07T04:58:37.120981Z,1788757129,40000,40000,-11919.019,aa01005800016a9e448900009c40000042b7faba400acbd642b800d04008607042b8087b40076b5042b80e224008b79542b7f1364008e72442b7f70640093107426ffd7b375851ec0000000000000000000000000008df3d,88
724,pmu-2,2026-09-07T04:58:37.120981Z,1788757128,920000,920000,-11799.019,aa01005800016a9e4488000e09c000004299fc7a3e81d7684299e9ee3e6b20354299fcf43e76c050429a12703e6f1f6e429a01e13e6e4fcf429a027e3e7213ca426ffc1ab9331eb8000000000000000000000000000a9911,88
725,pmu-5,2026-09-07T04:58:37.120981Z,1788757129,60000,60000,-11939.019,aa01005800016a9e44890000ea60000042bdfb794022b4c642bdfc95401feaf642be040d401f0ece42be100c402037fc42bdf4f540211c6642bdfba94020bba7426ffdc836c51eb80000000000000000000000000009d393,88
726,pmu-4,2026-09-07T04:58:37.120981Z,1788757128,540000,540000,-11419.019,aa01005800016a9e448800083d600000428df52ebf051a01428e00c8bef6887e428df723bf056887428dfb49bf040016428e062abf03a734428dfeb8bef28ff6426ffe76b83a8f5c000000000000000000000000000174ee,88
727,pmu-1,2026-09-07T04:58:37.120981Z,1788757128,700000,700000,-11579.019,aa01005800016a9e4488000aae60000042be07b540206ab042be01014020187442be121d40209f9142bdf301401f7c7042bdf2044021e79442be02294023af4e42700135b8ab3333000000000000000000000000000d63e2,88
728,pmu-2,2026-09-07T04:58:37.120981Z,1788757128,940000,940000,-11819.019,aa01005800016a9e4488000e57e0000042a000e63f220305429feb983f1b5e5d429ffe0d3f206da542a017513f1d9775429fffab3f1e37cd42a001b03f1a7a144270018738de3d71000000000000000000000000000b61b3,88
729,pmu-1,2026-09-07T04:58:37.1632202Z,1788757128,720000,720000,-11556.780,aa01005800016a9e4488000afc80000042c4061e4038d2f342c3ff5a4038ca9642c40e964038f67f42c3f33540380e7042c3f2bf403a421c42c405ad403bb417426ffe79b8600000000000000000000000000000000ecd25,88
730,pmu-5,2026-09-07T04:58:37.1632202Z,1788757129,80000,80000,-11916.780,aa01005800016a9e448900013880000042c3fe9a403b21d542c3fa4e40383f1c42c4091340373da242c413504038e00442c3f1dd4038ca7c42c3ff3a4039115d426ffb65b843851f000000000000000000000000000a4bbf,88
731,pmu-3,2026-09-07T04:58:37.1632202Z,1788757128,860000,860000,-11696.780,aa01005800016a9e4488000d1f60000042abf2923facccda42abf3de3fae8f6e42ac034d3fad20d442abf6f03fade1bf42abe32e3fadf50742ac0ac83fb44e70427000b3b7dc28f60000000000000000000000000007eacf,88
732,pmu-4,2026-09-07T04:58:37.1632202Z,1788757128,560000,560000,-11396.780,aa01005800016a9e448800088b8000004293f484be0d299d4293fda2bdc760f84293fb5cbe1b85694293f9ffbe0af4ae42940359be149b79429400afbdc6a50b426ffa1ab8b28f5c0000000000000000000000000002430d,88
733,pmu-2,2026-09-07T04:58:37.1632202Z,1788757128,960000,960000,-11796.780,aa01005800016a9e4488000ea600000042a602043f81ae3a42a5e93a3f7dfa4042a601563f806c5b42a6138d3f7d3fcd42a600c83f7f745142a606913f79269d426ffa88b90f47ae000000000000000000000000000c1375,88
734,pmu-5,2026-09-07T04:58:37.218956Z,1788757129,100000,100000,-11881.044,aa01005800016a9e4489000186a0000042480000c0490fdb42480000c0490fdb42480000c0490fdb42480000c0490fdb42480000c0490fdb42480000c0490fdb42700952398e999a000000000000000000000000000b09d4,88
735,pmu-5,2026-09-07T04:58:37.218956Z,1788757129,120000,120000,-11901.044,aa01005800016a9e44890001d4c0000042540149c030c5ad425401a3c0311c194253fcefc03176b64253f912c030ff294253fea6c03144554253f877c0312eda426ffdc9b96c3d71000000000000000000000000000c6464,88
736,pmu-1,2026-09-07T04:58:37.218956Z,1788757128,740000,740000,-11521.044,aa01005800016a9e4488000b4aa0000042480000c0490fdb42480000c0490fdb42480000c0490fdb42480000c0490fdb42480000c0490fdb42480000c0490fdb426fff9137b33333000000000000000000000000000fe00a,88
737,pmu-4,2026-09-07T04:58:37.218956Z,1788757128,580000,580000,-11361.044,aa01005800016a9e44880008d9a000004299f8d53e7f00d44299f9fb3e8bd66f4299fa6a3e6fdf1b4299f8d33e7f2ffc429a024d3e63bc41429a010f3e9399e0426ffb4737c0a3d7000000000000000000000000000381e1,88
738,pmu-3,2026-09-07T04:58:37.218956Z,1788757128,880000,880000,-11661.044,aa01005800016a9e4488000d6d80000042b1f2563fdbd59e42b1f5c33fdd9ad642b206c13fde825a42b1f5f53fdd12a242b1df9a3fdd51c742b20ab13fe39a1b42700488389cf5c30000000000000000000000000008478f,88
739,pmu-2,2026-09-07T04:58:37.218956Z,1788757128,980000,980000,-11761.044,aa01005800016a9e4488000ef420000042ac01353fb16c6b42abe79d3fafa0b942ac014e3fb1c46142ac12963fadfac042abfff63fafde0342ac04233fac1994426ffdb43881eb85000000000000000000000000000d201e,88
740,pmu-3,2026-09-07T04:58:37.218956Z,1788757128,900000,900000,-11681.044,aa01005800016a9e4488000dbba0000042b7f2f54005c82a42b7f50b4006965342b802254007dd3842b7f2cd40069d1b42b7e1c14006643142b80941400a187e426ff911b96acccd000000000000000000000000000979a6,88
741,pmu-4,2026-09-07T04:58:37.218956Z,1788757128,600000,600000,-11381.044,aa01005800016a9e4488000927c00000429ff9e53f1f4245429ffde63f2510d6429ff5c33f1aa5fe429ff7723f1f633842a0033e3f1b3c2642a005543f2a6c2b42700635395fd70a00000000000000000000000000048639,88
742,pmu-1,2026-09-07T04:58:37.2194703Z,1788757128,760000,760000,-11540.530,aa01005800016a9e4488000b98c000004253f7d8c0318f4d4253fe53c03073d64254043cc031171e4253f6a7c031901f425404a7c030a2ad42540478c0308f63427007843922cccd00000000000000000000000000009a2a,88
743,pmu-2,2026-09-07T04:58:37.2194703Z,1788757129,0,0,-11780.530,aa01005800016a9e448900000000000042b204813fe07c7242b1e4cf3fdffe9442b1fefc3fe1e6e042b20e1f3fde439642b201583fdffb2a42b201763fdc14ee426ff9d4b89eb852000000000000000000000000000e2649,88
744,pmu-2,2026-09-07T04:58:37.2194703Z,1788757129,20000,20000,-11800.530,aa01005800016a9e448900004e20000042b80805400887d742b7e956400794ec42b8010e4008f1f942b80a5b4007152642b7fe0c4007cd3842b805004006c028426ffef638d23d71000000000000000000000000000f717c,88
745,pmu-3,2026-09-07T04:58:37.2648201Z,1788757128,920000,920000,-11655.180,aa01005800016a9e4488000e09c0000042bdedee401d918a42bdf505401eedea42be0183401fb7d342bdf57b401e75d742bde07a401e1ae042be0d52402280b1427004e539723d71000000000000000000000000000a80ce,88
746,pmu-2,2026-09-07T04:58:37.2648201Z,1788757129,40000,40000,-11775.180,aa01005800016a9e448900009c40000042be08794021280d42bde808401fe34842bdffb0402085b042be0972401ed97442bdfb64401ff98442be0a01401f510a426fff323699999a0000000000000000000000000000d61c,88
747,pmu-5,2026-09-07T04:58:37.2648201Z,1788757129,140000,140000,-11875.180,aa01005800016a9e4489000222e00000425ffe2dc018fda4426004cac018b5c2425ffb7ac01969724260016fc018d134425ffcaec0193698425ff2abc0192eed426ffbcbb8233333000000000000000000000000000dc5f5,88
748,pmu-1,2026-09-07T04:58:37.2648201Z,1788757128,780000,780000,-11515.180,aa01005800016a9e4488000be6e00000425fefcec01986e0425fff6cc017edb542600d9fc018a016425fee32c018e58742600373c01921f942600adfc0183cf342700174b8f851ec00000000000000000000000000014e71,88
749,pmu-4,2026-09-07T04:58:37.2648201Z,1788757128,620000,620000,-11355.180,aa01005800016a9e4488000975e0000042a5fb333f8098ea42a5f97f3f83103c42a5f3e23f78d79b42a5f5873f80132042a5fe713f7c872542a601ce3f8506db427008473829999a00000000000000000000000000053444,88
750,pmu-3,2026-09-07T04:58:37.2648201Z,1788757128,940000,940000,-11675.180,aa01005800016a9e4488000e57e0000042c3ed314036559042c3f2034037793242c403e8403824fc42c3fa8a4036c1b042c3df1d4036dddc42c41014403a9da642700323b8100000000000000000000000000000000b6eef,88
751,pmu-2,2026-09-07T04:58:37.2648201Z,1788757129,60000,60000,-11795.180,aa01005800016a9e44890000ea60000042c4047c4038aaef42c3e4104038464d42c403244038d9cf42c4066f40379be542c3fadd4038712042c40dbf40379ccf427009e4395b0a3d0000000000000000000000000001b31e,88
752,pmu-5,2026-09-07T04:58:37.2648201Z,1788757129,160000,160000,-11895.180,aa01005800016a9e4489000271000000426c060ac0003d59426c04c4c0005685426c02cec000d50b426c0580c0010f3a426bfa96c001038c426bf7d8c0017b36426ffceb37b851ec000000000000000000000000000e4c15,88
753,pmu-1,2026-09-07T04:58:37.2648201Z,1788757128,800000,800000,-11535.180,aa01005800016a9e4488000c35000000426bf038c00209fe426c044dc0007062426c085cc000745c426bf412c00096ee426c091cc0016ad1426c07b9bfff6c42427004cc3888f5c30000000000000000000000000002052f,88
754,pmu-4,2026-09-07T04:58:37.2648201Z,1788757128,640000,640000,-11375.180,aa01005800016a9e44880009c400000042ac002d3fb0f9b142abf6c63fb27a4e42abf4323fadddb042abf61f3fafd54c42abfcbd3fae30bf42ac02a33fb5156442700354b8cab85200000000000000000000000000066d8d,88
755,pmu-3,2026-09-07T04:58:37.3191028Z,1788757128,960000,960000,-11640.897,aa01005800016a9e4488000ea600000042480000c0490fdb42480000c0490fdb42480000c0490fdb42480000c0490fdb42480000c0490fdb42480000c0490fdb426ffd2ab8f4a3d7000000000000000000000000000cd62f,88
756,pmu-4,2026-09-07T04:58:37.3191028Z,1788757128,660000,660000,-11340.897,aa01005800016a9e4488000a1220000042b201803fe08f7b42b1f8933fe337ec42b1f7603fdcef1842b1f9da3fe0396042b1fbb33fde07b342b207673fe5ac54427006da389051ec0000000000000000000000000007380e,88
757,pmu-2,2026-09-07T04:58:37.3191028Z,1788757129,80000,80000,-11760.897,aa01005800016a9e448900013880000042480000c0490fdb42480000c0490fdb42480000c0490fdb42480000c0490fdb42480000c0490fdb42480000c0490fdb42700463b8e170a40000000000000000000000000002951a,88
758,pmu-1,2026-09-07T04:58:37.3191028Z,1788757128,820000,820000,-11500.897,aa01005800016a9e4488000c832000004277f6d4bfd4f86b4277fe19bfcfd31642780bcdbfcf85984277ef29bfd13c5e42780fc0bfd27b4242780561bfce0a2c426ffbb4b93a3d71000000000000000000000000000377df,88
759,pmu-3,2026-09-07T04:58:37.3191028Z,1788757128,980000,980000,-11660.897,aa01005800016a9e4488000ef42000004253f74dc03190c14254070ec03117924253fc32c03112124253fff1c030ca544253f87fc031880b4253fae1c031044f426ff83fb8c970a4000000000000000000000000000d52a1,88
760,pmu-2,2026-09-07T04:58:37.3191028Z,1788757129,100000,100000,-11780.897,aa01005800016a9e4489000186a000004253f5f5c031554d4253ff2cc030aa2342540637c0311a7b42540011c031855f42540615c0312df14253fb63c030742d426ff729b98770a4000000000000000000000000000364db,88
761,pmu-5,2026-09-07T04:58:37.3191028Z,1788757129,180000,180000,-11860.897,aa01005800016a9e44890002bf20000042780a3abfcf34bb4277fde5bfd0865842780aabbfd1ab4142780c6ebfd3153f4277f221bfd2b3874277f728bfd193ff427008c53972b852000000000000000000000000000f28fb,88
762,pmu-5,2026-09-07T04:58:37.3191028Z,1788757129,200000,200000,-11880.897,aa01005800016a9e448900030d4000004282089bbf9e8c554281ff17bf9ffa07428200a7bfa08783428209b5bfa3bd7f4281f7b5bfa1a9874281f7f6bfa0d4e0426ffaa1b990cccd00000000000000000000000000008741,88
763,pmu-1,2026-09-07T04:58:37.3191028Z,1788757128,840000,840000,-11520.897,aa01005800016a9e4488000cd14000004281fe49bfa4ddd84281fd47bf9ed86842820509bf9e02f84281fbf8bfa1470442820c4dbfa148b24282063cbf9dd8db427002a9390e7ae10000000000000000000000000004b666,88
764,pmu-4,2026-09-07T04:58:37.3191028Z,1788757128,680000,680000,-11360.897,aa01005800016a9e4488000a6040000042b802714008ceca42b7f7524009969142b7f8824006c69942b7fa8740089c4a42b7fb8f40076c5f42b80518400b3237426ffa96b97b3333000000000000000000000000000812b1,88
765,pmu-3,2026-09-07T04:58:37.3191028Z,1788757129,0,0,-11680.897,aa01005800016a9e4489000000000000425ff943c019b2944260001dc0196d42425ffdc9c01911ac425ffa81c0191d65425ffca5c019f17d425ffbffc018bdeb427001503939ae14000000000000000000000000000e78b8,88
766,pmu-3,2026-09-07T04:58:37.3641732Z,1788757129,20000,20000,-11655.827,aa01005800016a9e448900004e200000426befc6c0022d09426bfab3c001796c426bfa8fc0005fdc426bf379c001862e426bf81bc0021803426bfb20c000112b426ffd38b8a7ae14000000000000000000000000000ff46d,88
767,pmu-2,2026-09-07T04:58:37.3641732Z,1788757129,120000,120000,-11755.827,aa01005800016a9e44890001d4c00000425ff67fc0193c0942600646c017ed464260095dc018df1242600910c018e58a425ffeb3c0198f73425ffbe0c01867e4426ffc9f38dfae1400000000000000000000000000040097,88
768,pmu-1,2026-09-07T04:58:37.3641732Z,1788757128,860000,860000,-11495.827,aa01005800016a9e4488000d1f6000004287fca6bf6a5181428801acbf5b0153428805b7bf5dd67c4287f70fbf62266742880d2abf6260f642880186bf5c73bb427000b6b81fae140000000000000000000000000005305b,88
769,pmu-5,2026-09-07T04:58:37.3641732Z,1788757129,220000,220000,-11855.827,aa01005800016a9e448900035b60000042880cd3bf5a9938428800ccbf5ef36c4287ff12bf5e0ea742880891bf65ca5a4287fcc9bf65403e4287fbc8bf5f99b5426ffabb36051eb800000000000000000000000000010f4b,88
770,pmu-4,2026-09-07T04:58:37.3641732Z,1788757128,700000,700000,-11335.827,aa01005800016a9e4488000aae60000042be05414020e4e542bdf4544022124c42bdf804401eebd642bdfe46402083ff42bdfb98401f85de42be0a184023b3bc4270091639947ae100000000000000000000000000094657,88
771,pmu-5,2026-09-07T04:58:37.4104004Z,1788757129,240000,240000,-11829.600,aa01005800016a9e44890003a9800000428e0f6abef24f52428dfd79befe45d5428e01b4befd064c428e04aabf03e16e428dfdf2bf06e0b5428df6c5befb02b0426ffdd1387ccccd00000000000000000000000000022dc2,88
772,pmu-5,2026-09-07T04:58:37.4104004Z,1788757129,260000,260000,-11849.600,aa01005800016a9e44890003f7a0000042940a6dbdc0eb674293fb6ebde69e03429402fcbdf15383429405d8be14d0374293fa99be1fb33c4293f601bdeba7a7426ffac0b87b33330000000000000000000000000003b249,88
773,pmu-2,2026-09-07T04:58:37.4104004Z,1788757129,140000,140000,-11729.600,aa01005800016a9e4489000222e00000426bfae8c0009a65426c0229c0005b9f426c11ecc00133fa426c11c9c00110f9426bfe1dc0012621426bf68abfffba33426ffc73b66147ae00000000000000000000000000058b6e,88
774,pmu-4,2026-09-07T04:58:37.4104004Z,1788757128,720000,720000,-11309.600,aa01005800016a9e4488000afc80000042c405af40397cc742c3f278403aae1c42c3f6de4037a28242c3fddf4038499a42c3ffa5403743cb42c4075a403b451442700a1237a147ae000000000000000000000000000aa065,88
775,pmu-1,2026-09-07T04:58:37.4104004Z,1788757128,880000,880000,-11469.600,aa01005800016a9e4488000d6d800000428dfc84bf0c0eda428dfd32bef69514428e0866bef72c3e428df9bdbf0130d9428e0ecebf02c79e428e0296bef563dc42700046b70f5c2900000000000000000000000000062358,88
776,pmu-3,2026-09-07T04:58:37.4104004Z,1788757129,40000,40000,-11629.600,aa01005800016a9e448900009c4000004277f051bfd52b724277f916bfd2acee4277f1e2bfcf59ea4277fc30bfd2252e4277ffe3bfd40bcf4277f0f4bfcf9b4c426ffcdab6f0a3d70000000000000000000000000000323c,88
777,pmu-2,2026-09-07T04:58:37.4104004Z,1788757129,160000,160000,-11749.600,aa01005800016a9e44890002710000004277fbd4bfd05edf4277fa6bbfd1134642781af2bfd11359427811d6bfd0c1154277fad5bfd177284277ef43bfcf22a4426ff625b9011eb800000000000000000000000000066943,88
778,pmu-3,2026-09-07T04:58:37.4104004Z,1788757129,60000,60000,-11649.600,aa01005800016a9e44890000ea6000004281f43cbfa51cac4281fb5ebfa34f574281f8f5bf9ff65e4281fef6bfa316134281fd6abfa46cb34281faa7bfa044b5426ffd5037170a3d00000000000000000000000000012ac7,88
779,pmu-1,2026-09-07T04:58:37.4104004Z,1788757128,900000,900000,-11489.600,aa01005800016a9e4488000dbba000004293fe9dbe25b26b4293fde7bddcb328429408e4bdd280ff4293fce1be006c36429412bfbe005aeb4294071ebdc411544270064d38f6e14800000000000000000000000000078575,88
780,pmu-4,2026-09-07T04:58:37.4104004Z,1788757128,740000,740000,-11329.600,aa01005800016a9e4488000b4aa0000042480000c0490fdb42480000c0490fdb42480000c0490fdb42480000c0490fdb42480000c0490fdb42480000c0490fdb426ff6f9b9c38f5c000000000000000000000000000b4110,88
781,pmu-3,2026-09-07T04:58:37.4525059Z,1788757129,80000,80000,-11627.494,aa01005800016a9e44890001388000004287f778bf695b084287f72cbf6640f84287f50ebf5fb26d4287fc54bf66bc164287f86cbf69f6764287f95bbf623f004270019d38b028f6000000000000000000000000000204f8,88
782,pmu-2,2026-09-07T04:58:37.4525059Z,1788757129,180000,180000,-11727.494,aa01005800016a9e44890002bf2000004281fea4bfa01e1e4281fb00bfa031c6428210f4bf9fe5e3428205a5bfa010254281fe0dbfa20e7d4281fbc3bf9f55a6427006b839a9b852000000000000000000000000000747de,88
783,pmu-4,2026-09-07T04:58:37.4525059Z,1788757128,760000,760000,-11307.494,aa01005800016a9e4488000b98c0000042540061c03173f642540513c0310d424254058ec030e0c74253ff1bc031785a4253ff14c03177dd4254097fc030f038426fff413929999a000000000000000000000000000cb4ec,88
784,pmu-1,2026-09-07T04:58:37.4525059Z,1788757128,920000,920000,-11467.494,aa01005800016a9e4488000e09c000004299fafc3e56fd584299fc003e89d946429a0baf3e8f01084299f8123e7b0924429a11943e81a317429a09b23e943e67426ff775b998000000000000000000000000000000086125,88
785,pmu-5,2026-09-07T04:58:37.4525059Z,1788757129,280000,280000,-11827.494,aa01005800016a9e4489000445c00000429a0a0a3e94d3904299f74c3e846bd1429a03603e84d544429a03e23e6d8b454299f90f3e5e5bbd4299f1cb3e831f914270039039347ae1000000000000000000000000000431f2,88
786,pmu-5,2026-09-07T04:58:37.4977553Z,1788757129,300000,300000,-11802.245,aa01005800016a9e4489000493e0000042a00b193f2d28ca429ffa333f23119f429fffb93f2284c842a005fd3f1c886a429ffad63f16ade0429ff3563f20427b4270062d3856147b000000000000000000000000000550d5,88
787,pmu-4,2026-09-07T04:58:37.4977553Z,1788757128,780000,780000,-11282.245,aa01005800016a9e4488000be6e00000425ff7f1c0195c2a42600620c01972d6425ffff0c018513a42600180c018cffd425ff873c019a18742600f83c01847c24270034038a3ae14000000000000000000000000000d0718,88
788,pmu-1,2026-09-07T04:58:37.4977553Z,1788757128,940000,940000,-11442.245,aa01005800016a9e4488000e57e00000429fffe43f161991429fff243f2727ae42a00df23f274380429ff7d33f214c2c42a00ec43f1f618f42a0080c3f2c5472427006b7399c3d710000000000000000000000000009a691,88
789,pmu-2,2026-09-07T04:58:37.4977553Z,1788757129,200000,200000,-11702.245,aa01005800016a9e448900030d40000042880021bf5e14d54287f61cbf5dd64d42880f44bf5db20d4288068bbf5fbfbd4287fabdbf63e74f4287fd60bf603b9042700382b883851f00000000000000000000000000085bfc,88
790,pmu-3,2026-09-07T04:58:37.4977553Z,1788757129,100000,100000,-11602.245,aa01005800016a9e4489000186a00000428df89dbf0a0302428df32dbf068a06428df2d0beff6af5428df971bf043185428dfd77bf0b275d428df617bf030b57426ff76cb950b852000000000000000000000000000375af,88
791,pmu-3,2026-09-07T04:58:37.5435688Z,1788757129,120000,120000,-11576.431,aa01005800016a9e44890001d4c000004293fd87be2e7a894293f601be0f5f6c4293f374bdf383374293f5dcbe0b91734293fff6be2f2bed4293fad8be0a2a09426ffa8a387f5c29000000000000000000000000000464f0,88
792,pmu-4,2026-09-07T04:58:37.5435688Z,1788757128,800000,800000,-11256.431,aa01005800016a9e4488000c35000000426bf0bec000bc62426c0463c000b62f426bfa5ec000b983426c0aa4c0004b6b426bf1f3c001291b426c1201c0003afe427004a537e47ae1000000000000000000000000000e0051,88
793,pmu-5,2026-09-07T04:58:37.5435688Z,1788757129,320000,320000,-11776.431,aa01005800016a9e44890004e200000042a60ac63f87d9f542a5fda33f8149a942a601833f826b7442a601cd3f7d9f9c42a5f7693f7593a742a5f3603f80e538426ffbe9b9523d710000000000000000000000000006dcfc,88
794,pmu-1,2026-09-07T04:58:37.5435688Z,1788757128,960000,960000,-11416.431,aa01005800016a9e4488000ea600000042a5fc313f7759e242a5fd1b3f84aff642a60a513f847b6942a5f4483f81273442a612a93f7fcf3b42a60ca13f8601894270001cb90747ae000000000000000000000000000aa7b2,88
795,pmu-2,2026-09-07T04:58:37.5435688Z,1788757129,220000,220000,-11676.431,aa01005800016a9e448900035b600000428dfe74befb4ef7428df279bef80a33428e13aabefa0951428e05b2bef9af38428df918bf0228ab428dffabbeff5eaa4270018eb820000000000000000000000000000000096a94,88
796,pmu-3,2026-09-07T04:58:37.5435688Z,1788757129,140000,140000,-11596.431,aa01005800016a9e4489000222e000004299f96a3e5494f54299f9103e72edaa4299f53a3e8684134299f1b13e74f7c8429a00d63e5b0b9f4299f89f3e79470f427003603934f5c300000000000000000000000000056378,88
797,pmu-5,2026-09-07T04:58:37.5435688Z,1788757129,340000,340000,-11796.431,aa01005800016a9e448900053020000042ac0ad73fb87ddb42abf9363fb12b8d42abfd8e3fb3607442abfd9f3faececc42abf9af3faae93342abf2533fafec49427003a1391e147b0000000000000000000000000007d823,88
798,pmu-1,2026-09-07T04:58:37.5435688Z,1788757128,980000,980000,-11436.431,aa01005800016a9e4488000ef420000042abfb8e3fabe0ad42ac01693fb40d7842ac0aa93fb48edd42abf24b3fb13b0942ac17583fb0ad0942ac10ca3fb59d3f426ff6e1b93d0a3d000000000000000000000000000be948,88
799,pmu-2,2026-09-07T04:58:37.5435688Z,1788757129,240000,240000,-11696.431,aa01005800016a9e44890003a98000004294013bbde8e9b14293f019bdcfd16a42940fa2bdd2d39b42940541bdd43dcc4293f760be09338842940387bdedf534426ffeeeb8570a3d000000000000000000000000000a28ec,88
800,pmu-4,2026-09-07T04:58:37.5435688Z,1788757128,820000,820000,-11276.431,aa01005800016a9e4488000c832000004277f0f3bfd22feb4277fe8fbfd1e0b84277fc9dbfd03b294278072fbfd15ebb4277ec8dbfd1ef98427817cbbfcf2eb3427001f8b85b3333000000000000000000000000000f8263,88
801,pmu-1,2026-09-07T04:58:37.5435688Z,1788757130,0,0,-12456.431,aa01005800016a9e448a00000000000042b1fc1e3fdc439d42b204513fe5060842b206e83fe4446542b1f7143fe1e00e42b2170e3fe184a342b20e9b3fe6595d4270019c395bc28f000000000000000000000000000cd982,88
802,pmu-3,2026-09-07T04:58:37.5896175Z,1788757129,160000,160000,-11570.383,aa01005800016a9e4489000271000000429ff6a73f14ca95429ff4843f1ade4f429ff45b3f239ce8429ff4a43f1ee6d342a003183f16a673429ffb763f1c6819427004f23800a3d700000000000000000000000000060388,88
803,pmu-4,2026-09-07T04:58:37.5896175Z,1788757128,840000,840000,-11250.382,aa01005800016a9e4488000cd14000004281f789bfa198294281fe25bfa2a0f44281fffabfa0688c428202cdbfa245b44281f555bfa227f142820766bf9e8a4d426ffa12b921c28f00000000000000000000000000003da7,88
804,pmu-5,2026-09-07T04:58:37.5896175Z,1788757129,360000,360000,-11770.382,aa01005800016a9e448900057e40000042b20e123fe8cb6442b1f6723fe1b4fd42b1fd873fe3befd42b1fc8d3fddcb7b42b1fc6e3fdc617c42b1f2e33fe08d43426ff783b97828f600000000000000000000000000083829,88
805,pmu-2,2026-09-07T04:58:37.5896175Z,1788757129,260000,260000,-11670.382,aa01005800016a9e44890003f7a00000429a05e23e8689a34299f0b83e8d95f4429a12683e89c0d2429a07fd3e8e61ac4299f8833e70c3e3429a02263e8624ed42700904394e8f5c000000000000000000000000000b1183,88
806,pmu-1,2026-09-07T04:58:37.5896175Z,1788757130,20000,20000,-12430.382,aa01005800016a9e448a00004e20000042b7f8f64005fe8142b801f7400ae19642b804d3400a6c8942b7f67a4008c98842b8150740096eb142b80f41400be3894270073a38e6147b000000000000000000000000000db253,88
807,pmu-3,2026-09-07T04:58:37.5896175Z,1788757129,180000,180000,-11590.382,aa01005800016a9e44890002bf20000042a5f4b83f7618e642a5f3493f7c4bf242a5f5ad3f832eb842a5f9143f7f639342a605573f755dbf42a5fbfb3f7e5a244270055c3707ae140000000000000000000000000007ae15,88
808,pmu-4,2026-09-07T04:58:37.5896175Z,1788757128,860000,860000,-11270.382,aa01005800016a9e4488000d1f6000004287f862bf61ba0b4287fa21bf6250f04287fff0bf604b104288024fbf65c7fd4287f549bf6517b442880a73bf5a4c6542700994399ecccd00000000000000000000000000010c89,88
809,pmu-1,2026-09-07T04:58:37.5896175Z,1788757130,40000,40000,-12450.382,aa01005800016a9e448a00009c40000042bdf858401e8ded42be049b4022da3b42be06fb4022bb9342bdf1be40215eb442be118b40211b1142be0f09402394a64270089537de147b000000000000000000000000000e9646,88
810,pmu-5,2026-09-07T04:58:37.5896175Z,1788757129,380000,380000,-11790.382,aa01005800016a9e44890005cc60000042b80e14400d161442b7f59a4009125a42b8020640096f0f42b7fbb6400712cc42b7f7884005ec7542b7f69d40089ab3426ffb7538a1999a0000000000000000000000000009aade,88
811,pmu-2,2026-09-07T04:58:37.5896175Z,1788757129,280000,280000,-11690.382,aa01005800016a9e4489000445c0000042a008813f233586429ff4d43f2836a842a00ffb3f265cba42a008cf3f28e1f5429ff6943f1cb3b942a002c23f24e0a042700645b860f5c3000000000000000000000000000c72a2,88
812,pmu-3,2026-09-07T04:58:37.6359475Z,1788757129,200000,200000,-11564.053,aa01005800016a9e448900030d40000042abf3b33fab33af42abf52a3fadec5d42abf5b93fb2d63642abfb9e3faf1f6042ac02b23fab0d1242ac01093faf86a54270071b380f0a3d0000000000000000000000000008e844,88
813,pmu-1,2026-09-07T04:58:37.6359475Z,1788757130,60000,60000,-12424.052,aa01005800016a9e448a0000ea60000042c3f536403675b442c406c3403b4e5c42c40b2a403acf2e42c3f33d4039678a42c4167a4039143142c40c52403b7dc6426ff88cb9a43333000000000000000000000000000f36de,88
814,pmu-5,2026-09-07T04:58:37.6359475Z,1788757129,400000,400000,-11764.052,aa01005800016a9e448900061a80000042be0f714025881442bdf938402179cd42be02234021d9ba42bdfc06401f3b1d42bdf828401da71042bdf3b34020bf754270037c39246666000000000000000000000000000af9de,88
815,pmu-2,2026-09-07T04:58:37.6359475Z,1788757129,300000,300000,-11664.052,aa01005800016a9e4489000493e0000042a603663f80ce8c42a5f0b33f855e1742a611853f83bfb942a608113f85f2dd42a5f61b3f7f125442a6078e3f83c842427008a63842e148000000000000000000000000000d39f2,88
816,pmu-4,2026-09-07T04:58:37.6359475Z,1788757128,880000,880000,-11244.052,aa01005800016a9e4488000d6d800000428df80abefe6b09428df99abefeb456428dfcbebf00038e428e0327bf075b18428df3ccbf05ba1f428e0bcabeee9b92427006e5b85bd70a0000000000000000000000000002724a,88
817,pmu-3,2026-09-07T04:58:37.684233Z,1788757129,220000,220000,-11535.767,aa01005800016a9e448900035b60000042b1f6403fda67d042b1f8463fddbd6042b1f70b3fe4482342b1f82a3fdfe88e42b206b03fdbd07342b1fecf3fe07606426ffc49b95d999a000000000000000000000000000974ef,88
818,pmu-2,2026-09-07T04:58:37.6849197Z,1788757129,320000,320000,-11635.080,aa01005800016a9e44890004e200000042ac06363fb1f19c42abf39d3fb6b4d042ac15993fb3ff4742ac087d3fb54cc642abf9803fb021b942ac03493fb3cc83426ff9d6b997ae14000000000000000000000000000e78c9,88
819,pmu-5,2026-09-07T04:58:37.6849197Z,1788757129,420000,420000,-11735.080,aa01005800016a9e4489000668a0000042c40a60403d4b5a42c3f9734039a8d742c406274039d37142c3fc004037284042c3fc0e4035e11f42c3f35c403909c942700756389dc28f000000000000000000000000000bcf8c,88
820,pmu-1,2026-09-07T04:58:37.6849197Z,1788757130,80000,80000,-12395.080,aa01005800016a9e448a00013880000042480000c0490fdb42480000c0490fdb42480000c0490fdb42480000c0490fdb42480000c0490fdb42480000c0490fdb4270097039acf5c300000000000000000000000000005eae,88
821,pmu-4,2026-09-07T04:58:37.6849197Z,1788757128,900000,900000,-11215.080,aa01005800016a9e4488000dbba000004293f86ebe01a2cd4293f564bdfb507f4293faf8be0079f5429407f9be1dd9b64293f6febe165b4142940d96bdb022ca426ff6dab9a447ae00000000000000000000000000030ca4,88
822,pmu-3,2026-09-07T04:58:37.6849197Z,1788757129,240000,240000,-11555.080,aa01005800016a9e44890003a980000042b7f1704004e2fb42b7f7544006753142b7f563400a4d0742b7f54a4007f62f42b805ff400690cc42b7fcfd4008421e42700a20398db852000000000000000000000000000a14a2,88
823,pmu-2,2026-09-07T04:58:37.6849197Z,1788757129,340000,340000,-11655.080,aa01005800016a9e448900053020000042b2080d3fe2c2de42b1f38d3fe8291442b212b33fe4ef2842b20b903fe56d3542b1f7f63fdfdda742b202a03fe4e3c1426fffed38f970a4000000000000000000000000000fbb9a,88
824,pmu-4,2026-09-07T04:58:37.6849197Z,1788757128,920000,920000,-11235.080,aa01005800016a9e4488000e09c000004299fc523e82a7524299f3c23e865b2b4299fedc3e797f10429a02f13e59f7c64299f2c23e6eddda429a120a3e926c25426ff61cb77333330000000000000000000000000004bb28,88
825,pmu-5,2026-09-07T04:58:37.6849197Z,1788757129,440000,440000,-11755.080,aa01005800016a9e44890006b6c0000042480000c0490fdb42480000c0490fdb42480000c0490fdb42480000c0490fdb42480000c0490fdb42480000c0490fdb426ff7abb9a070a4000000000000000000000000000c11c4,88
826,pmu-1,2026-09-07T04:58:37.6849197Z,1788757130,100000,100000,-12415.080,aa01005800016a9e448a000186a000004253f695c03133a94253f6e1c03099c442540057c030e40c4253fdf6c03149c04253ff07c0313961425409bdc03089aa427003abb8ec51ec0000000000000000000000000001eaf9,88
827,pmu-5,2026-09-07T04:58:37.7355937Z,1788757129,460000,460000,-11724.406,aa01005800016a9e4489000704e000004253ff5cc030c6ab42540882c030fb0c4254098fc0313e954254052bc0311b054253f85bc0307b7c4254043ac0311569426ff89a3798f5c3000000000000000000000000000d6c97,88
828,pmu-3,2026-09-07T04:58:37.7355937Z,1788757129,260000,260000,-11524.406,aa01005800016a9e44890003f7a0000042bdf2f6401c869042bdf504401df8bc42bdf9a04021ceac42bdf39b401f95ed42be03c3401efbc742bdfec24020eaca42700398b905c28f000000000000000000000000000b2d92,88
829,pmu-4,2026-09-07T04:58:37.7355937Z,1788757128,940000,940000,-11204.406,aa01005800016a9e4488000e57e00000429ffd013f23ddf2429ff78c3f258bde429ffc233f1ddcab42a001ab3f166d69429ff76a3f1ec05042a0122c3f2c3df6426ff7ee38151eb800000000000000000000000000057c92,88
830,pmu-1,2026-09-07T04:58:37.7355937Z,1788757130,120000,120000,-12384.406,aa01005800016a9e448a0001d4c00000425ffe57c018f722425ffe70c018a997426005d6c0185cd642600088c01953e5425ff57ac0190e2942600a31c01821fc426ffb67b92947ae0000000000000000000000000002a56d,88
831,pmu-2,2026-09-07T04:58:37.7355937Z,1788757129,360000,360000,-11624.406,aa01005800016a9e448900057e40000042b809ad4008ee9942b7f421400c466d42b8164d400a10f142b80b7d400b5d8e42b7f66b40084afa42b7fe28400a4d8d426fff69b728f5c30000000000000000000000000000dc1b,88
832,pmu-3,2026-09-07T04:58:37.7818554Z,1788757129,280000,280000,-11498.145,aa01005800016a9e4489000445c0000042c3f0664034a8c842c3f6ce4035c78a42c3f578403a691542c3ef044037451a42c407a74036c36a42c3fc13403937fa427007c338aab852000000000000000000000000000c347c,88
833,pmu-2,2026-09-07T04:58:37.7818554Z,1788757129,380000,380000,-11598.145,aa01005800016a9e44890005cc60000042be0e014020e01042bdf7de4024e77d42be185d402220e342be0ceb402357cd42bdfa204020da2642bdfea7402246ad427007a53928a3d700000000000000000000000000019e4a,88
834,pmu-4,2026-09-07T04:58:37.7818554Z,1788757128,960000,960000,-11178.145,aa01005800016a9e4488000ea600000042a5fe123f82781242a5f8003f81d43842a5fecf3f7d5eda42a5fd363f7634b742a5f2813f7d582b42a615ed3f8786f742700773399eeb850000000000000000000000000006cb0b,88
835,pmu-5,2026-09-07T04:58:37.7818554Z,1788757129,480000,480000,-11698.145,aa01005800016a9e4489000753000000425fffd6c01826db4260050ec018b63042600f38c01966f542600026c01864f8425ff2bec017c1064260057ec0192018427000f6392b3333000000000000000000000000000e001a,88
836,pmu-1,2026-09-07T04:58:37.7818554Z,1788757130,140000,140000,-12358.145,aa01005800016a9e448a000222e00000426c03c7c000d1ce426c07dbc0012b84426c0d47c0005a17426c0299c00146b0426bf4dfc0007d73426c0aa2c0008dfb426ffacdb7451eb800000000000000000000000000033cde,88
837,pmu-3,2026-09-07T04:58:37.7818554Z,1788757129,300000,300000,-11518.145,aa01005800016a9e4489000493e0000042480000c0490fdb42480000c0490fdb42480000c0490fdb42480000c0490fdb42480000c0490fdb42480000c0490fdb426ffaf1b98347ae000000000000000000000000000d4f5e,88
838,pmu-5,2026-09-07T04:58:37.7818554Z,1788757129,500000,500000,-11718.145,aa01005800016a9e44890007a1200000426c0383c0002ab8426bfcb8c0008d48426c18cec000e5bf426bfa9ac0003627426bebd8bffe4bc4426c0adcc00132f3426ffed3b82f0a3d000000000000000000000000000f5012,88
839,pmu-4,2026-09-07T04:58:37.7818554Z,1788757128,980000,980000,-11198.145,aa01005800016a9e4488000ef420000042ac020d3fb20d5742abf5623fb2501342abfd963fae54bd42abf9ac3fab424642abf0743fafe2b042ac13b73fb8eb4f427008a337c28f5c0000000000000000000000000007cbd2,88
840,pmu-2,2026-09-07T04:58:37.7818554Z,1788757129,400000,400000,-11618.145,aa01005800016a9e448900061a80000042c40bdd4038b05642c3f78d403d569942c41d6f4039c12c42c40bd2403b4ea842c3f8304038a33442c4003a4039f16e426ff5e0b9b5f5c300000000000000000000000000025b43,88
841,pmu-1,2026-09-07T04:58:37.7823789Z,1788757130,160000,160000,-12377.621,aa01005800016a9e448a00027100000042780dd3bfd2168f42780db4bfd1493642780f77bfd176fe42780c05bfd14c184277f464bfd0e034427806cbbfd1dc74427007f53986b85200000000000000000000000000045bc5,88
842,pmu-4,2026-09-07T04:58:37.7823789Z,1788757130,0,0,-12217.621,aa01005800016a9e448a00000000000042b204823fe2b90542b1f41c3fe2754f42b1f9063fdf24dc42b1fdf63fdbb2ca42b1f4223fe0af4f42b20ffa3fe7fe5b4270097237847ae10000000000000000000000000008f7ee,88
843,pmu-3,2026-09-07T04:58:37.8274485Z,1788757129,320000,320000,-11492.551,aa01005800016a9e44890004e20000004253fa27c03145ae4253ff00c030f8d44253fe11c0315eac4253f7d8c030e9944253ff98c030b8914253fb4ac0312fd4426ff970b7f66666000000000000000000000000000e9dc1,88
844,pmu-4,2026-09-07T04:58:37.8274485Z,1788757130,20000,20000,-12192.551,aa01005800016a9e448a00004e20000042b802ff4008e25042b7f91a4008c97f42b7fc0b4008335242b80044400584cf42b7f6ee4008e17a42b810e9400c8dc5426ff6d1b9bec28f00000000000000000000000000094432,88
845,pmu-1,2026-09-07T04:58:37.8274485Z,1788757130,180000,180000,-12352.552,aa01005800016a9e448a0002bf200000428205b6bfa0d9934282060abfa1c51a42820879bf9ff6d4428207a5bfa1e0dd4281fc30bfa0b88c4281ff7ebfa07dd94270029cb8db0a3d000000000000000000000000000594a2,88
846,pmu-5,2026-09-07T04:58:37.8274485Z,1788757129,520000,520000,-11692.551,aa01005800016a9e44890007ef40000042780113bfd133e94277faf0bfd2017542782259bfd16799427801a4bfd132664277ee11bfcd4af2427814e5bfd0f084426ffce2b81f0a3d000000000000000000000000000047cc,88
847,pmu-2,2026-09-07T04:58:37.8274485Z,1788757129,420000,420000,-11592.552,aa01005800016a9e4489000668a0000042480000c0490fdb42480000c0490fdb42480000c0490fdb42480000c0490fdb42480000c0490fdb42480000c0490fdb427004ed399a1eb800000000000000000000000000034b95,88
848,pmu-3,2026-09-07T04:58:37.8736208Z,1788757129,340000,340000,-11466.379,aa01005800016a9e4489000530200000425ffc8ac018fb884260005ec018cddc426001efc01971b5425ffb41c018f74d425ffa2ac018b53342600524c0187f0e4270035b394b1eb8000000000000000000000000000f080f,88
849,pmu-3,2026-09-07T04:58:37.8736208Z,1788757129,360000,360000,-11486.379,aa01005800016a9e448900057e400000426bf9b3c0014d89426bf9aac000e2c3426c00fdc000d98e426bf286c000ec15426c035ec000abd3426c0eb9c00005e84270010cb83d1eb800000000000000000000000000003261,88
850,pmu-1,2026-09-07T04:58:37.8736208Z,1788757130,200000,200000,-12326.379,aa01005800016a9e448a00030d40000042880182bf602bd442880695bf6361414288088abf5f2a9542880bf8bf613ec34287fbafbf5ffb414288028dbf5ed0404270042937fe147b00000000000000000000000000064a12,88
851,pmu-2,2026-09-07T04:58:37.8736208Z,1788757129,440000,440000,-11566.379,aa01005800016a9e44890006b6c0000042540341c0313721425407fcc03127d742540330c0305f504253f9fdc03094184253fb1cc030997f4253fb83c030dd8f426ff72eb98cc28f00000000000000000000000000047e04,88
852,pmu-4,2026-09-07T04:58:37.8736208Z,1788757130,40000,40000,-12166.379,aa01005800016a9e448a00009c40000042be001040216c0e42bdfa9e4021790c42bdf81d4020d0d742be03ee401d13b142bdf98c4020b0a942be0c3840243589426ff7d737a7ae14000000000000000000000000000a0f79,88
853,pmu-5,2026-09-07T04:58:37.8736208Z,1788757129,540000,540000,-11666.379,aa01005800016a9e448900083d6000004282020bbfa033f84281ffb6bfa0b8fe4282146dbfa23521428200d7bfa18a164281f619bf9c542f42820a37bf9fabd04270059a39328f5c00000000000000000000000000019fea,88
854,pmu-1,2026-09-07T04:58:37.8736208Z,1788757130,220000,220000,-12346.379,aa01005800016a9e448a00035b600000428e020bbefa4d8e428e0a8fbf02989f428e0d9dbeff4228428e07c6bf0291fc428dfce0bf0009d4428e04dcbefc773d427009c938e666660000000000000000000000000007d240,88
855,pmu-4,2026-09-07T04:58:37.8741736Z,1788757130,60000,60000,-12185.826,aa01005800016a9e448a0000ea60000042c3fc20403a07bf42c3ff554039fb9c42c3fc8f4038abc642c4021c4034f8f242c3f8354038e6c542c4076e403c8e164270007b3930f5c3000000000000000000000000000b3851,88
856,pmu-2,2026-09-07T04:58:37.8741736Z,1788757129,460000,460000,-11585.826,aa01005800016a9e4489000704e000004260040ac0190e1c4260093cc01920714260044bc0180ef9425ffa39c018d2c7425ffcbac0186d3d425ffd96c0187c35427004a9398a0a3d00000000000000000000000000059ac5,88
857,pmu-5,2026-09-07T04:58:37.8741736Z,1788757129,560000,560000,-11685.826,aa01005800016a9e448900088b8000004287fe9bbf61b25c4288002ebf61b6f6428812abbf634e624287ffaebf6195f94287f9eabf5705f8428809ecbf5f0699427007ee383eb85200000000000000000000000000025813,88
858,pmu-3,2026-09-07T04:58:37.9251483Z,1788757129,380000,380000,-11454.852,aa01005800016a9e44890005cc6000004278001fbfd31b434277efa2bfd13d594277ff48bfd0ce544277ee0cbfd2696a4277fe52bfd11dac4278113fbfcfaef0427005ff38cab8520000000000000000000000000001a3b6,88
859,pmu-3,2026-09-07T04:58:37.9251483Z,1788757129,400000,400000,-11474.852,aa01005800016a9e448900061a80000042820115bfa376df4281f554bfa1dd7b428202ecbfa169764281f591bfa11eb1428203fbbf9feeb042820b8bbfa061cf4270014fb8c000000000000000000000000000000002d3a3,88
860,pmu-2,2026-09-07T04:58:37.9251483Z,1788757129,480000,480000,-11554.852,aa01005800016a9e4489000753000000426c05bec000510f426bff61c0012132426c08d0bffeb0e2426bf7a7c0014ff2426bf3e0c0005405426bff1cbfffebf442700033b8b6b8520000000000000000000000000006bc7c,88
861,pmu-5,2026-09-07T04:58:37.9251483Z,1788757129,580000,580000,-11654.852,aa01005800016a9e44890008d9a00000428dfebcbf02f606428e0075bf0159b1428e0e52bf0285c0428e044bbf003b2d428df5d6beeb646c428e0564bf007524426ffacfb9865c29000000000000000000000000000365fc,88
862,pmu-4,2026-09-07T04:58:37.9251483Z,1788757130,80000,80000,-12154.852,aa01005800016a9e448a00013880000042480000c0490fdb42480000c0490fdb42480000c0490fdb42480000c0490fdb42480000c0490fdb42480000c0490fdb426ffcd5b89570a4000000000000000000000000000c77a4,88
863,pmu-1,2026-09-07T04:58:37.9251483Z,1788757130,240000,240000,-12314.852,aa01005800016a9e448a0003a98000004294068cbdd21ec942940d05be05cf4d42940e41bdec8c7142940c41be0a7bac4293fedcbdf830454294053ebdda7814427005ceb8a30a3d00000000000000000000000000088bfa,88
864,pmu-2,2026-09-07T04:58:37.9251483Z,1788757129,500000,500000,-11574.852,aa01005800016a9e44890007a120000042780a75bfcf1e924277fb2cbfd3245d42780827bfce59264277fcf1bfd2d5754277fcc1bfcfd5ae4277fcf2bfce7a5942700815392170a40000000000000000000000000007c0be,88
865,pmu-4,2026-09-07T04:58:37.9251483Z,1788757130,100000,100000,-12174.852,aa01005800016a9e448a000186a000004253f734c0317bc3425406c7c0306cc94253fb26c031621042540a38c0317e0d4253f809c030f0d94254003cc03147e7426fff26383dc28f000000000000000000000000000daf80,88
866,pmu-1,2026-09-07T04:58:37.9251483Z,1788757130,260000,260000,-12334.852,aa01005800016a9e448a0003f7a00000429a0ab73e8e05a8429a0a053e782fac429a11c13e898e94429a07d53e7af6e1429a00a43e80ee4c429a08533e8c2f41427007ff3833851f000000000000000000000000000962e7,88
867,pmu-5,2026-09-07T04:58:37.9251483Z,1788757129,600000,600000,-11674.852,aa01005800016a9e4489000927c000004293fb4cbe0dd5714293ff2dbdfeb77742940f9cbe0eefbb4293ffafbdec19064293f137bd9e91ff429408d6be06c122426fff9638c3ae140000000000000000000000000004411b,88
868,pmu-4,2026-09-07T04:58:37.9710145Z,1788757130,120000,120000,-12148.986,aa01005800016a9e448a0001d4c00000425fee6bc0195e1b42600680c018c045425ffb21c019b70c42600aa5c01912dc425ffdd7c0183de342600820c019c3b8427000b237fd70a4000000000000000000000000000edf6f,88
869,pmu-5,2026-09-07T04:58:37.9710145Z,1788757129,620000,620000,-11648.986,aa01005800016a9e4489000975e000004299fb193e76428a4299fdd13e837eef429a0c5d3e722e4e4299ff723e87d76b4299f0713e95bb74429a099a3e7ee16b426ff9fcb8e570a40000000000000000000000000005941c,88
870,pmu-1,2026-09-07T04:58:37.9710145Z,1788757130,280000,280000,-12308.986,aa01005800016a9e448a000445c0000042a0094d3f26015e42a00a943f1e324442a0154d3f254e9a42a004ea3f1e4eaa42a005463f22806e42a00b353f261d224270084336ae147b000000000000000000000000000af098,88
871,pmu-3,2026-09-07T04:58:37.9710145Z,1788757129,420000,420000,-11448.985,aa01005800016a9e4489000668a0000042880615bf65b5b54287f0b2bf6169cc428802f6bf630f564287f966bf637a914287ffeabf5fe76e42880790bf5ea155427004c3388d70a400000000000000000000000000036e2d,88
872,pmu-2,2026-09-07T04:58:37.9710145Z,1788757129,520000,520000,-11548.986,aa01005800016a9e44890007ef400000428204d9bf9f448f4281fd43bfa244d34282056ebf9e7f3c4281f9a6bfa388b04281f98fbfa04aa14282035ebf9f39d2427006acb7e70a3d0000000000000000000000000008dc8c,88
873,pmu-3,2026-09-07T04:58:38.0171866Z,1788757129,440000,440000,-11422.813,aa01005800016a9e44890006b6c00000428e0670bf078aef428df1b6beff8865428e01babf01f76c428dfdd7bf031875428dfc30beff790b428e0a8cbeff4930426ffc07b932e14800000000000000000000000000047232,88
874,pmu-3,2026-09-07T04:58:38.0176237Z,1788757129,460000,460000,-11442.376,aa01005800016a9e4489000704e0000042940257be1ad1d74293f355be0032c5429402abbe00055c4293fc52be0212484294007bbe0686ae42940781bdef5bca427005973943d70a0000000000000000000000000005d01f,88
875,pmu-1,2026-09-07T04:58:38.0176237Z,1788757130,300000,300000,-12282.376,aa01005800016a9e448a000493e0000042a609b33f820f1c42a60a3f3f7f1af042a6105f3f83b20142a6031d3f80a34c42a6038c3f803c5242a608a53f8453c0427005b9b8500000000000000000000000000000000b3d8b,88
876,pmu-2,2026-09-07T04:58:38.0176237Z,1788757129,540000,540000,-11522.376,aa01005800016a9e448900083d60000042880957bf5ddc3f4287fadebf6628f442880453bf5dda5e4287fc5dbf66d2444287fbdcbf5df921428806babf5d69ed426ffca6b94d47ae000000000000000000000000000913e4,88
877,pmu-1,2026-09-07T04:58:38.0176237Z,1788757130,320000,320000,-12302.376,aa01005800016a9e448a0004e200000042ac06f13fb1fc8b42ac0b163faf030f42ac12c23fb35fc642ac06613fafe55342ac05573fb0930442ac057d3fb43b9f426ffd4fb92c51ec000000000000000000000000000c02ca,88
878,pmu-5,2026-09-07T04:58:38.0176237Z,1788757129,640000,640000,-11622.376,aa01005800016a9e44890009c4000000429ffbe93f1ef7ea42a002153f22bf6c42a010373f1f859642a000c13f266dd6429ff2cd3f29888142a0065a3f20846d426fffa238e75c290000000000000000000000000006a5e0,88
879,pmu-2,2026-09-07T04:58:38.0176237Z,1788757129,560000,560000,-11542.376,aa01005800016a9e448900088b800000428e099dbef9c606428dfbadbf069092428e06b4bef7934a428dfc8fbf06076f428dfbabbefc61ba428e0bb9befd70754270012b38b91eb8000000000000000000000000000a2874,88
880,pmu-5,2026-09-07T04:58:38.0176237Z,1788757129,660000,660000,-11642.376,aa01005800016a9e4489000a1220000042a5fb0e3f7f122442a603ab3f8228ac42a60e2a3f8097da42a605ae3f83ef9942a5f29a3f86357f42a607a33f80afc0427003ad38a5999a000000000000000000000000000754c6,88
881,pmu-4,2026-09-07T04:58:38.0176237Z,1788757130,140000,140000,-12122.376,aa01005800016a9e448a000222e00000426bebf2c000e8ce426c00b4c000952c426bfcbbc0013bed426c0f8bc000553a426c078fc000b52f426c0ab2c001ebc6426ffc70b8ae6666000000000000000000000000000f2c9a,88
882,pmu-4,2026-09-07T04:58:38.0176237Z,1788757130,160000,160000,-12142.376,aa01005800016a9e448a0002710000004277f36ebfd152f442780480bfd1d7c14277fb8dbfd218f542781339bfcf57df42780f3ebfd09d6842780882bfd4273c4270068e394f33330000000000000000000000000000094c,88
883,pmu-3,2026-09-07T04:58:38.0640131Z,1788757129,480000,480000,-11415.987,aa01005800016a9e4489000753000000429a061e3e5f3b804299f7303e7f5bbc4299ff273e7fe9a04299f8dc3e7b7a20429a01323e7dcf10429a09cc3e82d4db427003dfb80ccccd000000000000000000000000000640d9,88
884,pmu-4,2026-09-07T04:58:38.0640131Z,1788757130,180000,180000,-12115.987,aa01005800016a9e448a0002bf2000004281f666bf9fedde4282002ebfa23fa042820270bfa30ecb428205febf9f54bd428206c1bfa030a1428203afbfa3685b426ff991b9850000000000000000000000000000000192f5,88
885,pmu-5,2026-09-07T04:58:38.0640131Z,1788757129,680000,680000,-11615.987,aa01005800016a9e4489000a6040000042abfedb3faefd1442ac05313fb1e37742ac13253fb0751542ac05843fb3c62142abf4e13fb544c342ac05933fb13f4f42700380b66666660000000000000000000000000008630c,88
886,pmu-2,2026-09-07T04:58:38.0640131Z,1788757129,580000,580000,-11515.987,aa01005800016a9e44890008d9a000004294056dbde680844293fb56be1b88e842940a56bdcee4814293fc8bbe12bcc94293f9aabdfdd58242940d9dbe007fe4426ffd8db89428f6000000000000000000000000000bea04,88
887,pmu-1,2026-09-07T04:58:38.0640131Z,1788757130,340000,340000,-12275.987,aa01005800016a9e448a00053020000042b205cf3fe354a042b20f3c3fdf666042b210bf3fe2aaf642b206323fdfa6a842b206203fe17feb42b200c73fe4fd33427005db392f0a3d000000000000000000000000000ddcc4,88
888,pmu-3,2026-09-07T04:58:38.1100243Z,1788757129,500000,500000,-11389.976,aa01005800016a9e44890007a120000042a007933f185c1b429ff3f13f204d5342a0005d3f203228429ffbaa3f1fd18642a001f03f1f1fab42a008cb3f1f9e8f426ffc62b9195c290000000000000000000000000007f06d,88
889,pmu-3,2026-09-07T04:58:38.1100243Z,1788757129,520000,520000,-11409.976,aa01005800016a9e44890007ef40000042a6037a3f7a0e7742a5f0bf3f808a0542a5ff453f7f0e2242a5f7663f80453d42a5ffb13f7ea23642a606593f802f1e42700a2f398d51ec0000000000000000000000000008ccad,88
890,pmu-4,2026-09-07T04:58:38.1100243Z,1788757130,200000,200000,-12089.976,aa01005800016a9e448a00030d4000004287fa0abf6058c04287fe86bf64e477428806c2bf656198428807ebbf5bf15942880744bf6259164287ff14bf63f1064270054b397028f600000000000000000000000000028e4d,88
891,pmu-1,2026-09-07T04:58:38.1100243Z,1788757130,360000,360000,-12249.976,aa01005800016a9e448a00057e40000042b8035940099c2442b811dd40077d0d42b80bad4009efdd42b80a0e4007815d42b8079b4008746242b7fdcc400b0b484270001cb8eb5c29000000000000000000000000000ee216,88
892,pmu-2,2026-09-07T04:58:38.1100243Z,1788757129,600000,600000,-11489.976,aa01005800016a9e4489000927c00000429a09673e829b2d4299fce93e6fdd36429a05d43e8f0cca4299fea53e71abad4299f99a3e82784b429a12193e77c051427005b939275c29000000000000000000000000000cb164,88
893,pmu-5,2026-09-07T04:58:38.1100243Z,1788757129,700000,700000,-11589.976,aa01005800016a9e4489000aae60000042b202b63fdf2c3c42b206f43fe2bd4e42b210133fe09d2842b203fe3fe32d9942b1f23f3fe43e5442b206b03fe0a061427006ff388f33330000000000000000000000000009a826,88
894,pmu-4,2026-09-07T04:58:38.1100243Z,1788757130,220000,220000,-12109.976,aa01005800016a9e448a00035b600000428dfa9bbefd092e428dfd91bf067e55428e0691bf04bf01428e090cbef66426428e039abf00e05e428e0354bf032bd5426fff4ab8f5eb8500000000000000000000000000036773,88
895,pmu-1,2026-09-07T04:58:38.1100243Z,1788757130,380000,380000,-12269.976,aa01005800016a9e448a0005cc60000042bdff544021561d42be119d402039d542be06d840225edd42be0e59401f423042be03054020542b42be028c4023c1c14270083739260000000000000000000000000000000ff4f3,88
896,pmu-5,2026-09-07T04:58:38.1100243Z,1788757129,720000,720000,-11609.976,aa01005800016a9e4489000afc80000042b8070e4007940142b80bdf40093b6842b80fb44007fdf442b802bc4009dbd142b7f0aa400ac47042b803e34008f439427000f8b8f6e148000000000000000000000000000a3255,88
897,pmu-2,2026-09-07T04:58:38.1100243Z,1788757129,620000,620000,-11509.976,aa01005800016a9e4489000975e0000042a00c1a3f22c26d42a000b43f1b392042a004f23f25e9cf42a0025e3f1f3287429ffa643f204a5342a0142d3f1e3eca42700514b7533333000000000000000000000000000db6ee,88
898,pmu-3,2026-09-07T04:58:38.1541851Z,1788757129,540000,540000,-11385.815,aa01005800016a9e448900083d60000042ac07ac3facd7a042abee543fb0934642ac045c3fb0d74f42abf60d3fb0046442abfe5d3fb045fc42ac07493fb1a73e426ff6f9b9c4b85200000000000000000000000000096a60,88
899,pmu-4,2026-09-07T04:58:38.1541851Z,1788757130,240000,240000,-12085.815,aa01005800016a9e448a0003a98000004293f9efbdf5fc334293ffb8be0e18024294079ebe0e4b8d42940c10bdde1ed14294000fbe0a9238429405b8be0bd02d42700867393aa3d700000000000000000000000000044104,88
900,pmu-5,2026-09-07T04:58:38.1541851Z,1788757129,740000,740000,-11585.815,aa01005800016a9e4489000b4aa0000042be055a401f2fc742be076a4020c99442be13f54020795d42be035f4021ebfc42bdf0a14022c84642be034540215903426ffc76b8b8a3d7000000000000000000000000000bc91f,88
901,pmu-1,2026-09-07T04:58:38.1541851Z,1788757130,400000,400000,-12245.815,aa01005800016a9e448a00061a80000042c3fc7240398a2c42c416224038018742c40811403a899a42c40e974037ee9c42c401d64037eae242c3fe59403bb8f8426ffb3eb984d70a00000000000000000000000000000f75,88
902,pmu-2,2026-09-07T04:58:38.1541851Z,1788757129,640000,640000,-11485.815,aa01005800016a9e44890009c400000042a607943f81c11242a600cc3f7d2cc442a606933f84480c42a5fd9e3f80999b42a5f87d3f8073a842a615c83f7d7fa6426ff863b981f5c3000000000000000000000000000eb802,88
903,pmu-3,2026-09-07T04:58:38.2000022Z,1788757129,560000,560000,-11359.998,aa01005800016a9e448900088b80000042b206873fdc94b742b1ed9a3fe04eaf42b208703fdfeeef42b1f68e3fdfac6242b200c13fdf747942b207233fe185ff4270057739946666000000000000000000000000000aa77c,88
904,pmu-3,2026-09-07T04:58:38.2005599Z,1788757129,580000,580000,-11379.440,aa01005800016a9e44890008d9a0000042b803f94006cbbf42b7e92f4008144542b806594008061042b7f630400758ea42b805c940078bb442b803404008ba28426ff7ebb98ab852000000000000000000000000000bf400,88
905,pmu-4,2026-09-07T04:58:38.2005599Z,1788757130,260000,260000,-12059.440,aa01005800016a9e448a0003f7a000004299fc683e8886bb4299fcb13e76ea38429a09763e6c5f8e429a0dae3e85b091429a05153e6dfbe9429a02013e70776c426ff64cb9b9666600000000000000000000000000055df9,88
906,pmu-1,2026-09-07T04:58:38.2005599Z,1788757130,420000,420000,-12219.440,aa01005800016a9e448a000668a0000042480000c0490fdb42480000c0490fdb42480000c0490fdb42480000c0490fdb42480000c0490fdb42480000c0490fdb427004c7394347ae00000000000000000000000000011be1,88
907,pmu-2,2026-09-07T04:58:38.2005599Z,1788757129,660000,660000,-11459.440,aa01005800016a9e4489000a1220000042ac0c0c3fb1d76d42abfc203faf956242ac08603fb4d3a542abfeba3fb1e5e442abf8eb3fb06fd942ac10d93fafa68b427005c8398928f6000000000000000000000000000fc163,88
908,pmu-5,2026-09-07T04:58:38.2005599Z,1788757129,760000,760000,-11559.440,aa01005800016a9e4489000b98c0000042c402f4403720db42c40c774038471a42c416d24038fdb942c406f44039c5fd42c3f583403aa1bb42c4044f403930d642700685394e0000000000000000000000000000000c460a,88
909,pmu-1,2026-09-07T04:58:38.2005599Z,1788757130,440000,440000,-12239.440,aa01005800016a9e448a0006b6c000004253f718c03154cd425408cbc0310178425409c2c03086044253feeac03164be425403d9c030c7754253fa38c031130d426ff652b9940a3d0000000000000000000000000002596f,88
910,pmu-4,2026-09-07T04:58:38.2005599Z,1788757130,280000,280000,-12079.440,aa01005800016a9e448a000445c00000429ffadc3f2709a7429ffd903f1e92e842a00d3e3f1d30a742a00a543f24ec7242a0041d3f1c925542a007003f1c05674270023e3974a3d70000000000000000000000000006cc16,88
911,pmu-5,2026-09-07T04:58:38.2005599Z,1788757129,780000,780000,-11579.440,aa01005800016a9e4489000be6e0000042480000c0490fdb42480000c0490fdb42480000c0490fdb42480000c0490fdb42480000c0490fdb42480000c0490fdb427006ff371c28f6000000000000000000000000000d1db1,88
912,pmu-2,2026-09-07T04:58:38.2005599Z,1788757129,680000,680000,-11479.440,aa01005800016a9e4489000a6040000042b20a883fe10d7e42b1fea23fde8ff842b209303fe4a67542b1ff173fe19ef142b1f57d3fe1a3a642b20bf03fe01100426ff788b991eb850000000000000000000000000000259b,88
913,pmu-3,2026-09-07T04:58:38.2529014Z,1788757129,600000,600000,-11347.099,aa01005800016a9e4489000927c0000042be0834401efdea42bdeb674020656942be01fe401fbe9642bdf182401f4ff142be087a401fcedd42bdfefd402038ab427000e739380000000000000000000000000000000c5d44,88
914,pmu-2,2026-09-07T04:58:38.2529014Z,1788757129,700000,700000,-11447.099,aa01005800016a9e4489000aae60000042b807274008310a42b7fee94006eab342b80af4400ad27b42b7fd4940095e6942b7f1ad4009386042b8093c4007fb30427006a0399a8f5c0000000000000000000000000001a57c,88
915,pmu-4,2026-09-07T04:58:38.2529014Z,1788757130,300000,300000,-12047.099,aa01005800016a9e448a000493e0000042a5f82b3f8344c742a5f99e3f7f84e642a609be3f7fa28a42a60cbb3f83053342a6051d3f7bff7942a6049d3f7e754a4270068d38b07ae100000000000000000000000000074f66,88
916,pmu-1,2026-09-07T04:58:38.2529014Z,1788757130,460000,460000,-12207.099,aa01005800016a9e448a000704e00000425fed62c018f9bb426001c1c0188594426002c3c01859e3426000b1c019a86642600738c0191cec425ff555c0196aba427003993987f5c300000000000000000000000000034425,88
917,pmu-5,2026-09-07T04:58:38.2529014Z,1788757129,800000,800000,-11547.099,aa01005800016a9e4489000c35000000425404b4c0315e154253fc69c030a9de42540344c03093864253f903c0310d524253f985c030a09642540145c030ac2042700426b86947ae000000000000000000000000000e0e78,88
918,pmu-4,2026-09-07T04:58:38.2529014Z,1788757130,320000,320000,-12067.099,aa01005800016a9e448a0004e200000042abfcce3fb3136e42abf8bb3faff5aa42ac0e6a3faed39342ac0b0a3fb3495642ac02b43faeacbc42ac042e3faf7b14426ffe49b92947ae0000000000000000000000000008fd06,88
919,pmu-5,2026-09-07T04:58:38.2529014Z,1788757129,820000,820000,-11567.099,aa01005800016a9e4489000c83200000425ffe04c0190f95425ff809c01855a8426008cec0181618425ff0d3c0191dbf425ffd75c0181ca3425ffda5c018021a426ff638b98ea3d7000000000000000000000000000f0238,88
920,pmu-3,2026-09-07T04:58:38.253411Z,1788757129,620000,620000,-11366.589,aa01005800016a9e4489000975e0000042c4072640377e2842c3e7f04038b5b842c3fe5a40375d7d42c3f0d640378aab42c40d054037b7d242c4000d403831b9426ff740b945ae14000000000000000000000000000d18d4,88
921,pmu-1,2026-09-07T04:58:38.253411Z,1788757130,480000,480000,-12226.589,aa01005800016a9e448a000753000000426becd3c000b3b6426c0520c0008f00426bff46bfffcc9d426c0058c0020674426c0d5bc0011e16426bff14c00125b5427002bfb78b851f00000000000000000000000000049c38,88
922,pmu-2,2026-09-07T04:58:38.253411Z,1788757129,720000,720000,-11466.589,aa01005800016a9e4489000afc80000042be092b40204b1142be0255401ef22d42be0f304022fc7042bdfbb64021ae7b42bdf4844021ea8942be07394020179d426ff86cb99170a40000000000000000000000000002b3ed,88
923,pmu-3,2026-09-07T04:58:38.2995551Z,1788757129,640000,640000,-11340.445,aa01005800016a9e44890009c400000042480000c0490fdb42480000c0490fdb42480000c0490fdb42480000c0490fdb42480000c0490fdb42480000c0490fdb426ffcb438df5c29000000000000000000000000000e40c7,88
924,pmu-5,2026-09-07T04:58:38.2995551Z,1788757129,840000,840000,-11540.445,aa01005800016a9e4489000cd1400000426bfd22c0015e28426bfe6abfffd893426c07e2c00056d4426bf2d3c000e96e426bfe5abfffd914426bfd18bffe831942700550399a8f5c00000000000000000000000000001fa3,88
925,pmu-4,2026-09-07T04:58:38.2995551Z,1788757130,340000,340000,-12040.445,aa01005800016a9e448a00053020000042b1f9073fe2d9fb42b1f4a73fdfb0ef42b211fd3fdfee9e42b209063fe2724842b2018e3fdf19f342b200c63fe0c6be4270046638fa66660000000000000000000000000009189f,88
926,pmu-1,2026-09-07T04:58:38.2995551Z,1788757130,500000,500000,-12200.445,aa01005800016a9e448a0007a12000004277e584bfd1af5f4277fce9bfd09c104278053bbfd0334e42780a46bfd40db742781644bfd2330542780824bfd29ac842700102b80e66660000000000000000000000000005e868,88
927,pmu-2,2026-09-07T04:58:38.2995551Z,1788757129,740000,740000,-11440.445,aa01005800016a9e4489000b4aa0000042c405ec4038ebde42c3ff944036954842c40d98403b5f3542c4001a4039ed8f42c3f2ca403990dc42c40849403816f3426ffdd038dccccd00000000000000000000000000030276,88
928,pmu-5,2026-09-07T04:58:38.3447384Z,1788757129,860000,860000,-11515.262,aa01005800016a9e4489000d1f6000004277fb61bfd306ec4277fce2bfcfbb2e42780752bfd091344277fb8cbfd287644278002abfcf867b4278011cbfcd6a28426ffa6ab95f333300000000000000000000000000015e15,88
929,pmu-3,2026-09-07T04:58:38.3447384Z,1788757129,660000,660000,-11315.262,aa01005800016a9e4489000a122000004253f963c0305d2f4253fb01c030d50f4253f667c031221c4253f7aac0314ef34253f5ffc03053f14253f5fac030efd6427002bb38f6e148000000000000000000000000000f1b24,88
930,pmu-2,2026-09-07T04:58:38.3447384Z,1788757129,760000,760000,-11415.262,aa01005800016a9e4489000b98c0000042480000c0490fdb42480000c0490fdb42480000c0490fdb42480000c0490fdb42480000c0490fdb42480000c0490fdb4270021238ae6666000000000000000000000000000435c5,88
931,pmu-5,2026-09-07T04:58:38.3447384Z,1788757129,880000,880000,-11535.262,aa01005800016a9e4489000d6d80000042820286bfa2f4fd42820335bfa035364282054abf9f3bdc4281fc01bfa3571b42820286bf9e15cc4281fee2bf9c937f42700134390b0a3d0000000000000000000000000002b66e,88
932,pmu-4,2026-09-07T04:58:38.3447384Z,1788757130,360000,360000,-12015.262,aa01005800016a9e448a00057e40000042b7fbdd400a1c3442b7f4c24008761e42b80f4d4008b56442b8058e40092cc742b7fd8a4007c83742b7fe504008d79042700428b69eb852000000000000000000000000000a1dd4,88
933,pmu-1,2026-09-07T04:58:38.3447384Z,1788757130,520000,520000,-12175.262,aa01005800016a9e448a0007ef4000004281f062bfa05d1c4282025cbf9fa45742820430bfa13457428204c3bfa362ff42820b48bfa167f64281ffadbfa115b2426ff925b9210a3d000000000000000000000000000683e1,88
934,pmu-3,2026-09-07T04:58:38.3447384Z,1788757129,680000,680000,-11335.262,aa01005800016a9e4489000a60400000425ffebdc0187f42426002aac018fef9425fef15c0190f46425fff42c018fd66425ff593c018679e425ff93bc018a3cf42700082b836147b00000000000000000000000000008612,88
935,pmu-2,2026-09-07T04:58:38.3447384Z,1788757129,780000,780000,-11435.262,aa01005800016a9e4489000be6e0000042540970c030714642540162c03139bd4253f6b8c03173644253f9f6c030f6264253faaac030d6e84253f886c0318e79426ffe71b894a3d7000000000000000000000000000545f1,88
936,pmu-4,2026-09-07T04:58:38.3447384Z,1788757130,380000,380000,-12035.262,aa01005800016a9e448a0005cc60000042be00c44021a16d42bdf04840209ab742be11484020bebd42be035f40210fdd42bdfe35402079e042bdfea140213e4b426fffb1b8b6e148000000000000000000000000000be599,88
937,pmu-1,2026-09-07T04:58:38.3447384Z,1788757130,540000,540000,-12195.262,aa01005800016a9e448a00083d6000004287effbbf5ef32e4287fdeebf5c60c042880924bf6274034288048abf64f09742880a1cbf631ff04288023fbf5fca63426fff873902b8520000000000000000000000000007407f,88
938,pmu-3,2026-09-07T04:58:38.3991208Z,1788757129,700000,700000,-11300.879,aa01005800016a9e4489000aae600000426bf6bcbfff8797426c096bc000d641426beb50c000912f426c082ac0016eb5426bfb0dc0002d42426bf517c000ebea426ffe48b836666600000000000000000000000000011bd3,88
939,pmu-5,2026-09-07T04:58:38.3991208Z,1788757129,900000,900000,-11500.879,aa01005800016a9e4489000dbba00000428806e7bf6765e2428803efbf625755428800efbf5e375f428800e8bf6784e94287fd74bf5c7ce44287fb19bf575745426ffae5b90133330000000000000000000000000003bcdb,88
940,pmu-4,2026-09-07T04:58:38.3991208Z,1788757130,400000,400000,-12000.879,aa01005800016a9e448a00061a80000042c3fde44039928d42c3f54a4038775f42c40f074038f9b742c403904039931b42c3fc42403851c042c400ce4039459f42700330388f3333000000000000000000000000000cd593,88
941,pmu-1,2026-09-07T04:58:38.3998053Z,1788757130,560000,560000,-12160.195,aa01005800016a9e448a00088b800000428dedb0bef7fc43428df96fbef9ed37428e09dabf037aa2428e027abf05c792428e0b43bf015b23428e02e4bef9eaad426ffb74b8a6e148000000000000000000000000000851c9,88
942,pmu-2,2026-09-07T04:58:38.3998053Z,1788757129,800000,800000,-11400.195,aa01005800016a9e4489000c3500000042600696c0182634425ffe49c018afa8425ff46bc01930f6425ff211c0184d35425ffc42c0187cc7425ffe6cc019157442700553390cf5c300000000000000000000000000067284,88
943,pmu-3,2026-09-07T04:58:38.4538274Z,1788757129,720000,720000,-11266.173,aa01005800016a9e4489000afc8000004277f7a7bfcec9924277fffdbfd0294d4277ecc3bfd048e3427806debfd262614277f7d1bfcef3404277f609bfd078e7426ffe4f350f5c2900000000000000000000000000025154,88
944,pmu-3,2026-09-07T04:58:38.4543333Z,1788757129,740000,740000,-11285.667,aa01005800016a9e4489000b4aa0000042820033bf9f01854282009fbf9f9f534281f6d3bf9f9d074282041fbfa20db94281fe34bf9fcdb44281f86fbf9ff02f4270046338f8f5c300000000000000000000000000030f87,88
945,pmu-5,2026-09-07T04:58:38.4543333Z,1788757129,920000,920000,-11465.667,aa01005800016a9e4489000e09c00000428e025abf0919b6428e021ebf020525428e00c0beff1931428e0007bf08b37e428dff96bef74d28428dfa48beecf9c14270008438e63d7100000000000000000000000000046780,88
946,pmu-2,2026-09-07T04:58:38.4543333Z,1788757129,820000,820000,-11365.667,aa01005800016a9e4489000c83200000426c0ccabfff9b11426bfd86c000e505426bfd96c000bb36426bf973c0005be1426c016cc0003d14426bfd1cc0006ec8427003ddb7ef5c290000000000000000000000000007318e,88
947,pmu-5,2026-09-07T04:58:38.4543333Z,1788757129,940000,940000,-11485.667,aa01005800016a9e4489000e57e000004294007ebe1b4ed34294004bbdfba3584293fc93bdff08bc4294038ebe2a447b4293ff9bbdc86a544293f53abdc10e96426ffbe9b8bca3d70000000000000000000000000005591c,88
948,pmu-4,2026-09-07T04:58:38.4543333Z,1788757130,420000,420000,-11965.667,aa01005800016a9e448a000668a0000042480000c0490fdb42480000c0490fdb42480000c0490fdb42480000c0490fdb42480000c0490fdb42480000c0490fdb427006a0388ccccd000000000000000000000000000d02d8,88
949,pmu-1,2026-09-07T04:58:38.4543333Z,1788757130,580000,580000,-12125.667,aa01005800016a9e448a0008d9a000004293eb20bdd3c6d24293f615bdf5360842940a85be0b2c01429404acbe1dbf304294092bbe09dbd6429407f6bdebbff6426ff8eab85000000000000000000000000000000009195e,88
950,pmu-2,2026-09-07T04:58:38.4543333Z,1788757129,840000,840000,-11385.667,aa01005800016a9e4489000cd1400000427810a8bfcfb33242780260bfd125764278001dbfd0f1444277f649bfd08f014277ff92bfd101874278056bbfd13c22426ff9feb94a28f60000000000000000000000000008fd20,88
951,pmu-4,2026-09-07T04:58:38.4543333Z,1788757130,440000,440000,-11985.667,aa01005800016a9e448a0006b6c000004254000ac030fdd74253fc33c0318c1d4253fa58c030c69b4254099bc031759a4253fd83c030adb74253fae5c03129054270026eb8abd70a000000000000000000000000000eb374,88
952,pmu-1,2026-09-07T04:58:38.4543333Z,1788757130,600000,600000,-12145.667,aa01005800016a9e448a000927c000004299ee643e8776b84299f5ef3e87a4e7429a0d9d3e7745674299ffa13e6d5249429a092c3e7a17d2429a0c803e87e27c427002903945999a000000000000000000000000000aed78,88
953,pmu-3,2026-09-07T04:58:38.5012221Z,1788757129,760000,760000,-11258.778,aa01005800016a9e4489000b98c0000042880196bf5ec58042880087bf5fa5d34287f441bf5e9a064287ffdfbf65a21c42880219bf5df5204287f4fabf5d03c242700381b790a3d7000000000000000000000000000408f0,88
954,pmu-3,2026-09-07T04:58:38.5012221Z,1788757129,780000,780000,-11278.778,aa01005800016a9e4489000be6e00000428e0049bef93d50428dfca8befa7c84428df366befa7e5f428e04bcbf068d40428e015dbeff7d58428df716bef4f5d3426ff9b1b948f5c300000000000000000000000000051766,88
955,pmu-1,2026-09-07T04:58:38.5012221Z,1788757130,620000,620000,-12118.778,aa01005800016a9e448a000975e00000429fece13f2648d9429ff30c3f2410b842a00da13f1f557842a0029a3f1d095f42a00dc43f1f186d42a00e3d3f25a386426ff9dab9326666000000000000000000000000000bbfbd,88
956,pmu-2,2026-09-07T04:58:38.5012221Z,1788757129,860000,860000,-11358.778,aa01005800016a9e4489000d1f60000042820808bf9f88cd4281fe43bf9fa2ad4281ff6cbfa01e0c4281fc62bfa0e503428204dbbfa1809e428204c7bfa12600426ffb0937aae1480000000000000000000000000009687c,88
957,pmu-4,2026-09-07T04:58:38.5012221Z,1788757130,460000,460000,-11958.778,aa01005800016a9e448a000704e000004260028cc0194eb04260026bc01a0c76425ffff2c018e59c42601050c019303c425fff6bc017ead8425ff4d6c0190e74427009e63918f5c3000000000000000000000000000f9ac3,88
958,pmu-5,2026-09-07T04:58:38.5012221Z,1788757129,960000,960000,-11458.778,aa01005800016a9e4489000ea60000004299fd493e6c42764299fc643e8523e44299f7ca3e834f41429a03cd3e5190b74299fe5e3e9239584299f2893e8cb3be427002ab390a666600000000000000000000000000067eaa,88
959,pmu-1,2026-09-07T04:58:38.5012221Z,1788757130,640000,640000,-12138.778,aa01005800016a9e448a0009c400000042a5ed7d3f836f0f42a5eeae3f81202042a611d53f7ead9c42a606e03f7d8f7b42a60e4a3f7f122c42a60b033f83020e426ffb1237c7ae14000000000000000000000000000c23cd,88
960,pmu-4,2026-09-07T04:58:38.5012221Z,1788757130,480000,480000,-11978.778,aa01005800016a9e448a000753000000426c096ac001025c426c0052c001f6ac426bf90fc0004699426c0a27c000f835426c04d9c0006bd0426beb9ec0010cc7426ff615b9caeb85000000000000000000000000000025bf,88
961,pmu-2,2026-09-07T04:58:38.5012221Z,1788757129,880000,880000,-11378.778,aa01005800016a9e4489000d6d800000428804f5bf5ffadd428801d1bf5ddf324287fcf5bf60b6df4287f9d3bf62fd8742880693bf62baba428805cabf644a8242700376392c8f5c000000000000000000000000000a32fc,88
962,pmu-5,2026-09-07T04:58:38.5012221Z,1788757129,980000,980000,-11478.778,aa01005800016a9e4489000ef420000042a0006b3f199d1c42a000293f22e660429ffc1d3f2446fe429ffefc3f14537242a0012b3f2c0f9a429ff3343f28c3a3426ffa8db9263d7100000000000000000000000000077209,88
963,pmu-5,2026-09-07T04:58:38.5012221Z,1788757131,0,0,-12498.778,aa01005800016a9e448b00000000000042a5fe5d3f7856ce42a5ff843f81f17c42a600e73f818d8b42a5ff133f74178d42a602893f86be9442a5f2273f8512bd426ff7a3b86eb85200000000000000000000000000085813,88
964,pmu-3,2026-09-07T04:58:38.5531738Z,1788757129,800000,800000,-11246.826,aa01005800016a9e4489000c350000004293fd8ebdeb8e0c4293fd51bdd71bf14293f606bde8deb4429406cebe19ddb1429405eebde6dc054293f950bdc92048427006b9398570a400000000000000000000000000069128,88
965,pmu-2,2026-09-07T04:58:38.5531738Z,1788757129,900000,900000,-11346.826,aa01005800016a9e4489000dbba00000428e020abefac9f4428e03aabef771aa428dfcf1bf01c6f9428df85dbf036939428e0b7abf040608428e0443bf031d5042700179b822e148000000000000000000000000000b6495,88
966,pmu-1,2026-09-07T04:58:38.5531738Z,1788757130,660000,660000,-12106.826,aa01005800016a9e448a000a1220000042abee3e3fb3018242abeab53fb124b842ac13f43fb0619142ac05333fae751c42ac0cb03fb014fc42ac0adf3fb475dc426ffba137370a3d000000000000000000000000000d0461,88
967,pmu-5,2026-09-07T04:58:38.5531738Z,1788757131,20000,20000,-12466.826,aa01005800016a9e448b00004e20000042abf9ac3fabc6da42ac03523fb258e142ac00af3fb1470942abfaaa3faaed7542abffa03fb66bf842abf00a3fb4de6e426fff78392066660000000000000000000000000009a13f,88
968,pmu-4,2026-09-07T04:58:38.5531738Z,1788757130,500000,500000,-11946.826,aa01005800016a9e448a0007a120000042780482bfd1ceaa4278087dbfd4d9384277ef6fbfd01e8a42780da8bfd07540427802cabfd1bb294277e170bfd0b117427002a43980999a00000000000000000000000000019ae4,88
969,pmu-3,2026-09-07T04:58:38.6015839Z,1788757129,820000,820000,-11218.416,aa01005800016a9e4489000c83200000429a02a13e810a1c4299fca63e8986fc4299f9fc3e86c8a0429a04c03e604c21429a021a3e8b05e34299f8533e92594d427006aeb56147ae0000000000000000000000000007a1a9,88
970,pmu-1,2026-09-07T04:58:38.6015839Z,1788757130,680000,680000,-12078.416,aa01005800016a9e448a000a6040000042b1ecd53fe370d842b1eb2e3fe1aa2342b215283fdf942242b2048c3fdf5b0842b20ab33fe14f3a42b20d533fe381c4426ffa40b7e1eb85000000000000000000000000000e273e,88
971,pmu-2,2026-09-07T04:58:38.6015839Z,1788757129,920000,920000,-11318.416,aa01005800016a9e4489000e09c00000429402bfbdf678f84294016fbddbdc304293f9ecbe0c0a104293f4b8be0aa63342940720be10a6954293ffbcbe1314654270076538f28f5c000000000000000000000000000c127f,88
972,pmu-3,2026-09-07T04:58:38.6015839Z,1788757129,840000,840000,-11238.416,aa01005800016a9e4489000cd140000042a006323f224023429ffb033f26c1db429ffebc3f23f49542a002363f1932b5429ffd563f27ce1c429ffc573f2b5f74427004e2b8133333000000000000000000000000000816c2,88
973,pmu-4,2026-09-07T04:58:38.6015839Z,1788757130,520000,520000,-11918.416,aa01005800016a9e448a0007ef4000004282054ebfa0991a4282077abfa53da14281f68bbf9fc7f74282050dbf9efbba4281fe78bfa140254281f35dbfa12cf142700902390266660000000000000000000000000002940f,88
974,pmu-2,2026-09-07T04:58:38.6015839Z,1788757129,940000,940000,-11338.416,aa01005800016a9e4489000e57e00000429a00b83e7fa08b429a06033e89d5184299fcd03e7984024299f5e63e755fd4429a05723e75dbfa4299fde43e76322f427009ed384f5c29000000000000000000000000000dcfee,88
975,pmu-5,2026-09-07T04:58:38.6015839Z,1788757131,40000,40000,-12438.416,aa01005800016a9e448b00009c40000042b1f8173fdb18f642b206fa3fe158a542b1fee93fe12ecf42b1fe3b3fdafe6e42b201193fe6a63e42b1f42a3fe659d6427006023905eb85000000000000000000000000000a9df9,88
976,pmu-4,2026-09-07T04:58:38.6015839Z,1788757130,540000,540000,-11938.416,aa01005800016a9e448a00083d600000428800c0bf60152b4288051cbf69764e4287f519bf5ef09e4288013ebf5ea5a2428800f3bf6040e34287f73fbf616b87426ff706b9b828f60000000000000000000000000003252f,88
977,pmu-1,2026-09-07T04:58:38.6015839Z,1788757130,700000,700000,-12098.416,aa01005800016a9e448a000aae60000042b7e7b84009df7d42b7e6f64008c83c42b8107f400821ad42b806cb4007c74842b80f244008b3ac42b80e87400a0a15427002243921999a000000000000000000000000000f4999,88
978,pmu-5,2026-09-07T04:58:38.6015839Z,1788757131,60000,60000,-12458.416,aa01005800016a9e448b0000ea60000042b7fa864005edcf42b802bb4009098d42b7fde7400916a842b7fbcc4005e04e42b7fc76400bef5042b7f661400badbd427000bab8d851ec000000000000000000000000000bbb64,88
979,pmu-3,2026-09-07T04:58:38.6533892Z,1788757129,860000,860000,-11206.611,aa01005800016a9e4489000d1f60000042a606d73f82212b42a5fa4d3f84333f42a5fb703f82382b42a606ee3f791b0e42a601f83f83cc0742a5fb9f3f8704d5426ff7feb984000000000000000000000000000000092465,88
980,pmu-2,2026-09-07T04:58:38.6533892Z,1788757129,960000,960000,-11306.611,aa01005800016a9e4489000ea600000042a002553f1eaa1d42a0056a3f2680fc429ffe153f215a40429ff4493f1cbe2442a009b03f1e664f429fff253f1eeb81427002c2b912cccd000000000000000000000000000e35b1,88
981,pmu-3,2026-09-07T04:58:38.6533892Z,1788757129,880000,880000,-11226.611,aa01005800016a9e4489000d6d80000042ac09683fb175f042abfcc93fb5b87442abfacd3fb3636942ac0a2e3fac818a42ac028c3fb38fa942abf74d3fb7a436427009b139b53d71000000000000000000000000000aca06,88
982,pmu-1,2026-09-07T04:58:38.6533892Z,1788757130,720000,720000,-12066.611,aa01005800016a9e448a000afc80000042bde5124021d3a042bde2b64021049f42be13aa40200c8342be073640206fe242be0d04402128f942be114c40220678426ffe50b89ccccd0000000000000000000000000000dcab,88
983,pmu-5,2026-09-07T04:58:38.6533892Z,1788757131,80000,80000,-12426.611,aa01005800016a9e448b00013880000042bdfbb1401dc9e742be033b4020f2db42bdfe674020948a42bdfaeb401d73c742bdfa7e40248d2a42bdf21640243f1c4270020c37d851ec000000000000000000000000000c309e,88
984,pmu-4,2026-09-07T04:58:38.6533892Z,1788757130,560000,560000,-11906.611,aa01005800016a9e448a00088b800000428dfd94befe1dc9428e0a23bf09558f428df40abef8f0e7428dfcb0befaaf98428e05d9befd4760428df8e1bf034e51427005d83997c28f0000000000000000000000000004c691,88
985,pmu-2,2026-09-07T04:58:38.6533892Z,1788757129,980000,980000,-11326.611,aa01005800016a9e4489000ef420000042a5fe9c3f80562842a607e33f83572b42a5fca83f8021f942a5f4833f7e2ffb42a608703f7db94a42a600a93f80c5ad427004d13828a3d7000000000000000000000000000f3d6a,88
986,pmu-5,2026-09-07T04:58:38.6533892Z,1788757131,100000,100000,-12446.611,aa01005800016a9e448b000186a0000042c3f9e94035a1f842c4001540389dee42c4007d403927c542c3f84340350f7642c3f997403c9d9c42c3f6fa403be139426ff810b94c7ae1000000000000000000000000000d57ef,88
987,pmu-4,2026-09-07T04:58:38.6533892Z,1788757130,580000,580000,-11926.611,aa01005800016a9e448a0008d9a000004294024fbdf5ac0742940817be1bc5934293f047bde092bb4293fb99bdf46970429407b7bddca0f04293fc87be12f9af427000fbb8c7333300000000000000000000000000055e40,88
988,pmu-2,2026-09-07T04:58:38.6533892Z,1788757131,0,0,-12346.611,aa01005800016a9e448b00000000000042abfdea3fb01a0742ac0c093fb3bc3942abfc033fb0051142abf1aa3faecc0b42ac038e3fafebd342ac014f3fafcba4427006c53820000000000000000000000000000000008ff2,88
989,pmu-1,2026-09-07T04:58:38.6538972Z,1788757130,740000,740000,-12086.103,aa01005800016a9e448a000b4aa0000042c3e65f403a4c0e42c3e3934038db7d42c415d04038506e42c408ac403900ea42c40b864039cc4142c40f0e403a957b426ffc3ab82ae148000000000000000000000000000160a1,88
990,pmu-5,2026-09-07T04:58:38.7088014Z,1788757131,120000,120000,-12411.199,aa01005800016a9e448b0001d4c0000042480000c0490fdb42480000c0490fdb42480000c0490fdb42480000c0490fdb42480000c0490fdb42480000c0490fdb426ff5ecb82f5c29000000000000000000000000000e9a08,88
991,pmu-5,2026-09-07T04:58:38.7093648Z,1788757131,140000,140000,-12430.635,aa01005800016a9e448b000222e000004253f76dc030daff4253fa8cc030a316425402adc031031242540918c03089494253f6adc0310d5442540892c030abbc4270009a395ab852000000000000000000000000000fa8a6,88
992,pmu-2,2026-09-07T04:58:38.7093648Z,1788757131,20000,20000,-12310.635,aa01005800016a9e448b00004e20000042b1fde83fe10d6e42b20fa83fe33bb642b200e83fe122a642b1ef153fe04a5e42b2045c3fe0c98b42b205053fe0fd5342700379b8870a3d00000000000000000000000000013427,88
993,pmu-1,2026-09-07T04:58:38.7093648Z,1788757130,760000,760000,-12050.635,aa01005800016a9e448a000b98c0000042480000c0490fdb42480000c0490fdb42480000c0490fdb42480000c0490fdb42480000c0490fdb42480000c0490fdb426ffee6385ae14800000000000000000000000000021108,88
994,pmu-4,2026-09-07T04:58:38.7093648Z,1788757130,600000,600000,-11890.635,aa01005800016a9e448a000927c00000429a06943e82dc40429a0b3a3e5ef8924299f12e3e8b77524299fd413e8447b4429a04813e8be62a4299fbb83e65081f4270078f3906b85200000000000000000000000000068efe,88
995,pmu-3,2026-09-07T04:58:38.7093648Z,1788757129,900000,900000,-11190.635,aa01005800016a9e4489000dbba0000042b208ed3fe1a04b42b1f7ad3fe5b7f242b1fb043fe424e442b20b0a3fdbbb6d42b2002e3fe3783c42b1f7623fe7f45e426ffea7b962147b000000000000000000000000000b9eed,88
996,pmu-2,2026-09-07T04:58:38.7093648Z,1788757131,40000,40000,-12330.635,aa01005800016a9e448b00009c40000042b7fdc44009163a42b80f17400a4c1442b7fd8a400952b742b7ef134008b56242b80362400901d542b806ab4008126f4270099d38fb851f00000000000000000000000000020ee4,88
997,pmu-1,2026-09-07T04:58:38.7093648Z,1788757130,780000,780000,-12070.635,aa01005800016a9e448a000be6e000004253f9eac0307fd042540266c030f32142540982c030b3d64253fd0ec030d987425401dec030547c4254041bc030b287426ffd60b7f9999a00000000000000000000000000034241,88
998,pmu-3,2026-09-07T04:58:38.7093648Z,1788757129,920000,920000,-11210.635,aa01005800016a9e4489000e09c0000042b8088c40092fce42b7fa20400b6ec642b7ff38400a602842b80fd74005960c42b7fd0f400a594042b7f343400c79464270046c38ec51ec000000000000000000000000000c4f9f,88
999,pmu-4,2026-09-07T04:58:38.7093648Z,1788757130,620000,620000,-11910.635,aa01005800016a9e448a000975e0000042a003dd3f212a0842a00de83f18bfe6429fefa73f257ff742a001753f24f52442a009753f24682d429ffc7b3f1b3e79426ffe44b93e51ec0000000000000000000000000007ebda,88
1000,pmu-5,2026-09-07T04:58:38.7537911Z,1788757131,160000,160000,-12406.209,aa01005800016a9e448b000271000000425ff900c0192cb642600425c018bb97425ff926c018f6674260096ec018b81c425fee1fc0197c58426007ebc0186ae34270002eb70a3d7100000000000000000000000000003fe5,88
1001,pmu-3,2026-09-07T04:58:38.7543044Z,1788757129,940000,940000,-11185.696,aa01005800016a9e4489000e57e0000042be06f240214fbb42bdfb57402417c642bdfd3b4021de0d42be1196401e1cbd42bdf9fe4022530442bdf7ce40253c094270099638d3851f000000000000000000000000000daf1c,88
1002,pmu-2,2026-09-07T04:58:38.7543044Z,1788757131,60000,60000,-12305.696,aa01005800016a9e448b0000ea60000042bdfb0f4020971c42be0a814021d21c42bdff924021c30142bdedfa4021255542be01cf40210e0a42be056c40205e64427009d3368a3d7100000000000000000000000000030dc8,88
1003,pmu-4,2026-09-07T04:58:38.7543044Z,1788757130,640000,640000,-11885.696,aa01005800016a9e448a0009c400000042a6058e3f801ba042a609b73f7749d542a5f3d73f84349642a604e03f82b8de42a6050b3f81aafa42a5f9c73f7bff1b427004d3390651ec0000000000000000000000000008b0fe,88
1004,pmu-1,2026-09-07T04:58:38.7543044Z,1788757130,800000,800000,-12045.696,aa01005800016a9e448a000c35000000425ff8b9c018c6fa42600419c018ba2442600639c018b608426006e9c01945774260009ec018681742600153c018bb2e4270063d3935851f00000000000000000000000000047b31,88
1005,pmu-5,2026-09-07T04:58:38.8004148Z,1788757131,180000,180000,-12379.585,aa01005800016a9e448b0002bf200000426bf56ac001319d426c08bac00098c3426bf2d0c0012428426c09dbc000d22c426bf264c001df57426bfe1fc000a595426fff56b78a3d710000000000000000000000000001afd3,88
1006,pmu-4,2026-09-07T04:58:38.8004148Z,1788757130,660000,660000,-11859.585,aa01005800016a9e448a000a1220000042ac09ed3fafa66a42ac0d0b3fac95db42abf41d3fb4509542ac076f3fb25dc242ac01443fb2768e42abfbd73fad59a9426ffa91b952147b000000000000000000000000000975e7,88
1007,pmu-1,2026-09-07T04:58:38.8004148Z,1788757130,820000,820000,-12019.585,aa01005800016a9e448a000c83200000426bf946c0007ad6426bfaeec000b4d5426c053bc0009e2f426c111dc001781c426c05e7bfffd2d7426c0193c0001fc242700510b7c0a3d70000000000000000000000000005a578,88
1008,pmu-3,2026-09-07T04:58:38.8004148Z,1788757129,960000,960000,-11159.585,aa01005800016a9e4489000ea600000042c403584039464442c3fd99403bd06142c3f8d1403a3e6642c40e15403673f542c3f6cd403ac43042c3f6db403dc3c4427004bfb8c63d71000000000000000000000000000ea939,88
1009,pmu-2,2026-09-07T04:58:38.8004148Z,1788757131,80000,80000,-12279.585,aa01005800016a9e448b00013880000042c3f6f640386f7242c40ae0403a1d8242c3ff96403a1f2542c3edf74038f88242c4066d40393fba42c404d54038095d426ff74db9bdae140000000000000000000000000004f1b8,88
1010,pmu-5,2026-09-07T04:58:38.8004148Z,1788757131,200000,200000,-12399.585,aa01005800016a9e448b00030d4000004277f3f9bfd2d270427810dfbfd031484277f50bbfd1bc934278115ebfd0646c4277ece7bfd436cf4278081bbfd091724270006c37b1eb85000000000000000000000000000217cf,88
1011,pmu-1,2026-09-07T04:58:38.8004148Z,1788757130,840000,840000,-12039.585,aa01005800016a9e448a000cd14000004277ef8fbfd041bc4277f5f0bfd1382b42780ad2bfcfc3c842781552bfd390364278043ebfcf27f142780608bfd112d9426ffb4bb948147b00000000000000000000000000064592,88
1012,pmu-3,2026-09-07T04:58:38.8004148Z,1788757129,980000,980000,-11179.585,aa01005800016a9e4489000ef420000042480000c0490fdb42480000c0490fdb42480000c0490fdb42480000c0490fdb42480000c0490fdb42480000c0490fdb427000f7b89ae148000000000000000000000000000f77aa,88
1013,pmu-2,2026-09-07T04:58:38.8004148Z,1788757131,100000,100000,-12299.585,aa01005800016a9e448b000186a0000042480000c0490fdb42480000c0490fdb42480000c0490fdb42480000c0490fdb42480000c0490fdb42480000c0490fdb426ff96f382eb852000000000000000000000000000525f1,88
1014,pmu-3,2026-09-07T04:58:38.8004148Z,1788757131,0,0,-12199.585,aa01005800016a9e448b00000000000042540a35c03108574254033fc03114de42540084c0308de84253feecc03053a2425406c6c03084254253f5f3c03077d84270072138fc7ae100000000000000000000000000002b2d,88
1015,pmu-4,2026-09-07T04:58:38.8004148Z,1788757130,680000,680000,-11879.585,aa01005800016a9e448a000a6040000042b206893fe0d5c242b20d5b3fdbb48642b1efa03fe40b4142b205e43fe3b8ec42b200a63fe1efe742b1fb6b3fdd6fb7427002de392a0000000000000000000000000000000aed8a,88
1016,pmu-5,2026-09-07T04:58:38.8475374Z,1788757131,220000,220000,-12372.463,aa01005800016a9e448b00035b6000004281fdf8bfa21d19428208e2bfa12b8e4281fb32bfa06664428209e8bfa049874281f255bfa37fcf4281ff23bfa1877b427001a637c8f5c300000000000000000000000000039c10,88
1017,pmu-2,2026-09-07T04:58:38.8475374Z,1788757131,120000,120000,-12272.463,aa01005800016a9e448b0001d4c00000425408d5c030f1b0425405b4c03140c542540290c03138df4253f707c030829b42540253c031802742540362c030d1ff426ffd7e38a63d710000000000000000000000000006abcd,88
1018,pmu-3,2026-09-07T04:58:38.8475374Z,1788757131,20000,20000,-12172.463,aa01005800016a9e448b00004e200000426009cdc018b9b1425ffa6bc0192f22426003ddc018252b42600232c017ad3e4260020dc018777f425fff36c01856ce4270028ab8bc000000000000000000000000000000014a54,88
1019,pmu-4,2026-09-07T04:58:38.8475374Z,1788757130,700000,700000,-11852.463,aa01005800016a9e448a000aae60000042b809eb4008d4dc42b80d2c40067bf942b7eb714009cb7942b801b2400a7faf42b7fd0f4008a66042b7f6b940071a1e426ff983b93f999a000000000000000000000000000b5e3e,88
1020,pmu-1,2026-09-07T04:58:38.8475374Z,1788757130,860000,860000,-12012.463,aa01005800016a9e448a000d1f6000004281fabcbf9f79f44281fdbcbf9fd7d3428204a7bfa0264a42820be8bfa3b02942820731bf9db842428204e0bfa17e85426ffa0ab7cd70a4000000000000000000000000000784e6,88
1021,pmu-1,2026-09-07T04:58:38.9017005Z,1788757130,880000,880000,-11978.300,aa01005800016a9e448a000d6d8000004287fb1bbf5ca3244287fcbcbf5ec693428800b3bf61507b42880ddabf64896442880766bf5a623342880914bf649d1b426fffd738ed999a00000000000000000000000000084b7e,88
1022,pmu-5,2026-09-07T04:58:38.9017005Z,1788757131,240000,240000,-12338.299,aa01005800016a9e448b0003a980000042880097bf637d86428805f6bf61036f4287fdf2bf61f08642880535bf5ea1c64287f001bf689e2a4287fa44bf60c6474270032737f666660000000000000000000000000004e3a3,88
1023,pmu-3,2026-09-07T04:58:38.9017005Z,1788757131,40000,40000,-12138.300,aa01005800016a9e448b00009c400000426c0684c000e6db426c0103c001a371426c040abfff84b7426c0ac8bffe7c2a426c0797bfff75e3426c022ebfffcaca4270047c381f5c2900000000000000000000000000021bda,88
1024,pmu-4,2026-09-07T04:58:38.9017005Z,1788757130,720000,720000,-11818.300,aa01005800016a9e448a000afc80000042be0a204020873c42be0f8d401eca9542bde8d04021d97d42be002a4021feab42bdff2d402105e242bdf8df401f4aba426ffe4338c28f5c000000000000000000000000000ce220,88
1025,pmu-2,2026-09-07T04:58:38.9017005Z,1788757131,140000,140000,-12238.300,aa01005800016a9e448b000222e0000042600775c0193371425ffbddc0188ee8425ffe41c018f7a7425fed27c018faec4260070ac019b33a42600b36c018220b427006e539408f5c0000000000000000000000000007a333,88
1026,pmu-5,2026-09-07T04:58:38.9017005Z,1788757131,260000,260000,-12358.299,aa01005800016a9e448b0003f7a00000428dfe95bf00aa13428e0393befd2556428e01dabf02117f428e08b7befa5445428df16cbf09d978428dfa08bf010303426ffc25b90f851f0000000000000000000000000005fdef,88
1027,pmu-3,2026-09-07T04:58:38.9017005Z,1788757131,60000,60000,-12158.299,aa01005800016a9e448b0000ea600000427809c3bfd105b14277fa08bfd1e69442780c72bfcf8f3e42780759bfcedf654277ff93bfcf22f34277fe19bfcff714426ffd10b91800000000000000000000000000000003d2fd,88
1028,pmu-2,2026-09-07T04:58:38.9017005Z,1788757131,160000,160000,-12258.299,aa01005800016a9e448b000271000000426c083bc0007bbb426bfaadc000be97426bf482c000a06c426bf085c00167f8426c0a22c0021e77426c03c1bffeee8b426ffb10b97251ec0000000000000000000000000008cbde,88
1029,pmu-1,2026-09-07T04:58:38.9017005Z,1788757130,900000,900000,-11998.299,aa01005800016a9e448a000dbba00000428dfa95bef6ed69428dfdfabefcb89c428e0197bf02a939428e0f01bf05f0fa428e0579bef44ddd428e0ccabf019e4c4270005837251eb800000000000000000000000000098246,88
1030,pmu-4,2026-09-07T04:58:38.9017005Z,1788757130,740000,740000,-11838.299,aa01005800016a9e448a000b4aa0000042c40f1240386f6142c40a6f40374fec42c3e9a14039901842c401cf403a8d6942c3ffe74039572242c3fcb540374bf9427008f1395ab852000000000000000000000000000d7ebe,88
1031,pmu-5,2026-09-07T04:58:38.9477059Z,1788757131,280000,280000,-12332.294,aa01005800016a9e448b000445c0000042940330be073fe84294042cbdf9a2ee429405a8be0a609d429408c7bde23ca64293efbebe24bc264293fdd9be030b22426ffb4fb788f5c300000000000000000000000000062a46,88
1032,pmu-2,2026-09-07T04:58:38.9477059Z,1788757131,180000,180000,-12232.294,aa01005800016a9e448b0002bf20000042780eb8bfcf7ee042780276bfd0361e4277f4dcbfd100ee4277fa1ebfd3a650427808e5bfd4fd1042780b9cbfceb991427002613915d70a0000000000000000000000000009915c,88
1033,pmu-4,2026-09-07T04:58:38.9477059Z,1788757130,760000,760000,-11812.294,aa01005800016a9e448a000b98c0000042480000c0490fdb42480000c0490fdb42480000c0490fdb42480000c0490fdb42480000c0490fdb42480000c0490fdb426ffeceb94f999a000000000000000000000000000effbe,88
1034,pmu-1,2026-09-07T04:58:38.9477059Z,1788757130,920000,920000,-11972.294,aa01005800016a9e448a000e09c000004293fc38bde3f1f94293ff5abde2d9c742940249be1110324294111dbe12508f4294086bbdcb10cb429411bebdfffcf1426ffc57b8a40000000000000000000000000000000a955f,88
1035,pmu-3,2026-09-07T04:58:38.9477059Z,1788757131,80000,80000,-12132.294,aa01005800016a9e448b000138800000428208d2bfa1baaf4281fdb6bfa20b254282054abf9f9c73428202f2bf9e8b00428200b6bf9ed42c4281fce6bfa0bd8d426ffeb038051eb800000000000000000000000000044b5a,88
1036,pmu-5,2026-09-07T04:58:38.9935805Z,1788757131,300000,300000,-12306.419,aa01005800016a9e448b000493e00000429a03da3e7e29d8429a009b3e84011a429a0a023e79a853429a05663e8913624299f4303e54a64e4299ff7e3e840c21426ffb683600000000000000000000000000000000070d75,88
1037,pmu-2,2026-09-07T04:58:38.9935805Z,1788757131,200000,200000,-12206.419,aa01005800016a9e448b00030d40000042820a7abf9e65bc42820008bfa0de0d4281f706bf9f93164281f98cbfa26b08428200c9bfa50c0842820248bf9f17ad426fffb2b85bd70a000000000000000000000000000ac3a1,88
1038,pmu-1,2026-09-07T04:58:38.9935805Z,1788757130,940000,940000,-11946.419,aa01005800016a9e448a000e57e00000429a00413e843405429a01fa3e8bf4724299fee83e695e96429a14803e72f2f3429a0c4b3e8a43fe429a0f023e7fec5b4270073f395f5c29000000000000000000000000000b6862,88
1039,pmu-4,2026-09-07T04:58:38.9935805Z,1788757130,780000,780000,-11786.420,aa01005800016a9e448a000be6e000004253fc70c030c07f4253f998c0311c874253f68ec031899342540289c0309ba04253fb78c030fc00425402c9c030ee78427001323843d70a000000000000000000000000000fa510,88
1040,pmu-3,2026-09-07T04:58:38.9935805Z,1788757131,100000,100000,-12106.419,aa01005800016a9e448b000186a00000428806e8bf6082ff4287ffa8bf6535d54288010cbf5ca3174288015ebf5d796b428805bfbf5ed8544287fe5dbf6317ba426ff613b9306666000000000000000000000000000541de,88
1041,pmu-5,2026-09-07T04:58:38.9935805Z,1788757131,320000,320000,-12326.419,aa01005800016a9e448b0004e200000042a002b53f1edb1542a004783f209a7242a0069f3f1ca47e42a0077c3f242a46429ff71e3f171d6b429ffb4c3f22cdb2427003ae392970a400000000000000000000000000088342,88
1042,pmu-1,2026-09-07T04:58:38.9935805Z,1788757130,960000,960000,-11966.419,aa01005800016a9e448a000ea600000042a000773f2160d542a004a03f281d11429ffd713f1d047e42a0112d3f1d8f8842a00c403f24ddbe42a00f353f1f18824270047cb8623d71000000000000000000000000000c1cda,88
1043,pmu-2,2026-09-07T04:58:38.9940878Z,1788757131,220000,220000,-12225.912,aa01005800016a9e448b00035b6000004288074fbf5c8bec4287ff28bf62bd1f4287f787bf5e63194287f8a2bf6290424287fd7bbf687bbe4288042abf5b5925426ffcaeb8770a3d000000000000000000000000000b4458,88
1044,pmu-4,2026-09-07T04:58:38.9940878Z,1788757130,800000,800000,-11805.912,aa01005800016a9e448a000c35000000425ffb33c019210b425ff599c01953f1425fece4c018cf5f42600211c0187d3f42600018c01840f3426003c3c0183a42427002bf37fe147b0000000000000000000000000000dd90,88
1045,pmu-3,2026-09-07T04:58:38.9940878Z,1788757131,120000,120000,-12125.912,aa01005800016a9e448b0001d4c00000428e05bdbf000168428e037cbf027625428e02f9bef72cfd428e0520bef50d75428e076ebef7fe7a428dfc33bf0376624270027b397e147b00000000000000000000000000060dd9,88
1046,pmu-5,2026-09-07T04:58:39.0548626Z,1788757131,340000,340000,-12285.137,aa01005800016a9e448b00053020000042a5ffd93f80cc7242a609393f8007a742a609313f7cf80042a605753f82c89342a5fba93f76d85342a5ff4b3f813566426ffd04b9087ae10000000000000000000000000009de59,88
1047,pmu-5,2026-09-07T04:58:39.0548626Z,1788757131,360000,360000,-12305.137,aa01005800016a9e448b00057e40000042abfcd23fb11b4342ac08843fafa0dd42ac07403faf3a2e42ac00983fb2e54a42abff7f3faacae442abfc403fb06c074270046b3917999a000000000000000000000000000aa81f,88
1048,pmu-4,2026-09-07T04:58:39.0553748Z,1788757130,820000,820000,-11764.625,aa01005800016a9e448a000c83200000426bfc1dc000fb1d426bf002c0012ee7426be2e0c0012f7d426c03a3bfffe6b1426c071ebfff50a8426c0d61c000526f426ff9c4b937eb850000000000000000000000000001839c,88
1049,pmu-3,2026-09-07T04:58:39.0553748Z,1788757131,140000,140000,-12084.625,aa01005800016a9e448b000222e0000042940544bdfca073429401a7bdfb72fe4293fe44bddd91d44294041ebdda464d429405dbbddecd344293fe05be129fb4426ffc01b904a3d70000000000000000000000000007be02,88
1050,pmu-2,2026-09-07T04:58:39.0553748Z,1788757131,240000,240000,-12184.625,aa01005800016a9e448b0003a9800000428e0ba1bef7f4fb428e000ebf0122cd428df36abef9ec5c428df547bf03c2e1428dffbabf0a25f8428e052dbef21966426ffcf336b0a3d7000000000000000000000000000c1e5a,88
1051,pmu-1,2026-09-07T04:58:39.0553748Z,1788757130,980000,980000,-11924.625,aa01005800016a9e448a000ef420000042a5fbf23f7feb7242a606473f84684542a601573f7f94dc42a60f1b3f7d951442a60e1e3f81a20042a60fc33f7f25fa4270035fb7b66666000000000000000000000000000d0658,88
1052,pmu-4,2026-09-07T04:58:39.0553748Z,1788757130,840000,840000,-11784.625,aa01005800016a9e448a000cd14000004277faebbfd165214277edddbfd24c694277eafabfd245a442780465bfcece08427804d1bfcf792f42780987bfd0f10e426ff74eb849999a00000000000000000000000000023052,88
1053,pmu-2,2026-09-07T04:58:39.0553748Z,1788757131,260000,260000,-12204.625,aa01005800016a9e448b0003f7a0000042940af7bdcc8fb84294016bbe07ddaf4293f7fbbdf1b4814293f379be0c4e9642940438be24bb1942940688bdce27fc426ffd9a3755c28f000000000000000000000000000d250c,88
1054,pmu-3,2026-09-07T04:58:39.0553748Z,1788757131,160000,160000,-12104.625,aa01005800016a9e448b000271000000429a06a73e7e3574429a04093e845f40429a00b93e8de366429a05903e8793aa429a028a3e8d2fc04299ff453e726a0b427007e039731eb80000000000000000000000000008cc47,88
1055,pmu-1,2026-09-07T04:58:39.0553748Z,1788757131,0,0,-11944.625,aa01005800016a9e448b00000000000042abf87f3faf724642ac01b33fb4768142ac02263fb0787842ac0bcb3faf0a9d42ac12e93fb2946742ac119c3fb032ed426ffa91b93451ec000000000000000000000000000e3df1,88
1056,pmu-1,2026-09-07T04:58:39.0553748Z,1788757131,20000,20000,-11964.625,aa01005800016a9e448b00004e20000042b1fbc83fde9e3842b201d03fe45d0e42b202dd3fe0be6242b210bb3fdeba3442b217e63fe250bc42b2157a3fe0c90b426ffc42380a8f5c000000000000000000000000000ff86c,88
1057,pmu-5,2026-09-07T04:58:39.1200419Z,1788757131,380000,380000,-12259.958,aa01005800016a9e448b0005cc60000042b1fa6a3fe293de42b207fc3fe05e6242b202d93fe0633442b200a83fe3adb542b200df3fdbb85042b1fdbb3fe125ab42700111b88947ae000000000000000000000000000b53e6,88
1058,pmu-2,2026-09-07T04:58:39.1200419Z,1788757131,280000,280000,-12159.958,aa01005800016a9e448b000445c00000429a0ca33e8c93b9429a02593e7829a04299f8993e882ece4299f4213e764bf1429a01ba3e65c9bb429a09923e91befa4270053b391c3d71000000000000000000000000000e25b3,88
1059,pmu-4,2026-09-07T04:58:39.1200419Z,1788757130,860000,860000,-11739.958,aa01005800016a9e448a000d1f600000428201c8bfa1f09f4281f28fbfa1d8c14281f528bfa22c024282029fbf9db17842820486bf9eb98642820864bfa018d1426ffd1938ed47ae000000000000000000000000000335b8,88
1060,pmu-1,2026-09-07T04:58:39.1200419Z,1788757131,40000,40000,-11919.958,aa01005800016a9e448b00009c40000042b7fd604007196542b804e6400a2d9b42b803ea4009053442b80be24007be2242b81a3340097b7a42b819f04007f0b74270072e395fae1400000000000000000000000000000e70,88
1061,pmu-3,2026-09-07T04:58:39.1200419Z,1788757131,180000,180000,-12059.958,aa01005800016a9e448b0002bf20000042a006803f200eea42a0013f3f23116142a005083f2677f642a006b73f246d39429ffebf3f2628d1429ffc003f1d5d2f426ffd0db95dae1400000000000000000000000000092387,88
1062,pmu-2,2026-09-07T04:58:39.1200419Z,1788757131,300000,300000,-12179.958,aa01005800016a9e448b000493e0000042a00e0c3f25da86429fffb43f1d70fd429ff48c3f2277e5429ff3f03f1f9e63429fff353f190f7542a007c33f2a313f426ffb5db94a147b000000000000000000000000000fc0cc,88
1063,pmu-3,2026-09-07T04:58:39.1200419Z,1788757131,200000,200000,-12079.958,aa01005800016a9e448b00030d40000042a604693f808df942a5fdb33f83043242a608f83f82953b42a607483f836e1342a5fd893f83a97742a5fd0f3f7b637a427006a73944a3d7000000000000000000000000000a7927,88
1064,pmu-4,2026-09-07T04:58:39.1200419Z,1788757130,880000,880000,-11759.958,aa01005800016a9e448a000d6d8000004287fea7bf6318884287f069bf61306c4287f442bf65b2a4428805f4bf5b0e594287fff5bf5d9a8042880c02bf5f5d29426ff7ceb8d8cccd00000000000000000000000000044e0b,88
1065,pmu-5,2026-09-07T04:58:39.1200419Z,1788757131,400000,400000,-12279.958,aa01005800016a9e448b00061a80000042b7f9164008c75142b805bd4007d54642b802294008ba1542b8034040098c6342b7fe4d4005eb5542b8008d400941374270066338d9eb85000000000000000000000000000c5a8e,88
1066,pmu-1,2026-09-07T04:58:39.1205693Z,1788757131,60000,60000,-11939.431,aa01005800016a9e448b0000ea60000042bdfd78401f138842be05554021f8a142be04bb4021a6ad42be0c84401fb60f42be156c4021b75d42be18e24020abf8426fffaab919eb850000000000000000000000000001d6cc,88
1067,pmu-5,2026-09-07T04:58:39.1676708Z,1788757131,420000,420000,-12252.329,aa01005800016a9e448b000668a0000042bdf6d64021004b42be010940204a8642bdffc840207e1b42bdfe954021f07f42bdfc15401dea2e42bdffb54020d611426ff69fb9a170a4000000000000000000000000000d39ed,88
1068,pmu-4,2026-09-07T04:58:39.1676708Z,1788757130,900000,900000,-11732.329,aa01005800016a9e448a000dbba00000428dff6cbf046ea3428ded85befcd46d428df505bf041e15428e049cbef7e14c428e0071befd98e3428e09a4befdc938426fffef39267ae1000000000000000000000000000567b5,88
1069,pmu-2,2026-09-07T04:58:39.1676708Z,1788757131,320000,320000,-12152.329,aa01005800016a9e448b0004e200000042a60b5c3f82ef4142a602713f7de58042a5f1563f80748942a5efc63f7ec49b42a604133f77675042a60b533f85c348426ffba936c28f5c0000000000000000000000000000e14e,88
1070,pmu-3,2026-09-07T04:58:39.1676708Z,1788757131,220000,220000,-12052.329,aa01005800016a9e448b00035b60000042ac05573fb0164342abfde73fb3c28e42ac099e3fb2acd342ac0b6d3fb28fa942ac020b3fb454f242abff263fae337f426ffe77b927ae14000000000000000000000000000b30bb,88
1071,pmu-1,2026-09-07T04:58:39.1676708Z,1788757131,80000,80000,-11912.329,aa01005800016a9e448b00013880000042c40167403722a342c402d1403a13ff42c409154039b58842c408e84037a9ed42c419a2403a1b5a42c4183f40384c71426ffcd7b8675c290000000000000000000000000002818a,88
1072,pmu-2,2026-09-07T04:58:39.1676708Z,1788757131,340000,340000,-12172.329,aa01005800016a9e448b00053020000042ac0a133fb26ed842ac07303fb0351842abed963fb1b58542abf4b93fb0274342ac072e3fabef1242ac0cfd3fb5789d427009ae398f8f5c0000000000000000000000000001bb9c,88
1073,pmu-5,2026-09-07T04:58:39.2224248Z,1788757131,440000,440000,-12217.575,aa01005800016a9e448b0006b6c0000042c3f76e403933e242c405e94038c8ed42c401f34038e66f42c3fc70403a051542c3fee94035dd5642c3ff9240391b9d42700600399d7ae1000000000000000000000000000e21f4,88
1074,pmu-5,2026-09-07T04:58:39.2224248Z,1788757131,460000,460000,-12237.575,aa01005800016a9e448b000704e0000042480000c0490fdb42480000c0490fdb42480000c0490fdb42480000c0490fdb42480000c0490fdb42480000c0490fdb426ff71bb998851f000000000000000000000000000f2301,88
1075,pmu-3,2026-09-07T04:58:39.2224248Z,1788757131,240000,240000,-12017.575,aa01005800016a9e448b0003a980000042b202513fdfa29242b1fa9d3fe40bc542b20bcd3fe33db942b20ba33fe407dd42b202f03fe3698d42b200bd3fdf495c4270099d396451ec000000000000000000000000000ca32b,88
1076,pmu-4,2026-09-07T04:58:39.2224248Z,1788757130,920000,920000,-11697.575,aa01005800016a9e448a000e09c000004293fc12be10f9cb4293ea50bded3ca44293f423be1656d44294015dbdcede20429404bdbdea7aec42940832bddf92e1426ff710b935ae1400000000000000000000000000062d77,88
1077,pmu-1,2026-09-07T04:58:39.2224248Z,1788757131,100000,100000,-11877.575,aa01005800016a9e448b000186a0000042480000c0490fdb42480000c0490fdb42480000c0490fdb42480000c0490fdb42480000c0490fdb42480000c0490fdb426ffa18b860f5c30000000000000000000000000003cb16,88
1078,pmu-2,2026-09-07T04:58:39.2224248Z,1788757131,360000,360000,-12137.575,aa01005800016a9e448b00057e40000042b20d5c3fe2376042b20bac3fe0a5df42b1ea6d3fe12bf842b1f8653fe0d18042b20ba23fdba16242b20df13fe5be9c426ff609b9c928f60000000000000000000000000002525f,88
1079,pmu-1,2026-09-07T04:58:39.2224248Z,1788757131,120000,120000,-11897.575,aa01005800016a9e448b0001d4c0000042540760c0313cc342540807c031250a425409e5c030acb54253fb29c0308bb742540789c0317bc84253fe76c030e847426ff828b81eb8520000000000000000000000000004d51a,88
1080,pmu-4,2026-09-07T04:58:39.2224248Z,1788757130,940000,940000,-11717.575,aa01005800016a9e448a000e57e000004299f7d83e6dfef24299ea153e8184f34299f4773e62db4e4299ff0f3e8d8755429a07223e820960429a04583e86cd904270082239aecccd00000000000000000000000000073000,88
1081,pmu-3,2026-09-07T04:58:39.2224248Z,1788757131,260000,260000,-12037.575,aa01005800016a9e448b0003f7a0000042b7fd6740080d8642b7fcdc400a064d42b80fbe400a57b442b80960400a76f142b80177400968ab42b7fe864007c221426ff772b9ba0a3d000000000000000000000000000d32a4,88
1082,pmu-3,2026-09-07T04:58:39.2697909Z,1788757131,280000,280000,-12010.209,aa01005800016a9e448b000445c0000042bdfdfe401fd2e142be013b4021ebad42be0ded4022071b42be093340228f4242be03b640215f8642bdffa440203075426ff702b70f5c29000000000000000000000000000edb05,88
1083,pmu-1,2026-09-07T04:58:39.2697909Z,1788757131,140000,140000,-11870.209,aa01005800016a9e448b000222e00000425fff39c019af404260047fc019819342600824c018a05c425ff8afc01812d842600becc01902fb42600315c0189f73427004dc3982147b00000000000000000000000000052081,88
1084,pmu-2,2026-09-07T04:58:39.2697909Z,1788757131,380000,380000,-12110.209,aa01005800016a9e448b0005cc60000042b8112d4008f5d342b808b04007e5bb42b7ed284009298442b7f8bb4008d83142b80d844006288342b80b2a400b2b39427005e039a233330000000000000000000000000003937e,88
1085,pmu-5,2026-09-07T04:58:39.2697909Z,1788757131,480000,480000,-12210.209,aa01005800016a9e448b00075300000042540094c03113994254033ec031908e4254073ec031875a4254027ac031737e42540210c03063b74253f6c1c03182a4426ffecf391dc28f00000000000000000000000000003c44,88
1086,pmu-4,2026-09-07T04:58:39.2697909Z,1788757130,960000,960000,-11690.209,aa01005800016a9e448a000ea6000000429ff6dc3f1bdcf7429fed823f218d59429ff8f83f1a5911429ffd953f2844fc42a00b6e3f1f55f142a0093e3f22048f4270039cb8b947ae00000000000000000000000000085ea1,88
1087,pmu-2,2026-09-07T04:58:39.2703Z,1788757131,400000,400000,-12129.700,aa01005800016a9e448b00061a80000042be150340211b0642be0ad940206b0342bdf0dc4021df8c42bdf92d402146ec42be0919401e3f7d42be07d54023623342700363b84bd70a00000000000000000000000000042af7,88
1088,pmu-3,2026-09-07T04:58:39.3145428Z,1788757131,300000,300000,-11985.457,aa01005800016a9e448b000493e0000042c401154037dd7f42c4014f4039c9c542c40f58403a73bf42c40ccd403ab97042c400654039481c42c401a3403811e7426ffbca38c3d70a000000000000000000000000000f927b,88
1089,pmu-3,2026-09-07T04:58:39.3145428Z,1788757131,320000,320000,-12005.457,aa01005800016a9e448b0004e200000042480000c0490fdb42480000c0490fdb42480000c0490fdb42480000c0490fdb42480000c0490fdb42480000c0490fdb427005e4394ee1480000000000000000000000000000b9cd,88
1090,pmu-4,2026-09-07T04:58:39.3145428Z,1788757130,980000,980000,-11665.457,aa01005800016a9e448a000ef420000042a5f8c13f7b23f242a5eea43f8048be42a5f7553f78758f42a5feb93f84d03142a609ef3f80080742a607223f80e1fe4270093d38e68f5c00000000000000000000000000092143,88
1091,pmu-2,2026-09-07T04:58:39.3145428Z,1788757131,420000,420000,-12105.457,aa01005800016a9e448b000668a0000042c4169640389a2042c405e340382d9b42c3ed72403a079142c3fba94039ec5042c407fb4035f9f442c402ce403b7b3a426ff750b97747ae0000000000000000000000000005da51,88
1092,pmu-5,2026-09-07T04:58:39.3145428Z,1788757131,500000,500000,-12185.457,aa01005800016a9e448b0007a1200000425ff787c0191622426006adc01a0d4b42600f39c0193c4d4260020fc018da5742600b37c018846b426000f6c019574b427006d1392400000000000000000000000000000001bc79,88
1093,pmu-1,2026-09-07T04:58:39.3145428Z,1788757131,160000,160000,-11845.457,aa01005800016a9e448b000271000000426bf83ec0017de9426bfb1cc001d2cd426c0ec5c00115fa426bf7fec00067a6426c0613c001116a426c009cc00003fd426fff42b8e570a4000000000000000000000000000670fd,88
1094,pmu-4,2026-09-07T04:58:39.3145428Z,1788757131,0,0,-11685.457,aa01005800016a9e448b00000000000042abf5d83fae11df42abece83fb1565842abfb3d3fad8bf742abfc143fb3d55642ac0d273faff4dc42ac06173fb024b8426ffe81b95bd70a000000000000000000000000000af250,88
1095,pmu-5,2026-09-07T04:58:39.3145428Z,1788757131,520000,520000,-12205.457,aa01005800016a9e448b0007ef400000426bf4c6c000e8cb426c10c1c0021d99426c137ac001a768426c0b7dc00022e8426c0e0dc000e858426bfa5ac0017c42426ffabeb97747ae00000000000000000000000000029314,88
1096,pmu-2,2026-09-07T04:58:39.3145428Z,1788757131,440000,440000,-12125.457,aa01005800016a9e448b0006b6c0000042480000c0490fdb42480000c0490fdb42480000c0490fdb42480000c0490fdb42480000c0490fdb42480000c0490fdb426ffbd938b9c28f00000000000000000000000000063ee7,88
1097,pmu-4,2026-09-07T04:58:39.3145428Z,1788757131,20000,20000,-11705.457,aa01005800016a9e448b00004e20000042b1f1b73fdf0d9d42b1ecd53fe2c78242b1fba03fdc9ab642b1ffcc3fe2e41f42b20a5c3fe16ab442b20aab3fdff2a7426ff5d6b931851f000000000000000000000000000b8b1b,88
1098,pmu-1,2026-09-07T04:58:39.3145428Z,1788757131,180000,180000,-11865.457,aa01005800016a9e448b0002bf2000004277fba2bfd3d6504277fd3abfd2261442781360bfd139c64277f9bbbfd05df142780f6ebfd25b8e427801dfbfcee83c4270001e378ccccd0000000000000000000000000007365b,88
1099,pmu-3,2026-09-07T04:58:39.368471Z,1788757131,340000,340000,-11971.529,aa01005800016a9e448b0005302000004253fcdbc03133034253fed6c0305e3e4253fca1c03097234253fb83c030792f42540261c0307e1b4253fa7dc030b8d142700318b8651eb80000000000000000000000000001a754,88
1100,pmu-4,2026-09-07T04:58:39.368471Z,1788757131,40000,40000,-11671.529,aa01005800016a9e448b00009c40000042b7f54d4007449042b7eb6a40090e7542b7fef84006b63542b801074009635142b80d7c4008564142b80e6e4007af31426ffa9938c30a3d000000000000000000000000000c7c47,88
1101,pmu-1,2026-09-07T04:58:39.368471Z,1788757131,200000,200000,-11831.529,aa01005800016a9e448b00030d40000042820115bfa4d5e34281fcfcbfa290cf42820a7cbf9ffd644281fa22bfa101b7428209bdbfa33db542820403bf9f818142700208381ccccd0000000000000000000000000008c1ee,88
1102,pmu-5,2026-09-07T04:58:39.368471Z,1788757131,540000,540000,-12171.529,aa01005800016a9e448b00083d6000004277fe15bfd2258942781916bfd2ea924278164bbfd3910542780381bfcef89c42780d42bfd1785a42780256bfd34311427002f6392851ec0000000000000000000000000003929a,88
1103,pmu-2,2026-09-07T04:58:39.368471Z,1788757131,460000,460000,-12091.529,aa01005800016a9e448b000704e000004253fb99c03159434253fdb6c03142b84253fac3c0306da54253fe6ec030c8db425400d2c03141a44253fa3ec0305fe0427002ee39110a3d00000000000000000000000000073e8a,88
1104,pmu-3,2026-09-07T04:58:39.4187988Z,1788757131,360000,360000,-11941.201,aa01005800016a9e448b00057e400000425ff523c019ad4c425ff594c0189e1e425ff8e9c017d627425ff454c018ed2e425ff8f0c018ec7b425ff6c0c019251d426ffb81b91b70a400000000000000000000000000023a9e,88
1105,pmu-3,2026-09-07T04:58:39.4187988Z,1788757131,380000,380000,-11961.201,aa01005800016a9e448b0005cc600000426bf98bc001cc6e426becdbbfffc0b1426bfbb9c000540d426bfc78c000d4a2426bfe0bc000f0a0426bef6dc00161cc426ffef2388cf5c30000000000000000000000000003abbd,88
1106,pmu-2,2026-09-07T04:58:39.4187988Z,1788757131,480000,480000,-12061.201,aa01005800016a9e448b000753000000425ff542c019769e426005e3c019ada042600227c01814b5426006cac0191cf9425ffb8cc0199fc2425fff6bc01879c2427008b838ed1eb800000000000000000000000000086845,88
1107,pmu-5,2026-09-07T04:58:39.4187988Z,1788757131,560000,560000,-12141.201,aa01005800016a9e448b00088b8000004282006cbfa1025042820804bfa3592442820d95bfa3fc8d428205cfbf9f2475428207dfbfa02c354281fea2bfa3e3cc426fffc9b882147b00000000000000000000000000041fa3,88
1108,pmu-1,2026-09-07T04:58:39.4187988Z,1788757131,220000,220000,-11801.201,aa01005800016a9e448b00035b6000004287fe0bbf68289d4287ffc8bf6239ee428808b6bf60becd4287f9f6bf62ca5442880b2abf650a42428804dabf5f9f77426ff68cb96b33330000000000000000000000000009b401,88
1109,pmu-4,2026-09-07T04:58:39.4187988Z,1788757131,60000,60000,-11641.201,aa01005800016a9e448b0000ea60000042bdf4cc401ed51342bdec7e4021c30042bdfb94401f07b042be02214021b31e42be125b4020a10e42be0c80401f459342700245391d1eb8000000000000000000000000000d04b1,88
1110,pmu-1,2026-09-07T04:58:39.4187988Z,1788757131,240000,240000,-11821.201,aa01005800016a9e448b0003a9800000428dfe8cbf098b51428dfc59beff84cf428e06b5befe87ed428dfe9abf03601b428e08e2bf0343e6428e0272befc977f427008f839bca3d7000000000000000000000000000a40f4,88
1111,pmu-4,2026-09-07T04:58:39.4187988Z,1788757131,80000,80000,-11661.201,aa01005800016a9e448b00013880000042c3f1884036ea6242c3edc8403a074742c3f91040369d0542c3ff4b403a373042c416a7403904a842c40add4037c6724270073938cae148000000000000000000000000000e00cc,88
1112,pmu-2,2026-09-07T04:58:39.4187988Z,1788757131,500000,500000,-12081.201,aa01005800016a9e448b0007a1200000426bf27fc001ac10426c0a1bc0017468426bf902c0006d77426c0814c00161fd426bf741c001cdf9426bfd60c00005cc426ff7d4b9acf5c300000000000000000000000000095afb,88
1113,pmu-5,2026-09-07T04:58:39.4187988Z,1788757131,580000,580000,-12161.201,aa01005800016a9e448b0008d9a000004287fe3abf62eff742880ae4bf66347342880a6ebf64f1404288028abf5d497b42880993bf61225b4287fdc7bf65b23b427000c437a0a3d7000000000000000000000000000579d5,88
1114,pmu-5,2026-09-07T04:58:39.4644117Z,1788757131,600000,600000,-12135.588,aa01005800016a9e448b000927c00000428dfc66bf026bbc428e0aefbf0365c3428e0a82bf026534428e0599bef8e389428e079bbf029d05428dff27bf044ddf426ff5e7b95e7ae10000000000000000000000000006ce6f,88
1115,pmu-3,2026-09-07T04:58:39.4644117Z,1788757131,400000,400000,-11935.588,aa01005800016a9e448b00061a8000004277f9bbbfd41ce94277edfabfcf46374277fd06bfcfa6cd4278068cbfd25066427801f1bfd0ed694277f32abfd3a1d9426ffd2fb81051ec000000000000000000000000000414eb,88
1116,pmu-1,2026-09-07T04:58:39.4644117Z,1788757131,260000,260000,-11795.588,aa01005800016a9e448b0003f7a000004293fc73be25ef664293fe6bbdee50054294072cbe028bf34293ff63be075cbf42940643be0a82fd42940240bdfe41b44270010db92228f6000000000000000000000000000b155d,88
1117,pmu-4,2026-09-07T04:58:39.4644117Z,1788757131,100000,100000,-11635.588,aa01005800016a9e448b000186a0000042480000c0490fdb42480000c0490fdb42480000c0490fdb42480000c0490fdb42480000c0490fdb42480000c0490fdb427000aab90651ec000000000000000000000000000f4a26,88
1118,pmu-2,2026-09-07T04:58:39.4644117Z,1788757131,520000,520000,-12055.588,aa01005800016a9e448b0007ef4000004277eaa8bfd2f74a42780771bfd2e7f64277ff09bfd00c0d42780754bfd1df474277f971bfd360ee4277f686bfcf9489426ffaee387e147b000000000000000000000000000a5749,88
1119,pmu-5,2026-09-07T04:58:39.4644117Z,1788757131,620000,620000,-12155.588,aa01005800016a9e448b000975e000004293fae7be0415fd42940efbbe0d9e2442940cfdbe06152942940823bdf3a0ef4294028cbe03abc242940194be0c06db426ff9323886e1480000000000000000000000000007da01,88
1120,pmu-1,2026-09-07T04:58:39.4651206Z,1788757131,280000,280000,-11814.879,aa01005800016a9e448b000445c000004299fa2f3e58a4b2429a01923e8a2ad0429a0a2e3e82a3df429a02223e751918429a03ff3e737824429a05633e841ef0426ffe9bb84851ec000000000000000000000000000c6db4,88
1121,pmu-3,2026-09-07T04:58:39.4651206Z,1788757131,420000,420000,-11954.879,aa01005800016a9e448b000668a000004281fb5dbfa3aaa74281f3e2bf9f5a624281fef5bfa0a2ff4282075ebfa354fe428205b7bfa188624281f5dbbfa349c6427005bd392f3333000000000000000000000000000503a0,88
1122,pmu-4,2026-09-07T04:58:39.4651206Z,1788757131,120000,120000,-11654.879,aa01005800016a9e448b0001d4c000004253fc7dc03094204254093ac0313af14253f800c0308fdd42540781c030d1194253f83fc031472742540741c030f6264270017c378666660000000000000000000000000000dd1c,88
1123,pmu-2,2026-09-07T04:58:39.4651206Z,1788757131,540000,540000,-12074.879,aa01005800016a9e448b00083d6000004281f2bbbfa2d58e42820052bfa1ca854281fee4bfa0b3dd4282089abfa1524d4281ff3abfa37b994281fd9dbf9e8a46426ff63db8c028f6000000000000000000000000000b26b5,88
1124,pmu-5,2026-09-07T04:58:39.5099502Z,1788757131,640000,640000,-12130.050,aa01005800016a9e448b0009c40000004299f73e3e7889ef429a110e3e6d9335429a0bbf3e81928d429a0bad3e881e57429a01303e7e497c429a042d3e78275d426ff610b88051ec000000000000000000000000000834c5,88
1125,pmu-1,2026-09-07T04:58:39.5105282Z,1788757131,300000,300000,-11789.472,aa01005800016a9e448b000493e00000429ffa483f16468542a001453f270c9142a00a573f22bab142a002643f1cd3f042a003953f1d020642a00a4f3f221ae5427009ee3967eb85000000000000000000000000000d179a,88
1126,pmu-3,2026-09-07T04:58:39.5105282Z,1788757131,440000,440000,-11929.472,aa01005800016a9e448b0006b6c000004287f6dbbf66014f4287f4cabf5bbf47428800e7bf6260374288073ebf653977428809cdbf64ec134287f2a0bf64ce77426fff9ab8fb5c2900000000000000000000000000068d76,88
1127,pmu-4,2026-09-07T04:58:39.5105282Z,1788757131,140000,140000,-11629.472,aa01005800016a9e448b000222e00000425ffda2c0180ed3426012c1c018d636425ff77fc0181d3e426011b6c0192c93425ff624c01948d3425fffeec018cf5542700030b7d47ae100000000000000000000000000015822,88
1128,pmu-2,2026-09-07T04:58:39.5105282Z,1788757131,560000,560000,-12049.472,aa01005800016a9e448b00088b8000004287f2cbbf63f4824287fe31bf62c2724287fe09bf5ec73342880968bf61bd5442880172bf68c64e4288012cbf5cd666426ff618b63d70a4000000000000000000000000000c09f9,88
1129,pmu-5,2026-09-07T04:58:39.5567459Z,1788757131,660000,660000,-12103.254,aa01005800016a9e448b000a12200000429ffb433f1e5c7942a00e013f1ac72542a00dfc3f22653c42a009a23f26165f429ffd553f1ff0a442a0054b3f1f3714427006a039a9999a00000000000000000000000000098977,88
1130,pmu-4,2026-09-07T04:58:39.5567459Z,1788757131,160000,160000,-11603.254,aa01005800016a9e448b000271000000426c02f6c000713b426c0910c0010d96426bfb60bfffeacf426c1488c0015d7b426bf8b4c001b464426c07edc0003897426fff57b78ae14800000000000000000000000000024d81,88
1131,pmu-3,2026-09-07T04:58:39.5567459Z,1788757131,460000,460000,-11903.254,aa01005800016a9e448b000704e00000428df444bf03abd3428df333bef87f3b428e016dbf0080e5428e09e6bf032976428e078ebf048216428dee8ebf034030427001fc384333330000000000000000000000000007ad3b,88
1132,pmu-1,2026-09-07T04:58:39.5567459Z,1788757131,320000,320000,-11763.254,aa01005800016a9e448b0004e200000042a5fd763f782be242a6044b3f84ae4942a607bc3f805c2c42a6024f3f7cf32042a6076e3f7b589942a6097c3f809e94427004e5b8ce3d71000000000000000000000000000e85ff,88
1133,pmu-5,2026-09-07T04:58:39.5567459Z,1788757131,680000,680000,-12123.254,aa01005800016a9e448b000a6040000042a5f96d3f7f2bbf42a60bac3f7b4ed142a60b3f3f81d6ea42a6092e3f83e94942a5fef33f803f0442a609553f7df74142700887381bd70a000000000000000000000000000a47aa,88
1134,pmu-2,2026-09-07T04:58:39.5567459Z,1788757131,580000,580000,-12023.254,aa01005800016a9e448b0008d9a00000428df3a0bf03c45c428dff88bf04b23c428dffb1befb6a40428e0bebbf02f16e428e02c9bf0608f0428e041bbef53c6442700418398f5c29000000000000000000000000000db4e6,88
1135,pmu-4,2026-09-07T04:58:39.5567459Z,1788757131,180000,180000,-11623.254,aa01005800016a9e448b0002bf2000004277fd2fbfd0f3ba42780f86bfd0e4924277ffbfbfd08bc842781338bfd19ed24277f378bfd29bc34278010abfcf3ea8426ff9f6b8dc51ec0000000000000000000000000003fac1,88
1136,pmu-3,2026-09-07T04:58:39.5567459Z,1788757131,480000,480000,-11923.254,aa01005800016a9e448b0007530000004293ef95be13221b4293f0febdf09b8b4293fe21be054c9e42940560be02ad2e4294040abe0aba434293eb80be10cb13426ffd65b8bc00000000000000000000000000000008e24e,88
1137,pmu-1,2026-09-07T04:58:39.5567459Z,1788757131,340000,340000,-11783.254,aa01005800016a9e448b00053020000042abfd333facf00042ac02a73fb5082e42ac0bbf3fb0938242ac04cd3fae529342ac071c3fae73e642ac096b3fafc5164270049eb6b5c28f000000000000000000000000000fef62,88
1138,pmu-2,2026-09-07T04:58:39.5567459Z,1788757131,600000,600000,-12043.254,aa01005800016a9e448b000927c000004293f009be040753429402b0be1a8988429402e8bdd6b84a429410f2be02101942940430be1422f94293ff40bdddf1bd427005f7381947ae000000000000000000000000000eebcb,88
1139,pmu-2,2026-09-07T04:58:39.6036572Z,1788757131,620000,620000,-12016.343,aa01005800016a9e448b000975e000004299eafc3e83125a4299fe643e5eb41f429a04a13e875670429a13c33e7a89e7429a065c3e6e8cad4299fdd13e885561426ff97ab97fc28f000000000000000000000000000fdf67,88
1140,pmu-5,2026-09-07T04:58:39.6036572Z,1788757131,700000,700000,-12096.343,aa01005800016a9e448b000aae60000042abf51b3fafecd942ac071d3fad27c242ac10183fb1db2b42ac062a3fb3196a42abfe0a3fb1040942ac04b13fafe39142700477b8a66666000000000000000000000000000bdb7d,88
1141,pmu-4,2026-09-07T04:58:39.6036572Z,1788757131,200000,200000,-11596.343,aa01005800016a9e448b00030d4000004281fe81bfa135fa428209c7bfa1bac342820150bfa13a9342820bd1bfa1bb964281f540bfa321134281fcb1bf9ecf8a426ffcb938623d7100000000000000000000000000046bfb,88
1142,pmu-1,2026-09-07T04:58:39.6036572Z,1788757131,360000,360000,-11756.343,aa01005800016a9e448b00057e40000042b1fd2b3fddee8542b1fe843fe44f6d42b209163fe1743a42b208283fdf160e42b207093fdd8e0142b20a3b3fe0e26e427003f0b75eb85200000000000000000000000000001ab8,88
1143,pmu-3,2026-09-07T04:58:39.6036572Z,1788757131,500000,500000,-11896.343,aa01005800016a9e448b0007a12000004299eb513e7056824299ee7e3e82658e4299f9c03e7fd75f429a09663e80dbf6429a03ae3e7339074299ef033e7a97ae426ffa60b8775c290000000000000000000000000009a105,88
1144,pmu-3,2026-09-07T04:58:39.6469585Z,1788757131,520000,520000,-11873.041,aa01005800016a9e448b0007ef400000429fec443f1c65f0429ff33e3f220792429ffb443f21407142a00ad03f22b1bf42a006623f1f101a429fec723f1d323742700428394851ec000000000000000000000000000af90d,88
1145,pmu-3,2026-09-07T04:58:39.6474935Z,1788757131,540000,540000,-11892.506,aa01005800016a9e448b00083d60000042a5ec253f7dcaef42a5f31a3f81366142a5f73e3f80237342a605de3f818c2142a603ea3f7f7d7442a5ebb63f7c9d7a426fffbbb8b547ae000000000000000000000000000bf837,88
1146,pmu-4,2026-09-07T04:58:39.6474935Z,1788757131,220000,220000,-11572.506,aa01005800016a9e448b00035b600000428801fdbf642094428806fbbf6228ce42880519bf6184cb428809c1bf6422c04287f4c6bf644ab54287f8cdbf5c1c8f426ff61db9075c290000000000000000000000000005ad6a,88
1147,pmu-1,2026-09-07T04:58:39.6474935Z,1788757131,380000,380000,-11732.506,aa01005800016a9e448b0005cc60000042b7fab240073e0a42b7fe544009f31e42b80d1a4009189d42b80ca540071fcd42b8030840076d9842b80b4440085392426ff8b1b96651ec000000000000000000000000000111eb,88
1148,pmu-5,2026-09-07T04:58:39.6474935Z,1788757131,720000,720000,-12072.506,aa01005800016a9e448b000afc80000042b1f1113fe1718342b202283fde5f4342b20b963fe10ab242b203153fe2403942b202eb3fe1b3f442b209513fe0af25426ff6b1b98d0a3d000000000000000000000000000c7263,88
1149,pmu-4,2026-09-07T04:58:39.6474935Z,1788757131,240000,240000,-11592.507,aa01005800016a9e448b0003a9800000428dfd27bf051ce1428e02fabf0269fb428e04e6befd5591428e060abf02e9c1428df8cfbf02ce8c428df9aebef5b9724270090339c1851f0000000000000000000000000006daa9,88
1150,pmu-2,2026-09-07T04:58:39.6474935Z,1788757131,640000,640000,-11992.506,aa01005800016a9e448b0009c4000000429feb183f23ee6242a000723f167b2b42a002f53f22da9942a012f73f1e138a42a0080e3f1bde1e429ffc543f24be48427009d339a76666000000000000000000000000000087c4,88
1151,pmu-5,2026-09-07T04:58:39.6474935Z,1788757131,740000,740000,-12092.507,aa01005800016a9e448b000b4aa0000042b7f0004008799742b8065d4007939f42b8080740083f2a42b806b14009193d42b80047400950a042b804c640088e52426fff8839350a3d000000000000000000000000000d6612,88
1152,pmu-2,2026-09-07T04:58:39.6474935Z,1788757131,660000,660000,-12012.507,aa01005800016a9e448b000a1220000042a5eaa13f83015f42a602ab3f77fb4942a601143f81136942a60e7b3f808ac642a603273f7d2c4642a5fcd93f83d577426ffdd0b97600000000000000000000000000000001cb67,88
1153,pmu-1,2026-09-07T04:58:39.6474935Z,1788757131,400000,400000,-11752.506,aa01005800016a9e448b00061a80000042bdf8c9401f8e4042bdf9df4021bb3e42be11c94020be1442be07d2401eec8242be06e3401f7d7b42be0f6b4020ca2c4270059639840a3d00000000000000000000000000028ac8,88
1154,pmu-5,2026-09-07T04:58:39.6929127Z,1788757131,760000,760000,-12067.087,aa01005800016a9e448b000b98c0000042bdeb7440213ada42be0a61401f9acf42be08d84021021142be037a40213a5342be03464020cec242be01ed402048c4426ffdfcb7fd70a4000000000000000000000000000e9f47,88
1155,pmu-4,2026-09-07T04:58:39.6929127Z,1788757131,260000,260000,-11567.087,aa01005800016a9e448b0003f7a000004293f843be182bc242940586bdfcbf744293ffecbdfeadce429401c7be0b70d44293f488be11512b4293f94dbde6027c426ff876b9a97ae10000000000000000000000000007dc15,88
1156,pmu-3,2026-09-07T04:58:39.6929127Z,1788757131,560000,560000,-11867.087,aa01005800016a9e448b00088b80000042abec303fae8f7042abee273fb1e3eb42abf73a3fb12ce442ac062a3fb2640742ac04e83faf936642abea583fadeffd427009ab394b851f000000000000000000000000000c019e,88
1157,pmu-1,2026-09-07T04:58:39.6929127Z,1788757131,420000,420000,-11727.087,aa01005800016a9e448b000668a0000042c3fb0240376d4442c3fcb4403a2edd42c4157a40386c5f42c40a8f4037aa8042c4029340375de842c40e0c4038ffb3427000a3b8cab85200000000000000000000000000033519,88
1158,pmu-2,2026-09-07T04:58:39.6929127Z,1788757131,680000,680000,-11987.087,aa01005800016a9e448b000a6040000042abeb443fb4035542ac003d3faccea442abfdf23fb12d0142ac0f573fb0642542ac03243fae245e42abfc7c3fb52b78426ffa91b884f5c30000000000000000000000000002571f,88
1159,pmu-5,2026-09-07T04:58:39.7383899Z,1788757131,780000,780000,-12041.610,aa01005800016a9e448b000be6e0000042c3e6744038efbc42c4054540376aaa42c40b9f4038fefc42c403a84038ed0242c4052640391a4942c3fe2940387258426ffce8b7b0a3d7000000000000000000000000000f1bf2,88
1160,pmu-1,2026-09-07T04:58:39.7383899Z,1788757131,440000,440000,-11701.610,aa01005800016a9e448b0006b6c0000042480000c0490fdb42480000c0490fdb42480000c0490fdb42480000c0490fdb42480000c0490fdb42480000c0490fdb4270090f392c7ae10000000000000000000000000004a7f0,88
1161,pmu-3,2026-09-07T04:58:39.7383899Z,1788757131,580000,580000,-11841.610,aa01005800016a9e448b0008d9a0000042b1e88d3fdf702842b1f1cb3fe232d042b1fac03fe148ce42b209e03fe31fb542b202853fe1049f42b1e8043fde3a5d427003e3b8eccccd000000000000000000000000000d4e16,88
1162,pmu-5,2026-09-07T04:58:39.7383899Z,1788757131,800000,800000,-12061.610,aa01005800016a9e448b000c3500000042480000c0490fdb42480000c0490fdb42480000c0490fdb42480000c0490fdb42480000c0490fdb42480000c0490fdb426ff79fb8d87ae10000000000000000000000000000b827,88
1163,pmu-1,2026-09-07T04:58:39.7383899Z,1788757131,460000,460000,-11721.610,aa01005800016a9e448b000704e000004253ff74c030d6bf4253fc05c03160ac425400efc03071604254075bc03076e7425406bec031696242540528c030cb3d426fff8cb942cccd0000000000000000000000000005acc2,88
1164,pmu-3,2026-09-07T04:58:39.7383899Z,1788757131,600000,600000,-11861.610,aa01005800016a9e448b000927c0000042b7eb294007ba9642b7f21140094ec642b7feb940087bbd42b80a314009ac9f42b7fd8140081ca042b7ec6240076e554270089338c00000000000000000000000000000000e4647,88
1165,pmu-2,2026-09-07T04:58:39.7383899Z,1788757131,700000,700000,-11961.610,aa01005800016a9e448b000aae60000042b1e7a43fe4a3a142b2015c3fdcaedf42b1ff9e3fe0dae042b212903fe0ba6142b202f33fde663942b1ffd93fe4b6a9427006603971d70a00000000000000000000000000036c95,88
1166,pmu-4,2026-09-07T04:58:39.7383899Z,1788757131,280000,280000,-11541.610,aa01005800016a9e448b000445c000004299f9ec3e667219429a08513e85c43b4299fec73e81057d429a032a3e7e14cb4299f5bb3e7337c64299fa203e82ab3e426fffe23918000000000000000000000000000000085c76,88
1167,pmu-2,2026-09-07T04:58:39.7383899Z,1788757131,720000,720000,-11981.610,aa01005800016a9e448b000afc80000042b7e7ff400b108f42b7fc6040069cf242b802b44008abf542b814a14008d9f342b8006c40072b3842b803c7400acd0d426ffefbb91770a40000000000000000000000000004c04b,88
1168,pmu-4,2026-09-07T04:58:39.7383899Z,1788757131,300000,300000,-11561.610,aa01005800016a9e448b000493e00000429ffd973f19add542a007f13f24624642a001993f237c1342a000233f2235d9429ff4353f1d6b89429ffa7d3f2396964270025a384a3d7100000000000000000000000000090f47,88
1169,pmu-5,2026-09-07T04:58:39.7844548Z,1788757131,820000,820000,-12035.545,aa01005800016a9e448b000c832000004253fa9cc030926342540629c031006b4254082ac0310e4742540431c030bd6042540770c0308d4942540204c0305ef4427000383930147b0000000000000000000000000001904c,88
1170,pmu-3,2026-09-07T04:58:39.7850764Z,1788757131,620000,620000,-11834.924,aa01005800016a9e448b000975e0000042bdef73402005ba42bdf1414021900342be03394020388842be09064021449842bdfb01401fe5f842bdebdb402021a042700536b889c28f000000000000000000000000000f9fa9,88
1171,pmu-1,2026-09-07T04:58:39.7850764Z,1788757131,480000,480000,-11694.924,aa01005800016a9e448b000753000000425ff7fec0193567425ffeb1c01971a8425ff748c018f1cb4260104fc018a432426002d3c0193b2242600d9ac0189f9c426ff8b4b90c28f600000000000000000000000000065635,88
1172,pmu-4,2026-09-07T04:58:39.7850764Z,1788757131,320000,320000,-11534.924,aa01005800016a9e448b0004e200000042a5fdab3f7be2ad42a606fe3f836a6b42a605263f81a3da42a5fed93f81f62542a5f6ba3f7b8c3042a5fe8c3f822cca426ff846b94e6666000000000000000000000000000aeef6,88
1173,pmu-2,2026-09-07T04:58:39.7850764Z,1788757131,740000,740000,-11954.924,aa01005800016a9e448b000b4aa0000042bde9124023162342bdfbec401ebc7e42be04454020efde42be117c4020e36542bdfd85401f3a7f42be011540227af2427007f63937eb8500000000000000000000000000054ce6,88
1174,pmu-3,2026-09-07T04:58:39.8361236Z,1788757131,640000,640000,-11803.876,aa01005800016a9e448b0009c400000042c3f1ac4037e30142c3f495403a49b742c400d84038dcd542c40b8c4039471742c3f61e4037cbe842c3eda24038122c426ff93eb9751eb800000000000000000000000000002657,88
1175,pmu-1,2026-09-07T04:58:39.8361236Z,1788757131,500000,500000,-11663.876,aa01005800016a9e448b0007a1200000426bf54dc000f4e0426bfe8fc00116d6426bf017c001262b426c0a8cc0003d3a426c0a53c0017bd4426c0742c00057b8427000063915eb850000000000000000000000000007d7f6,88
1176,pmu-5,2026-09-07T04:58:39.8361236Z,1788757131,840000,840000,-12003.876,aa01005800016a9e448b000cd1400000425ff19cc017d47f42600f8cc01841ef425ffe8ac019827f42600389c018b0f842600502c0180bdb42600a5fc017eb5f426ffe8db808a3d700000000000000000000000000020a8c,88
1177,pmu-3,2026-09-07T04:58:39.8361236Z,1788757131,660000,660000,-11823.876,aa01005800016a9e448b000a1220000042480000c0490fdb42480000c0490fdb42480000c0490fdb42480000c0490fdb42480000c0490fdb42480000c0490fdb4270095b39a500000000000000000000000000000001447b,88
1178,pmu-2,2026-09-07T04:58:39.8361236Z,1788757131,760000,760000,-11923.876,aa01005800016a9e448b000b98c0000042c3ebc4403b955e42c3fbe54036a15742c405704038a30042c4120540393c0142c400524037a19642c403cd403ac2a74270032cb8c428f6000000000000000000000000000627b5,88
1179,pmu-1,2026-09-07T04:58:39.8361236Z,1788757131,520000,520000,-11683.876,aa01005800016a9e448b0007ef4000004277fbc0bfd2afd84278044cbfd325074277eb8cbfd2041f427809f1bfd113444278044dbfd2624242780695bfcf3a364270081c3925999a0000000000000000000000000008ef3c,88
1180,pmu-4,2026-09-07T04:58:39.8361236Z,1788757131,340000,340000,-11503.876,aa01005800016a9e448b00053020000042abfe623faf4a4842ac08993fb4a48542ac004f3fb1d03a42ac03df3fb33e0c42abf3ba3fad713942abfd0f3fb16b9e4270074139996666000000000000000000000000000b8d0b,88
1181,pmu-5,2026-09-07T04:58:39.8361236Z,1788757131,860000,860000,-12023.876,aa01005800016a9e448b000d1f600000426bfb8cbfffa499426c16a0bffefce7426c06bec0019576426c0124c000f690426c034ac000833c426c0177bfffd2e4426ffc1bb84851ec0000000000000000000000000003288c,88
1182,pmu-4,2026-09-07T04:58:39.8361236Z,1788757131,360000,360000,-11523.876,aa01005800016a9e448b00057e40000042b1fa163fde6cde42b207ab3fe406ca42b1fb633fe1324642b208443fe386b442b1f0b93fded7f842b1fad93fe2e143426ff9d2b9898f5c000000000000000000000000000c43a9,88
1183,pmu-2,2026-09-07T04:58:39.8361236Z,1788757131,780000,780000,-11943.876,aa01005800016a9e448b000be6e0000042480000c0490fdb42480000c0490fdb42480000c0490fdb42480000c0490fdb42480000c0490fdb42480000c0490fdb426fff48b89f5c290000000000000000000000000007fd8b,88
1184,pmu-3,2026-09-07T04:58:39.8820662Z,1788757131,680000,680000,-11797.934,aa01005800016a9e448b000a604000004253fd2bc03180d24253f7c1c030de784253f7e4c03140bb4253fae2c0307a164254091dc0313400425408a9c0318376426ff631b9c43d7100000000000000000000000000021a1f,88
1185,pmu-4,2026-09-07T04:58:39.8820662Z,1788757131,380000,380000,-11497.934,aa01005800016a9e448b0005cc60000042b7f55140071f7d42b8071a4009f32942b7fc9440084ee242b80356400a24be42b7edf14007f1aa42b7fa0540097b164270036439440000000000000000000000000000000da9cd,88
1186,pmu-1,2026-09-07T04:58:39.8820662Z,1788757131,540000,540000,-11657.934,aa01005800016a9e448b00083d6000004282015ebfa3109d4282026bbfa1ca814281f3c7bfa2a26f42820980bfa19d994281ffb7bfa2ae68428207e7bf9df62b426ffc3bb97347ae0000000000000000000000000009f8a7,88
1187,pmu-2,2026-09-07T04:58:39.8820662Z,1788757131,800000,800000,-11917.934,aa01005800016a9e448b000c3500000042540378c0317e2a4253f5c3c0306b094253fcd2c031508342540377c03071be42540421c030f5ff4253f7e2c030722a4270007a37c3d70a00000000000000000000000000084988,88
1188,pmu-5,2026-09-07T04:58:39.8820662Z,1788757131,880000,880000,-11997.934,aa01005800016a9e448b000d6d8000004277ff4fbfd01ff8427815f6bfcf3c034277fec1bfd1f4384277f9e7bfd0e82f42780227bfd196054277f74ebfcee3df426ffc19b423d70a0000000000000000000000000004f794,88
1189,pmu-5,2026-09-07T04:58:39.9379123Z,1788757131,900000,900000,-11962.088,aa01005800016a9e448b000dbba000004281fc12bf9f02cf42820dcbbf9eae4b42820122bfa178a94281fe36bfa07c684282051abfa261464281fbe7bf9d878742700473392b0a3d0000000000000000000000000005803f,88
1190,pmu-3,2026-09-07T04:58:39.9379123Z,1788757131,700000,700000,-11762.088,aa01005800016a9e448b000aae600000425ff93ac0194715425ffa97c018a2e1425ffb06c0194c22425ff1dec018c82c42600e52c0192dce42600227c018e92642700251397851ec00000000000000000000000000033ff8,88
1191,pmu-5,2026-09-07T04:58:39.9379123Z,1788757131,920000,920000,-11982.088,aa01005800016a9e448b000e09c000004287fb4fbf5e503c42880b4bbf5c2c644287ff49bf60bac242880352bf5ff4dc428803a5bf650d904287f9b5bf5c1213426ffdc9b9087ae10000000000000000000000000006f76e,88
1192,pmu-4,2026-09-07T04:58:39.9379123Z,1788757131,400000,400000,-11462.088,aa01005800016a9e448b00061a80000042bdf272401eb60642be08114021d38142bdfa834020c69d42bdfeb5402250e642bded08401fc22b42bdf8804021a8094270098538fb0a3d000000000000000000000000000efcb1,88
1193,pmu-2,2026-09-07T04:58:39.9379123Z,1788757131,820000,820000,-11882.088,aa01005800016a9e448b000c8320000042600127c019003c425feccfc017a6e442600364c019a5d4425fff7bc0184e81425ffbe5c01904fb425ff09fc0181a9b426ff99db90c8f5c000000000000000000000000000973b2,88
1194,pmu-1,2026-09-07T04:58:39.9379123Z,1788757131,560000,560000,-11622.088,aa01005800016a9e448b00088b800000428801c5bf67674a428804debf63a58b4287f561bf6574d842880be0bf62601f4287ffd0bf67406742880b54bf5b004d427001da38e63d71000000000000000000000000000a2fde,88
1195,pmu-3,2026-09-07T04:58:39.9379123Z,1788757131,720000,720000,-11782.088,aa01005800016a9e448b000afc800000426bf3c2c0011f4b426bfdd2c000a35d426c0051c0015f89426bf998c0012699426c0a09c00138de426bf84ac0006b3f427004f63858a3d700000000000000000000000000042718,88
1196,pmu-4,2026-09-07T04:58:39.9384283Z,1788757131,420000,420000,-11481.572,aa01005800016a9e448b000668a0000042c3ed5a4036fa5a42c403f0403a5c2042c3f8614039688b42c400c0403aeac042c3f06a4037b28b42c3f9b6403a077f426ffaecb9957ae1000000000000000000000000000f4b0d,88
1197,pmu-1,2026-09-07T04:58:39.9384283Z,1788757131,580000,580000,-11641.572,aa01005800016a9e448b0008d9a00000428dfe77bf04671e428e00a6bf00ac9d428df90dbf04615e428e0c4bbf01015d428e00cabf084a25428e0e72bef488234270051638847ae1000000000000000000000000000b6c58,88
1198,pmu-2,2026-09-07T04:58:39.9384283Z,1788757131,840000,840000,-11901.572,aa01005800016a9e448b000cd1400000426c0247c000bef5426bf1b6bffe1970426bfd70c001ba22426c096bc000c42c426bf37ec0014e4c426be7cebffefb82427002ce393c3d71000000000000000000000000000aca29,88
1199,pmu-3,2026-09-07T04:58:39.9839526Z,1788757131,740000,740000,-11756.047,aa01005800016a9e448b000b4aa000004277f074bfd0e65d4277f75dbfd146c14277f86fbfd2d6a84277f991bfd160ff42780afebfd2c68b42780197bfd08114427006fe382666660000000000000000000000000005d42a,88
1200,pmu-3,2026-09-07T04:58:39.9839526Z,1788757131,760000,760000,-11776.047,aa01005800016a9e448b000b98c000004281f88fbf9fbb954281fa9dbfa0aa654281fda5bfa3da124281fe44bfa11780428200f0bfa1583d4281fe2dbfa13aac427002fcb8a428f600000000000000000000000000069eda,88
1201,pmu-2,2026-09-07T04:58:39.9839526Z,1788757131,860000,860000,-11876.047,aa01005800016a9e448b000d1f6000004277ff3ebfd242ba4277e992bfceef124277fea0bfd374a24277ffb0bfd244194277ed72bfd2157f4277ea87bfce7b454270079138c30a3d000000000000000000000000000bc003,88
1202,pmu-1,2026-09-07T04:58:39.9839526Z,1788757131,600000,600000,-11616.047,aa01005800016a9e448b000927c000004293f9f4be1439814294051ebe04be864293fc96be0b7f8e42940748be0baa0c42940510be20b28c4294126ebdcd956b426ff958b9707ae1000000000000000000000000000c5b06,88
1203,pmu-5,2026-09-07T04:58:39.9839526Z,1788757131,940000,940000,-11956.047,aa01005800016a9e448b000e57e00000428e003bbefd8176428e0e6bbef271cd428e010ebf02a0e8428e075fbf011771428dffb7bf0653e8428df86dbef61533426ff74eb904b85200000000000000000000000000076563,88
1204,pmu-4,2026-09-07T04:58:39.9839526Z,1788757131,440000,440000,-11456.047,aa01005800016a9e448b0006b6c0000042480000c0490fdb42480000c0490fdb42480000c0490fdb42480000c0490fdb42480000c0490fdb42480000c0490fdb4270035a392ca3d700000000000000000000000000004d85,88
1205,pmu-5,2026-09-07T04:58:39.984462Z,1788757131,960000,960000,-11975.538,aa01005800016a9e448b000ea60000004293fcbfbdde033442941341bdb144e14293ff33be0638724294039dbe03f1d14293fe1fbe14689a4293fb47bde3b45a427006243997eb8500000000000000000000000000084cf4,88
1206,pmu-1,2026-09-07T04:58:39.984462Z,1788757131,620000,620000,-11635.538,aa01005800016a9e448b000975e000004299f8103e749c46429a0a033e7bc8ca429a01aa3e72def0429a066f3e7e7f94429a07263e5f2047429a17263e927177426ffed838e147ae000000000000000000000000000d936c,88
1207,pmu-4,2026-09-07T04:58:39.984462Z,1788757131,460000,460000,-11475.538,aa01005800016a9e448b000704e000004253f610c030e2ba425400bac030ff9942540358c030c6c44253f65ec03154694253fccfc03165cb42540a33c0315410426ffbc1b91b999a0000000000000000000000000001558a,88
1208,pmu-2,2026-09-07T04:58:39.984462Z,1788757131,880000,880000,-11895.538,aa01005800016a9e448b000d6d8000004281fc77bfa2402c4281f8febf9ee86b4282045bbfa442e342820044bfa177054281fa57bfa2bb874281f601bf9e2393427009873820a3d7000000000000000000000000000c5e6a,88
1209,pmu-3,2026-09-07T04:58:40.034908Z,1788757131,780000,780000,-11745.092,aa01005800016a9e448b000be6e000004287f4bcbf5f28414287fcb2bf634d194287f9dabf6697254287fb57bf63c8114288004dbf6447c842880015bf60822f4270047637f1eb8500000000000000000000000000076f38,88
1210,pmu-5,2026-09-07T04:58:40.034908Z,1788757131,980000,980000,-11945.092,aa01005800016a9e448b000ef42000004299f9563e8c739a429a13663e97ff304299fbf43e7b82b7429a00aa3e793cab4299fe563e71a3644299f9013e8bad1542700554b7851eb80000000000000000000000000009f63b,88
1211,pmu-4,2026-09-07T04:58:40.034908Z,1788757131,480000,480000,-11445.092,aa01005800016a9e448b000753000000425ff497c0186f7f42600a5ec01962b242600975c0187365425fee37c019255542600463c0195ce042600375c019adcf42700838397f47ae000000000000000000000000000217d2,88
1212,pmu-1,2026-09-07T04:58:40.034908Z,1788757131,640000,640000,-11605.092,aa01005800016a9e448b0009c4000000429ff38c3f20262942a00cab3f204109429ffe553f1f528b42a007593f1e3e5a42a007d93f167bb042a0120a3f291ab84270065239191eb8000000000000000000000000000e4428,88
1213,pmu-2,2026-09-07T04:58:40.034908Z,1788757131,900000,900000,-11865.092,aa01005800016a9e448b000dbba000004287f8b6bf63ebcb4287f81cbf5fda1b428805b3bf692cf44287fc71bf61a81f4287f5eebf644ba94287f76abf5b3e09426ff741b9bb1eb8000000000000000000000000000d076d,88
1214,pmu-5,2026-09-07T04:58:40.034908Z,1788757132,0,0,-11965.092,aa01005800016a9e448c000000000000429ffd793f24a3d142a012df3f2e11d6429ffadc3f1e6e06429ffbda3f1e1b2742a0004a3f1f207f429ff84e3f23ec31426ff92fb978b852000000000000000000000000000ad62a,88
1215,pmu-5,2026-09-07T04:58:40.0849423Z,1788757132,20000,20000,-11935.058,aa01005800016a9e448c00004e20000042a600da3f82978642a610003f865b3f42a5feae3f8020ac42a5fd713f7d8a9342a604fe3f7d494542a5f9483f831156426ff62fb875c28f000000000000000000000000000bf12c,88
1216,pmu-1,2026-09-07T04:58:40.0849423Z,1788757131,660000,660000,-11575.058,aa01005800016a9e448b000a1220000042a5f07e3f7ff2d342a609553f80350342a5fcd03f805a5a42a6077b3f809c6c42a60c053f77dbe342a613aa3f8555194270001cb8fe6666000000000000000000000000000f30cf,88
1217,pmu-3,2026-09-07T04:58:40.0849423Z,1788757131,800000,800000,-11715.058,aa01005800016a9e448b000c35000000428df0d1bf00553d428df8c2bf00d87e428dfa55bf040d57428dfc6bbf045d72428dfc04bf01c818428dfdb8bf0219e4426ff899b972f5c3000000000000000000000000000855a0,88
1218,pmu-5,2026-09-07T04:58:40.0855478Z,1788757132,40000,40000,-11954.452,aa01005800016a9e448c00009c40000042ac005c3fb313a942ac0c2c3fb6717642ac03653fb177bc42abfa9b3fafd40242ac09393faee3a142abf5493fb3b4bc427009e739c9eb85000000000000000000000000000caad8,88
1219,pmu-1,2026-09-07T04:58:40.0855478Z,1788757131,680000,680000,-11594.452,aa01005800016a9e448b000a6040000042abf3de3fb058b042ac06a93fb039c942abfb1d3fafe6f642ac03e33fb04b3642ac0d4d3fac628542ac15283fb54f4a427002a4384f5c2900000000000000000000000000004354,88
1220,pmu-2,2026-09-07T04:58:40.0855478Z,1788757131,920000,920000,-11834.452,aa01005800016a9e448b000e09c00000428df413bf05cd6c428df9c2befdcbe7428e026cbf0937b0428e014bbf013073428df9fbbf05f468428df2e6bef1132d426ff97a3836147b000000000000000000000000000ef4ee,88
1221,pmu-4,2026-09-07T04:58:40.0855478Z,1788757131,500000,500000,-11414.452,aa01005800016a9e448b0007a1200000426bf5c5c00066e6426c09b0c0015b75426c0f0cc000aaeb426beaf6c001a15c426bfb4bc000bad5426c045bc00161d7426ff90cb99b5c290000000000000000000000000003f3a0,88
1222,pmu-4,2026-09-07T04:58:40.0855478Z,1788757131,520000,520000,-11434.452,aa01005800016a9e448b0007ef4000004277fffebfd10d44427802adbfd377c4427814fabfd128484277f0d5bfd2b6ae42780045bfd1fe7442780b34bfd157ef42700821399a70a400000000000000000000000000049929,88
1223,pmu-3,2026-09-07T04:58:40.0855478Z,1788757131,820000,820000,-11734.452,aa01005800016a9e448b000c832000004293f396be0749884293f560bdf1d4d74293ff02be102b2c4293fde2be0ad977429400c3be0239d54293fcbfbe0b11e0426ff6dfb80d70a4000000000000000000000000000930cf,88
1224,pmu-2,2026-09-07T04:58:40.0855478Z,1788757131,940000,940000,-11854.452,aa01005800016a9e448b000e57e000004293f2fcbe117cbc4293f526bde8483d4293fe7ebe29a6ae42940073bdf99dd14293fd36be1a0cbc4293f5a4bdc43c2b426fffa538fca3d7000000000000000000000000000f85ec,88
1225,pmu-5,2026-09-07T04:58:40.1330478Z,1788757132,60000,60000,-11926.952,aa01005800016a9e448c0000ea60000042b1fec13fe214d342b20ef63fe7208a42b203a53fe1fc1d42b1f6763fe1271742b20a3a3fdf0ba042b1f6853fe2b4bd426ffdd9b976e148000000000000000000000000000d7dae,88
1226,pmu-4,2026-09-07T04:58:40.1330478Z,1788757131,540000,540000,-11406.952,aa01005800016a9e448b00083d6000004281fdfbbfa0e7ee4281fe12bfa46657428206c9bfa1f61d4281f557bfa2e3a64282052ebfa0ab3b42820769bfa108424270092937a8f5c300000000000000000000000000052772,88
1227,pmu-2,2026-09-07T04:58:40.1330478Z,1788757131,960000,960000,-11826.952,aa01005800016a9e448b000ea60000004299f0a93e6d9e164299f60c3e86028e4299f9973e5ab2954299fc3d3e8585084299fa2e3e6409474299f8603e950bc7426ffa96b8cf333300000000000000000000000000002509,88
1228,pmu-3,2026-09-07T04:58:40.1330478Z,1788757131,840000,840000,-11706.952,aa01005800016a9e448b000cd14000004299f34f3e7e6fbd4299f8f33e8907c44299fef43e688acc4299fa5e3e7be1414299fdcc3e83f8894299ff753e7fa132426ff673b70a3d71000000000000000000000000000a0b74,88
1229,pmu-1,2026-09-07T04:58:40.1330478Z,1788757131,700000,700000,-11566.952,aa01005800016a9e448b000aae60000042b1ef1a3fe02cae42b209873fdfd04c42b1faee3fdfba6f42b201183fdfaff642b2095a3fdcf09e42b2168e3fe61c97426ffe7ab8aa8f5c000000000000000000000000000146e1,88
1230,pmu-4,2026-09-07T04:58:40.1336013Z,1788757131,560000,560000,-11426.399,aa01005800016a9e448b00088b8000004287fc0fbf62c0334287fb5ebf69696142880624bf61d7584287f5d2bf66e63d4288001ebf5e61e4428805e7bf5f1777426ffee8b952000000000000000000000000000000065836,88
1231,pmu-2,2026-09-07T04:58:40.1336013Z,1788757131,980000,980000,-11846.399,aa01005800016a9e448b000ef4200000429ff56d3f1a988b429ff1d93f24edb8429ffc0d3f156cfb429ffab23f2505c3429ff9c03f1b8ff7429ff84d3f2911d3426ff71db88e3d7100000000000000000000000000018ff4,88
1232,pmu-3,2026-09-07T04:58:40.1762918Z,1788757131,860000,860000,-11683.708,aa01005800016a9e448b000d1f600000429ff6bf3f21ee24429ff9703f25d87142a003413f19a886429ff7fd3f2045fe429ffb8f3f23cd0742a000bb3f20ef41426ff6cb36e147ae000000000000000000000000000b69bc,88
1233,pmu-1,2026-09-07T04:58:40.1762918Z,1788757131,720000,720000,-11543.708,aa01005800016a9e448b000afc80000042b7f35840087b2142b80b0b40077a1d42b7f5df4007dea242b8029b400853a742b80c3d40062df942b816d7400abd26427007cb393ecccd000000000000000000000000000213b7,88
1234,pmu-5,2026-09-07T04:58:40.1762918Z,1788757132,80000,80000,-11903.708,aa01005800016a9e448c00013880000042b800034008bd2d42b80c40400b747f42b8044440097a8f42b7f69a40092c8e42b809bd4007719242b7f6bb4009af4c426ff71cb90a0000000000000000000000000000000e6002,88
1235,pmu-3,2026-09-07T04:58:40.1762918Z,1788757131,880000,880000,-11703.708,aa01005800016a9e448b000d6d80000042a5f86b3f804df542a5fb013f82162b42a5fec43f7a48c142a5fb723f80193642a5f67d3f82802742a605503f81c0b6426ffd163900e148000000000000000000000000000cd6e6,88
1236,pmu-2,2026-09-07T04:58:40.1762918Z,1788757132,0,0,-11823.708,aa01005800016a9e448c00000000000042a5f1d53f7ababb42a5f2613f81ed7342a5f7a03f7392df42a5fe6f3f8192de42a5f9a93f7ea19e42a5f3513f84542f4270097839bbf5c30000000000000000000000000002206c,88
1237,pmu-1,2026-09-07T04:58:40.1762918Z,1788757131,740000,740000,-11563.708,aa01005800016a9e448b000b4aa0000042bdf23c4020f59242be09db401f4f4a42bdf0d0401ffe8042be05734020960042be0faa401e303342be13f540231f7342700002b91f70a400000000000000000000000000038f0e,88
1238,pmu-4,2026-09-07T04:58:40.1762918Z,1788757131,580000,580000,-11403.708,aa01005800016a9e448b0008d9a00000428dfdbdbf01577b428dfcb2bf099fe0428e0355bf017413428df725bf05f62a428e011dbf000c70428e0245befaa3bb426ff690b92ae1480000000000000000000000000007e3b1,88
1239,pmu-2,2026-09-07T04:58:40.1762918Z,1788757132,20000,20000,-11843.708,aa01005800016a9e448c00004e20000042abed163facf86f42abf2813fb356e042abf9273faae18a42abf9903fb0d17f42abfc233fae584b42abf4b93fb584ed426ff87bb9adf5c30000000000000000000000000003201e,88
1240,pmu-5,2026-09-07T04:58:40.1762918Z,1788757132,100000,100000,-11923.708,aa01005800016a9e448c000186a0000042bdfd624020c33c42be0d0d402316da42be06c34021fc3842bdf5204021331542be0cfc402012dd42bdf43c40221c35426ff7873708f5c3000000000000000000000000000fd5ad,88
1241,pmu-3,2026-09-07T04:58:40.2183221Z,1788757131,900000,900000,-11681.678,aa01005800016a9e448b000dbba0000042abf8c33fb0391242abf91c3fb1117e42abfbd73fade1c742abfcdc3faf399e42abf4b83fb293ce42ac04373fb145244270017238b28f5c000000000000000000000000000d3be9,88
1242,pmu-1,2026-09-07T04:58:40.2190262Z,1788757131,760000,760000,-11540.974,aa01005800016a9e448b000b98c0000042c3f62e4038d7c742c40ef24037633542c3f38e4038029942c403694038377c42c413ed4036107f42c4160d403b2668426ff97ab905c28f00000000000000000000000000044423,88
1243,pmu-4,2026-09-07T04:58:40.2190262Z,1788757131,600000,600000,-11380.974,aa01005800016a9e448b000927c000004294008dbe0313144293fdd2be254f8b4294062dbdf8c7ea4293f2d3be106c5542940626be06f9db4293ff3bbdf1c05d4270068539a3666600000000000000000000000000087a4f,88
1244,pmu-2,2026-09-07T04:58:40.2190262Z,1788757132,40000,40000,-11820.974,aa01005800016a9e448c00009c40000042b1ec683fde1b4142b1f08e3fe360b542b1f7323fdabc5a42b1fa113fe023c942b1ffe93fde558c42b1f5103fe66eed426ffba53881999a0000000000000000000000000004321a,88
1245,pmu-5,2026-09-07T04:58:40.2190262Z,1788757132,120000,120000,-11900.974,aa01005800016a9e448c0001d4c0000042c3ffa540385f3342c40d86403b880b42c403594039df2542c3f7c54039ea8e42c40eac4037f5d242c3f460403a80bd427000fe3941d70a00000000000000000000000000003e02,88
1246,pmu-3,2026-09-07T04:58:40.2683447Z,1788757131,920000,920000,-11651.655,aa01005800016a9e448b000e09c0000042b1fb3e3fe179ef42b1fb8d3fe28d2342b1faf63fde57e042b1fb293fe0534742b1eff93fe3f6ca42b202663fe135c1427003463815c28f000000000000000000000000000ef051,88
1247,pmu-2,2026-09-07T04:58:40.2683447Z,1788757132,60000,60000,-11791.655,aa01005800016a9e448c0000ea60000042b7ea0240074e3742b7ef654009b24542b7f6d34005a2e242b7fc4540088a0e42b7faf14006b74c42b7f194400acb04426fff353891eb850000000000000000000000000005cb22,88
1248,pmu-1,2026-09-07T04:58:40.2683447Z,1788757131,780000,780000,-11511.655,aa01005800016a9e448b000be6e0000042480000c0490fdb42480000c0490fdb42480000c0490fdb42480000c0490fdb42480000c0490fdb42480000c0490fdb4270050b396ce14800000000000000000000000000055bc0,88
1249,pmu-4,2026-09-07T04:58:40.2683447Z,1788757131,620000,620000,-11351.655,aa01005800016a9e448b000975e00000429a03673e7555ee4299fbf33e5d186c429a07e93e8420934299f7e13e6c6108429a08913e73e5bb429a03233e82f7b84270056cb7b3d70a00000000000000000000000000099120,88
1250,pmu-5,2026-09-07T04:58:40.2683447Z,1788757132,140000,140000,-11871.655,aa01005800016a9e448c000222e0000042480000c0490fdb42480000c0490fdb42480000c0490fdb42480000c0490fdb42480000c0490fdb42480000c0490fdb4270087839191eb800000000000000000000000000017ed0,88
1251,pmu-3,2026-09-07T04:58:40.2683447Z,1788757131,940000,940000,-11671.655,aa01005800016a9e448b000e57e0000042b7ff0f4008ad7942b7f7ea4009c95c42b7f6734006e01242b8002f4007ce7c42b7edd0400a2c1d42b804014008f0f7426ff949b94c8f5c000000000000000000000000000f18d8,88
1252,pmu-2,2026-09-07T04:58:40.2683447Z,1788757132,80000,80000,-11811.655,aa01005800016a9e448c00013880000042bdeda7401fa56242bdf0d740223f2142bdf611401d4dad42bdf74d402060a942bdfb6d401f750d42bdee9540230fa24270035138a851ec0000000000000000000000000006e096,88
1253,pmu-1,2026-09-07T04:58:40.2683447Z,1788757131,800000,800000,-11531.655,aa01005800016a9e448b000c3500000042540995c03134664253fc4dc0306eea42540519c0313d8d4254012bc03109ae4253fcc2c0313c334253fb31c0306322427000afb8b28f5c0000000000000000000000000006e9ed,88
1254,pmu-4,2026-09-07T04:58:40.2683447Z,1788757131,640000,640000,-11371.655,aa01005800016a9e448b0009c400000042a001133f1d1878429ff6df3f1907fc42a00b633f24e4db429ffbb93f1b2d1642a0043b3f1b999242a005443f2306bd426ff9fdb96a28f6000000000000000000000000000a0c2b,88
1255,pmu-5,2026-09-07T04:58:40.2688604Z,1788757132,160000,160000,-11891.140,aa01005800016a9e448c0002710000004253f83cc031505a4253fecec03055fe4253f735c0318e134253f657c0316a1d4254082ac030f8024253fbfdc03063fc427007f5b727ae140000000000000000000000000002ec6c,88
1256,pmu-3,2026-09-07T04:58:40.3145004Z,1788757131,960000,960000,-11645.500,aa01005800016a9e448b000ea600000042bdfa134020349142bdfc2e4021972842bdf53f401f6fd542be01a340207da042bdf0d34022e8a542be06654020d33e426ffb09380f5c2900000000000000000000000000001a53,88
1257,pmu-3,2026-09-07T04:58:40.3151917Z,1788757131,980000,980000,-11664.808,aa01005800016a9e448b000ef420000042c3f71b4038f5d242c3f8b34039879042c3f4ec4037191642c3ff9f40382e4d42c3f009403b969b42c407ae403852464270020c390f999a000000000000000000000000000163af,88
1258,pmu-4,2026-09-07T04:58:40.3151917Z,1788757131,660000,660000,-11344.808,aa01005800016a9e448b000a1220000042a603f43f7e5e0642a5f3c73f7b25b542a60b863f82195142a5fb9c3f7d364a42a600e33f7e19db42a604fc3f812bd2427000c8390b1eb8000000000000000000000000000bfb9f,88
1259,pmu-1,2026-09-07T04:58:40.3151917Z,1788757131,820000,820000,-11504.808,aa01005800016a9e448b000c8320000042600d95c0191510425ff345c0184e0c425fff15c0197532426001e8c018cecb42600275c019ac56425ffb28c018bbf342700028b72ccccd00000000000000000000000000072f26,88
1260,pmu-2,2026-09-07T04:58:40.3151917Z,1788757132,100000,100000,-11784.808,aa01005800016a9e448c000186a0000042c3ef704038268942c3f092403a174b42c3faa1403543ef42c3f5594038ff2742c3fa464037943542c3f2c1403acb96426ff78ab97133330000000000000000000000000007c5c8,88
1261,pmu-5,2026-09-07T04:58:40.3151917Z,1788757132,180000,180000,-11864.808,aa01005800016a9e448c0002bf200000425ff8a3c0191c4e426001ccc01885c9425ffe9dc019e85c425ff511c019211642601052c018e1f3425ffa1ec018158e426ffb72b9801eb80000000000000000000000000003737c,88
1262,pmu-4,2026-09-07T04:58:40.3151917Z,1788757131,680000,680000,-11364.808,aa01005800016a9e448b000a6040000042ac02dc3faf413042abf0c13fae4b8842ac104e3fb1303e42abf93b3fb0120242abfbdf3fae58b242ac056a3fb08f9c4270048f389ab852000000000000000000000000000c1520,88
1263,pmu-1,2026-09-07T04:58:40.3151917Z,1788757131,840000,840000,-11524.808,aa01005800016a9e448b000cd1400000426c114ec0012196426bf9ecc000b3cb426bfbdcc000cadd426bfc87c000b9b5426c07c9c00108d6426bf19ac0007ce74270039f388deb85000000000000000000000000000869d9,88
1264,pmu-5,2026-09-07T04:58:40.3151917Z,1788757132,200000,200000,-11884.808,aa01005800016a9e448c00030d400000426bf671c0011df3426c029fc0005368426c07c5c0019e7e426beb8dc00078af426c087ec0001e04426bf6fdc00009054270089d3986d70a00000000000000000000000000041ff7,88
1265,pmu-2,2026-09-07T04:58:40.3151917Z,1788757132,120000,120000,-11804.808,aa01005800016a9e448c0001d4c0000042480000c0490fdb42480000c0490fdb42480000c0490fdb42480000c0490fdb42480000c0490fdb42480000c0490fdb4270025e395dc28f00000000000000000000000000087035,88
1266,pmu-4,2026-09-07T04:58:40.3666607Z,1788757131,700000,700000,-11333.339,aa01005800016a9e448b000aae60000042b1ffac3fdfce4442b1f1503fde86de42b212343fe238af42b1fb4e3fe0be5442b1f7423fdf8d2342b206993fe199b1426ffbecb930e148000000000000000000000000000d0818,88
1267,pmu-1,2026-09-07T04:58:40.3666607Z,1788757131,860000,860000,-11493.339,aa01005800016a9e448b000d1f6000004278155abfd1a637427800b4bfd0e0264277fc30bfd0c32042780443bfd03a17427809febfd24ad74277f6c5bfd08f024270075838987ae100000000000000000000000000092d70,88
1268,pmu-5,2026-09-07T04:58:40.3671522Z,1788757132,220000,220000,-11852.848,aa01005800016a9e448c00035b6000004277f032bfd159c242780a37bfcf32de427804a6bfd32d454277e8aebfd1ab80427807f9bfd117774277efc6bfd0601c426ffe27b9563d7100000000000000000000000000052b34,88
1269,pmu-3,2026-09-07T04:58:40.3671522Z,1788757132,0,0,-11632.848,aa01005800016a9e448c00000000000042480000c0490fdb42480000c0490fdb42480000c0490fdb42480000c0490fdb42480000c0490fdb42480000c0490fdb4270070638cbd70a00000000000000000000000000022a04,88
1270,pmu-2,2026-09-07T04:58:40.3671522Z,1788757132,140000,140000,-11772.848,aa01005800016a9e448c000222e000004253fe1dc03115ca4254028cc03142df4253fc42c03073584254026fc0311f7b4253f7f1c031916f4253faeec030675042700051b828000000000000000000000000000000097890,88
1271,pmu-3,2026-09-07T04:58:40.3671522Z,1788757132,20000,20000,-11652.848,aa01005800016a9e448c00004e20000042540413c030855342540342c0315bb34253f8fcc03107ae4253f6f8c030615d4253fa4cc031093d425404f6c0315812427003bfb8863d710000000000000000000000000003088a,88
1272,pmu-5,2026-09-07T04:58:40.4247243Z,1788757132,240000,240000,-11815.276,aa01005800016a9e448c0003a98000004281fc82bfa0ab8f42820029bf9f1acb428205a7bfa427be4281f8f9bfa1c7f8428206e2bfa155e54281f9bebfa0e65c427006423926000000000000000000000000000000060dcb,88
1273,pmu-4,2026-09-07T04:58:40.4247243Z,1788757131,720000,720000,-11295.276,aa01005800016a9e448b000afc80000042b7fb894008976a42b7ec9740074a3842b80d504008b22842b7fba94008235742b7f9b4400832fa42b8099240097044426ff661b8e30a3d000000000000000000000000000e85a8,88
1274,pmu-1,2026-09-07T04:58:40.4247243Z,1788757131,880000,880000,-11455.276,aa01005800016a9e448b000d6d80000042820f40bfa0aa7e4281ff3fbfa0d18e4281ff5fbfa198b34281ff7fbf9fa4c6428209debfa24bbf4281f958bf9f58bf426ffec4b92fae14000000000000000000000000000a3e0f,88
1275,pmu-2,2026-09-07T04:58:40.4247243Z,1788757132,160000,160000,-11735.276,aa01005800016a9e448c000271000000425ff4d6c018bf94425ff93dc019a2ed425ff3ddc017fc93425ff849c018d4a4425ffe81c019cda9425ff32cc01823134270020e380e6666000000000000000000000000000aa144,88
1276,pmu-5,2026-09-07T04:58:40.4247243Z,1788757132,260000,260000,-11835.276,aa01005800016a9e448c0003f7a000004287ff53bf6266574287fdedbf5da2d64288032abf6812374287fd23bf65715342880a79bf63d6554287f78ebf5ec0a1426ffcc5b94251ec0000000000000000000000000007247d,88
1277,pmu-3,2026-09-07T04:58:40.4247243Z,1788757132,40000,40000,-11615.276,aa01005800016a9e448c00009c400000425ffcfbc019021f4260020cc019cc63425ff402c01851ff425fef8dc017f2ea425ff154c018e552425ffb24c019c554426ffb4db92cf5c300000000000000000000000000044232,88
1278,pmu-1,2026-09-07T04:58:40.4247243Z,1788757131,900000,900000,-11475.276,aa01005800016a9e448b000dbba0000042880a6bbf60ea65428801a4bf5f726d4287fe96bf64277642880488bf60d3f9428807adbf65ce324287fc9cbf5d2f74427008a7394a7ae1000000000000000000000000000b5d78,88
1279,pmu-3,2026-09-07T04:58:40.4247243Z,1788757132,60000,60000,-11635.276,aa01005800016a9e448c0000ea600000426c0533c000458c426bfd91c0010c89426bfbd1c000c3df426bf5e1bfff2469426bea92c0015863426c0311c001e74342700515394851ec00000000000000000000000000055020,88
1280,pmu-2,2026-09-07T04:58:40.4247243Z,1788757132,180000,180000,-11755.276,aa01005800016a9e448c0002bf200000426bf6b6c000f639426bf788c001ef22426bf68ebfff1dab426bf845c0005071426bf6fcc001438f426be932c0004161426ffdbbb8b11eb8000000000000000000000000000b5d89,88
1281,pmu-4,2026-09-07T04:58:40.4247243Z,1788757131,740000,740000,-11315.276,aa01005800016a9e448b000b4aa0000042bdfeca4021094b42bde83e401f189542be0a8c4020a94842bdfab6401ff01642bdf8f44020ad6d42be0acc40212d0a426ffbf938e51eb8000000000000000000000000000f27d8,88
1282,pmu-4,2026-09-07T04:58:40.531153Z,1788757131,760000,760000,-11228.847,aa01005800016a9e448b000b98c0000042c3fe614038a6d442c3ea414036fdc242c40df640392ae242c3ff194037df1542c3f90d4038fbf442c408704038f5a74270010b38cfae1400000000000000000000000000001900,88
1283,pmu-5,2026-09-07T04:58:40.5318166Z,1788757132,280000,280000,-11748.183,aa01005800016a9e448c000445c00000428dff5bbf04354a428e0282befc2ad3428e0369bf054391428df89dbf056794428e08d1bf058a1e428df6fbbefa0b6b427004d33924f5c3000000000000000000000000000833d4,88
1284,pmu-2,2026-09-07T04:58:40.5318166Z,1788757132,200000,200000,-11668.183,aa01005800016a9e448c00030d4000004277ed2abfd17c1c4277fa33bfd32bde4277fa67bfcf4c0e4277f84abfcfcf064277f2acbfd342ab4277f165bfcfbfbd4270007b386147ae000000000000000000000000000c8672,88
1285,pmu-3,2026-09-07T04:58:40.5318166Z,1788757132,80000,80000,-11548.183,aa01005800016a9e448c0001388000004278053ebfcf1982427802f4bfd2842e4277fa4fbfd05a004277f6b6bfcff6d34277ed8dbfd354864277fe6fbfd2ee2f426ff6eeb990eb850000000000000000000000000006e90f,88
1286,pmu-1,2026-09-07T04:58:40.5323193Z,1788757131,920000,920000,-11387.681,aa01005800016a9e448b000e09c00000428e0589befd872f428dff62befeec00428e02dbbf055d7c428e01c5bf0099f2428e0834bf053f7c428dfed7bef85a32427003ecb8c1c28f000000000000000000000000000ca0b2,88
1287,pmu-1,2026-09-07T04:58:40.611438Z,1788757131,940000,940000,-11328.562,aa01005800016a9e448b000e57e0000042940a49bde900e64293ff93be04fbca429405abbe0cd690429406c5be06636342940d20be1a9c984293ff16bdd93406427004f937ac28f6000000000000000000000000000dc0e3,88
1288,pmu-2,2026-09-07T04:58:40.6171582Z,1788757132,220000,220000,-11602.842,aa01005800016a9e448c00035b6000004281fa00bfa0acc54281fe25bfa1dbe742820106bf9f37904281fcf6bf9eee584281fb62bfa3d3f64281f4debf9fe67c426ffddcb856b852000000000000000000000000000dfb2d,88
1289,pmu-4,2026-09-07T04:58:40.6171582Z,1788757131,780000,780000,-11162.842,aa01005800016a9e448b000be6e0000042480000c0490fdb42480000c0490fdb42480000c0490fdb42480000c0490fdb42480000c0490fdb42480000c0490fdb427004fe38a1c28f0000000000000000000000000001bf3f,88
1290,pmu-3,2026-09-07T04:58:40.6171582Z,1788757132,100000,100000,-11482.842,aa01005800016a9e448c000186a0000042820512bf9db2a042820324bfa1cd904281f917bfa140f44281f7b6bf9ee6104281f34abfa24000428203c2bfa37289426ffa93389547ae00000000000000000000000000071661,88
1291,pmu-5,2026-09-07T04:58:40.6171582Z,1788757132,300000,300000,-11682.842,aa01005800016a9e448c000493e000004293fbe2be056dc34294066dbdfe57ac42940296be0d0c564293f828be156d904294073abe0f4eb54293f92abddee9de4270095038b7d70a0000000000000000000000000009cec1,88
1292,pmu-4,2026-09-07T04:58:40.6762733Z,1788757131,800000,800000,-11123.727,aa01005800016a9e448b000c3500000042540406c03132da4254038dc03069bc425408b0c030ad324253fe99c03065b44253fc81c031403e4253f9f0c03161fe4270005fb8bd47ae00000000000000000000000000026609,88
1293,pmu-1,2026-09-07T04:58:40.6762733Z,1788757131,960000,960000,-11283.727,aa01005800016a9e448b000ea6000000429a06ac3e82ac9b4299fd3f3e7e7e44429a008e3e7e2578429a05533e74bcaf429a0fbe3e6e0e76429a042d3e86772f426ffb8eb940e148000000000000000000000000000e805a,88
1294,pmu-2,2026-09-07T04:58:40.6762733Z,1788757132,240000,240000,-11563.727,aa01005800016a9e448c0003a98000004287f515bf602a814287fc2fbf640b38428803e5bf5f365842880002bf5c1f164287f941bf66ec364287f41ebf605ca0426ffd88b6d70a3d000000000000000000000000000ea573,88
1295,pmu-5,2026-09-07T04:58:40.6762733Z,1788757132,320000,320000,-11643.727,aa01005800016a9e448c0004e20000004299fb213e75cef3429a056a3e797d55429a02143e7882374299fbca3e70db3c429a08743e7bef684299fc883e8d2b11426ffb98b98c7ae1000000000000000000000000000aeb28,88
1296,pmu-3,2026-09-07T04:58:40.6762733Z,1788757132,120000,120000,-11443.727,aa01005800016a9e448c0001d4c0000042880282bf59a4cf42880258bf651d784287fc2bbf6351d94287f843bf5cee224287f42bbf661cc9428800f6bf663ab842700a0a399e5c290000000000000000000000000008ba5d,88
1297,pmu-3,2026-09-07T04:58:40.7201001Z,1788757132,140000,140000,-11419.900,aa01005800016a9e448c000222e00000428e00dfbef68f6e428dfdbdbf053853428dfeacbf00d367428df6babef3e9b0428df3a7bf071c72428dfe1cbf059b16426fff54b95b5c290000000000000000000000000009dcd4,88
1298,pmu-1,2026-09-07T04:58:40.7201001Z,1788757131,980000,980000,-11259.900,aa01005800016a9e448b000ef420000042a00b4d3f22e82e42a002543f1fd85b42a002cc3f21d79242a006dd3f20146c42a00f843f1ac9cc42a002fe3f2586b742700413392e7ae1000000000000000000000000000f4cb6,88
1299,pmu-4,2026-09-07T04:58:40.7201001Z,1788757131,820000,820000,-11099.900,aa01005800016a9e448b000c83200000426003b0c018ac3142600070c018cb2142600811c0182cf2425ff67ec018a778426000b9c018f2e0425ffa4ac019838442700785391266660000000000000000000000000003d0d1,88
1300,pmu-2,2026-09-07T04:58:40.7201001Z,1788757132,260000,260000,-11539.900,aa01005800016a9e448c0003f7a00000428df943befaeb3b428dfcedbf03d66e428e00babf009f21428e003dbef276b7428df981bf0757fd428df564befc5ed84270067b393747ae000000000000000000000000000f3d77,88
1301,pmu-1,2026-09-07T04:58:40.7201001Z,1788757133,0,0,-12279.900,aa01005800016a9e448d00000000000042a60c8f3f813f0042a603c03f80339d42a605513f826b6e42a606203f7e7aa342a60ce13f7bcc8342a607233f83f833427005c9380c28f60000000000000000000000000000021d,88
1302,pmu-5,2026-09-07T04:58:40.7201001Z,1788757132,340000,340000,-11619.900,aa01005800016a9e448c000530200000429ff6683f1da0e342a000bc3f1c6c9642a003433f20fe2a429fffee3f1cd5c342a00a213f20a2bb429ff9553f24e6d4426fff5e389a8f5c000000000000000000000000000b70ff,88
1303,pmu-5,2026-09-07T04:58:40.7636619Z,1788757132,360000,360000,-11596.338,aa01005800016a9e448c00057e40000042a5fb483f7d284542a5ffbc3f7c670342a602b53f7f993842a5fdf83f7cf28242a60b373f80985c42a5fcfb3f83b8a8426ffb67b8a26666000000000000000000000000000c91cc,88
1304,pmu-3,2026-09-07T04:58:40.7636619Z,1788757132,160000,160000,-11396.338,aa01005800016a9e448c0002710000004294050bbdc92c6a4294001ebe11d9a64293fde7be0586a44293f49cbdc32f664293ef16be1f3a7f4293fc68be1c9ba5426ff91bb8fee148000000000000000000000000000ad299,88
1305,pmu-5,2026-09-07T04:58:40.7636619Z,1788757132,380000,380000,-11616.338,aa01005800016a9e448c0005cc60000042abff4c3faee2ac42abffa73faecfe742ac03e83faf0c5142ac013c3fae292f42ac081f3fb19be142abfeba3fb37ee3426ffb7835ae147b000000000000000000000000000d3428,88
1306,pmu-3,2026-09-07T04:58:40.7636619Z,1788757132,180000,180000,-11416.338,aa01005800016a9e448c0002bf200000429a05b03e8a41f6429a00433e7351614299fb1f3e7f6ac94299f0dc3e903dbb4299ec6f3e6a55864299ffd63e6aa4ae4270091339a3851f000000000000000000000000000bf0a2,88
1307,pmu-2,2026-09-07T04:58:40.7636619Z,1788757132,280000,280000,-11516.338,aa01005800016a9e448c000445c000004293fb51bdf9a3384293fefbbe05c98a42940484bdff59bc4293ffcabdc208aa4293f4d5be2519d44293f8e8bdf56fac426ff73eb99c0a3d000000000000000000000000000048c7,88
1308,pmu-1,2026-09-07T04:58:40.7636619Z,1788757133,20000,20000,-12256.338,aa01005800016a9e448d00004e20000042ac0e853fb1083642abff323fb0666342ac03c03fb31fd442ac04843faf7d5042ac0f153fad059542ac065e3fb44184426ff708b997147b0000000000000000000000000001c6c9,88
1309,pmu-4,2026-09-07T04:58:40.7636619Z,1788757131,840000,840000,-11076.338,aa01005800016a9e448b000cd1400000426c014bc0002d40426bfd68c000215e426c0117bffee8ed426bf4fec000789c426c0652c000c3f0426bff7ac00190bb4270090637f666660000000000000000000000000004f000,88
1310,pmu-2,2026-09-07T04:58:40.7636619Z,1788757132,300000,300000,-11536.338,aa01005800016a9e448c000493e000004299f6fc3e810aaf4299ff763e8195664299ffb83e8189df4299fef73e8cc66d4299f7163e61ffef4299fcd53e850584427009c039bd851f0000000000000000000000000001b310,88
1311,pmu-4,2026-09-07T04:58:40.7636619Z,1788757131,860000,860000,-11096.338,aa01005800016a9e448b000d1f6000004277fa96bfd006af42780573bfd0a8d84277f98cbfcf257f4277fa77bfd0e20142780da1bfd1b20b4277f751bfd3f59d426ff9b5b99cd70a00000000000000000000000000052c64,88
1312,pmu-1,2026-09-07T04:58:40.7636619Z,1788757133,40000,40000,-12276.338,aa01005800016a9e448d00009c40000042b20cdc3fe063e642b1fa9e3fdf861d42b200ba3fe44ac042b203673fdfcdb542b2121e3fde24c442b2017a3fe4201c42700643399bf5c30000000000000000000000000002638e,88
1313,pmu-5,2026-09-07T04:58:40.8103532Z,1788757132,400000,400000,-11589.647,aa01005800016a9e448c00061a80000042b1fbbd3fdecd9142b1fcfb3fdf06bd42b203563fde773f42b201f73fdf683542b2043c3fe1307842b2026c3fe34351427005c839533333000000000000000000000000000e7bfa,88
1314,pmu-2,2026-09-07T04:58:40.8103532Z,1788757132,320000,320000,-11509.647,aa01005800016a9e448c0004e2000000429ff6b13f1e89ac42a004933f21eefa429ffd213f22127e42a001ff3f253bf3429ff6863f18db4b429ffa063f25617d4270054cb8b6666600000000000000000000000000021eef,88
1315,pmu-4,2026-09-07T04:58:40.8103532Z,1788757131,880000,880000,-11069.647,aa01005800016a9e448b000d6d8000004281fed9bf9fa02642820189bfa020964281faf0bfa01eb6428201aebfa1ae1e4282082bbfa1bb544281f921bfa29d7d42700235392e147b00000000000000000000000000064861,88
1316,pmu-1,2026-09-07T04:58:40.8103532Z,1788757133,60000,60000,-12249.647,aa01005800016a9e448d0000ea60000042b80be8400820ed42b7fdee4007c0a242b800f3400a7a6542b7fee540085b9342b811ba4006904442b80441400a71b2426ffff7b900f5c300000000000000000000000000033494,88
1317,pmu-3,2026-09-07T04:58:40.8103532Z,1788757132,200000,200000,-11389.647,aa01005800016a9e448c00030d40000042a008b13f26cc0f42a0032b3f1df36c429ffeba3f1e8a1d429fed913f27292a429fed5b3f1cc16d429ffbb33f1bdf7c42700218b90ef5c3000000000000000000000000000c8f9f,88
1318,pmu-3,2026-09-07T04:58:40.8551409Z,1788757132,220000,220000,-11364.859,aa01005800016a9e448c00035b60000042a608783f83793942a604c93f7fcd7742a5fe6c3f7faf3042a5f0c53f836ccb42a5f0dd3f7d3bb242a5fa033f7a5a2e426ffdaab8b570a4000000000000000000000000000de9f6,88
1319,pmu-4,2026-09-07T04:58:40.8551409Z,1788757131,900000,900000,-11044.859,aa01005800016a9e448b000dbba000004287fde9bf60a5ec4287fda1bf5ee84b4287f6b1bf60a9d7428802debf61768e428808bebf61aafa4287f515bf625f5e4270098e39167ae100000000000000000000000000074443,88
1320,pmu-2,2026-09-07T04:58:40.8551409Z,1788757132,340000,340000,-11484.859,aa01005800016a9e448c00053020000042a5fa083f7e333742a608ac3f81e4bb42a5fd323f81f1fd42a6036d3f82898742a5f8a63f79da3542a5f7c03f830b0f426ffbb8b94428f60000000000000000000000000003a8ed,88
1321,pmu-1,2026-09-07T04:58:40.8551409Z,1788757133,80000,80000,-12224.859,aa01005800016a9e448d00013880000042be071f401fbbb842bdf925401f4c2d42be004d4022d20142bdfba040202a6642be0cf7401f012842be074340229310426ff89db9168f5c00000000000000000000000000043b1d,88
1322,pmu-3,2026-09-07T04:58:40.8557938Z,1788757132,240000,240000,-11384.206,aa01005800016a9e448c0003a980000042ac0c603fb3dd8f42ac09df3fb1646642abfe733fb0b27942abf09c3fb4cf9e42abf41d3fafbc1c42abf6953fad88ba426ffb79b833851f000000000000000000000000000e7123,88
1323,pmu-2,2026-09-07T04:58:40.8557938Z,1788757132,360000,360000,-11504.206,aa01005800016a9e448c00057e40000042abfa843faf11f642ac04503fb2d1e442ac00a93fb2608c42ac07223fb3eba242abf46f3fac7a6a42abf6893fb40bcd427003dc3926b852000000000000000000000000000430bd,88
1324,pmu-5,2026-09-07T04:58:40.8557938Z,1788757132,420000,420000,-11564.206,aa01005800016a9e448c000668a0000042b7f7344007276642b7f9a64007a38942b807884007cb3742b7fe344008392242b8015e4009317f42b7ff1a40096d2c426ffcf2b934f5c3000000000000000000000000000f3776,88
1325,pmu-1,2026-09-07T04:58:40.8557938Z,1788757133,100000,100000,-12244.206,aa01005800016a9e448d000186a0000042c406b340382dd742c3fc5c4037223142c3fbc1403ac5e642c3fc3b4038b91f42c40a884036b54d42c40786403b1e8b42700044391cb8520000000000000000000000000005bf9a,88
1326,pmu-4,2026-09-07T04:58:40.8557938Z,1788757131,920000,920000,-11064.206,aa01005800016a9e448b000e09c00000428e00edbeff87db428dfda2beff09d2428df8acbf00dc2d428e043abf00eb49428e0b97befdec19428df172bf02e67742700081b9395c2900000000000000000000000000081ad9,88
1327,pmu-5,2026-09-07T04:58:40.8557938Z,1788757132,440000,440000,-11584.206,aa01005800016a9e448c0006b6c0000042bdfa5d401f3bbc42bdfc0e40201c4c42be0c1c4020026542be00b7401fc9d642bdfe0240212d2542bdfe574021e5aa426ffcc5b66666660000000000000000000000000000cdd5,88
1328,pmu-3,2026-09-07T04:58:40.9012643Z,1788757132,260000,260000,-11358.736,aa01005800016a9e448c0003f7a0000042b208c93fe4ba7b42b209d13fe2670542b1fc1f3fe207f542b1f1693fe5b6f042b1f3583fdfc95342b1f2843fdda833427000a938d47ae1000000000000000000000000000f42a7,88
1329,pmu-4,2026-09-07T04:58:40.9012643Z,1788757131,940000,940000,-11038.736,aa01005800016a9e448b000e57e000004293fc2bbdf272514293fcafbe04e5594293f985be08f7d7429408fbbe06960442940ed0bde510fe4293ec9cbe02231e426ff7d4b931ae1400000000000000000000000000093615,88
1330,pmu-1,2026-09-07T04:58:40.9012643Z,1788757133,120000,120000,-12218.736,aa01005800016a9e448d0001d4c0000042480000c0490fdb42480000c0490fdb42480000c0490fdb42480000c0490fdb42480000c0490fdb42480000c0490fdb4270012f3796666600000000000000000000000000067a1d,88
1331,pmu-5,2026-09-07T04:58:40.9012643Z,1788757132,460000,460000,-11558.736,aa01005800016a9e448c000704e0000042c3f93b4037a2bf42c3fc2740389df342c40bdb40385a2d42c3ff454037656e42c3fa214039cb1342c402e9403a225d426ff6dbb8f23d7100000000000000000000000000018bd6,88
1332,pmu-2,2026-09-07T04:58:40.9012643Z,1788757132,380000,380000,-11478.736,aa01005800016a9e448c0005cc60000042b1fdcb3fe0338b42b203383fe3ccd042b1fe8d3fe3609c42b207123fe410ba42b1f86a3fdccafd42b1f8143fe390ee426ff769b97ef5c3000000000000000000000000000504b2,88
1333,pmu-3,2026-09-07T04:58:40.9479947Z,1788757132,280000,280000,-11332.005,aa01005800016a9e448c000445c0000042b8090e400a78eb42b807584008c90b42b7fba240094a7842b7f083400a8cf942b7f86e4007b35e42b7f483400751fb42700288381947ae0000000000000000000000000000509f,88
1334,pmu-3,2026-09-07T04:58:40.9479947Z,1788757132,300000,300000,-11352.005,aa01005800016a9e448c000493e0000042be055b402325ca42be0a004020fc8842bdf7b84021844442bdee3040234cf242bdfc44401f9a0342bdf4f640200ad842700256b68000000000000000000000000000000001bf88,88
1335,pmu-2,2026-09-07T04:58:40.9479947Z,1788757132,400000,400000,-11452.005,aa01005800016a9e448c00061a80000042b7fa3e400817ae42b80199400a79bd42b800634009b14b42b804bf4009867c42b7fc76400615ba42b7f819400a419b426fffa039283d71000000000000000000000000000673c6,88
1336,pmu-1,2026-09-07T04:58:40.9479947Z,1788757133,140000,140000,-12192.005,aa01005800016a9e448d000222e000004253fcbbc0313966425409fcc030a1a84253f62ec030fb634253f78bc0311c12425401adc0308a9d425408a4c0310f12426ffdc0b88ca3d70000000000000000000000000007e554,88
1337,pmu-4,2026-09-07T04:58:40.9479947Z,1788757131,960000,960000,-11012.005,aa01005800016a9e448b000ea60000004299f9a43e837084429a01ae3e736c754299f7fb3e72c71d429a07583e82cd93429a125d3e82b1374299eb923e778de6426fff0439133333000000000000000000000000000ae3da,88
1338,pmu-5,2026-09-07T04:58:40.9479947Z,1788757132,480000,480000,-11532.005,aa01005800016a9e448c00075300000042480000c0490fdb42480000c0490fdb42480000c0490fdb42480000c0490fdb42480000c0490fdb42480000c0490fdb426ffe3b39170a3d0000000000000000000000000002ee3f,88
1339,pmu-2,2026-09-07T04:58:40.9479947Z,1788757132,420000,420000,-11472.005,aa01005800016a9e448c000668a0000042bdf55e401fd13f42be005d4022214d42bdfe0640212fe042be0870402110fd42be00f4401e108642bdfac040228eef426ff7bcb921999a00000000000000000000000000077aae,88
1340,pmu-4,2026-09-07T04:58:40.9485052Z,1788757131,980000,980000,-11031.495,aa01005800016a9e448b000ef4200000429ff8633f2032ac42a0006d3f1f0947429ff5c13f1b6e0942a0061f3f1f5b5c42a00ff53f21e000429ff0823f1ef01c426ff871b906a3d7000000000000000000000000000b6bd9,88
1341,pmu-5,2026-09-07T04:58:40.9485052Z,1788757132,500000,500000,-11551.495,aa01005800016a9e448c0007a12000004253f8d1c031833e4253f728c031410d4253fbe3c0306a8142540474c0314821425406d9c03163a242540400c030ed14426fff253795c28f000000000000000000000000000387af,88
1342,pmu-1,2026-09-07T04:58:40.9485052Z,1788757133,160000,160000,-12211.495,aa01005800016a9e448d0002710000004260054dc019b4de42600d2ac018ad38425ff7e9c0185a96425ff860c01859ed426003d0c017f5fe42600651c0187dbd426ff802b8eb33330000000000000000000000000008c809,88
1343,pmu-4,2026-09-07T04:58:40.9485052Z,1788757133,0,0,-12051.495,aa01005800016a9e448d00000000000042a5f4df3f801fb042a602f33f803c5c42a5f9453f7c506e42a60a1d3f7f96e842a611e23f810cff42a5f1523f80bfe6426ffee939047ae1000000000000000000000000000c4cd9,88
1344,pmu-5,2026-09-07T04:58:41.0036737Z,1788757132,520000,520000,-11516.326,aa01005800016a9e448c0007ef400000425ffb61c019fe82425ffbe3c01903f4425ffc72c018734f426009b7c01911ae4260086fc018eb2a426001e0c018690a427000b237fe147b00000000000000000000000000047899,88
1345,pmu-5,2026-09-07T04:58:41.0036737Z,1788757132,540000,540000,-11536.326,aa01005800016a9e448c00083d600000426bfb81c001d138426c017fc0017dcf426bf24ec00055da426c075ec0011e1d426c0e6ec0005074426c050bc0007b65426ffd46b88c28f6000000000000000000000000000558f8,88
1346,pmu-4,2026-09-07T04:58:41.0036737Z,1788757133,20000,20000,-12016.326,aa01005800016a9e448d00004e20000042abf71d3faffb3d42abff093fb0475542abf8d73faec39842ac086c3fb055da42ac16723fb0619b42abf0543fb0763b426fff70372ccccd000000000000000000000000000de652,88
1347,pmu-1,2026-09-07T04:58:41.0036737Z,1788757133,180000,180000,-12176.326,aa01005800016a9e448d0002bf200000426c050fc0022665426c044abfffebda426bfe22c0008b8a426bff00c0007885426c0c75bffffcc6426bfeefbfffa213426fff3b3913eb8500000000000000000000000000095bff,88
1348,pmu-2,2026-09-07T04:58:41.0036737Z,1788757132,440000,440000,-11436.326,aa01005800016a9e448c0006b6c0000042c3f6f840374fae42c403be403a190f42c3fbc44039805042c40a994038f68442c402e84036663442c3ff88403aa979427007fd39a670a40000000000000000000000000008ea00,88
1349,pmu-3,2026-09-07T04:58:41.0036737Z,1788757132,320000,320000,-11316.326,aa01005800016a9e448c0004e200000042c409f0403b55c742c406094038e76142c3f65e40395be442c3f046403c009c42c3f8ed4037c05242c3f23b4038ba4e4270001bb836b8520000000000000000000000000002571e,88
1350,pmu-4,2026-09-07T04:58:41.0036737Z,1788757133,40000,40000,-12036.326,aa01005800016a9e448d00009c40000042b1f4ee3fe0748442b1fe563fdfedc342b1f76b3fdf756a42b206303fe003be42b21b503fe19d5e42b1f04d3fdf9e66426ffc32b884cccd000000000000000000000000000ecab5,88
1351,pmu-2,2026-09-07T04:58:41.0036737Z,1788757132,460000,460000,-11456.326,aa01005800016a9e448c000704e0000042480000c0490fdb42480000c0490fdb42480000c0490fdb42480000c0490fdb42480000c0490fdb42480000c0490fdb426ffb0bb9848f5c00000000000000000000000000099df8,88
1352,pmu-3,2026-09-07T04:58:41.0036737Z,1788757132,340000,340000,-11336.326,aa01005800016a9e448c00053020000042480000c0490fdb42480000c0490fdb42480000c0490fdb42480000c0490fdb42480000c0490fdb42480000c0490fdb426ff744b9350a3d0000000000000000000000000003b286,88
1353,pmu-1,2026-09-07T04:58:41.0036737Z,1788757133,200000,200000,-12196.326,aa01005800016a9e448d00030d4000004277ff76bfd4fcb942780261bfd008664277fcfcbfd1e350427804b3bfd12c0c4278168ebfd013054278032dbfcf0d5b4270015a382dc28f000000000000000000000000000a949b,88
1354,pmu-3,2026-09-07T04:58:41.0489604Z,1788757132,360000,360000,-11311.040,aa01005800016a9e448c00057e40000042540262c03074774254041bc03165484253fe3dc031348342540325c0307c744253f806c031715d4253fc90c0305c65427008a539b1f5c30000000000000000000000000004b2cc,88
1355,pmu-2,2026-09-07T04:58:41.0489604Z,1788757132,480000,480000,-11431.040,aa01005800016a9e448c0007530000004254086ec0313ffb4253fcbec0315aa4425401f7c030f60c4253f8bfc0311dd44253f7e6c0315dec4253fb0cc03159bb426ffb5d36d1eb85000000000000000000000000000a4476,88
1356,pmu-1,2026-09-07T04:58:41.0489604Z,1788757133,220000,220000,-12171.040,aa01005800016a9e448d00035b6000004282007dbfa3f0104282026fbfa07b2b4281f984bfa25ec342820097bfa1d65242820ed3bf9ebc6a4282040bbf9e20ef4270092c392028f6000000000000000000000000000b458a,88
1357,pmu-4,2026-09-07T04:58:41.0489604Z,1788757133,60000,60000,-12011.040,aa01005800016a9e448d0000ea60000042b7f5354007c89c42b7fe674008afda42b7fb674007d0f742b8057840085e5c42b819484008dcdf42b7ec7940087ec0427007f33970b852000000000000000000000000000f5a5b,88
1358,pmu-5,2026-09-07T04:58:41.0489604Z,1788757132,560000,560000,-11511.040,aa01005800016a9e448c00088b80000042780434bfd4375942780702bfd3aa924277f371bfd0da1c427809f9bfd2de6142781864bfcfb8a0427807f6bfcfac35426ffc7fb77eb85200000000000000000000000000064916,88
1359,pmu-5,2026-09-07T04:58:41.1144636Z,1788757132,580000,580000,-11465.536,aa01005800016a9e448c0008d9a00000428206d6bfa4a8e642820682bfa2467c4281fb3fbfa0b78442820624bfa1895142820d85bfa06a84428205ebbf9f592c427007773960a3d70000000000000000000000000007b144,88
1360,pmu-3,2026-09-07T04:58:41.1144636Z,1788757132,380000,380000,-11265.536,aa01005800016a9e448c0005cc60000042600940c018ba9c42600597c0195127425ff519c018b508426006b3c0188637425fff69c0199f8f425ff4cec017c37e42700266b8ffd70a00000000000000000000000000059059,88
1361,pmu-4,2026-09-07T04:58:41.1144636Z,1788757133,80000,80000,-11965.536,aa01005800016a9e448d00013880000042bdf5764020310742bdff2e40215d8142bdff23401fa03342be052640204a6842be1b3a4021328042bdebea40203b1142700149b9087ae10000000000000000000000000000fd4e,88
1362,pmu-1,2026-09-07T04:58:41.1144636Z,1788757133,240000,240000,-12125.536,aa01005800016a9e448d0003a98000004287fcd2bf687f2f4288000dbf5e3e404287f515bf63097242880212bf64326b42880cfbbf5da7e24288013cbf5d57d94270015db91feb85000000000000000000000000000c11b4,88
1363,pmu-2,2026-09-07T04:58:41.1144636Z,1788757132,500000,500000,-11385.536,aa01005800016a9e448c0007a120000042600942c0197a8142600145c019b3f2425ff9a1c018e7f3425ffdc7c0199ebf425ff88fc019c405425ff7bfc01960d6427004f3394451ec000000000000000000000000000bbe44,88
1364,pmu-5,2026-09-07T04:58:41.1144636Z,1788757132,600000,600000,-11485.536,aa01005800016a9e448c000927c00000428807a3bf66a8fd42880b45bf63b34c4287f851bf614bd8428803eebf60dbde42880d84bf62a3bd428808eabf5cb21a426ffddfb9447ae10000000000000000000000000008775d,88
1365,pmu-2,2026-09-07T04:58:41.1144636Z,1788757132,520000,520000,-11405.536,aa01005800016a9e448c0007ef400000426c0210c001da2e426bfabec0020ec5426bf4e0c0015560426bf451c001b6b8426bf72ec0011207426bf166c000d3a5426ff7f9b984e148000000000000000000000000000c10b4,88
1366,pmu-4,2026-09-07T04:58:41.1144636Z,1788757133,100000,100000,-11985.536,aa01005800016a9e448d000186a0000042c3f42d4038301d42c402644038e41642c4017740383cf842c403874038bea342c41fd44038bd2a42c3e9dd4038a65942700863391170a40000000000000000000000000001dbcc,88
1367,pmu-3,2026-09-07T04:58:41.1144636Z,1788757132,400000,400000,-11285.536,aa01005800016a9e448c00061a800000426c12b2bffffcd0426c0bf7c001aab0426bfbdec0001652426c042bbfff84c4426bf893c0020420426bfd6cbfff8864426ffa80b921c28f00000000000000000000000000066085,88
1368,pmu-1,2026-09-07T04:58:41.1144636Z,1788757133,260000,260000,-12145.536,aa01005800016a9e448d0003f7a00000428dfbfebf0a5403428e0217befc2190428df7a1bf00d352428dff71bf0499ea428e0fbabefefec8428e056bbefcf661426fff4bb829999a000000000000000000000000000d75cb,88
1369,pmu-3,2026-09-07T04:58:41.1687151Z,1788757132,420000,420000,-11251.285,aa01005800016a9e448c000668a000004278088dbfd09d96427814cabfd30d9f427801c8bfd0b05a42780b20bfce1595427802bfbfd3780d4277f8b4bfd0444e427002f7392d5c290000000000000000000000000007250e,88
1370,pmu-5,2026-09-07T04:58:41.1687151Z,1788757132,620000,620000,-11451.285,aa01005800016a9e448c000975e00000428e0650bf0490bf428e0d7fbf013f88428df8ddbf02d33b428dffcdbeff5262428e0ec5bf005389428e04cbbef84b2e426fffad3813d70a00000000000000000000000000092547,88
1371,pmu-3,2026-09-07T04:58:41.1687151Z,1788757132,440000,440000,-11271.285,aa01005800016a9e448c0006b6c000004281ffa2bf9f998b428208e0bfa22a7142820069bf9f467d428202b5bf9d2cec42820383bfa210684281f86bbf9f0752426fffacb886e1480000000000000000000000000008f6f7,88
1372,pmu-5,2026-09-07T04:58:41.1687151Z,1788757132,640000,640000,-11471.285,aa01005800016a9e448c0009c40000004294064ebe11c213429410c5be05b0444293f6c1be12f83c4293fbfebde8bac24294130fbdf9fd9a42940528bdd9bb7d426ff5e5b94851ec000000000000000000000000000a2b10,88
1373,pmu-1,2026-09-07T04:58:41.1687151Z,1788757133,280000,280000,-12111.285,aa01005800016a9e448d000445c000004293fdbbbe2b6c47429405f8bde504fd4293f5a9bdf609944293fceabe12c5a242940c92bdeb1fe64294043bbdfe79b5427002e238930a3d000000000000000000000000000e07f8,88
1374,pmu-4,2026-09-07T04:58:41.1687151Z,1788757133,120000,120000,-11951.285,aa01005800016a9e448d0001d4c0000042480000c0490fdb42480000c0490fdb42480000c0490fdb42480000c0490fdb42480000c0490fdb42480000c0490fdb427003f3b8b5c28f0000000000000000000000000002a5be,88
1375,pmu-2,2026-09-07T04:58:41.1687151Z,1788757132,540000,540000,-11371.285,aa01005800016a9e448c00083d6000004277fae5bfd37a964277f76abfd2c7e54277ecb5bfd2f2244277f36ebfd335dd4277ef93bfd19b9e4277f477bfd18832427003ec3974b852000000000000000000000000000d18f8,88
1376,pmu-4,2026-09-07T04:58:41.1693305Z,1788757133,140000,140000,-11970.669,aa01005800016a9e448d000222e00000425406fec03176e442540015c030c6754253f8ccc031111c4253fb38c031761042540a3dc030c9354254057fc030bc87426ffe81b8df0a3d0000000000000000000000000003d3c9,88
1377,pmu-2,2026-09-07T04:58:41.1693305Z,1788757132,560000,560000,-11390.669,aa01005800016a9e448c00088b8000004281fbcabfa238f64281fa73bfa384b54281fad9bfa3e6184281fa53bfa2d3cf4281f695bfa1dcce4281f850bfa171f1427004a4376b851f000000000000000000000000000e8fa1,88
1378,pmu-1,2026-09-07T04:58:41.1693305Z,1788757133,300000,300000,-12130.669,aa01005800016a9e448d000493e00000429a00603e51c9e3429a06673e89e0084299f6543e8285194299ff603e6cdf97429a0b4f3e8603ed429a08153e7d361b426ff78db968147b000000000000000000000000000f7948,88
1379,pmu-5,2026-09-07T04:58:41.2160881Z,1788757132,660000,660000,-11443.912,aa01005800016a9e448c000a12200000429a05ee3e68d5ac429a13b93e8269a44299f6ce3e73143d4299f83d3e87a880429a0ed23e7df944429a034e3e8dedef426fff5a3941ae14000000000000000000000000000b55fa,88
1380,pmu-1,2026-09-07T04:58:41.2160881Z,1788757133,320000,320000,-12103.912,aa01005800016a9e448d0004e200000042a001a73f15628c42a0089e3f2618d0429ff5eb3f20b72c429ffc623f1b909b42a00a9b3f23da5142a00b733f1ef108427001be3950b8520000000000000000000000000000af83,88
1381,pmu-2,2026-09-07T04:58:41.2160881Z,1788757132,580000,580000,-11363.912,aa01005800016a9e448c0008d9a00000428800d8bf61d86f4287f61ebf6847844287fcc0bf664b6e4287fc26bf63646a4287f22fbf6328d14287f7d1bf62b9044270066638100000000000000000000000000000000fceed,88
1382,pmu-3,2026-09-07T04:58:41.2160881Z,1788757132,460000,460000,-11243.912,aa01005800016a9e448c000704e000004287fe05bf60564f42880bc3bf65d897428803d4bf5cb575428802f2bf5a10d142880806bf64b31c4287f742bf5d6e174270052338dfd70a0000000000000000000000000009725f,88
1383,pmu-5,2026-09-07T04:58:41.2160881Z,1788757132,680000,680000,-11463.912,aa01005800016a9e448c000a6040000042a001623f195c7a42a018233f219121429ff69c3f1d5fda429ffb9c3f2308df42a00fd73f1eee0542a0062d3f28419b426ffe38b7b9999a000000000000000000000000000c551f,88
1384,pmu-4,2026-09-07T04:58:41.2160881Z,1788757133,160000,160000,-11943.912,aa01005800016a9e448d00027100000042600fd7c019d7e642600170c0187eae425ff925c01989b7425ff594c018e3d242600d1dc01948f742600ecbc0188ea4426ffbd0b85c7ae10000000000000000000000000004940a,88
1385,pmu-1,2026-09-07T04:58:41.2160881Z,1788757133,340000,340000,-12123.912,aa01005800016a9e448d00053020000042a5fe123f74149042a609083f82eb5242a5f1053f81c96e42a5f79a3f7bb25042a606523f810efc42a60ad73f7ed242427005473890cccd0000000000000000000000000001e3a5,88
1386,pmu-4,2026-09-07T04:58:41.2160881Z,1788757133,180000,180000,-11963.912,aa01005800016a9e448d0002bf200000426c13cec001dc22426c019dc0007403426bfb50c001a342426bfaacc000e553426c0738c0014e8a426c158bc0003d1f426ff7dfb8a170a40000000000000000000000000005a23b,88
1387,pmu-3,2026-09-07T04:58:41.2160881Z,1788757132,480000,480000,-11263.912,aa01005800016a9e448c000753000000428e01eabf006553428e0d6abf057352428e044abefd1440428dffdbbef7d2f8428e0645bf052916428df6c2befb1754426ffa88b9593333000000000000000000000000000a1041,88
1388,pmu-2,2026-09-07T04:58:41.2160881Z,1788757132,600000,600000,-11383.912,aa01005800016a9e448c000927c00000428e05f4bf037cc8428df6dfbf083e0c428e00b5bf0732e4428df988bf02c3f1428df5cdbf03a56f428df5b3bf00cf6a426ff722b99c51ec000000000000000000000000000004f1,88
1389,pmu-3,2026-09-07T04:58:41.2624772Z,1788757132,500000,500000,-11237.523,aa01005800016a9e448c0007a12000004293ff02bdf473de42940fcbbe18b8b84294001fbdeb18b7429400debddec8c742940aa0be117c884293f791bdfb3ce542700566395e8f5c000000000000000000000000000bea62,88
1390,pmu-4,2026-09-07T04:58:41.2624772Z,1788757133,200000,200000,-11937.523,aa01005800016a9e448d00030d40000042781090bfd3f3894277ff8bbfd09d8c4277f9eabfd3e1cf4277f460bfd084ce4278076cbfd1e76142780d46bfcf89dd426ffdee38f828f60000000000000000000000000006dcaf,88
1391,pmu-1,2026-09-07T04:58:41.2624772Z,1788757133,360000,360000,-12097.523,aa01005800016a9e448d00057e40000042abfc243fa9abf442ac04103fb277d542abf4ab3fb2240142abf4493fadf98842ac09f33fb0520342ac0fbc3fb0708d427000dab8b547ae0000000000000000000000000002dc24,88
1392,pmu-2,2026-09-07T04:58:41.2624772Z,1788757132,620000,620000,-11357.523,aa01005800016a9e448c000975e00000429403acbe01b1a54293f60abe151a11429401c5be24f68f4293fdf0be09537c4293f26abe0d6e6b4293f9febe0af54a426ffc9338dee148000000000000000000000000000112de,88
1393,pmu-5,2026-09-07T04:58:41.2624772Z,1788757132,700000,700000,-11437.523,aa01005800016a9e448c000aae60000042a5ff333f7ba1d742a615243f81ceba42a5f29a3f7b616c42a5f7163f81a32b42a612ed3f7e96b942a60b0d3f850c4e426fffd9380570a4000000000000000000000000000d76bd,88
1394,pmu-3,2026-09-07T04:58:41.3043138Z,1788757132,520000,520000,-11215.686,aa01005800016a9e448c0007ef400000429a00fa3e877534429a0d7d3e6ce012429a03b03e85be334299fc3c3e862d9a429a058e3e69b7614299f63b3e84df94427008283861eb85000000000000000000000000000ce400,88
1395,pmu-4,2026-09-07T04:58:41.3043138Z,1788757133,220000,220000,-11915.686,aa01005800016a9e448d00035b60000042820b53bfa3968f42820017bfa0f9604281fbb3bfa3c8414281fa8bbfa0ab1d428201e1bfa149b9428201d8bf9e27c2426ff710b90ca3d70000000000000000000000000007399f,88
1396,pmu-3,2026-09-07T04:58:41.3043138Z,1788757132,540000,540000,-11235.686,aa01005800016a9e448c00083d600000429ffd143f23756342a0094b3f1d221942a007d53f2477bd42a000f33f25aa0c42a004983f197ee7429ff4f63f2547e1426ff6d5b9b16666000000000000000000000000000d5384,88
1397,pmu-2,2026-09-07T04:58:41.3043138Z,1788757132,640000,640000,-11335.686,aa01005800016a9e448c0009c4000000429a062d3e7dca4c4299f8733e740c31429a02a63e61111d4299fb623e8013ca4299f6953e73e8944299f7083e7bedc0426ffbc1b786666600000000000000000000000000022a8c,88
1398,pmu-5,2026-09-07T04:58:41.3043138Z,1788757132,720000,720000,-11415.686,aa01005800016a9e448c000afc80000042ac03433faee0ae42ac13a63fb189b342abf7703fadbc6d42abf42f3fb1234242ac0ff03faf61d142ac07393fb48df4426ff98eb900e148000000000000000000000000000e05af,88
1399,pmu-1,2026-09-07T04:58:41.3043138Z,1788757133,380000,380000,-12075.686,aa01005800016a9e448d0005cc60000042b1feb63fd909d242b203473fe3f49e42b1f2a43fe2866142b1f01f3fddd4a542b207173fe0551642b212dc3fdf9133426fffc1b7b3d70a00000000000000000000000000034a3c,88
1400,pmu-4,2026-09-07T04:58:41.3043138Z,1788757133,240000,240000,-11935.686,aa01005800016a9e448d0003a9800000428809f0bf67ae7442880475bf6212534287fd4abf6662f44287fc47bf5e7d19428801c8bf62b06b42880414bf5a63d64270025239668f5c00000000000000000000000000083d6e,88
1401,pmu-1,2026-09-07T04:58:41.3043138Z,1788757133,400000,400000,-12095.686,aa01005800016a9e448d00061a80000042b7fe4e4004fcfb42b805324009f2ce42b7f31a4008d04142b7f3a7400673ea42b8090f40086c5a42b80e344007bf32426ffdf3b813d70a0000000000000000000000000004ff15,88
1402,pmu-2,2026-09-07T04:58:41.3043138Z,1788757132,660000,660000,-11355.686,aa01005800016a9e448c000a1220000042a005ee3f1e04a1429ffc163f1ce88e42a006e43f195e50429ff8633f1e20a0429ff3e23f1eb958429ffb3a3f2008c14270033f391970a40000000000000000000000000003425c,88
1403,pmu-5,2026-09-07T04:58:41.3043138Z,1788757132,740000,740000,-11435.686,aa01005800016a9e448c000b4aa0000042b1fe523fdef7c142b211af3fe1024a42b1fb3e3fdec43542b1f6603fe1923242b211293fe0d5fb42b20b163fe4a48c4270095539a18f5c000000000000000000000000000ffb6f,88
1404,pmu-3,2026-09-07T04:58:41.3501806Z,1788757132,560000,560000,-11209.819,aa01005800016a9e448c00088b80000042a5ffcc3f82357342a60ca63f7eb9f042a608a53f83948342a5fbef3f84424a42a6027a3f7c2de942a5f0de3f83f648426ffb9138c1eb85000000000000000000000000000e9652,88
1405,pmu-2,2026-09-07T04:58:41.3501806Z,1788757132,680000,680000,-11329.819,aa01005800016a9e448c000a6040000042a604653f7e13db42a5f9aa3f7eb5d642a603ac3f7a613a42a5f8503f7ca1ec42a5f6b03f7f3f0442a5fee03f805d08427003ff3775c28f0000000000000000000000000004ec19,88
1406,pmu-5,2026-09-07T04:58:41.3501806Z,1788757132,760000,760000,-11409.819,aa01005800016a9e448c000b98c0000042b7faf04007c5a542b80e794008b39542b7f9174006fd0c42b7f7274008888b42b80f704008c30042b80d6a4009fa42426ffc22b98728f60000000000000000000000000000aeee,88
1407,pmu-1,2026-09-07T04:58:41.3507458Z,1788757133,420000,420000,-12069.254,aa01005800016a9e448d000668a0000042be01d2401d780342be019f4021979742bdf3d740212a4e42bdf790401eb0cb42be07d44020177f42be0c9a401f4630426ffc41b80ae1480000000000000000000000000005e84d,88
1408,pmu-4,2026-09-07T04:58:41.3507458Z,1788757133,260000,260000,-11909.254,aa01005800016a9e448d0003f7a00000428e0d81bf096552428e05f9bf009053428df9f9bf06a092428e0161bef7b2d2428e0685bf005cef428e01e2bef321874270076738d028f600000000000000000000000000094b08,88
1409,pmu-5,2026-09-07T04:58:41.3969926Z,1788757132,780000,780000,-11383.007,aa01005800016a9e448c000be6e0000042bdfcff4020734c42be13944020664742bdf560401f314942bdf7484020ffec42be132340217a9842be09db402247994270088c397e3d7100000000000000000000000000011fb8,88
1410,pmu-1,2026-09-07T04:58:41.3969926Z,1788757133,440000,440000,-12043.007,aa01005800016a9e448d0006b6c0000042c3fef8403556c442c40651403918e242c3effe403913b342c3f77940376dc142c404ba4037f19d42c4110a4037213c427004763928147b00000000000000000000000000063a95,88
1411,pmu-2,2026-09-07T04:58:41.3969926Z,1788757132,700000,700000,-11303.007,aa01005800016a9e448c000aae60000042ac081a3fae8d4242abfc673faf34cf42ac00c93facdaaa42abf4a73faf38b942abf9af3fb0ca6442abfc173fb0eba1427007363883ae14000000000000000000000000000534d2,88
1412,pmu-4,2026-09-07T04:58:41.3969926Z,1788757133,280000,280000,-11883.007,aa01005800016a9e448d000445c0000042940e52be2c823042940843bdf230a34293f86dbe2005424294037bbddf8f8e42940332bdf3be2d4293ff00bdd5397c42700635b7c3d70a000000000000000000000000000a0b65,88
1413,pmu-3,2026-09-07T04:58:41.3969926Z,1788757132,580000,580000,-11183.007,aa01005800016a9e448c0008d9a0000042ac01cb3fb2913542ac0bcc3fae925b42ac03db3fb309a942abfd953fb3f5f142abff813faf1f6542abed283fb4748a427008ea3988ae14000000000000000000000000000f50cb,88
1414,pmu-5,2026-09-07T04:58:41.4558011Z,1788757132,800000,800000,-11344.199,aa01005800016a9e448c000c3500000042c3fe77403928c742c4133f403856b442c3f6c04037c04e42c3f2414039a15a42c411544039852e42c4096a4039fc0842700328b8dccccd0000000000000000000000000002e951,88
1415,pmu-5,2026-09-07T04:58:41.4558011Z,1788757132,820000,820000,-11364.199,aa01005800016a9e448c000c8320000042480000c0490fdb42480000c0490fdb42480000c0490fdb42480000c0490fdb42480000c0490fdb42480000c0490fdb426ffcd8b90147ae000000000000000000000000000355e1,88
1416,pmu-1,2026-09-07T04:58:41.4558011Z,1788757133,460000,460000,-12004.199,aa01005800016a9e448d000704e0000042480000c0490fdb42480000c0490fdb42480000c0490fdb42480000c0490fdb42480000c0490fdb42480000c0490fdb4270090838bb333300000000000000000000000000070263,88
1417,pmu-4,2026-09-07T04:58:41.4558011Z,1788757133,300000,300000,-11844.199,aa01005800016a9e448d000493e00000429a0e483e5f3188429a0c0a3e86f2294299f6b33e66f0d34299ff113e8a9afc4299fe913e8432704299fe223e8a627b426ffd05b93c28f6000000000000000000000000000b4eac,88
1418,pmu-2,2026-09-07T04:58:41.4558011Z,1788757132,720000,720000,-11264.199,aa01005800016a9e448c000afc80000042b209fa3fdfb86142b1f7ab3fe02f2142b1fbad3fdd381542b1f1253fdfb50f42b1fe883fe1aeee42b1f9663fe00704426ff7e1b99d000000000000000000000000000000063321,88
1419,pmu-1,2026-09-07T04:58:41.4558011Z,1788757133,480000,480000,-12024.199,aa01005800016a9e448d0007530000004253fab3c030bd0c4253fe05c03064f24253fd7cc030e8614253fe98c030d9684253fdb3c0313c3b4253f6d0c030c93d426ff806b9ae28f60000000000000000000000000008164a,88
1420,pmu-3,2026-09-07T04:58:41.4558011Z,1788757132,600000,600000,-11144.199,aa01005800016a9e448c000927c0000042b1fd2d3fe4162c42b20d9c3fdeadda42b1ffc03fe3804742b1fc0c3fe363ca42b1fefe3fdf218242b1ee653fe392f7426ff64db9be999a0000000000000000000000000000f5f1,88
1421,pmu-2,2026-09-07T04:58:41.4558011Z,1788757132,740000,740000,-11284.199,aa01005800016a9e448c000b4aa0000042b80ecd4007b27f42b7f4dc40084eb942b7f7af4007111542b7f1ad40085f1442b7fa6e40092faf42b7f6d74007bad2426ffb1038826666000000000000000000000000000779e4,88
1422,pmu-4,2026-09-07T04:58:41.4558011Z,1788757133,320000,320000,-11864.199,aa01005800016a9e448d0004e200000042a011583f1a921c42a00cd63f23f383429ff9063f18da81429ffbdf3f2464b642a0034a3f24fa96429ffed33f266ca3426ff7d3b8d4cccd000000000000000000000000000c4259,88
1423,pmu-3,2026-09-07T04:58:41.4558011Z,1788757132,620000,620000,-11164.199,aa01005800016a9e448c000975e0000042b7f9db400a06da42b8104140070bf842b7fcdd400966cd42b7f7324009fbf742b8032440079bd242b7edc740096056426ffd9839155c2900000000000000000000000000011f24,88
1424,pmu-5,2026-09-07T04:58:41.5008754Z,1788757132,840000,840000,-11339.125,aa01005800016a9e448c000cd14000004253ffd5c030508b425404a3c0312d764253fa49c030a55e4253fc8dc0315dc04253f9c3c030d0754253f98ac030a4db427002de38f6b85200000000000000000000000000041934,88
1425,pmu-5,2026-09-07T04:58:41.5008754Z,1788757132,860000,860000,-11359.125,aa01005800016a9e448c000d1f600000425ffc5cc0186c0f426007acc01889d4425ffb78c018aa2442600425c018bfd44260007ac018cc8a425fffe3c0189e2e4270085e38e147ae0000000000000000000000000005680e,88
1426,pmu-1,2026-09-07T04:58:41.5008754Z,1788757133,500000,500000,-11999.125,aa01005800016a9e448d0007a1200000425ffe7bc018b54a425ffc42c018381e425ff819c018eda4425ffb3ac018d90a426000a8c0191d3e425feca3c018c703427001c3394770a400000000000000000000000000091c11,88
1427,pmu-4,2026-09-07T04:58:41.5008754Z,1788757133,340000,340000,-11839.125,aa01005800016a9e448d00053020000042a60dd03f7c79df42a6104d3f82839d42a5fb2a3f7a597642a5ff3d3f8374a942a6042d3f829c6342a6014f3f83b11e426ffb3b388b851f000000000000000000000000000d3a13,88
1428,pmu-2,2026-09-07T04:58:41.5008754Z,1788757132,760000,760000,-11259.125,aa01005800016a9e448c000b98c0000042be0cb0401f7ed742bdf0be40203a6642bdfc5a401ef5b542bdf0a94020ca3042bdf8274021a07742bdf57c40203b5a426ff669b8be8f5c0000000000000000000000000008619d,88
1429,pmu-3,2026-09-07T04:58:41.5008754Z,1788757132,640000,640000,-11139.125,aa01005800016a9e448c0009c400000042bdfc3c402253a942be0f22401ee36542bdf80a402170d942bdf2d74022416c42bdfe5e40202d4842bdea2a4021b4f5426ffffd384428f60000000000000000000000000002d43e,88
1430,pmu-1,2026-09-07T04:58:41.5008754Z,1788757133,520000,520000,-12019.125,aa01005800016a9e448d0007ef400000426c0599c000e467426bf5e2c0007cb1426bf72bc000fdaa426bfd38c000a627426c024cc0012ec7426beac0c00003784270071138d947ae000000000000000000000000000adec8,88
1431,pmu-3,2026-09-07T04:58:41.5008754Z,1788757132,660000,660000,-11159.125,aa01005800016a9e448c000a1220000042c3fbae403afce942c413704036865c42c3f3594039fc1c42c3f7ec403acaef42c3faa84038d93942c3ea5b403a44ba426ff90cb90e28f6000000000000000000000000000353fb,88
1432,pmu-2,2026-09-07T04:58:41.5008754Z,1788757132,780000,780000,-11279.125,aa01005800016a9e448c000be6e0000042c4086940373d5b42c3f3ff4037fa3942c3faf94036d89842c3f0be4038b98642c3f753403974dc42c3f5dd4038c88b427000113945c28f00000000000000000000000000092957,88
1433,pmu-4,2026-09-07T04:58:41.5008754Z,1788757133,360000,360000,-11859.125,aa01005800016a9e448d00057e40000042ac11a83faf1a5642ac12773fb35e7e42abfaa73fadb85e42ac01453fb4386142ac040f3fb30e4e42ac061d3fb36459427009a73993ae14000000000000000000000000000eb54c,88
1434,pmu-3,2026-09-07T04:58:41.5448015Z,1788757132,680000,680000,-11135.199,aa01005800016a9e448c000a6040000042480000c0490fdb42480000c0490fdb42480000c0490fdb42480000c0490fdb42480000c0490fdb42480000c0490fdb427006ae398b999a0000000000000000000000000004972e,88
1435,pmu-1,2026-09-07T04:58:41.5448015Z,1788757133,540000,540000,-11995.199,aa01005800016a9e448d00083d6000004277fe97bfd2b5b84277f129bfd0d2c04277f1ccbfd208c64277fc50bfd13fac4277ff70bfd2923e4277f003bfd10231426fff64b91d3333000000000000000000000000000b39e8,88
1436,pmu-5,2026-09-07T04:58:41.5448015Z,1788757132,880000,880000,-11335.199,aa01005800016a9e448c000d6d800000426c0254c0000f54426c0081c0005f8a426c044abfffdb1e426c0e30c000dec3426bfd81c000ab22426c06b3c0010de542700271b8f2b8520000000000000000000000000006eb85,88
1437,pmu-2,2026-09-07T04:58:41.5448015Z,1788757132,800000,800000,-11255.199,aa01005800016a9e448c000c3500000042480000c0490fdb42480000c0490fdb42480000c0490fdb42480000c0490fdb42480000c0490fdb42480000c0490fdb427006d4390a7ae1000000000000000000000000000a4a65,88
1438,pmu-4,2026-09-07T04:58:41.5448015Z,1788757133,380000,380000,-11835.199,aa01005800016a9e448d0005cc60000042b20dee3fde56af42b2165f3fe47bc142b1fbf13fdd367f42b2006f3fe364ba42b2017d3fe37f9042b208603fe3a9ec426ff9d4b9a20a3d000000000000000000000000000f9c59,88
1439,pmu-3,2026-09-07T04:58:41.5876995Z,1788757132,700000,700000,-11112.300,aa01005800016a9e448c000aae6000004253ff6fc0310dcf425409cbc030ba2b4253fceec03098654253ffc6c030b0754254027ac030a11b4254025bc03058414270002fb9050a3d00000000000000000000000000053922,88
1440,pmu-1,2026-09-07T04:58:41.5876995Z,1788757133,560000,560000,-11972.300,aa01005800016a9e448d00088b8000004281fae9bfa170ef4281f894bfa1ab154281fcd4bfa2258a4281fb6dbfa1fa494281fcfebfa327464281f4f8bf9fc730426ff7dbb91a51ec000000000000000000000000000cfe62,88
1441,pmu-2,2026-09-07T04:58:41.5876995Z,1788757132,820000,820000,-11232.300,aa01005800016a9e448c000c83200000425402d6c03080604253fe3ac030ccdb4253ff2fc030d9f042540763c03094464253fa0dc03178014253fbffc030d7e6426ff7f7b9983333000000000000000000000000000be1e8,88
1442,pmu-4,2026-09-07T04:58:41.5876995Z,1788757133,400000,400000,-11812.300,aa01005800016a9e448d00061a80000042b80b934006f27242b81664400ab55442b7fd5d40070b8042b80188400a5df242b800c94009d8d442b806744009c9ff427001d33923c28f000000000000000000000000000062c4,88
1443,pmu-5,2026-09-07T04:58:41.5876995Z,1788757132,900000,900000,-11312.300,aa01005800016a9e448c000dbba000004277f8e6bfcfd1b34277fb6ebfcf859842780e6cbfcf12c742781377bfd199c54277f4ecbfd0802542780a6bbfd2820f426fff4db880a3d70000000000000000000000000007198c,88
1444,pmu-3,2026-09-07T04:58:41.6337566Z,1788757132,720000,720000,-11086.243,aa01005800016a9e448c000afc800000425ff6acc019183e42600378c0192451425ffac7c017ef5a425ffa29c018dcaf42600c1cc0183f9e4260035ec017f30e426ff88db91c51ec0000000000000000000000000006a8af,88
1445,pmu-4,2026-09-07T04:58:41.6337566Z,1788757133,420000,420000,-11786.243,aa01005800016a9e448d000668a0000042be070d401f8ab042be15cd402291be42be001d401f1d2142be0672402251ee42be02d740221dc442be061140221504426ff706b95d3333000000000000000000000000000105c2,88
1446,pmu-5,2026-09-07T04:58:41.6337566Z,1788757132,920000,920000,-11286.243,aa01005800016a9e448c000e09c000004281f768bf9fad254281fbccbf9f9d95428203d0bf9dbb50428209eabfa13ce54281f946bf9fe83a42820547bfa1ba3d426ff7dfb91828f6000000000000000000000000000810ed,88
1447,pmu-1,2026-09-07T04:58:41.6337566Z,1788757133,580000,580000,-11946.243,aa01005800016a9e448d0008d9a000004287fad8bf63e3544287fb5fbf63486b4287fe2fbf6382d84287fbf3bf64d6f342880063bf64da074287f972bf5d5c03426ffefa3911d70a000000000000000000000000000d0675,88
1448,pmu-2,2026-09-07T04:58:41.6337566Z,1788757132,840000,840000,-11206.243,aa01005800016a9e448c000cd1400000426004a2c018e9da4260029fc018f4c3425ffaa4c018e0c342600c6ec018cf194260007bc019a5b54260045ac018b5f1426ff7dfb5f5c28f000000000000000000000000000c2cd5,88
1449,pmu-3,2026-09-07T04:58:41.6337566Z,1788757132,740000,740000,-11106.243,aa01005800016a9e448c000b4aa00000426bf66dc0005aa4426bf9f5c0014ee9426c0252c0004b85426c01e8c00090db426c0396bfffcc7f426bff98bffe938c42700506397f70a4000000000000000000000000000705ae,88
1450,pmu-1,2026-09-07T04:58:41.6337566Z,1788757133,600000,600000,-11966.243,aa01005800016a9e448d000927c00000428dfa60bf059d3c428df872bf013c93428dfe42bf01ba0b428df876bf051c68428e00e9bf069b56428df89cbef9ba86427007aa3931eb85000000000000000000000000000e1d72,88
1451,pmu-4,2026-09-07T04:58:41.6337566Z,1788757133,440000,440000,-11806.243,aa01005800016a9e448d0006b6c0000042c403aa4037b0bf42c413ea403a7f4742c401794036d91d42c40246403a8c4242c400a9403ae18c42c4099b403a11d84270085639b147ae00000000000000000000000000024350,88
1452,pmu-5,2026-09-07T04:58:41.6337566Z,1788757132,940000,940000,-11306.243,aa01005800016a9e448c000e57e000004287f2cabf5ca57b4287f90bbf5d9d3f42880845bf5c700242880714bf63253f4287fa08bf5e20c6428803c6bf614f6f426ff793b6c28f5c00000000000000000000000000093cd9,88
1453,pmu-2,2026-09-07T04:58:41.6337566Z,1788757132,860000,860000,-11226.243,aa01005800016a9e448c000d1f600000426c07acc0002e54426c05dcc000d181426bf25cc0004c88426c110ac0013c7c426c0078c001bc9f426c0326c0002ce7426fffd43922f5c3000000000000000000000000000d228e,88
1454,pmu-3,2026-09-07T04:58:41.6847698Z,1788757132,760000,760000,-11075.230,aa01005800016a9e448c000b98c000004277f06abfcf47bd427801b3bfd2bd8242780164bfd09901427808f3bfd1e5724278091bbfd033f74277ff68bfcd27e24270062237b5c28f00000000000000000000000000089bc3,88
1455,pmu-4,2026-09-07T04:58:41.6847698Z,1788757133,460000,460000,-11775.230,aa01005800016a9e448d000704e0000042480000c0490fdb42480000c0490fdb42480000c0490fdb42480000c0490fdb42480000c0490fdb42480000c0490fdb427005a4b85ccccd0000000000000000000000000003e689,88
1456,pmu-1,2026-09-07T04:58:41.6847698Z,1788757133,620000,620000,-11935.230,aa01005800016a9e448d000975e000004293f66bbe1b96274293fa4cbdf309f64293ffb3be0b8f244293fd3dbe11e12e4293fdcebe1fb3854293fcc7bdd3e07442700167b9003d71000000000000000000000000000f57da,88
1457,pmu-5,2026-09-07T04:58:41.6847698Z,1788757132,960000,960000,-11275.230,aa01005800016a9e448c000ea6000000428df553bef8b962428df934bef997b5428e0c97bef95f7c428e021ebf0454d4428dfcb8bef78c6b428e01dbbf02fae64270077339a28f5c000000000000000000000000000af028,88
1458,pmu-3,2026-09-07T04:58:41.6847698Z,1788757132,780000,780000,-11095.230,aa01005800016a9e448c000be6e000004281f7c6bf9e80b34282001abfa1391a4281fdd5bf9f62244282000cbfa2db0f4281ffaabfa0022c4281fbb6bf9c4b0b426ffa6fb96f999a0000000000000000000000000009bb46,88
1459,pmu-4,2026-09-07T04:58:41.6847698Z,1788757133,480000,480000,-11795.230,aa01005800016a9e448d0007530000004253fea1c0316e834254016dc03075af425409a4c0317c3642540712c0304c1f42540056c03132eb4254039fc0309f8e426ffc38b940f5c30000000000000000000000000004b5c1,88
1460,pmu-1,2026-09-07T04:58:41.6847698Z,1788757133,640000,640000,-11955.230,aa01005800016a9e448d0009c40000004299f3bc3e6d9bf24299fd313e822eff4299ff453e74df884299f84a3e766ba24299f9ec3e6090454299fc6c3e87ddff4270032b3810a3d700000000000000000000000000001e52,88
1461,pmu-2,2026-09-07T04:58:41.6847698Z,1788757132,880000,880000,-11195.230,aa01005800016a9e448c000d6d80000042780ceabfd00e1f42780cb8bfd0cc3a4277e93ebfd19e1e427807a4bfd1774f4278087cbfd422b2427801b3bfcef8f1426ffc7db888cccd000000000000000000000000000ea3d4,88
1462,pmu-5,2026-09-07T04:58:41.6847698Z,1788757132,980000,980000,-11295.230,aa01005800016a9e448c000ef42000004293f516bddb5fd24293f6b4bdec1bc842940e70bdf019f84293fd4cbe0a298d4293fb18bdeb189942940175be095378426ff9c4b98c1eb8000000000000000000000000000bf1b2,88
1463,pmu-2,2026-09-07T04:58:41.6847698Z,1788757132,900000,900000,-11215.230,aa01005800016a9e448c000dbba000004282098ebf9f26b34282050dbf9fb2204281f7f0bfa1dfba42820200bfa00e3f42820285bfa309ac428201c3bf9e973f426fff4938651eb8000000000000000000000000000f118c,88
1464,pmu-5,2026-09-07T04:58:41.6847698Z,1788757134,0,0,-12315.230,aa01005800016a9e448e0000000000004299f7b03e89230f4299fb813e89a8fc429a0f0e3e834328429a019e3e749e8c4299f9293e8963754299ffb63e79a8d242700222392b5c29000000000000000000000000000c4e37,88
1465,pmu-5,2026-09-07T04:58:41.7311455Z,1788757134,20000,20000,-12288.854,aa01005800016a9e448e00004e200000429ff8ef3f254df6429ffd953f24ca4742a00eff3f207409429ffeb33f1cb8c8429ff8b23f26a18842a003b63f20e59c4270033537b00000000000000000000000000000000d4fe8,88
1466,pmu-3,2026-09-07T04:58:41.7311455Z,1788757132,800000,800000,-11068.855,aa01005800016a9e448c000c350000004287f55ebf5dccdc428801f1bf605a6642880263bf5bb4b6428803c3bf654f7d42880127bf5e9fc94287fec3bf55d48f426ff6dcb8926666000000000000000000000000000aee87,88
1467,pmu-2,2026-09-07T04:58:41.7311455Z,1788757132,920000,920000,-11188.854,aa01005800016a9e448c000e09c0000042880747bf5c3847428808f5bf5f008a4287f61fbf651b6642880109bf5ea22d4288016fbf651bc042880356bf5ddd1c426ffa82b8c3ae1400000000000000000000000000003b57,88
1468,pmu-1,2026-09-07T04:58:41.7311455Z,1788757133,660000,660000,-11928.854,aa01005800016a9e448d000a12200000429ff68f3f19b37b429ffcc53f20791f42a003e83f1ead33429ff5c93f1efc63429ff7853f1a46e9429ff82c3f22e26b42700163b811eb85000000000000000000000000000147c0,88
1469,pmu-4,2026-09-07T04:58:41.7311455Z,1788757133,500000,500000,-11768.854,aa01005800016a9e448d0007a1200000425fff1fc018c8d44260094dc0182aef42600db5c019eb7d42600362c017c3f1425ff7a1c0189dab42600cadc018618442700718395eb85200000000000000000000000000055dcd,88
1470,pmu-5,2026-09-07T04:58:41.7770072Z,1788757134,40000,40000,-12262.993,aa01005800016a9e448e00009c40000042a5f7483f81af5442a5f9b83f8385c342a611293f7fda1942a601323f7b7cae42a5f40a3f849ede42a6037f3f80ec39426ffe6eb8c3ae14000000000000000000000000000eaa9c,88
1471,pmu-4,2026-09-07T04:58:41.7770072Z,1788757133,520000,520000,-11742.993,aa01005800016a9e448d0007ef400000426bf96ec0001d28426bffb2c0001563426c07c3c001efc6426c02a8bfff88b1426bf9d3bfffe979426c127dc0003a4a4270027fb8bc51ec000000000000000000000000000618d3,88
1472,pmu-2,2026-09-07T04:58:41.7770072Z,1788757132,940000,940000,-11162.993,aa01005800016a9e448c000e57e00000428e09d0bef25289428e06acbefc2021428df155bf03b4c3428e0627befffe00428dff5fbf02968b428e0833befd2d9e4270091d39958f5c00000000000000000000000000010978,88
1473,pmu-1,2026-09-07T04:58:41.7770072Z,1788757133,680000,680000,-11902.993,aa01005800016a9e448d000a6040000042a5f6b53f7a02fd42a600243f81805842a601f43f7e8c8142a5f3f73f7e8c9242a5f7cd3f7c0bf342a5fa8e3f8240f84270067138cf0a3d000000000000000000000000000255ae,88
1474,pmu-3,2026-09-07T04:58:41.7770072Z,1788757132,820000,820000,-11042.993,aa01005800016a9e448c000c83200000428df3a3befb508b428e018dbeff41b1428e054abefb118f428e0409bf06a4e9428dfc86bef97ed9428e010bbee8b03e426ffb0638aa8f5c000000000000000000000000000b19ce,88
1475,pmu-5,2026-09-07T04:58:41.7770072Z,1788757134,60000,60000,-12282.993,aa01005800016a9e448e0000ea60000042abf3ad3fb2446d42abfb093fb4061e42ac103d3fb0071a42ac01dc3fad1fc042abf05a3fb4a81542ac07bf3fb27326427006be392a3d71000000000000000000000000000f44f2,88
1476,pmu-4,2026-09-07T04:58:41.7770072Z,1788757133,540000,540000,-11762.993,aa01005800016a9e448d00083d6000004278017ebfd06d434278076cbfd0010f42780012bfd2b06d4277f93bbfd019814277fe28bfceb11742781792bfd003524270033e37747ae100000000000000000000000000073485,88
1477,pmu-2,2026-09-07T04:58:41.7770072Z,1788757132,960000,960000,-11182.993,aa01005800016a9e448c000ea6000000429408a4bdbbc276429408b8bdf63d784293ee99be091618429408c5be0360664293fd74be0f7ebf429403dbbdeed021426ffa32b998c28f0000000000000000000000000002373c,88
1478,pmu-3,2026-09-07T04:58:41.7770072Z,1788757132,840000,840000,-11062.993,aa01005800016a9e448c000cd14000004293f5dfbde31a334293fccfbdfa08734294049cbdfc1862429404dbbe1acc564293fe0dbdda9df84293fc7ebda3d25d426ff661b8be3d71000000000000000000000000000c364f,88
1479,pmu-1,2026-09-07T04:58:41.7770072Z,1788757133,700000,700000,-11922.993,aa01005800016a9e448d000aae60000042abf3c83fae4f3d42ac02913fb109d542abff823fae4b9942abf4803fb002e242abf3d33faecd5042abfd3e3fb1ff00426ffdc7b93170a40000000000000000000000000003bfbb,88
1480,pmu-3,2026-09-07T04:58:41.8221991Z,1788757132,860000,860000,-11037.801,aa01005800016a9e448c000d1f6000004299f92e3e8c06be429a00493e871f444299ff873e8577d5429a03c43e6f87da4299fbbb3e8c3a1b4299ff0c3e99b2d8426ff82b38128f5c000000000000000000000000000de6d3,88
1481,pmu-4,2026-09-07T04:58:41.8221991Z,1788757133,560000,560000,-11737.801,aa01005800016a9e448d00088b800000428201b9bfa13b3c4282046dbfa09b0342820519bfa16e104282003abfa0e62d4281fcffbf9e19da428207f0bf9fb1e8426ff771b971ae1400000000000000000000000000086d2f,88
1482,pmu-5,2026-09-07T04:58:41.8221991Z,1788757134,80000,80000,-12257.801,aa01005800016a9e448e00013880000042b1efb73fe234dc42b1f9ad3fe36f7242b211173fe1655e42b2012e3fde2ab142b1f5423fe4948442b209013fe319f2426fff93b912cccd0000000000000000000000000000ee2e,88
1483,pmu-1,2026-09-07T04:58:41.8221991Z,1788757133,720000,720000,-11897.801,aa01005800016a9e448d000afc80000042b1f8dd3fdd770142b1fe743fe00bd642b1ffbf3fdfca9042b1f82d3fdfa0cb42b1f0623fde734342b1fe983fe2345b42700422390228f60000000000000000000000000004e891,88
1484,pmu-2,2026-09-07T04:58:41.8221991Z,1788757132,980000,980000,-11157.801,aa01005800016a9e448c000ef4200000429a0dc03e93b9b3429a0d2b3e885b0d4299f1e73e71cda7429a0aff3e7db17a4299fa253e688480429a04ed3e87562042700682397c28f60000000000000000000000000003ab30,88
1485,pmu-2,2026-09-07T04:58:41.8229001Z,1788757134,0,0,-12177.100,aa01005800016a9e448e00000000000042a00fb13f2ad62a42a00a033f243d6f429ff0823f1af70742a008623f20f021429ff88e3f19058b42a004383f245ebc4270052cb7dae1480000000000000000000000000004b7db,88
1486,pmu-5,2026-09-07T04:58:41.8701369Z,1788757134,100000,100000,-12229.863,aa01005800016a9e448e000186a0000042b7f3a44009654542b7f7264009530242b80c774008b81a42b7fd6a4007254e42b7f8974009de5a42b80a8640093ded427006fe3917eb850000000000000000000000000001a4f7,88
1487,pmu-3,2026-09-07T04:58:41.8701369Z,1788757132,880000,880000,-11009.863,aa01005800016a9e448c000d6d800000429ff5083f285cf042a002973f23953842a002513f21eb6042a001353f1a3f23429ff8a63f29056c42a003713f2f01f242700170393dd70a000000000000000000000000000e3b29,88
1488,pmu-5,2026-09-07T04:58:41.8701369Z,1788757134,120000,120000,-12249.863,aa01005800016a9e448e0001d4c0000042bdf6f74021381b42bdfac54021a82342be0897402125cb42bdfd32401ef8a942bdf3fa40219bb742be0f2a402151ea42700a18387e147b000000000000000000000000000274e6,88
1489,pmu-3,2026-09-07T04:58:41.8701369Z,1788757132,900000,900000,-11029.863,aa01005800016a9e448c000dbba0000042a5f2dd3f83336f42a601303f827f4542a600b83f800e6f42a603833f78b24542a5fd5e3f845b5d42a5fee73f87e730427009a739283d71000000000000000000000000000f53c1,88
1490,pmu-2,2026-09-07T04:58:41.8701369Z,1788757134,20000,20000,-12149.863,aa01005800016a9e448e00004e20000042a612803f8569e042a60dfa3f827e0e42a5ec143f7d803242a6040c3f80bcae42a5fcb23f78cc6842a603863f81d214426ff749b98e333300000000000000000000000000054b30,88
1491,pmu-4,2026-09-07T04:58:41.8701369Z,1788757133,580000,580000,-11709.863,aa01005800016a9e448d0008d9a0000042880122bf6039624287ff5cbf60373b428805f6bf6126684287fda8bf620dba42880217bf5e0e7342880c9bbf5e386b426ff9c5383eb8520000000000000000000000000009ab05,88
1492,pmu-2,2026-09-07T04:58:41.8701369Z,1788757134,40000,40000,-12169.863,aa01005800016a9e448e00009c40000042ac16873fb6215b42ac128b3fb33f1d42abe7493fadff1642ac05493fb0b77442abf8093fadc4ab42ac08553fb216e0426ffa37387000000000000000000000000000000006ed71,88
1493,pmu-1,2026-09-07T04:58:41.8701369Z,1788757133,740000,740000,-11869.863,aa01005800016a9e448d000b4aa0000042b7f6f64006bf6142b7ff034008441e42b7fd7c40085fdf42b7f5b64007d6aa42b7eb514007c27e42b802574008d11d427002e3b7cc28f600000000000000000000000000053526,88
1494,pmu-4,2026-09-07T04:58:41.8701369Z,1788757133,600000,600000,-11729.863,aa01005800016a9e448d000927c00000428e02a4befe4e23428e03f6bf012a22428e028fbefebad0428df9cfbeffaf0c428dfe52bef92d62428e1183bef89ed5426ffada37b147ae000000000000000000000000000aa5d1,88
1495,pmu-1,2026-09-07T04:58:41.8701369Z,1788757133,760000,760000,-11889.863,aa01005800016a9e448d000b98c0000042bdf494401e7cd342be0319401fd41242bdf915402022d142bdf8c6402064ea42bde9a5401ff8e942be02224021952342700989390828f6000000000000000000000000000633ae,88
1496,pmu-5,2026-09-07T04:58:41.915739Z,1788757134,140000,140000,-12224.261,aa01005800016a9e448e000222e0000042c3f7b84039b29b42c3fa2a403a387842c406cc40397e3942c3fa0940373c1242c3f8d6403a3c3042c40a1e4039d06d426ffdd3b97b47ae000000000000000000000000000300c7,88
1497,pmu-2,2026-09-07T04:58:41.915739Z,1788757134,60000,60000,-12144.261,aa01005800016a9e448e0000ea60000042b21ac43fe6479742b20db53fe4807a42b1e7c03fde3a1542b205673fe14f5f42b1fcc33fde749642b209d23fe202c542700809398d851f000000000000000000000000000705b2,88
1498,pmu-3,2026-09-07T04:58:41.915739Z,1788757132,920000,920000,-11004.261,aa01005800016a9e448c000e09c0000042abf7013fb2f81142ac03e03fb197a842ac03fc3fb03aca42ac04963fac9cc042abff533fb4bb1442abfa0d3fb70146426ffb99b98feb850000000000000000000000000000fa60,88
1499,pmu-4,2026-09-07T04:58:41.915739Z,1788757133,620000,620000,-11704.261,aa01005800016a9e448d000975e000004293fef5bdfba9f442940030be0c663f42940504bdfbd35d4293fbfdbdf6d01342940252bdd04f66429411cdbded49eb4270094139937ae1000000000000000000000000000b7d99,88
1500,pmu-1,2026-09-07T04:58:41.915739Z,1788757133,780000,780000,-11864.261,aa01005800016a9e448d000be6e0000042c3f06e40365f3642c400c84038569f42c3fb8c4038597242c3f3ec4038b63142c3ed1b4038046642c4039440391fb1426ffafeb994eb8500000000000000000000000000070c4b,88
