index,time,entity_id,idcode,soc,fracsec_count,captured_at,lag_ms,freq,freq_dev,rocof,mw,mvar,mva,power_factor,va_mag,va_ang,vb_mag,vb_ang,vc_mag,vc_ang,ia_mag,ia_ang,stat,digital,crc_valid,time_quality
1,2026-09-07T04:58:45.16Z,pmu-5,1,1788757125,160000,2026-09-07T04:58:32.8141518Z,-12345.848,60.006001,0.006001,0.000172,0.000000,0.000000,0.000000,1.000000,68.012115,-51.712345,67.993881,-51.684452,67.989105,-49.990128,67.982948,-50.205074,0,8,true,0
2,2026-09-07T04:58:45.06Z,pmu-2,1,1788757125,60000,2026-09-07T04:58:32.8141518Z,-12245.848,60.006744,0.006744,0.000329,0.000000,0.000000,0.000000,1.000000,56.013561,-135.990631,55.986298,-136.547058,55.994408,-137.161011,56.004116,-136.193558,0,11,true,0
3,2026-09-07T04:58:44.8Z,pmu-1,1,1788757124,800000,2026-09-07T04:58:32.8141518Z,-11985.848,60.000404,0.000404,0.000198,0.000000,0.000000,0.000000,1.000000,67.982712,-49.385651,67.988579,-49.827621,67.972679,-49.718899,67.995041,-51.671604,0,12,true,0
4,2026-09-07T04:58:44.64Z,pmu-4,1,1788757124,640000,2026-09-07T04:58:32.8141518Z,-11825.848,60.006695,0.006695,0.000302,0.000000,0.000000,0.000000,1.000000,94.993019,145.207184,94.995316,143.980148,95.014771,145.106720,94.980370,143.899689,0,0,true,0
5,2026-09-07T04:58:45.18Z,pmu-5,1,1788757125,180000,2026-09-07T04:58:32.8685926Z,-12311.407,59.994003,-0.005997,-0.000240,0.000000,0.000000,0.000000,1.000000,71.019371,-29.642588,70.999794,-29.599762,70.988159,-28.488344,70.977318,-28.999046,0,9,true,0
6,2026-09-07T04:58:45.2Z,pmu-5,1,1788757125,200000,2026-09-07T04:58:32.8685926Z,-12331.407,60.005173,0.005173,0.000223,0.000000,0.000000,0.000000,1.000000,74.020187,-8.440756,73.994431,-8.182366,73.994362,-7.252906,73.987099,-7.735911,0,10,true,0
7,2026-09-07T04:58:44.66Z,pmu-4,1,1788757124,660000,2026-09-07T04:58:32.8685926Z,-11791.407,60.005260,0.005260,-0.000029,0.000000,0.000000,0.000000,1.000000,97.998459,166.529922,97.994133,166.093704,98.007935,167.258347,97.972176,165.471802,0,1,true,0
8,2026-09-07T04:58:45.08Z,pmu-2,1,1788757125,80000,2026-09-07T04:58:32.8685926Z,-12211.407,59.990772,-0.009228,-0.000319,0.000000,0.000000,0.000000,1.000000,59.014332,-114.436943,58.982014,-115.285629,58.998657,-115.276611,58.994858,-115.000084,0,12,true,0
9,2026-09-07T04:58:44.82Z,pmu-1,1,1788757124,820000,2026-09-07T04:58:32.8685926Z,-11951.407,59.997242,-0.002758,-0.000063,0.000000,0.000000,0.000000,1.000000,70.974449,-27.640188,70.995285,-28.043650,70.980225,-28.609570,70.993721,-29.995031,0,13,true,0
10,2026-09-07T04:58:43.96Z,pmu-3,1,1788757123,960000,2026-09-07T04:58:32.8685926Z,-11091.407,60.000607,0.000607,0.000078,0.000000,0.000000,0.000000,1.000000,58.984650,-115.162331,59.001022,-115.463348,59.001732,-114.988861,58.995544,-115.947693,0,6,true,0
11,2026-09-07T04:58:44.68Z,pmu-4,1,1788757124,680000,2026-09-07T04:58:32.8685926Z,-11811.407,60.001938,0.001938,-0.000066,0.000000,0.000000,0.000000,1.000000,50.000000,-180.000000,50.000000,-180.000000,50.000000,-180.000000,50.000000,-180.000000,0,2,true,0
12,2026-09-07T04:58:44.84Z,pmu-1,1,1788757124,840000,2026-09-07T04:58:32.8685926Z,-11971.407,60.007423,0.007423,0.000204,0.000000,0.000000,0.000000,1.000000,73.970795,-6.009954,73.998932,-6.488326,73.980835,-7.154194,73.990067,-8.818171,0,14,true,0
13,2026-09-07T04:58:45.1Z,pmu-2,1,1788757125,100000,2026-09-07T04:58:32.8685926Z,-12231.407,60.000595,0.000595,0.000196,0.000000,0.000000,0.000000,1.000000,62.024261,-92.471474,61.982517,-93.615181,61.997517,-93.927269,62.003185,-93.159500,0,13,true,0
14,2026-09-07T04:58:43.98Z,pmu-3,1,1788757123,980000,2026-09-07T04:58:32.8685926Z,-11111.407,59.999352,-0.000648,-0.000025,0.000000,0.000000,0.000000,1.000000,61.994537,-93.317513,61.993332,-94.042175,61.995659,-93.711945,62.004059,-94.121758,0,7,true,0
15,2026-09-07T04:58:45Z,pmu-3,1,1788757125,0,2026-09-07T04:58:32.8691632Z,-12130.837,60.008957,0.008957,0.000192,0.000000,0.000000,0.000000,1.000000,64.995621,-71.461609,64.989586,-72.423096,64.992149,-72.404221,65.010139,-72.005486,0,8,true,0
16,2026-09-07T04:58:45.22Z,pmu-5,1,1788757125,220000,2026-09-07T04:58:32.9159222Z,-12304.078,60.007988,0.007988,0.000056,0.000000,0.000000,0.000000,1.000000,77.024658,13.389690,77.003380,13.834934,76.993774,14.171170,76.978951,14.407637,0,11,true,0
17,2026-09-07T04:58:45.12Z,pmu-2,1,1788757125,120000,2026-09-07T04:58:32.9159222Z,-12204.078,59.995464,-0.004536,-0.000103,0.000000,0.000000,0.000000,1.000000,65.018280,-71.225258,64.975281,-71.854782,64.996361,-72.549255,65.010765,-71.110199,0,14,true,0
18,2026-09-07T04:58:45.02Z,pmu-3,1,1788757125,20000,2026-09-07T04:58:32.9159222Z,-12104.078,60.006718,0.006718,-0.000045,0.000000,0.000000,0.000000,1.000000,67.996475,-50.030956,67.994591,-50.277000,67.984108,-51.089954,68.015923,-49.952759,0,9,true,0
19,2026-09-07T04:58:44.86Z,pmu-1,1,1788757124,860000,2026-09-07T04:58:32.9159222Z,-11944.078,60.002934,0.002934,-0.000090,0.000000,0.000000,0.000000,1.000000,76.970161,15.342745,77.007973,15.669455,76.970879,13.912297,76.988968,12.872214,0,15,true,0
20,2026-09-07T04:58:45.24Z,pmu-5,1,1788757125,240000,2026-09-07T04:58:32.9159222Z,-12324.078,60.007290,0.007290,-0.000014,0.000000,0.000000,0.000000,1.000000,80.015152,35.510578,80.012589,35.776695,79.987236,35.783604,79.969917,36.154079,0,12,true,0
21,2026-09-07T04:58:44.7Z,pmu-4,1,1788757124,700000,2026-09-07T04:58:32.9159222Z,-11784.078,60.003567,0.003567,0.000033,0.000000,0.000000,0.000000,1.000000,53.003391,-158.744003,53.000927,-158.473190,53.007908,-158.935150,53.003433,-158.857910,0,3,true,0
22,2026-09-07T04:58:45.04Z,pmu-3,1,1788757125,40000,2026-09-07T04:58:32.9159222Z,-12124.078,59.997265,-0.002735,-0.000189,0.000000,0.000000,0.000000,1.000000,70.986542,-28.690704,70.997978,-29.137590,70.977402,-29.292137,71.011223,-27.804245,0,10,true,0
23,2026-09-07T04:58:45.14Z,pmu-2,1,1788757125,140000,2026-09-07T04:58:32.9159222Z,-12224.078,59.992702,-0.007298,-0.000055,0.000000,0.000000,0.000000,1.000000,68.028084,-49.833256,67.966209,-50.066936,67.997383,-50.582241,68.001404,-49.775127,0,15,true,0
24,2026-09-07T04:58:44.72Z,pmu-4,1,1788757124,720000,2026-09-07T04:58:32.9164361Z,-11803.564,60.004009,0.004009,0.000009,0.000000,0.000000,0.000000,1.000000,56.013241,-137.530289,56.009464,-136.335541,56.000679,-137.515060,55.993984,-137.548843,0,4,true,0
25,2026-09-07T04:58:44.88Z,pmu-1,1,1788757124,880000,2026-09-07T04:58:32.9164361Z,-11963.564,60.006649,0.006649,0.000074,0.000000,0.000000,0.000000,1.000000,79.962746,37.203930,80.014275,37.229534,79.962616,35.066952,79.986702,34.852478,0,0,true,0
26,2026-09-07T04:58:45.26Z,pmu-5,1,1788757125,260000,2026-09-07T04:58:32.9612287Z,-12298.771,59.992077,-0.007923,-0.000304,0.000000,0.000000,0.000000,1.000000,83.007828,57.596703,83.010788,57.168667,82.978729,57.390896,82.969048,58.278740,0,13,true,0
27,2026-09-07T04:58:44.9Z,pmu-1,1,1788757124,900000,2026-09-07T04:58:32.9612287Z,-11938.771,59.997566,-0.002434,-0.000182,0.000000,0.000000,0.000000,1.000000,82.955048,59.002167,83.007278,59.397839,82.964928,56.412201,82.993874,57.011448,0,1,true,0
28,2026-09-07T04:58:45.06Z,pmu-3,1,1788757125,60000,2026-09-07T04:58:32.9612287Z,-12098.771,59.999908,-0.000092,0.000053,0.000000,0.000000,0.000000,1.000000,73.995949,-7.184131,73.990845,-6.981069,73.973335,-7.797943,74.017639,-5.811041,0,11,true,0
29,2026-09-07T04:58:45.16Z,pmu-2,1,1788757125,160000,2026-09-07T04:58:32.9612287Z,-12198.771,60.008812,0.008812,0.000322,0.000000,0.000000,0.000000,1.000000,71.028412,-28.288773,70.962494,-28.973375,70.988106,-28.916512,71.010628,-28.456594,0,0,true,0
30,2026-09-07T04:58:44.74Z,pmu-4,1,1788757124,740000,2026-09-07T04:58:32.9612287Z,-11778.771,59.992493,-0.007507,-0.000230,0.000000,0.000000,0.000000,1.000000,59.022835,-116.469246,59.013973,-114.570076,59.005558,-116.034996,58.991817,-115.950928,0,5,true,0
31,2026-09-07T04:58:45.08Z,pmu-3,1,1788757125,80000,2026-09-07T04:58:33.0031379Z,-12076.862,59.997524,-0.002476,-0.000048,0.000000,0.000000,0.000000,1.000000,77.003105,14.257395,76.984055,14.559848,76.975998,14.058137,77.022148,16.116488,0,12,true,0
32,2026-09-07T04:58:44.76Z,pmu-4,1,1788757124,760000,2026-09-07T04:58:33.0031379Z,-11756.862,60.001011,0.001011,0.000170,0.000000,0.000000,0.000000,1.000000,62.024002,-95.229088,62.005108,-93.539612,62.012096,-94.707893,61.988167,-94.006477,0,6,true,0
33,2026-09-07T04:58:45.18Z,pmu-2,1,1788757125,180000,2026-09-07T04:58:33.0031379Z,-12176.862,60.004585,0.004585,-0.000085,0.000000,0.000000,0.000000,1.000000,74.037781,-6.873789,73.971397,-7.884083,73.982018,-7.725241,74.004868,-6.456816,0,1,true,0
34,2026-09-07T04:58:44.92Z,pmu-1,1,1788757124,920000,2026-09-07T04:58:33.0031379Z,-11916.862,60.006115,0.006115,0.000171,0.000000,0.000000,0.000000,1.000000,85.956924,80.084190,86.010429,80.827545,85.973167,78.435234,85.997414,79.063789,0,2,true,0
35,2026-09-07T04:58:45.28Z,pmu-5,1,1788757125,280000,2026-09-07T04:58:33.0031379Z,-12276.862,60.002750,0.002750,0.000213,0.000000,0.000000,0.000000,1.000000,86.003426,79.053543,86.015060,78.832230,85.982208,78.572273,85.970650,79.308334,0,14,true,0
36,2026-09-07T04:58:45.3Z,pmu-5,1,1788757125,300000,2026-09-07T04:58:33.0486591Z,-12251.341,59.996243,-0.003757,-0.000130,0.000000,0.000000,0.000000,1.000000,89.007767,100.882980,89.006004,100.049408,88.979774,100.225937,88.963135,100.600700,0,15,true,0
37,2026-09-07T04:58:45.2Z,pmu-2,1,1788757125,200000,2026-09-07T04:58:33.0486591Z,-12151.341,60.000755,0.000755,-0.000077,0.000000,0.000000,0.000000,1.000000,77.029518,14.848874,76.969193,14.267158,76.986130,14.026589,77.004555,15.467109,0,2,true,0
38,2026-09-07T04:58:44.78Z,pmu-4,1,1788757124,780000,2026-09-07T04:58:33.0486591Z,-11731.341,60.000519,0.000519,-0.000010,0.000000,0.000000,0.000000,1.000000,65.020035,-73.793259,65.001457,-71.755539,65.020912,-73.624863,64.985153,-72.841682,0,7,true,0
39,2026-09-07T04:58:45.32Z,pmu-5,1,1788757125,320000,2026-09-07T04:58:33.0486591Z,-12271.341,59.990040,-0.009960,-0.000124,0.000000,0.000000,0.000000,1.000000,92.016533,122.598930,91.999413,121.445679,91.988281,121.745239,91.961266,122.598167,0,0,true,0
40,2026-09-07T04:58:45.22Z,pmu-2,1,1788757125,220000,2026-09-07T04:58:33.0486591Z,-12171.341,60.001137,0.001137,0.000008,0.000000,0.000000,0.000000,1.000000,80.029823,36.351078,79.965919,35.561069,79.982727,35.458462,80.009224,36.499992,0,3,true,0
41,2026-09-07T04:58:45.1Z,pmu-3,1,1788757125,100000,2026-09-07T04:58:33.0486591Z,-12051.341,59.999584,-0.000416,0.000041,0.000000,0.000000,0.000000,1.000000,80.011795,35.763550,79.991074,35.979973,79.967735,35.350475,80.025803,37.557838,0,13,true,0
42,2026-09-07T04:58:44.94Z,pmu-1,1,1788757124,940000,2026-09-07T04:58:33.0486591Z,-11891.341,59.991817,-0.008183,-0.000286,0.000000,0.000000,0.000000,1.000000,88.953659,102.100792,89.005898,102.815781,88.976128,100.098969,88.994492,100.996880,0,3,true,0
43,2026-09-07T04:58:44.96Z,pmu-1,1,1788757124,960000,2026-09-07T04:58:33.0486591Z,-11911.341,59.992519,-0.007481,0.000014,0.000000,0.000000,0.000000,1.000000,91.950447,124.262207,92.005615,124.398521,91.969406,121.473045,92.002243,122.315659,0,4,true,0
44,2026-09-07T04:58:45.12Z,pmu-3,1,1788757125,120000,2026-09-07T04:58:33.0486591Z,-12071.341,59.997837,-0.002163,-0.000035,0.000000,0.000000,0.000000,1.000000,83.005142,57.738361,82.991745,57.650772,82.963806,56.760490,83.021667,59.578632,0,14,true,0
45,2026-09-07T04:58:44.8Z,pmu-4,1,1788757124,800000,2026-09-07T04:58:33.0486591Z,-11751.341,60.002613,0.002613,0.000042,0.000000,0.000000,0.000000,1.000000,68.013412,-51.801529,68.009460,-49.779640,68.019394,-52.160431,67.990166,-51.326328,0,8,true,0
46,2026-09-07T04:58:45.34Z,pmu-5,1,1788757125,340000,2026-09-07T04:58:33.1022521Z,-12237.748,60.006165,0.006165,0.000322,0.000000,0.000000,0.000000,1.000000,95.011574,144.520966,94.994743,142.705460,94.987000,143.150360,94.953316,144.339569,0,1,true,0
47,2026-09-07T04:58:44.82Z,pmu-4,1,1788757124,820000,2026-09-07T04:58:33.1022521Z,-11717.748,60.006824,0.006824,0.000084,0.000000,0.000000,0.000000,1.000000,71.012527,-30.498314,71.003746,-28.492689,71.014511,-30.368383,70.985474,-29.752502,0,9,true,0
48,2026-09-07T04:58:45.24Z,pmu-2,1,1788757125,240000,2026-09-07T04:58:33.1022521Z,-12137.748,59.992104,-0.007896,-0.000181,0.000000,0.000000,0.000000,1.000000,83.021492,57.995544,82.956863,57.663982,82.988235,56.851238,83.014046,58.050175,0,4,true,0
49,2026-09-07T04:58:45.36Z,pmu-5,1,1788757125,360000,2026-09-07T04:58:33.1022521Z,-12257.748,59.992794,-0.007206,-0.000267,0.000000,0.000000,0.000000,1.000000,98.013184,166.038696,97.990570,164.259247,97.993393,164.432648,97.948372,166.164322,0,2,true,0
50,2026-09-07T04:58:45.14Z,pmu-3,1,1788757125,140000,2026-09-07T04:58:33.1022521Z,-12037.748,60.000549,0.000549,0.000054,0.000000,0.000000,0.000000,1.000000,86.014030,79.586639,85.984154,79.241837,85.971626,78.404045,86.030701,80.645187,0,15,true,0
51,2026-09-07T04:58:44.98Z,pmu-1,1,1788757124,980000,2026-09-07T04:58:33.1022521Z,-11877.748,59.999134,-0.000866,0.000132,0.000000,0.000000,0.000000,1.000000,94.955650,146.328232,95.005066,145.711151,94.975739,142.503311,95.011421,144.480286,0,5,true,0
52,2026-09-07T04:58:44.84Z,pmu-4,1,1788757124,840000,2026-09-07T04:58:33.1022521Z,-11737.748,59.996277,-0.003723,-0.000211,0.000000,0.000000,0.000000,1.000000,74.021126,-8.580859,73.997017,-6.795170,74.014702,-8.421412,73.989296,-7.877502,0,10,true,0
53,2026-09-07T04:58:45.26Z,pmu-2,1,1788757125,260000,2026-09-07T04:58:33.1022521Z,-12157.748,59.990074,-0.009926,-0.000041,0.000000,0.000000,0.000000,1.000000,86.014397,79.349716,85.948456,78.731972,85.990707,78.111824,86.008080,80.138321,0,5,true,0
54,2026-09-07T04:58:45Z,pmu-1,1,1788757125,0,2026-09-07T04:58:33.1022521Z,-11897.748,60.001694,0.001694,0.000051,0.000000,0.000000,0.000000,1.000000,97.946648,168.461319,97.996750,167.251785,97.969498,164.439926,98.020630,166.252609,0,6,true,0
55,2026-09-07T04:58:45.16Z,pmu-3,1,1788757125,160000,2026-09-07T04:58:33.1027636Z,-12057.236,59.999939,-0.000061,-0.000012,0.000000,0.000000,0.000000,1.000000,89.023270,100.917061,88.989563,100.735260,88.976097,99.565170,89.038185,101.746826,0,0,true,0
56,2026-09-07T04:58:45.02Z,pmu-1,1,1788757125,20000,2026-09-07T04:58:33.1027636Z,-11917.236,59.990845,-0.009155,-0.000217,0.000000,0.000000,0.000000,1.000000,50.000000,-180.000000,50.000000,-180.000000,50.000000,-180.000000,50.000000,-180.000000,0,7,true,0
57,2026-09-07T04:58:45.18Z,pmu-3,1,1788757125,180000,2026-09-07T04:58:33.148122Z,-12031.878,60.008339,0.008339,0.000168,0.000000,0.000000,0.000000,1.000000,92.026154,122.764786,91.987534,122.530067,91.971558,121.269722,92.038818,123.732796,0,1,true,0
58,2026-09-07T04:58:45.28Z,pmu-2,1,1788757125,280000,2026-09-07T04:58:33.148122Z,-12131.878,60.004200,0.004200,0.000283,0.000000,0.000000,0.000000,1.000000,89.021088,101.004112,88.950920,99.818924,88.983513,100.050049,89.014519,101.965202,0,6,true,0
59,2026-09-07T04:58:45.38Z,pmu-5,1,1788757125,380000,2026-09-07T04:58:33.148122Z,-12231.878,60.004372,0.004372,0.000232,0.000000,0.000000,0.000000,1.000000,50.000000,-180.000000,50.000000,-180.000000,50.000000,-180.000000,50.000000,-180.000000,0,3,true,0
60,2026-09-07T04:58:45.04Z,pmu-1,1,1788757125,40000,2026-09-07T04:58:33.148122Z,-11891.878,59.999111,-0.000889,0.000165,0.000000,0.000000,0.000000,1.000000,53.005196,-158.339905,52.993004,-158.944427,52.999161,-158.170883,52.990517,-158.819077,0,8,true,0
61,2026-09-07T04:58:44.86Z,pmu-4,1,1788757124,860000,2026-09-07T04:58:33.148122Z,-11711.878,60.003021,0.003021,0.000135,0.000000,0.000000,0.000000,1.000000,77.020874,12.936067,76.995888,14.856011,77.019440,12.976924,76.988068,13.269109,0,11,true,0
62,2026-09-07T04:58:45.4Z,pmu-5,1,1788757125,400000,2026-09-07T04:58:33.193935Z,-12206.065,60.001472,0.001472,-0.000058,0.000000,0.000000,0.000000,1.000000,52.999195,-158.917740,53.005543,-158.259781,52.997120,-158.730896,52.997028,-157.886749,0,4,true,0
63,2026-09-07T04:58:45.06Z,pmu-1,1,1788757125,60000,2026-09-07T04:58:33.193935Z,-11866.065,60.006042,0.006042,0.000139,0.000000,0.000000,0.000000,1.000000,56.002449,-136.795944,55.992435,-137.626068,55.995800,-136.548279,55.987213,-136.660568,0,9,true,0
64,2026-09-07T04:58:45.2Z,pmu-3,1,1788757125,200000,2026-09-07T04:58:33.193935Z,-12006.065,59.991695,-0.008305,-0.000333,0.000000,0.000000,0.000000,1.000000,95.026993,144.234283,94.995270,143.919067,94.962357,142.469147,95.041138,145.259384,0,2,true,0
65,2026-09-07T04:58:45.42Z,pmu-5,1,1788757125,420000,2026-09-07T04:58:33.193935Z,-12226.065,60.003998,0.003998,0.000051,0.000000,0.000000,0.000000,1.000000,55.990803,-136.944016,55.998020,-136.308441,55.996346,-136.730209,55.991467,-136.847610,0,5,true,0
66,2026-09-07T04:58:45.3Z,pmu-2,1,1788757125,300000,2026-09-07T04:58:33.193935Z,-12106.065,59.998791,-0.001209,-0.000108,0.000000,0.000000,0.000000,1.000000,92.014191,122.492500,91.948807,121.025764,91.992393,121.541862,92.005600,123.078659,0,7,true,0
67,2026-09-07T04:58:44.88Z,pmu-4,1,1788757124,880000,2026-09-07T04:58:33.193935Z,-11686.065,59.994061,-0.005939,-0.000179,0.000000,0.000000,0.000000,1.000000,80.024200,34.785641,80.000038,35.936211,80.014473,34.142071,79.991943,34.447090,0,12,true,0
68,2026-09-07T04:58:45.08Z,pmu-1,1,1788757125,80000,2026-09-07T04:58:33.193935Z,-11886.065,60.009228,0.009228,0.000064,0.000000,0.000000,0.000000,1.000000,59.004059,-115.580475,58.993713,-115.672844,58.991165,-114.863594,58.996887,-115.452927,0,10,true,0
69,2026-09-07T04:58:45.32Z,pmu-2,1,1788757125,320000,2026-09-07T04:58:33.193935Z,-12126.065,59.998917,-0.001083,0.000003,0.000000,0.000000,0.000000,1.000000,95.010857,144.053528,94.951347,142.254242,94.995361,142.630569,95.011612,144.880844,0,8,true,0
70,2026-09-07T04:58:44.9Z,pmu-4,1,1788757124,900000,2026-09-07T04:58:33.193935Z,-11706.065,59.999008,-0.000992,0.000099,0.000000,0.000000,0.000000,1.000000,83.014343,56.580944,83.005730,57.632397,83.012970,56.158600,82.998520,55.481758,0,13,true,0
71,2026-09-07T04:58:45.22Z,pmu-3,1,1788757125,220000,2026-09-07T04:58:33.193935Z,-12026.065,59.993599,-0.006401,0.000038,0.000000,0.000000,0.000000,1.000000,98.032700,165.620728,98.001427,165.121628,97.962387,164.037582,98.047073,167.061493,0,3,true,0
72,2026-09-07T04:58:44.92Z,pmu-4,1,1788757124,920000,2026-09-07T04:58:33.2437032Z,-11676.297,59.993313,-0.006687,-0.000114,0.000000,0.000000,0.000000,1.000000,86.008102,78.717178,86.010468,79.680367,86.007576,77.969429,85.995827,77.583092,0,14,true,0
73,2026-09-07T04:58:45.34Z,pmu-2,1,1788757125,340000,2026-09-07T04:58:33.2437032Z,-12096.297,60.003567,0.003567,0.000093,0.000000,0.000000,0.000000,1.000000,98.003624,165.119034,97.948616,163.401581,98.000244,164.000854,98.016083,166.132446,0,9,true,0
74,2026-09-07T04:58:45.1Z,pmu-1,1,1788757125,100000,2026-09-07T04:58:33.2445716Z,-11855.428,60.005840,0.005840,-0.000068,0.000000,0.000000,0.000000,1.000000,62.010468,-94.091522,61.996979,-93.919930,61.992229,-93.067345,61.993050,-93.310638,0,11,true,0
75,2026-09-07T04:58:45.44Z,pmu-5,1,1788757125,440000,2026-09-07T04:58:33.2445716Z,-12195.428,60.007690,0.007690,0.000074,0.000000,0.000000,0.000000,1.000000,58.981201,-115.165497,59.003536,-114.866295,58.999844,-115.186317,58.991550,-115.449486,0,6,true,0
76,2026-09-07T04:58:45.24Z,pmu-3,1,1788757125,240000,2026-09-07T04:58:33.2445716Z,-11995.428,60.004429,0.004429,0.000217,0.000000,0.000000,0.000000,1.000000,50.000000,-180.000000,50.000000,-180.000000,50.000000,-180.000000,50.000000,-180.000000,0,4,true,0
77,2026-09-07T04:58:45.26Z,pmu-3,1,1788757125,260000,2026-09-07T04:58:33.2854353Z,-11974.565,59.991386,-0.008614,-0.000261,0.000000,0.000000,0.000000,1.000000,53.001492,-158.608871,52.998737,-158.201843,53.002956,-158.469513,53.004356,-158.030121,0,5,true,0
78,2026-09-07T04:58:45.46Z,pmu-5,1,1788757125,460000,2026-09-07T04:58:33.2854353Z,-12174.565,59.996155,-0.003845,-0.000231,0.000000,0.000000,0.000000,1.000000,61.984978,-93.762550,62.010189,-93.795998,62.009430,-93.446167,61.988327,-94.315430,0,7,true,0
79,2026-09-07T04:58:45.28Z,pmu-3,1,1788757125,280000,2026-09-07T04:58:33.2854353Z,-11994.565,59.996639,-0.003361,0.000105,0.000000,0.000000,0.000000,1.000000,56.006050,-137.359177,56.001904,-136.279999,55.993614,-136.410217,55.998806,-135.900085,0,6,true,0
80,2026-09-07T04:58:45.48Z,pmu-5,1,1788757125,480000,2026-09-07T04:58:33.2854353Z,-12194.565,59.996639,-0.003361,0.000010,0.000000,0.000000,0.000000,1.000000,64.993858,-72.225586,65.014801,-71.865181,65.000801,-71.950645,64.982086,-72.258789,0,8,true,0
81,2026-09-07T04:58:45.12Z,pmu-1,1,1788757125,120000,2026-09-07T04:58:33.2854353Z,-11834.565,60.009441,0.009441,0.000072,0.000000,0.000000,0.000000,1.000000,65.006973,-72.484093,65.001030,-72.151451,64.984169,-71.656418,64.983276,-72.180595,0,12,true,0
82,2026-09-07T04:58:45.36Z,pmu-2,1,1788757125,360000,2026-09-07T04:58:33.2854353Z,-12074.565,59.998596,-0.001404,-0.000099,0.000000,0.000000,0.000000,1.000000,50.000000,-180.000000,50.000000,-180.000000,50.000000,-180.000000,50.000000,-180.000000,0,10,true,0
83,2026-09-07T04:58:45.14Z,pmu-1,1,1788757125,140000,2026-09-07T04:58:33.2854353Z,-11854.565,59.999443,-0.000557,-0.000200,0.000000,0.000000,0.000000,1.000000,68.015198,-50.801258,67.991661,-50.654358,67.978012,-50.030483,67.979118,-50.830105,0,13,true,0
84,2026-09-07T04:58:44.94Z,pmu-4,1,1788757124,940000,2026-09-07T04:58:33.2860096Z,-11653.990,59.996124,-0.003876,0.000056,0.000000,0.000000,0.000000,1.000000,89.008469,100.802849,89.007889,101.586281,89.004402,99.929756,88.996368,99.198326,0,15,true,0
85,2026-09-07T04:58:45.38Z,pmu-2,1,1788757125,380000,2026-09-07T04:58:33.2860096Z,-12093.990,59.998928,-0.001072,0.000007,0.000000,0.000000,0.000000,1.000000,53.006950,-158.200272,53.004745,-158.861404,52.994747,-158.952774,53.005779,-158.456711,0,11,true,0
86,2026-09-07T04:58:44.96Z,pmu-4,1,1788757124,960000,2026-09-07T04:58:33.2860096Z,-11673.990,60.008049,0.008049,0.000238,0.000000,0.000000,0.000000,1.000000,92.007820,121.984634,92.013016,122.807686,92.007103,121.193878,91.991112,120.578476,0,0,true,0
87,2026-09-07T04:58:45.5Z,pmu-5,1,1788757125,500000,2026-09-07T04:58:33.3307841Z,-12169.216,59.997665,-0.002335,0.000021,0.000000,0.000000,0.000000,1.000000,67.993294,-51.031269,68.011040,-50.287159,68.000626,-50.497612,67.988518,-50.309441,0,9,true,0
88,2026-09-07T04:58:45.3Z,pmu-3,1,1788757125,300000,2026-09-07T04:58:33.3307841Z,-11969.216,59.991055,-0.008945,-0.000112,0.000000,0.000000,0.000000,1.000000,58.996151,-115.456902,59.006195,-114.210876,58.985249,-114.888641,58.998882,-114.437675,0,7,true,0
89,2026-09-07T04:58:45.16Z,pmu-1,1,1788757125,160000,2026-09-07T04:58:33.3307841Z,-11829.216,59.997128,-0.002872,-0.000046,0.000000,0.000000,0.000000,1.000000,71.005943,-29.170502,70.985504,-29.060146,70.987305,-28.806831,70.982193,-28.706875,0,14,true,0
90,2026-09-07T04:58:45.4Z,pmu-2,1,1788757125,400000,2026-09-07T04:58:33.3307841Z,-12069.216,59.997181,-0.002819,-0.000035,0.000000,0.000000,0.000000,1.000000,56.002686,-136.740311,56.006493,-137.005356,55.985142,-137.468262,56.001701,-136.848480,0,12,true,0
91,2026-09-07T04:58:44.98Z,pmu-4,1,1788757124,980000,2026-09-07T04:58:33.3307841Z,-11649.216,60.007542,0.007542,-0.000010,0.000000,0.000000,0.000000,1.000000,95.000046,143.065674,95.017677,144.330734,95.006485,142.698425,94.998016,142.341873,0,1,true,0
92,2026-09-07T04:58:45Z,pmu-4,1,1788757125,0,2026-09-07T04:58:33.3313493Z,-11668.651,59.992577,-0.007423,-0.000299,0.000000,0.000000,0.000000,1.000000,97.994934,164.433304,98.017418,165.470978,98.003304,164.820679,97.995750,163.699051,0,2,true,0
93,2026-09-07T04:58:45.52Z,pmu-5,1,1788757125,520000,2026-09-07T04:58:33.3769125Z,-12143.087,60.001541,0.001541,0.000078,0.000000,0.000000,0.000000,1.000000,70.994133,-29.664724,71.010979,-28.534559,70.993507,-28.597433,70.987579,-29.012348,0,10,true,0
94,2026-09-07T04:58:45.54Z,pmu-5,1,1788757125,540000,2026-09-07T04:58:33.3769125Z,-12163.087,59.993908,-0.006092,-0.000153,0.000000,0.000000,0.000000,1.000000,73.987175,-8.478525,74.005493,-7.495207,73.988670,-7.302298,73.978516,-7.268213,0,11,true,0
95,2026-09-07T04:58:45.32Z,pmu-3,1,1788757125,320000,2026-09-07T04:58:33.3769125Z,-11943.088,60.000488,0.000488,0.000189,0.000000,0.000000,0.000000,1.000000,61.987976,-93.719620,62.012386,-93.010834,61.976757,-92.762581,62.006153,-92.436707,0,8,true,0
96,2026-09-07T04:58:45.34Z,pmu-3,1,1788757125,340000,2026-09-07T04:58:33.3769125Z,-11963.087,59.995739,-0.004261,-0.000095,0.000000,0.000000,0.000000,1.000000,64.993881,-72.689079,65.021484,-71.328461,64.986244,-70.983406,64.997162,-70.617104,0,9,true,0
97,2026-09-07T04:58:45.18Z,pmu-1,1,1788757125,180000,2026-09-07T04:58:33.3769125Z,-11803.087,60.003994,0.003994,0.000137,0.000000,0.000000,0.000000,1.000000,73.999084,-7.564049,73.987213,-7.501569,73.978348,-7.246821,73.988495,-6.981239,0,15,true,0
98,2026-09-07T04:58:45.42Z,pmu-2,1,1788757125,420000,2026-09-07T04:58:33.3769125Z,-12043.087,59.997532,-0.002468,0.000007,0.000000,0.000000,0.000000,1.000000,58.999031,-114.832436,59.016064,-115.027122,58.988995,-115.440193,58.994858,-115.469063,0,13,true,0
99,2026-09-07T04:58:45.02Z,pmu-4,1,1788757125,20000,2026-09-07T04:58:33.3769125Z,-11643.087,59.995144,-0.004856,0.000051,0.000000,0.000000,0.000000,1.000000,50.000000,-180.000000,50.000000,-180.000000,50.000000,-180.000000,50.000000,-180.000000,0,3,true,0
100,2026-09-07T04:58:45.2Z,pmu-1,1,1788757125,200000,2026-09-07T04:58:33.377539Z,-11822.461,60.004475,0.004475,0.000010,0.000000,0.000000,0.000000,1.000000,77.000206,13.735458,76.987343,13.738206,76.984695,14.748272,76.997177,15.010497,0,0,true,0
101,2026-09-07T04:58:45.04Z,pmu-4,1,1788757125,40000,2026-09-07T04:58:33.377539Z,-11662.461,59.992031,-0.007969,-0.000062,0.000000,0.000000,0.000000,1.000000,53.005417,-158.720963,53.001114,-158.403458,53.003380,-157.993973,52.993668,-158.113464,0,4,true,0
102,2026-09-07T04:58:45.44Z,pmu-2,1,1788757125,440000,2026-09-07T04:58:33.377539Z,-12062.461,59.991730,-0.008270,-0.000116,0.000000,0.000000,0.000000,1.000000,61.991425,-92.902245,62.020203,-93.371780,61.982803,-93.559425,61.995296,-94.157837,0,14,true,0
103,2026-09-07T04:58:45.56Z,pmu-5,1,1788757125,560000,2026-09-07T04:58:33.4201848Z,-12139.815,60.000790,0.000790,0.000138,0.000000,0.000000,0.000000,1.000000,76.980995,13.448442,76.998665,13.743065,76.984970,13.935589,76.971558,14.606788,0,12,true,0
104,2026-09-07T04:58:45.36Z,pmu-3,1,1788757125,360000,2026-09-07T04:58:33.4201848Z,-11939.815,60.003342,0.003342,0.000152,0.000000,0.000000,0.000000,1.000000,67.997238,-50.559765,68.012733,-49.565155,67.985847,-49.250248,67.998894,-48.500900,0,10,true,0
105,2026-09-07T04:58:45.22Z,pmu-1,1,1788757125,220000,2026-09-07T04:58:33.4201848Z,-11799.815,59.999889,-0.000111,-0.000092,0.000000,0.000000,0.000000,1.000000,80.007294,35.471233,79.981476,34.986828,79.992104,36.592533,79.993370,36.113464,0,1,true,0
106,2026-09-07T04:58:45.46Z,pmu-2,1,1788757125,460000,2026-09-07T04:58:33.4201848Z,-12039.815,59.990891,-0.009109,-0.000017,0.000000,0.000000,0.000000,1.000000,64.994270,-71.522377,65.019974,-72.294373,64.985413,-72.077682,64.998581,-72.247032,0,15,true,0
107,2026-09-07T04:58:45.06Z,pmu-4,1,1788757125,60000,2026-09-07T04:58:33.4201848Z,-11639.815,60.000988,0.000988,0.000179,0.000000,0.000000,0.000000,1.000000,55.995880,-137.572601,56.009739,-137.116074,55.998371,-136.910767,55.996811,-136.541153,0,5,true,0
108,2026-09-07T04:58:45.38Z,pmu-3,1,1788757125,380000,2026-09-07T04:58:33.4655629Z,-11914.437,60.005737,0.005737,0.000048,0.000000,0.000000,0.000000,1.000000,70.988495,-28.473536,71.016541,-27.441158,70.983498,-27.919266,70.990730,-26.644260,0,11,true,0
109,2026-09-07T04:58:45.58Z,pmu-5,1,1788757125,580000,2026-09-07T04:58:33.4655629Z,-12114.437,60.008953,0.008953,0.000163,0.000000,0.000000,0.000000,1.000000,79.978455,35.202057,79.992584,35.551758,79.977272,35.436115,79.968987,36.004074,0,13,true,0
110,2026-09-07T04:58:45.4Z,pmu-3,1,1788757125,400000,2026-09-07T04:58:33.4655629Z,-11934.437,59.991081,-0.008919,-0.000293,0.000000,0.000000,0.000000,1.000000,73.991356,-7.401414,74.008835,-5.344088,73.993416,-6.148796,73.993240,-4.859942,0,12,true,0
111,2026-09-07T04:58:45.6Z,pmu-5,1,1788757125,600000,2026-09-07T04:58:33.4655629Z,-12134.437,59.991322,-0.008678,-0.000353,0.000000,0.000000,0.000000,1.000000,82.970200,56.762730,82.986443,57.617596,82.971222,56.625183,82.967216,57.326031,0,14,true,0
112,2026-09-07T04:58:45.08Z,pmu-4,1,1788757125,80000,2026-09-07T04:58:33.4655629Z,-11614.437,59.993416,-0.006584,-0.000151,0.000000,0.000000,0.000000,1.000000,59.001480,-116.416519,59.015820,-115.980164,59.005386,-115.661057,58.990631,-114.571373,0,6,true,0
113,2026-09-07T04:58:45.24Z,pmu-1,1,1788757125,240000,2026-09-07T04:58:33.4655629Z,-11774.437,59.992935,-0.007065,-0.000139,0.000000,0.000000,0.000000,1.000000,83.012589,56.725243,82.981697,56.701447,82.998688,58.130577,83.003189,57.341732,0,2,true,0
114,2026-09-07T04:58:45.48Z,pmu-2,1,1788757125,480000,2026-09-07T04:58:33.4655629Z,-12014.437,59.994595,-0.005405,0.000074,0.000000,0.000000,0.000000,1.000000,67.991013,-50.088085,68.011528,-50.840714,67.986176,-50.400589,67.989738,-50.920280,0,0,true,0
115,2026-09-07T04:58:45.1Z,pmu-4,1,1788757125,100000,2026-09-07T04:58:33.4655629Z,-11634.437,60.007465,0.007465,0.000281,0.000000,0.000000,0.000000,1.000000,61.991577,-94.328194,62.008137,-94.579033,62.004101,-93.712234,61.999550,-92.598312,0,7,true,0
116,2026-09-07T04:58:45.26Z,pmu-1,1,1788757125,260000,2026-09-07T04:58:33.4660651Z,-11793.935,59.994797,-0.005203,0.000037,0.000000,0.000000,0.000000,1.000000,86.006577,77.970055,85.980469,78.682549,85.996254,79.362625,86.012253,79.076637,0,3,true,0
117,2026-09-07T04:58:45.5Z,pmu-2,1,1788757125,500000,2026-09-07T04:58:33.4660651Z,-12033.935,60.005573,0.005573,0.000220,0.000000,0.000000,0.000000,1.000000,70.998749,-28.338181,71.018028,-29.570269,70.986198,-29.357458,70.995461,-29.199888,0,1,true,0
118,2026-09-07T04:58:45.62Z,pmu-5,1,1788757125,620000,2026-09-07T04:58:33.5185663Z,-12101.434,59.990223,-0.009777,-0.000022,0.000000,0.000000,0.000000,1.000000,85.960487,78.839691,85.976654,79.618004,85.963829,78.015335,85.976273,78.375557,0,15,true,0
119,2026-09-07T04:58:45.42Z,pmu-3,1,1788757125,420000,2026-09-07T04:58:33.5185663Z,-11901.434,60.005325,0.005325,0.000285,0.000000,0.000000,0.000000,1.000000,76.986000,14.278688,77.000023,16.761097,76.985085,15.313435,76.999466,17.220411,0,13,true,0
120,2026-09-07T04:58:45.52Z,pmu-2,1,1788757125,520000,2026-09-07T04:58:33.5185663Z,-12001.434,60.008751,0.008751,0.000064,0.000000,0.000000,0.000000,1.000000,73.989861,-7.156703,74.021248,-8.134408,73.976486,-7.820249,73.991074,-7.289287,0,2,true,0
121,2026-09-07T04:58:45.12Z,pmu-4,1,1788757125,120000,2026-09-07T04:58:33.5185663Z,-11601.434,59.993282,-0.006718,-0.000284,0.000000,0.000000,0.000000,1.000000,64.985397,-73.122932,65.005661,-72.443138,64.998749,-71.998032,65.006737,-70.801056,0,8,true,0
122,2026-09-07T04:58:45.28Z,pmu-1,1,1788757125,280000,2026-09-07T04:58:33.5185663Z,-11761.434,60.004776,0.004776,0.000200,0.000000,0.000000,0.000000,1.000000,88.996674,100.107895,88.975891,100.850151,88.995178,101.422417,89.002289,100.537331,0,4,true,0
123,2026-09-07T04:58:45.44Z,pmu-3,1,1788757125,440000,2026-09-07T04:58:33.5654409Z,-11874.559,59.990093,-0.009907,-0.000305,0.000000,0.000000,0.000000,1.000000,79.988892,36.161629,79.999619,37.878784,79.984093,36.865784,80.005318,38.965004,0,14,true,0
124,2026-09-07T04:58:45.54Z,pmu-2,1,1788757125,540000,2026-09-07T04:58:33.5654409Z,-11974.559,60.006340,0.006340,-0.000048,0.000000,0.000000,0.000000,1.000000,76.993240,14.490353,77.027588,13.323660,76.985725,14.091262,76.998199,13.922266,0,3,true,0
125,2026-09-07T04:58:45.3Z,pmu-1,1,1788757125,300000,2026-09-07T04:58:33.5654409Z,-11734.559,60.001038,0.001038,-0.000075,0.000000,0.000000,0.000000,1.000000,91.988464,121.623596,91.978561,122.211456,92.004044,122.674950,92.005676,122.588593,0,5,true,0
126,2026-09-07T04:58:45.64Z,pmu-5,1,1788757125,640000,2026-09-07T04:58:33.5654409Z,-12074.559,59.997910,-0.002090,0.000154,0.000000,0.000000,0.000000,1.000000,88.964272,99.927521,88.979340,101.235649,88.957474,99.756500,88.966759,100.116440,0,0,true,0
127,2026-09-07T04:58:45.14Z,pmu-4,1,1788757125,140000,2026-09-07T04:58:33.5654409Z,-11574.559,59.991024,-0.008976,-0.000045,0.000000,0.000000,0.000000,1.000000,67.990929,-51.005016,68.008835,-51.379444,67.989433,-50.003460,68.011772,-48.842613,0,9,true,0
128,2026-09-07T04:58:45.46Z,pmu-3,1,1788757125,460000,2026-09-07T04:58:33.5654409Z,-11894.559,59.994759,-0.005241,0.000093,0.000000,0.000000,0.000000,1.000000,82.984352,57.888313,83.002502,60.006805,82.991867,57.915947,82.997673,60.724876,0,15,true,0
129,2026-09-07T04:58:45.56Z,pmu-2,1,1788757125,560000,2026-09-07T04:58:33.5654409Z,-11994.559,59.999340,-0.000660,-0.000140,0.000000,0.000000,0.000000,1.000000,79.998703,36.347481,80.028900,34.937527,79.994682,36.024349,79.988800,35.555508,0,4,true,0
130,2026-09-07T04:58:45.32Z,pmu-1,1,1788757125,320000,2026-09-07T04:58:33.5654409Z,-11754.559,60.000648,0.000648,-0.000008,0.000000,0.000000,0.000000,1.000000,94.981133,143.640823,94.970856,143.585068,95.010712,144.836090,95.004631,144.136505,0,6,true,0
131,2026-09-07T04:58:45.66Z,pmu-5,1,1788757125,660000,2026-09-07T04:58:33.5654409Z,-12094.559,59.994190,-0.005810,-0.000074,0.000000,0.000000,0.000000,1.000000,91.969460,121.590698,91.974464,122.386391,91.958694,121.829155,91.964729,121.271896,0,1,true,0
132,2026-09-07T04:58:45.16Z,pmu-4,1,1788757125,160000,2026-09-07T04:58:33.5654409Z,-11594.559,60.001545,0.001545,0.000210,0.000000,0.000000,0.000000,1.000000,70.988785,-29.976437,71.003967,-29.386101,70.998161,-28.017879,71.002197,-27.434660,0,10,true,0
133,2026-09-07T04:58:45.48Z,pmu-3,1,1788757125,480000,2026-09-07T04:58:33.620174Z,-11859.826,60.008526,0.008526,0.000275,0.000000,0.000000,0.000000,1.000000,85.987556,79.567963,86.011314,81.566994,85.995300,79.536423,85.997948,81.875160,0,0,true,0
134,2026-09-07T04:58:45.18Z,pmu-4,1,1788757125,180000,2026-09-07T04:58:33.620174Z,-11559.826,60.007309,0.007309,0.000115,0.000000,0.000000,0.000000,1.000000,73.979385,-8.394709,74.002991,-7.485256,74.006233,-5.856008,74.005020,-6.107666,0,11,true,0
135,2026-09-07T04:58:45.58Z,pmu-2,1,1788757125,580000,2026-09-07T04:58:33.620174Z,-11959.826,59.993965,-0.006035,-0.000107,0.000000,0.000000,0.000000,1.000000,82.996567,58.031960,83.022873,55.992970,82.995163,57.686058,82.990021,56.805004,0,5,true,0
136,2026-09-07T04:58:45.34Z,pmu-1,1,1788757125,340000,2026-09-07T04:58:33.620174Z,-11719.826,60.009514,0.009514,0.000177,0.000000,0.000000,0.000000,1.000000,97.972649,165.707077,97.972946,165.545929,98.011421,166.583511,98.008415,166.196350,0,7,true,0
137,2026-09-07T04:58:45.68Z,pmu-5,1,1788757125,680000,2026-09-07T04:58:33.620174Z,-12059.826,59.995174,-0.004826,0.000020,0.000000,0.000000,0.000000,1.000000,94.974510,143.250687,94.976250,143.674240,94.955406,142.976822,94.965355,143.013123,0,2,true,0
138,2026-09-07T04:58:45.5Z,pmu-3,1,1788757125,500000,2026-09-07T04:58:33.620174Z,-11879.826,59.996300,-0.003700,-0.000245,0.000000,0.000000,0.000000,1.000000,88.988869,101.185081,89.004166,103.266258,88.987267,101.373901,88.992874,104.034340,0,1,true,0
139,2026-09-07T04:58:45.6Z,pmu-2,1,1788757125,600000,2026-09-07T04:58:33.620174Z,-11979.826,59.991039,-0.008961,-0.000059,0.000000,0.000000,0.000000,1.000000,86.004051,79.260506,86.013206,77.907982,85.997162,78.755554,85.986214,78.528717,0,6,true,0
140,2026-09-07T04:58:45.2Z,pmu-4,1,1788757125,200000,2026-09-07T04:58:33.620174Z,-11579.826,60.002796,0.002796,-0.000090,0.000000,0.000000,0.000000,1.000000,76.971336,12.678951,77.002213,14.014009,77.014816,15.587023,77.000565,15.031880,0,12,true,0
141,2026-09-07T04:58:45.36Z,pmu-1,1,1788757125,360000,2026-09-07T04:58:33.620174Z,-11739.826,60.007111,0.007111,-0.000048,0.000000,0.000000,0.000000,1.000000,50.000000,-180.000000,50.000000,-180.000000,50.000000,-180.000000,50.000000,-180.000000,0,8,true,0
142,2026-09-07T04:58:45.7Z,pmu-5,1,1788757125,700000,2026-09-07T04:58:33.620174Z,-12079.826,59.991402,-0.008598,-0.000075,0.000000,0.000000,0.000000,1.000000,97.975510,164.741455,97.983818,165.045578,97.961540,165.056152,97.964806,164.177399,0,3,true,0
143,2026-09-07T04:58:45.52Z,pmu-3,1,1788757125,520000,2026-09-07T04:58:33.6695296Z,-11850.470,59.992207,-0.007793,-0.000082,0.000000,0.000000,0.000000,1.000000,91.992523,122.926315,92.012177,124.644516,91.996513,122.807732,91.995125,125.729683,0,2,true,0
144,2026-09-07T04:58:45.72Z,pmu-5,1,1788757125,720000,2026-09-07T04:58:33.6695296Z,-12050.470,60.004860,0.004860,0.000269,0.000000,0.000000,0.000000,1.000000,50.000000,-180.000000,50.000000,-180.000000,50.000000,-180.000000,50.000000,-180.000000,0,4,true,0
145,2026-09-07T04:58:45.62Z,pmu-2,1,1788757125,620000,2026-09-07T04:58:33.6695296Z,-11950.470,60.009045,0.009045,0.000360,0.000000,0.000000,0.000000,1.000000,88.999374,101.156456,89.004532,99.902550,88.996330,100.761803,88.976929,100.098686,0,7,true,0
146,2026-09-07T04:58:45.22Z,pmu-4,1,1788757125,220000,2026-09-07T04:58:33.6695296Z,-11550.470,60.008102,0.008102,0.000106,0.000000,0.000000,0.000000,1.000000,79.969925,34.514679,80.011368,35.997070,80.019310,37.697941,79.991547,36.840504,0,13,true,0
147,2026-09-07T04:58:45.38Z,pmu-1,1,1788757125,380000,2026-09-07T04:58:33.6695296Z,-11710.470,59.996632,-0.003368,-0.000210,0.000000,0.000000,0.000000,1.000000,53.009476,-158.213348,53.004974,-158.593460,52.999779,-158.218445,53.006824,-157.936646,0,9,true,0
148,2026-09-07T04:58:45.54Z,pmu-3,1,1788757125,540000,2026-09-07T04:58:33.7201121Z,-11819.888,60.002167,0.002167,0.000199,0.000000,0.000000,0.000000,1.000000,95.000633,144.722244,95.012009,146.346756,94.994865,144.431458,94.987907,147.199539,0,3,true,0
149,2026-09-07T04:58:45.64Z,pmu-2,1,1788757125,640000,2026-09-07T04:58:33.7201121Z,-11919.888,60.000736,0.000736,-0.000166,0.000000,0.000000,0.000000,1.000000,92.001282,122.731331,92.009384,121.263107,92.002029,121.907295,91.970451,121.506332,0,8,true,0
150,2026-09-07T04:58:45.4Z,pmu-1,1,1788757125,400000,2026-09-07T04:58:33.7201121Z,-11679.888,59.993942,-0.006058,-0.000054,0.000000,0.000000,0.000000,1.000000,56.000240,-137.041306,56.002506,-136.926544,55.996944,-137.152863,56.001587,-135.962219,0,10,true,0
151,2026-09-07T04:58:45.24Z,pmu-4,1,1788757125,240000,2026-09-07T04:58:33.7201121Z,-11519.888,59.994213,-0.005787,-0.000278,0.000000,0.000000,0.000000,1.000000,82.971092,56.445248,83.012634,57.429432,83.011543,59.356010,83.000557,58.063457,0,14,true,0
152,2026-09-07T04:58:45.74Z,pmu-5,1,1788757125,740000,2026-09-07T04:58:33.7201121Z,-12019.888,60.000500,0.000500,-0.000087,0.000000,0.000000,0.000000,1.000000,53.005039,-158.312378,53.002529,-158.449814,52.999596,-158.685501,52.994789,-158.903412,0,5,true,0
153,2026-09-07T04:58:45.56Z,pmu-3,1,1788757125,560000,2026-09-07T04:58:33.7201121Z,-11839.888,59.993473,-0.006527,-0.000174,0.000000,0.000000,0.000000,1.000000,98.000412,166.631119,98.004486,168.442688,97.997498,165.861359,97.985802,168.990570,0,4,true,0
154,2026-09-07T04:58:45.66Z,pmu-2,1,1788757125,660000,2026-09-07T04:58:33.7201121Z,-11939.888,59.991413,-0.008587,-0.000186,0.000000,0.000000,0.000000,1.000000,95.001282,144.227539,95.009880,143.425369,95.009102,143.162491,94.978065,143.666702,0,9,true,0
155,2026-09-07T04:58:45.42Z,pmu-1,1,1788757125,420000,2026-09-07T04:58:33.7201121Z,-11699.888,59.996098,-0.003902,0.000043,0.000000,0.000000,0.000000,1.000000,58.992760,-115.298607,58.995068,-115.018036,58.997459,-115.367142,58.998428,-113.914711,0,11,true,0
156,2026-09-07T04:58:45.26Z,pmu-4,1,1788757125,260000,2026-09-07T04:58:33.7201121Z,-11539.888,59.990292,-0.009708,-0.000078,0.000000,0.000000,0.000000,1.000000,85.978348,78.449081,86.018494,79.571091,86.017502,80.985481,86.008911,79.527962,0,15,true,0
157,2026-09-07T04:58:45.76Z,pmu-5,1,1788757125,760000,2026-09-07T04:58:33.7201121Z,-12039.888,60.002216,0.002216,0.000034,0.000000,0.000000,0.000000,1.000000,56.014027,-136.577469,56.005028,-137.151230,56.007416,-136.901215,55.999737,-137.848465,0,6,true,0
158,2026-09-07T04:58:45.58Z,pmu-3,1,1788757125,580000,2026-09-07T04:58:33.7676964Z,-11812.304,59.991264,-0.008736,-0.000044,0.000000,0.000000,0.000000,1.000000,50.000000,-180.000000,50.000000,-180.000000,50.000000,-180.000000,50.000000,-180.000000,0,5,true,0
159,2026-09-07T04:58:45.28Z,pmu-4,1,1788757125,280000,2026-09-07T04:58:33.7676964Z,-11512.304,59.990398,-0.009602,0.000002,0.000000,0.000000,0.000000,1.000000,88.974548,100.251022,89.018394,100.612541,89.027016,102.762169,89.005470,100.740952,0,0,true,0
160,2026-09-07T04:58:45.44Z,pmu-1,1,1788757125,440000,2026-09-07T04:58:33.7676964Z,-11672.304,59.995369,-0.004631,-0.000015,0.000000,0.000000,0.000000,1.000000,61.995056,-93.508209,61.992481,-93.648376,62.002689,-94.297501,61.996105,-92.730576,0,12,true,0
161,2026-09-07T04:58:45.78Z,pmu-5,1,1788757125,780000,2026-09-07T04:58:33.7676964Z,-12012.304,59.999420,-0.000580,-0.000056,0.000000,0.000000,0.000000,1.000000,59.019115,-114.459625,59.010830,-115.891029,59.008896,-115.290939,58.995796,-116.664261,0,7,true,0
162,2026-09-07T04:58:45.68Z,pmu-2,1,1788757125,680000,2026-09-07T04:58:33.7676964Z,-11912.304,59.996014,-0.003986,0.000092,0.000000,0.000000,0.000000,1.000000,98.005859,165.887817,98.002342,165.191711,98.008026,164.430161,97.970863,164.870773,0,10,true,0
163,2026-09-07T04:58:45.6Z,pmu-3,1,1788757125,600000,2026-09-07T04:58:33.7676964Z,-11832.304,60.000420,0.000420,0.000183,0.000000,0.000000,0.000000,1.000000,53.006481,-158.136276,53.007946,-158.359268,53.005634,-158.418091,53.005074,-157.922913,0,6,true,0
164,2026-09-07T04:58:45.7Z,pmu-2,1,1788757125,700000,2026-09-07T04:58:33.7676964Z,-11932.304,60.005100,0.005100,0.000182,0.000000,0.000000,0.000000,1.000000,50.000000,-180.000000,50.000000,-180.000000,50.000000,-180.000000,50.000000,-180.000000,0,11,true,0
165,2026-09-07T04:58:45.46Z,pmu-1,1,1788757125,460000,2026-09-07T04:58:33.7676964Z,-11692.304,59.992561,-0.007439,-0.000056,0.000000,0.000000,0.000000,1.000000,64.999092,-72.400269,64.995499,-71.861641,64.994110,-72.369621,65.000443,-71.138145,0,13,true,0
166,2026-09-07T04:58:45.8Z,pmu-5,1,1788757125,800000,2026-09-07T04:58:33.7676964Z,-12032.304,60.000488,0.000488,0.000021,0.000000,0.000000,0.000000,1.000000,62.014984,-93.287178,62.004917,-93.829002,62.010452,-93.252594,62.000195,-94.766251,0,8,true,0
167,2026-09-07T04:58:45.3Z,pmu-4,1,1788757125,300000,2026-09-07T04:58:33.768319Z,-11531.681,60.001633,0.001633,0.000225,0.000000,0.000000,0.000000,1.000000,91.972374,122.303581,92.025482,121.934708,92.034729,124.757683,92.005714,122.210388,0,1,true,0
168,2026-09-07T04:58:45.82Z,pmu-5,1,1788757125,820000,2026-09-07T04:58:33.8146789Z,-12005.321,59.995216,-0.004784,-0.000105,0.000000,0.000000,0.000000,1.000000,65.020020,-71.418510,65.003616,-71.910286,65.009842,-72.164528,65.001236,-73.458977,0,9,true,0
169,2026-09-07T04:58:45.72Z,pmu-2,1,1788757125,720000,2026-09-07T04:58:33.8146789Z,-11905.321,60.009228,0.009228,0.000083,0.000000,0.000000,0.000000,1.000000,52.996948,-158.217056,53.006966,-158.381729,52.993706,-158.057114,52.996426,-158.426498,0,12,true,0
170,2026-09-07T04:58:45.48Z,pmu-1,1,1788757125,480000,2026-09-07T04:58:33.8146789Z,-11665.321,59.999664,-0.000336,0.000142,0.000000,0.000000,0.000000,1.000000,68.005821,-50.718388,67.990921,-50.243790,67.993401,-50.753834,68.008469,-49.074860,0,14,true,0
171,2026-09-07T04:58:45.62Z,pmu-3,1,1788757125,620000,2026-09-07T04:58:33.8146789Z,-11805.321,60.007641,0.007641,0.000144,0.000000,0.000000,0.000000,1.000000,56.007923,-136.879044,56.016308,-136.644348,56.015057,-137.182404,56.011665,-136.219513,0,7,true,0
172,2026-09-07T04:58:45.32Z,pmu-4,1,1788757125,320000,2026-09-07T04:58:33.8146789Z,-11505.321,60.007610,0.007610,0.000120,0.000000,0.000000,0.000000,1.000000,94.969681,143.556686,95.025360,143.930740,95.035103,146.059326,95.000381,143.326950,0,2,true,0
173,2026-09-07T04:58:45.64Z,pmu-3,1,1788757125,640000,2026-09-07T04:58:33.8594063Z,-11780.594,60.006355,0.006355,-0.000026,0.000000,0.000000,0.000000,1.000000,59.001640,-115.427055,59.015633,-114.975609,59.006618,-115.476578,59.004192,-114.236099,0,8,true,0
174,2026-09-07T04:58:45.84Z,pmu-5,1,1788757125,840000,2026-09-07T04:58:33.8594063Z,-11980.594,59.998287,-0.001713,0.000061,0.000000,0.000000,0.000000,1.000000,68.020599,-49.363857,68.009804,-49.754570,68.012772,-50.752167,68.005905,-51.726315,0,10,true,0
175,2026-09-07T04:58:45.74Z,pmu-2,1,1788757125,740000,2026-09-07T04:58:33.8594063Z,-11880.594,60.008968,0.008968,-0.000005,0.000000,0.000000,0.000000,1.000000,55.994534,-137.181366,56.016659,-137.040253,55.995071,-136.850952,55.995762,-136.870544,0,13,true,0
176,2026-09-07T04:58:45.5Z,pmu-1,1,1788757125,500000,2026-09-07T04:58:33.8594063Z,-11640.594,59.996403,-0.003597,-0.000065,0.000000,0.000000,0.000000,1.000000,71.015678,-28.635164,70.993446,-28.086744,70.992836,-29.539482,71.017174,-27.057913,0,15,true,0
177,2026-09-07T04:58:45.66Z,pmu-3,1,1788757125,660000,2026-09-07T04:58:33.8594063Z,-11800.594,59.994160,-0.005840,-0.000244,0.000000,0.000000,0.000000,1.000000,62.001865,-93.286591,62.013779,-93.000305,62.014301,-94.047775,61.998981,-92.095390,0,9,true,0
178,2026-09-07T04:58:45.86Z,pmu-5,1,1788757125,860000,2026-09-07T04:58:33.8594063Z,-12000.594,60.009354,0.009354,0.000221,0.000000,0.000000,0.000000,1.000000,71.029953,-28.308558,71.017342,-28.547144,71.012238,-29.360756,71.004700,-29.584131,0,11,true,0
179,2026-09-07T04:58:45.52Z,pmu-1,1,1788757125,520000,2026-09-07T04:58:33.8594063Z,-11660.594,59.995224,-0.004776,-0.000024,0.000000,0.000000,0.000000,1.000000,74.015144,-6.667735,74.000633,-5.980231,73.995552,-8.220146,74.010529,-5.882590,0,0,true,0
180,2026-09-07T04:58:45.34Z,pmu-4,1,1788757125,340000,2026-09-07T04:58:33.8594063Z,-11480.594,60.004650,0.004650,-0.000059,0.000000,0.000000,0.000000,1.000000,97.978424,164.986923,98.023613,164.990555,98.039429,167.502213,97.996338,164.668777,0,3,true,0
181,2026-09-07T04:58:45.76Z,pmu-2,1,1788757125,760000,2026-09-07T04:58:33.8594063Z,-11900.594,59.992165,-0.007835,-0.000336,0.000000,0.000000,0.000000,1.000000,58.994785,-116.090538,59.010509,-115.768700,58.990585,-114.991165,58.987778,-114.738678,0,14,true,0
182,2026-09-07T04:58:45.36Z,pmu-4,1,1788757125,360000,2026-09-07T04:58:33.8594063Z,-11500.594,59.990471,-0.009529,-0.000284,0.000000,0.000000,0.000000,1.000000,50.000000,-180.000000,50.000000,-180.000000,50.000000,-180.000000,50.000000,-180.000000,0,4,true,0
183,2026-09-07T04:58:45.68Z,pmu-3,1,1788757125,680000,2026-09-07T04:58:33.9059486Z,-11774.051,59.992725,-0.007275,-0.000029,0.000000,0.000000,0.000000,1.000000,64.996765,-71.347626,65.015709,-70.901489,65.012383,-72.788101,65.008820,-70.278191,0,10,true,0
184,2026-09-07T04:58:45.78Z,pmu-2,1,1788757125,780000,2026-09-07T04:58:33.9059486Z,-11874.051,60.000465,0.000465,0.000166,0.000000,0.000000,0.000000,1.000000,61.999397,-94.850868,62.009998,-94.027954,61.996353,-93.187263,61.990963,-92.883720,0,15,true,0
185,2026-09-07T04:58:45.38Z,pmu-4,1,1788757125,380000,2026-09-07T04:58:33.9059486Z,-11474.051,59.996498,-0.003502,0.000121,0.000000,0.000000,0.000000,1.000000,52.993557,-158.326523,52.995724,-158.801468,52.998390,-158.134842,52.993282,-158.037369,0,5,true,0
186,2026-09-07T04:58:45.54Z,pmu-1,1,1788757125,540000,2026-09-07T04:58:33.9059486Z,-11634.051,60.005951,0.005951,0.000215,0.000000,0.000000,0.000000,1.000000,77.022942,14.459502,77.009682,15.252444,76.998581,13.851569,77.006317,15.892812,0,1,true,0
187,2026-09-07T04:58:45.88Z,pmu-5,1,1788757125,880000,2026-09-07T04:58:33.9059486Z,-11974.051,60.009045,0.009045,-0.000006,0.000000,0.000000,0.000000,1.000000,74.027611,-7.249446,74.010452,-6.930655,74.018723,-8.028167,73.997276,-7.610511,0,12,true,0
188,2026-09-07T04:58:45.9Z,pmu-5,1,1788757125,900000,2026-09-07T04:58:33.9523888Z,-11947.611,60.000500,0.000500,-0.000171,0.000000,0.000000,0.000000,1.000000,77.036438,14.127733,77.016289,15.113118,77.012421,13.270151,77.000763,13.670496,0,13,true,0
189,2026-09-07T04:58:45.4Z,pmu-4,1,1788757125,400000,2026-09-07T04:58:33.9523888Z,-11447.611,60.000721,0.000721,0.000084,0.000000,0.000000,0.000000,1.000000,55.993637,-136.421783,55.999332,-137.548965,55.994579,-136.228821,55.987305,-136.588043,0,6,true,0
190,2026-09-07T04:58:45.56Z,pmu-1,1,1788757125,560000,2026-09-07T04:58:33.9523888Z,-11607.611,59.995968,-0.004032,-0.000200,0.000000,0.000000,0.000000,1.000000,80.026634,36.202904,80.014740,36.561321,80.006760,35.902580,80.012634,37.159447,0,2,true,0
191,2026-09-07T04:58:45.8Z,pmu-2,1,1788757125,800000,2026-09-07T04:58:33.9523888Z,-11847.611,60.005119,0.005119,0.000093,0.000000,0.000000,0.000000,1.000000,64.993004,-73.769836,65.002708,-72.845604,64.996620,-71.688805,64.998909,-71.639648,0,0,true,0
192,2026-09-07T04:58:45.7Z,pmu-3,1,1788757125,700000,2026-09-07T04:58:33.9523888Z,-11747.611,59.998123,-0.001877,0.000108,0.000000,0.000000,0.000000,1.000000,67.996674,-50.190346,68.006813,-49.660736,68.021217,-50.872818,68.000443,-48.897728,0,11,true,0
193,2026-09-07T04:58:45.92Z,pmu-5,1,1788757125,920000,2026-09-07T04:58:33.9523888Z,-11967.611,60.001919,0.001919,0.000028,0.000000,0.000000,0.000000,1.000000,80.033295,36.291039,80.019615,36.680157,80.016953,34.724304,79.992554,35.071453,0,14,true,0
194,2026-09-07T04:58:45.82Z,pmu-2,1,1788757125,820000,2026-09-07T04:58:33.9523888Z,-11867.611,59.991879,-0.008121,-0.000265,0.000000,0.000000,0.000000,1.000000,67.994308,-52.608467,68.000397,-51.531235,67.989838,-50.403076,68.007507,-50.257046,0,1,true,0
195,2026-09-07T04:58:45.42Z,pmu-4,1,1788757125,420000,2026-09-07T04:58:33.9523888Z,-11467.611,60.006054,0.006054,0.000107,0.000000,0.000000,0.000000,1.000000,58.989414,-115.076080,59.007278,-115.431778,58.990269,-115.184074,58.993534,-114.743370,0,7,true,0
196,2026-09-07T04:58:45.72Z,pmu-3,1,1788757125,720000,2026-09-07T04:58:33.9523888Z,-11767.611,59.990665,-0.009335,-0.000149,0.000000,0.000000,0.000000,1.000000,70.998199,-28.041029,71.000023,-28.401936,71.012115,-28.993549,70.994209,-27.744680,0,12,true,0
197,2026-09-07T04:58:45.58Z,pmu-1,1,1788757125,580000,2026-09-07T04:58:33.9531086Z,-11626.891,60.002583,0.002583,0.000132,0.000000,0.000000,0.000000,1.000000,83.034874,57.803032,83.013176,58.349281,83.004791,57.012333,83.009644,59.174438,0,3,true,0
198,2026-09-07T04:58:45.74Z,pmu-3,1,1788757125,740000,2026-09-07T04:58:33.9984933Z,-11741.507,59.997837,-0.002163,0.000143,0.000000,0.000000,0.000000,1.000000,74.000893,-6.781530,74.000443,-6.923093,74.016914,-6.935961,73.986328,-6.409853,0,13,true,0
199,2026-09-07T04:58:45.94Z,pmu-5,1,1788757125,940000,2026-09-07T04:58:33.9984933Z,-11941.507,60.009079,0.009079,0.000143,0.000000,0.000000,0.000000,1.000000,83.025131,58.380241,83.019119,58.618526,83.017937,56.854385,82.995613,56.289196,0,15,true,0
200,2026-09-07T04:58:45.44Z,pmu-4,1,1788757125,440000,2026-09-07T04:58:33.9984933Z,-11441.507,60.007576,0.007576,0.000030,0.000000,0.000000,0.000000,1.000000,61.981773,-93.618469,62.003071,-93.667534,61.986191,-93.788651,62.001041,-92.875397,0,8,true,0
201,2026-09-07T04:58:45.6Z,pmu-1,1,1788757125,600000,2026-09-07T04:58:33.9984933Z,-11601.507,59.991856,-0.008144,-0.000215,0.000000,0.000000,0.000000,1.000000,86.027168,79.505058,86.013039,79.683449,86.008720,78.429382,86.014519,80.282372,0,4,true,0
202,2026-09-07T04:58:45.84Z,pmu-2,1,1788757125,840000,2026-09-07T04:58:33.9984933Z,-11841.507,59.993767,-0.006233,0.000038,0.000000,0.000000,0.000000,1.000000,70.987305,-30.869017,70.998070,-29.641932,70.984917,-28.647085,71.015785,-28.261604,0,2,true,0
203,2026-09-07T04:58:45.96Z,pmu-5,1,1788757125,960000,2026-09-07T04:58:34.0511927Z,-11908.807,60.007347,0.007347,-0.000035,0.000000,0.000000,0.000000,1.000000,86.023705,80.074577,86.029114,80.244003,86.026108,78.855110,86.001595,78.190529,0,0,true,0
204,2026-09-07T04:58:45.86Z,pmu-2,1,1788757125,860000,2026-09-07T04:58:34.0511927Z,-11808.807,60.002663,0.002663,0.000178,0.000000,0.000000,0.000000,1.000000,73.979851,-8.868433,73.997337,-7.612217,73.994202,-6.711620,74.025154,-6.979654,0,3,true,0
205,2026-09-07T04:58:45.46Z,pmu-4,1,1788757125,460000,2026-09-07T04:58:34.0511927Z,-11408.807,60.007839,0.007839,0.000005,0.000000,0.000000,0.000000,1.000000,64.980522,-71.939026,64.994781,-72.626221,64.980820,-71.764145,64.993355,-70.986862,0,9,true,0
206,2026-09-07T04:58:45.62Z,pmu-1,1,1788757125,620000,2026-09-07T04:58:34.0511927Z,-11568.807,60.003071,0.003071,0.000224,0.000000,0.000000,0.000000,1.000000,89.031448,101.457069,89.012413,101.431183,89.004166,99.841919,89.021866,102.113129,0,5,true,0
207,2026-09-07T04:58:45.76Z,pmu-3,1,1788757125,760000,2026-09-07T04:58:34.0511927Z,-11708.807,59.993938,-0.006062,-0.000078,0.000000,0.000000,0.000000,1.000000,77.004578,15.081511,77.002716,14.901546,77.010735,14.678185,76.984673,14.711228,0,14,true,0
208,2026-09-07T04:58:45.98Z,pmu-5,1,1788757125,980000,2026-09-07T04:58:34.0511927Z,-11928.807,59.994877,-0.005123,-0.000249,0.000000,0.000000,0.000000,1.000000,89.033646,101.159393,89.034477,102.192207,89.023567,100.198509,89.000137,100.361496,0,1,true,0
209,2026-09-07T04:58:45.64Z,pmu-1,1,1788757125,640000,2026-09-07T04:58:34.0511927Z,-11588.807,59.999489,-0.000511,-0.000072,0.000000,0.000000,0.000000,1.000000,92.036530,123.390221,92.015778,123.479126,92.011734,121.827393,92.029594,124.280251,0,6,true,0
210,2026-09-07T04:58:45.88Z,pmu-2,1,1788757125,880000,2026-09-07T04:58:34.0511927Z,-11828.807,59.995338,-0.004662,-0.000146,0.000000,0.000000,0.000000,1.000000,76.987175,13.287145,77.001144,14.162484,76.985016,14.954844,77.016418,14.774135,0,4,true,0
211,2026-09-07T04:58:45.78Z,pmu-3,1,1788757125,780000,2026-09-07T04:58:34.0511927Z,-11728.807,60.009258,0.009258,0.000306,0.000000,0.000000,0.000000,1.000000,80.009567,37.011696,80.005974,36.850235,80.005882,36.118523,79.993462,36.419971,0,15,true,0
212,2026-09-07T04:58:46Z,pmu-5,1,1788757126,0,2026-09-07T04:58:34.0511927Z,-11948.807,59.994991,-0.005009,0.000002,0.000000,0.000000,0.000000,1.000000,92.027779,123.163231,92.039246,123.795403,92.018425,121.995209,91.999794,121.749718,0,2,true,0
213,2026-09-07T04:58:45.48Z,pmu-4,1,1788757125,480000,2026-09-07T04:58:34.0511927Z,-11428.807,60.000114,0.000114,-0.000154,0.000000,0.000000,0.000000,1.000000,67.979904,-50.782349,68.000725,-51.285168,67.982605,-50.733566,67.991760,-49.582195,0,10,true,0
214,2026-09-07T04:58:45.8Z,pmu-3,1,1788757125,800000,2026-09-07T04:58:34.0977091Z,-11702.291,59.997444,-0.002556,-0.000236,0.000000,0.000000,0.000000,1.000000,83.002937,58.274689,83.015587,58.622726,82.995995,57.627125,83.000290,57.892834,0,0,true,0
215,2026-09-07T04:58:45.5Z,pmu-4,1,1788757125,500000,2026-09-07T04:58:34.0977091Z,-11402.291,59.992798,-0.007202,-0.000146,0.000000,0.000000,0.000000,1.000000,70.983650,-28.756968,70.997101,-29.592512,70.984680,-29.023458,70.984886,-28.490105,0,11,true,0
216,2026-09-07T04:58:45.66Z,pmu-1,1,1788757125,660000,2026-09-07T04:58:34.0977091Z,-11562.291,59.999519,-0.000481,0.000001,0.000000,0.000000,0.000000,1.000000,95.032234,145.374969,95.015648,144.998322,95.007568,143.580170,95.022133,146.067047,0,7,true,0
217,2026-09-07T04:58:46.02Z,pmu-5,1,1788757126,20000,2026-09-07T04:58:34.0977091Z,-11922.291,59.998173,-0.001827,0.000064,0.000000,0.000000,0.000000,1.000000,95.017845,145.263977,95.036934,145.262817,95.023636,143.127090,95.005119,143.272003,0,3,true,0
218,2026-09-07T04:58:45.9Z,pmu-2,1,1788757125,900000,2026-09-07T04:58:34.0977091Z,-11802.291,59.995354,-0.004646,0.000000,0.000000,0.000000,0.000000,1.000000,79.989273,35.209530,79.993317,35.214989,79.994759,36.933887,80.008995,36.680748,0,5,true,0
219,2026-09-07T04:58:46.04Z,pmu-5,1,1788757126,40000,2026-09-07T04:58:34.1445394Z,-11895.461,59.994991,-0.005009,-0.000064,0.000000,0.000000,0.000000,1.000000,98.009407,167.088745,98.034050,166.312134,98.028465,164.747253,98.005470,164.914398,0,4,true,0
220,2026-09-07T04:58:45.92Z,pmu-2,1,1788757125,920000,2026-09-07T04:58:34.1445394Z,-11775.461,60.009613,0.009613,0.000285,0.000000,0.000000,0.000000,1.000000,82.979523,57.337196,82.996628,57.213120,82.988319,58.633049,83.013092,58.507107,0,6,true,0
221,2026-09-07T04:58:45.82Z,pmu-3,1,1788757125,820000,2026-09-07T04:58:34.1445394Z,-11675.461,60.006084,0.006084,0.000173,0.000000,0.000000,0.000000,1.000000,86.001640,80.133392,86.010391,80.387642,85.988251,79.732689,86.007271,79.109703,0,1,true,0
222,2026-09-07T04:58:45.68Z,pmu-1,1,1788757125,680000,2026-09-07T04:58:34.1445394Z,-11535.461,60.000141,0.000141,0.000012,0.000000,0.000000,0.000000,1.000000,98.024971,167.353561,98.011452,166.714188,98.016541,164.696564,98.030907,167.439575,0,8,true,0
223,2026-09-07T04:58:46.06Z,pmu-5,1,1788757126,60000,2026-09-07T04:58:34.1445394Z,-11915.461,59.993702,-0.006298,-0.000026,0.000000,0.000000,0.000000,1.000000,50.000000,-180.000000,50.000000,-180.000000,50.000000,-180.000000,50.000000,-180.000000,0,5,true,0
224,2026-09-07T04:58:45.84Z,pmu-3,1,1788757125,840000,2026-09-07T04:58:34.1445394Z,-11695.461,60.007442,0.007442,0.000027,0.000000,0.000000,0.000000,1.000000,88.994614,101.591568,89.008957,102.314713,88.980843,101.508163,89.007309,100.200569,0,2,true,0
225,2026-09-07T04:58:45.52Z,pmu-4,1,1788757125,520000,2026-09-07T04:58:34.1445394Z,-11375.461,60.001484,0.001484,0.000174,0.000000,0.000000,0.000000,1.000000,73.988693,-6.591074,73.995995,-8.290557,73.980026,-6.908727,73.985802,-6.413912,0,12,true,0
226,2026-09-07T04:58:45.94Z,pmu-2,1,1788757125,940000,2026-09-07T04:58:34.1445394Z,-11795.461,59.993530,-0.006470,-0.000322,0.000000,0.000000,0.000000,1.000000,85.970444,78.909203,85.999626,78.296082,85.985283,79.704468,86.007690,80.471771,0,7,true,0
227,2026-09-07T04:58:45.7Z,pmu-1,1,1788757125,700000,2026-09-07T04:58:34.1445394Z,-11555.461,59.998039,-0.001961,-0.000042,0.000000,0.000000,0.000000,1.000000,50.000000,-180.000000,50.000000,-180.000000,50.000000,-180.000000,50.000000,-180.000000,0,9,true,0
228,2026-09-07T04:58:45.54Z,pmu-4,1,1788757125,540000,2026-09-07T04:58:34.1445394Z,-11395.461,60.005936,0.005936,0.000089,0.000000,0.000000,0.000000,1.000000,76.990578,14.467093,77.003120,13.586576,76.984619,14.669923,76.989601,15.594435,0,13,true,0
229,2026-09-07T04:58:45.86Z,pmu-3,1,1788757125,860000,2026-09-07T04:58:34.1904999Z,-11669.500,59.993492,-0.006508,-0.000279,0.000000,0.000000,0.000000,1.000000,91.986076,122.630745,92.017174,123.575470,91.982178,122.664215,92.011726,121.836014,0,3,true,0
230,2026-09-07T04:58:46.08Z,pmu-5,1,1788757126,80000,2026-09-07T04:58:34.1904999Z,-11889.500,60.002388,0.002388,0.000174,0.000000,0.000000,0.000000,1.000000,53.004780,-158.813522,52.992493,-157.868805,53.003006,-158.294373,53.009121,-157.920288,0,6,true,0
231,2026-09-07T04:58:45.96Z,pmu-2,1,1788757125,960000,2026-09-07T04:58:34.1904999Z,-11769.500,60.007713,0.007713,0.000284,0.000000,0.000000,0.000000,1.000000,88.980080,100.743950,88.996239,99.673546,88.983017,101.299629,89.000984,101.964600,0,8,true,0
232,2026-09-07T04:58:45.72Z,pmu-1,1,1788757125,720000,2026-09-07T04:58:34.1904999Z,-11529.500,60.005909,0.005909,0.000157,0.000000,0.000000,0.000000,1.000000,52.995659,-158.560791,53.003239,-158.042999,53.008240,-158.605209,52.992268,-158.511658,0,10,true,0
233,2026-09-07T04:58:45.56Z,pmu-4,1,1788757125,560000,2026-09-07T04:58:34.1904999Z,-11369.500,60.000004,0.000004,-0.000119,0.000000,0.000000,0.000000,1.000000,79.989510,35.663540,79.994820,34.886677,79.992416,36.019718,79.986305,36.818474,0,14,true,0
234,2026-09-07T04:58:46.1Z,pmu-5,1,1788757126,100000,2026-09-07T04:58:34.2368476Z,-11863.152,59.992867,-0.007133,-0.000190,0.000000,0.000000,0.000000,1.000000,55.999828,-137.117218,56.001358,-135.728577,55.995934,-136.968277,56.010738,-136.593719,0,7,true,0
235,2026-09-07T04:58:45.74Z,pmu-1,1,1788757125,740000,2026-09-07T04:58:34.2368476Z,-11503.152,59.990231,-0.009769,-0.000314,0.000000,0.000000,0.000000,1.000000,55.988377,-137.318985,56.000065,-136.876984,56.007374,-136.890762,55.987320,-136.585449,0,11,true,0
236,2026-09-07T04:58:45.58Z,pmu-4,1,1788757125,580000,2026-09-07T04:58:34.2368476Z,-11343.152,60.008366,0.008366,0.000167,0.000000,0.000000,0.000000,1.000000,82.991920,57.534691,83.000488,56.261932,82.992683,57.504612,82.987556,57.873287,0,15,true,0
237,2026-09-07T04:58:45.88Z,pmu-3,1,1788757125,880000,2026-09-07T04:58:34.2368476Z,-11643.152,59.990356,-0.009644,-0.000063,0.000000,0.000000,0.000000,1.000000,94.988991,143.735611,95.016266,145.734894,94.975204,144.136108,95.007454,143.282532,0,4,true,0
238,2026-09-07T04:58:46.12Z,pmu-5,1,1788757126,120000,2026-09-07T04:58:34.2368476Z,-11883.152,59.997070,-0.002930,0.000084,0.000000,0.000000,0.000000,1.000000,59.002434,-115.375641,59.000069,-114.416580,58.989201,-115.881645,59.018940,-114.889450,0,8,true,0
239,2026-09-07T04:58:45.98Z,pmu-2,1,1788757125,980000,2026-09-07T04:58:34.2368476Z,-11743.152,60.006069,0.006069,-0.000033,0.000000,0.000000,0.000000,1.000000,91.977272,122.699837,91.996231,121.449303,91.974594,123.416740,92.009064,123.867996,0,9,true,0
240,2026-09-07T04:58:45.6Z,pmu-4,1,1788757125,600000,2026-09-07T04:58:34.2368476Z,-11363.152,60.000874,0.000874,-0.000150,0.000000,0.000000,0.000000,1.000000,85.985214,78.604752,86.003014,77.298836,86.001068,79.157402,85.983215,79.554504,0,0,true,0
241,2026-09-07T04:58:46Z,pmu-2,1,1788757126,0,2026-09-07T04:58:34.2368476Z,-11763.152,59.990124,-0.009876,-0.000319,0.000000,0.000000,0.000000,1.000000,94.975868,144.766129,95.004799,143.550491,94.966560,145.396835,95.002144,145.966431,0,10,true,0
242,2026-09-07T04:58:45.76Z,pmu-1,1,1788757125,760000,2026-09-07T04:58:34.2368476Z,-11523.152,60.006695,0.006695,0.000329,0.000000,0.000000,0.000000,1.000000,58.987045,-115.494034,59.010056,-114.844467,59.016232,-115.669556,58.988743,-115.498741,0,12,true,0
243,2026-09-07T04:58:46.02Z,pmu-2,1,1788757126,20000,2026-09-07T04:58:34.2368476Z,-11783.152,60.009937,0.009937,0.000396,0.000000,0.000000,0.000000,1.000000,97.966789,166.114838,97.995903,165.700027,97.972916,166.472305,98.002777,167.900391,0,11,true,0
244,2026-09-07T04:58:45.9Z,pmu-3,1,1788757125,900000,2026-09-07T04:58:34.2368476Z,-11663.152,60.002037,0.002037,0.000234,0.000000,0.000000,0.000000,1.000000,97.983131,165.477432,98.017876,167.411407,97.974792,165.529404,98.016899,164.867859,0,5,true,0
245,2026-09-07T04:58:45.92Z,pmu-3,1,1788757125,920000,2026-09-07T04:58:34.2854942Z,-11634.506,59.993450,-0.006550,-0.000172,0.000000,0.000000,0.000000,1.000000,50.000000,-180.000000,50.000000,-180.000000,50.000000,-180.000000,50.000000,-180.000000,0,6,true,0
246,2026-09-07T04:58:45.78Z,pmu-1,1,1788757125,780000,2026-09-07T04:58:34.2854942Z,-11494.506,60.004116,0.004116,-0.000052,0.000000,0.000000,0.000000,1.000000,61.991531,-93.989098,62.012520,-93.565002,62.025272,-94.478317,61.981796,-93.654800,0,13,true,0
247,2026-09-07T04:58:46.14Z,pmu-5,1,1788757126,140000,2026-09-07T04:58:34.2854942Z,-11854.506,59.990318,-0.009682,-0.000135,0.000000,0.000000,0.000000,1.000000,62.009274,-93.374702,62.004292,-93.081131,61.990845,-93.742088,62.022938,-92.774506,0,9,true,0
248,2026-09-07T04:58:46.04Z,pmu-2,1,1788757126,40000,2026-09-07T04:58:34.2854942Z,-11754.506,60.002060,0.002060,-0.000158,0.000000,0.000000,0.000000,1.000000,50.000000,-180.000000,50.000000,-180.000000,50.000000,-180.000000,50.000000,-180.000000,0,12,true,0
249,2026-09-07T04:58:45.62Z,pmu-4,1,1788757125,620000,2026-09-07T04:58:34.2854942Z,-11334.506,59.993088,-0.006912,-0.000156,0.000000,0.000000,0.000000,1.000000,88.994171,100.075310,88.994881,99.067314,89.001091,100.276497,88.978058,101.268005,0,1,true,0
250,2026-09-07T04:58:45.94Z,pmu-3,1,1788757125,940000,2026-09-07T04:58:34.2854942Z,-11654.506,60.001747,0.001747,0.000166,0.000000,0.000000,0.000000,1.000000,52.996830,-157.905914,52.997059,-157.964554,52.991051,-158.688324,52.992931,-158.752960,0,7,true,0
251,2026-09-07T04:58:45.8Z,pmu-1,1,1788757125,800000,2026-09-07T04:58:34.2854942Z,-11514.506,59.998276,-0.001724,-0.000117,0.000000,0.000000,0.000000,1.000000,65.000397,-72.742783,65.003586,-71.575821,65.034714,-73.114044,64.977310,-72.291122,0,14,true,0
252,2026-09-07T04:58:46.16Z,pmu-5,1,1788757126,160000,2026-09-07T04:58:34.2860778Z,-11873.922,60.005070,0.005070,0.000295,0.000000,0.000000,0.000000,1.000000,65.000076,-72.281425,64.994522,-71.950745,64.986732,-72.495316,65.015450,-70.681320,0,10,true,0
253,2026-09-07T04:58:46.06Z,pmu-2,1,1788757126,60000,2026-09-07T04:58:34.2860778Z,-11773.922,60.001251,0.001251,-0.000016,0.000000,0.000000,0.000000,1.000000,52.995934,-158.643280,53.000183,-158.296295,52.993347,-158.480179,52.995815,-158.201630,0,13,true,0
254,2026-09-07T04:58:45.64Z,pmu-4,1,1788757125,640000,2026-09-07T04:58:34.2860778Z,-11353.922,60.001957,0.001957,0.000177,0.000000,0.000000,0.000000,1.000000,92.001335,121.463684,91.998558,120.573425,92.003899,122.293236,91.970245,122.726669,0,2,true,0
255,2026-09-07T04:58:45.96Z,pmu-3,1,1788757125,960000,2026-09-07T04:58:34.3335891Z,-11626.411,60.000725,0.000725,-0.000020,0.000000,0.000000,0.000000,1.000000,55.989845,-136.871704,56.001831,-135.970001,55.982197,-137.157303,55.998707,-137.687195,0,8,true,0
256,2026-09-07T04:58:46.08Z,pmu-2,1,1788757126,80000,2026-09-07T04:58:34.3335891Z,-11746.411,60.007275,0.007275,0.000120,0.000000,0.000000,0.000000,1.000000,56.001003,-137.511475,55.996399,-137.033310,55.990284,-137.425400,55.985966,-136.219940,0,14,true,0
257,2026-09-07T04:58:45.66Z,pmu-4,1,1788757125,660000,2026-09-07T04:58:34.3335891Z,-11326.411,60.008110,0.008110,0.000123,0.000000,0.000000,0.000000,1.000000,95.005844,143.562988,94.997643,142.009811,95.009270,144.178833,94.974525,144.113266,0,3,true,0
258,2026-09-07T04:58:46.18Z,pmu-5,1,1788757126,180000,2026-09-07T04:58:34.3335891Z,-11846.411,59.993919,-0.006081,-0.000223,0.000000,0.000000,0.000000,1.000000,68.002975,-50.931595,67.984909,-50.015663,67.983574,-50.595589,68.021294,-49.024330,0,11,true,0
259,2026-09-07T04:58:45.82Z,pmu-1,1,1788757125,820000,2026-09-07T04:58:34.3342021Z,-11485.798,59.991035,-0.008965,-0.000145,0.000000,0.000000,0.000000,1.000000,68.001190,-50.934582,68.000679,-50.483593,68.042389,-51.394112,67.983078,-50.132225,0,15,true,0
260,2026-09-07T04:58:46.2Z,pmu-5,1,1788757126,200000,2026-09-07T04:58:34.3794712Z,-11820.529,59.998680,-0.001320,0.000095,0.000000,0.000000,0.000000,1.000000,70.996109,-29.352802,70.985580,-28.977497,70.976799,-29.171686,71.023972,-27.837118,0,12,true,0
261,2026-09-07T04:58:46.22Z,pmu-5,1,1788757126,220000,2026-09-07T04:58:34.3794712Z,-11840.529,60.009865,0.009865,0.000224,0.000000,0.000000,0.000000,1.000000,73.988853,-8.165205,73.988770,-7.788221,73.971863,-7.383487,74.015762,-6.440671,0,13,true,0
262,2026-09-07T04:58:46.1Z,pmu-2,1,1788757126,100000,2026-09-07T04:58:34.3794712Z,-11720.529,59.999256,-0.000744,-0.000160,0.000000,0.000000,0.000000,1.000000,58.997478,-115.809303,58.995903,-115.628571,58.989559,-115.608276,58.994156,-115.148972,0,15,true,0
263,2026-09-07T04:58:45.84Z,pmu-1,1,1788757125,840000,2026-09-07T04:58:34.3794712Z,-11460.529,59.993099,-0.006901,0.000041,0.000000,0.000000,0.000000,1.000000,71.002098,-29.393316,71.005257,-28.727003,71.048843,-29.255074,70.984085,-29.077799,0,0,true,0
264,2026-09-07T04:58:45.68Z,pmu-4,1,1788757125,680000,2026-09-07T04:58:34.3794712Z,-11300.529,60.005112,0.005112,-0.000060,0.000000,0.000000,0.000000,1.000000,98.009735,164.760910,97.994591,163.233673,98.008911,166.186935,97.965942,165.585663,0,4,true,0
265,2026-09-07T04:58:45.98Z,pmu-3,1,1788757125,980000,2026-09-07T04:58:34.3794712Z,-11600.529,60.004818,0.004818,0.000082,0.000000,0.000000,0.000000,1.000000,58.980328,-114.867867,59.009403,-114.342636,58.985855,-115.145981,58.997688,-115.741600,0,9,true,0
266,2026-09-07T04:58:45.86Z,pmu-1,1,1788757125,860000,2026-09-07T04:58:34.3794712Z,-11480.529,59.999470,-0.000530,0.000127,0.000000,0.000000,0.000000,1.000000,74.000473,-8.272900,73.997902,-6.767478,74.055237,-7.787947,73.991844,-7.107816,0,1,true,0
267,2026-09-07T04:58:45.7Z,pmu-4,1,1788757125,700000,2026-09-07T04:58:34.3794712Z,-11320.529,60.004375,0.004375,-0.000015,0.000000,0.000000,0.000000,1.000000,50.000000,-180.000000,50.000000,-180.000000,50.000000,-180.000000,50.000000,-180.000000,0,5,true,0
268,2026-09-07T04:58:46.12Z,pmu-2,1,1788757126,120000,2026-09-07T04:58:34.3794712Z,-11740.529,60.007469,0.007469,0.000164,0.000000,0.000000,0.000000,1.000000,61.995224,-94.241699,62.005032,-94.131302,61.999161,-94.004898,62.002144,-93.553253,0,0,true,0
269,2026-09-07T04:58:46Z,pmu-3,1,1788757126,0,2026-09-07T04:58:34.3794712Z,-11620.529,59.998165,-0.001835,-0.000133,0.000000,0.000000,0.000000,1.000000,61.989807,-92.952370,62.003807,-92.916458,61.990025,-93.734772,62.005672,-94.243767,0,10,true,0
270,2026-09-07T04:58:46.02Z,pmu-3,1,1788757126,20000,2026-09-07T04:58:34.380087Z,-11639.913,59.995522,-0.004478,-0.000053,0.000000,0.000000,0.000000,1.000000,64.985695,-71.636948,64.997627,-71.133507,64.999474,-71.807106,65.012573,-72.622414,0,11,true,0
271,2026-09-07T04:58:46.04Z,pmu-3,1,1788757126,40000,2026-09-07T04:58:34.4338113Z,-11606.189,59.991917,-0.008083,-0.000072,0.000000,0.000000,0.000000,1.000000,67.977440,-50.195702,67.995827,-49.089661,68.008636,-50.269756,68.007339,-50.590183,0,12,true,0
272,2026-09-07T04:58:45.88Z,pmu-1,1,1788757125,880000,2026-09-07T04:58:34.4346004Z,-11445.400,60.007511,0.007511,0.000161,0.000000,0.000000,0.000000,1.000000,77.000153,13.504390,76.990807,14.512514,77.048096,13.760557,76.990601,14.613239,0,2,true,0
273,2026-09-07T04:58:46.14Z,pmu-2,1,1788757126,140000,2026-09-07T04:58:34.4346004Z,-11705.400,60.007290,0.007290,-0.000004,0.000000,0.000000,0.000000,1.000000,64.997444,-72.562614,65.014351,-72.833923,64.994331,-72.265800,65.008133,-71.563614,0,1,true,0
274,2026-09-07T04:58:46.24Z,pmu-5,1,1788757126,240000,2026-09-07T04:58:34.4346004Z,-11805.400,60.000904,0.000904,-0.000179,0.000000,0.000000,0.000000,1.000000,76.992508,13.165601,76.982231,14.210263,76.964050,13.647822,77.015518,15.228277,0,14,true,0
275,2026-09-07T04:58:45.72Z,pmu-4,1,1788757125,720000,2026-09-07T04:58:34.4346004Z,-11285.400,60.008602,0.008602,0.000085,0.000000,0.000000,0.000000,1.000000,52.990540,-158.428802,53.004944,-158.004913,53.002052,-158.400131,53.007782,-158.076279,0,6,true,0
276,2026-09-07T04:58:45.74Z,pmu-4,1,1788757125,740000,2026-09-07T04:58:34.4870578Z,-11252.942,59.997013,-0.002987,-0.000232,0.000000,0.000000,0.000000,1.000000,55.995556,-136.868546,56.007858,-135.916412,56.006462,-136.999390,56.009026,-136.443115,0,7,true,0
277,2026-09-07T04:58:46.16Z,pmu-2,1,1788757126,160000,2026-09-07T04:58:34.4870578Z,-11672.942,59.991619,-0.008381,-0.000313,0.000000,0.000000,0.000000,1.000000,68.006592,-51.510109,68.008652,-51.330219,67.993057,-50.792202,68.011307,-49.791290,0,2,true,0
278,2026-09-07T04:58:46.26Z,pmu-5,1,1788757126,260000,2026-09-07T04:58:34.4870578Z,-11772.942,60.004299,0.004299,0.000068,0.000000,0.000000,0.000000,1.000000,79.998413,34.236076,79.982285,35.424370,79.954826,35.379856,80.020302,37.085373,0,15,true,0
279,2026-09-07T04:58:46.06Z,pmu-3,1,1788757126,60000,2026-09-07T04:58:34.4870578Z,-11572.942,60.006325,0.006325,0.000288,0.000000,0.000000,0.000000,1.000000,70.981956,-28.415720,70.996147,-27.540140,71.004234,-28.429413,71.016113,-29.403564,0,13,true,0
280,2026-09-07T04:58:46.18Z,pmu-2,1,1788757126,180000,2026-09-07T04:58:34.4870578Z,-11692.942,60.006546,0.006546,0.000299,0.000000,0.000000,0.000000,1.000000,71.008675,-29.864418,71.000420,-30.148920,70.985085,-28.659637,71.014641,-28.201170,0,3,true,0
281,2026-09-07T04:58:45.9Z,pmu-1,1,1788757125,900000,2026-09-07T04:58:34.4870578Z,-11412.942,59.993416,-0.006584,-0.000282,0.000000,0.000000,0.000000,1.000000,80.002602,35.325146,79.996437,36.112637,80.050186,35.270000,79.993996,35.919811,0,3,true,0
282,2026-09-07T04:58:45.76Z,pmu-4,1,1788757125,760000,2026-09-07T04:58:34.4870578Z,-11272.942,60.003536,0.003536,0.000130,0.000000,0.000000,0.000000,1.000000,58.986858,-115.699242,59.001457,-114.082779,59.003677,-115.081131,59.014683,-114.981483,0,8,true,0
283,2026-09-07T04:58:46.28Z,pmu-5,1,1788757126,280000,2026-09-07T04:58:34.4870578Z,-11792.942,60.000675,0.000675,-0.000072,0.000000,0.000000,0.000000,1.000000,82.997978,55.483719,82.977867,57.341125,82.955635,56.714371,83.012314,59.118130,0,0,true,0
284,2026-09-07T04:58:46.08Z,pmu-3,1,1788757126,80000,2026-09-07T04:58:34.4870578Z,-11592.942,60.008198,0.008198,0.000037,0.000000,0.000000,0.000000,1.000000,73.988777,-7.013291,74.002182,-5.903507,74.011963,-7.253216,74.008751,-8.020511,0,14,true,0
285,2026-09-07T04:58:45.92Z,pmu-1,1,1788757125,920000,2026-09-07T04:58:34.4870578Z,-11432.942,59.999733,-0.000267,0.000126,0.000000,0.000000,0.000000,1.000000,83.004425,56.981541,82.997528,57.215744,83.040962,56.547333,83.003426,58.068043,0,4,true,0
286,2026-09-07T04:58:46.3Z,pmu-5,1,1788757126,300000,2026-09-07T04:58:34.5366124Z,-11763.388,59.997562,-0.002438,-0.000062,0.000000,0.000000,0.000000,1.000000,86.001839,77.284058,85.979424,78.433044,85.960915,78.701660,86.003494,80.159821,0,1,true,0
287,2026-09-07T04:58:46.32Z,pmu-5,1,1788757126,320000,2026-09-07T04:58:34.5366124Z,-11783.388,59.997662,-0.002338,0.000002,0.000000,0.000000,0.000000,1.000000,89.011452,99.382698,88.987587,100.603622,88.969711,100.812859,89.004501,102.233810,0,2,true,0
288,2026-09-07T04:58:45.78Z,pmu-4,1,1788757125,780000,2026-09-07T04:58:34.5366124Z,-11243.388,59.994141,-0.005859,-0.000188,0.000000,0.000000,0.000000,1.000000,61.994759,-94.307304,61.992359,-92.355774,62.007092,-93.628769,62.022072,-93.839592,0,9,true,0
289,2026-09-07T04:58:46.2Z,pmu-2,1,1788757126,200000,2026-09-07T04:58:34.5366124Z,-11663.388,60.005222,0.005222,-0.000026,0.000000,0.000000,0.000000,1.000000,74.014145,-8.200752,73.995407,-8.152602,73.989662,-6.982752,74.023987,-6.474170,0,4,true,0
290,2026-09-07T04:58:46.1Z,pmu-3,1,1788757126,100000,2026-09-07T04:58:34.5366124Z,-11563.388,59.996288,-0.003712,-0.000238,0.000000,0.000000,0.000000,1.000000,76.991119,14.432607,77.000504,15.867452,77.012291,14.169216,76.999992,13.648856,0,15,true,0
291,2026-09-07T04:58:45.94Z,pmu-1,1,1788757125,940000,2026-09-07T04:58:34.5366124Z,-11403.388,59.999367,-0.000633,-0.000007,0.000000,0.000000,0.000000,1.000000,86.002655,78.938789,85.993736,79.226227,86.043182,78.253036,86.000908,80.005394,0,5,true,0
292,2026-09-07T04:58:46.12Z,pmu-3,1,1788757126,120000,2026-09-07T04:58:34.5366124Z,-11583.388,60.002407,0.002407,0.000122,0.000000,0.000000,0.000000,1.000000,79.994125,36.206886,80.008530,37.355560,80.009254,35.685230,79.992302,35.654823,0,0,true,0
293,2026-09-07T04:58:45.96Z,pmu-1,1,1788757125,960000,2026-09-07T04:58:34.5366124Z,-11423.388,59.999413,-0.000587,0.000001,0.000000,0.000000,0.000000,1.000000,88.995148,100.339401,89.002548,100.649323,89.051598,99.580200,89.000893,101.686577,0,6,true,0
294,2026-09-07T04:58:45.8Z,pmu-4,1,1788757125,800000,2026-09-07T04:58:34.5366124Z,-11263.388,59.995785,-0.004215,0.000033,0.000000,0.000000,0.000000,1.000000,65.003448,-72.705673,64.998413,-71.278023,65.012024,-71.814125,65.016144,-72.518158,0,10,true,0
295,2026-09-07T04:58:46.22Z,pmu-2,1,1788757126,220000,2026-09-07T04:58:34.5372103Z,-11682.790,60.009712,0.009712,0.000090,0.000000,0.000000,0.000000,1.000000,77.014732,13.689425,76.991432,13.040556,76.991776,15.018041,77.031097,15.284515,0,5,true,0
296,2026-09-07T04:58:46.34Z,pmu-5,1,1788757126,340000,2026-09-07T04:58:34.582108Z,-11757.892,59.993549,-0.006451,-0.000082,0.000000,0.000000,0.000000,1.000000,92.006493,120.936447,91.985580,122.287117,91.969315,122.368111,92.001106,123.647568,0,3,true,0
297,2026-09-07T04:58:46.24Z,pmu-2,1,1788757126,240000,2026-09-07T04:58:34.5828405Z,-11657.159,60.000870,0.000870,-0.000177,0.000000,0.000000,0.000000,1.000000,80.009369,34.915386,80.000893,34.962555,79.997856,36.475445,80.021721,37.301430,0,6,true,0
298,2026-09-07T04:58:45.82Z,pmu-4,1,1788757125,820000,2026-09-07T04:58:34.5828405Z,-11237.159,59.995403,-0.004597,-0.000008,0.000000,0.000000,0.000000,1.000000,68.006538,-51.284153,67.989922,-49.383053,68.014015,-49.986130,68.013802,-51.048729,0,11,true,0
299,2026-09-07T04:58:46.14Z,pmu-3,1,1788757126,140000,2026-09-07T04:58:34.5828405Z,-11557.160,60.009956,0.009956,0.000151,0.000000,0.000000,0.000000,1.000000,83.001358,57.364552,83.006111,59.381077,83.010422,57.470249,82.986305,56.831059,0,1,true,0
300,2026-09-07T04:58:45.98Z,pmu-1,1,1788757125,980000,2026-09-07T04:58:34.5828405Z,-11397.160,59.999451,-0.000549,0.000001,0.000000,0.000000,0.000000,1.000000,91.989563,121.635994,92.010391,122.305084,92.055557,120.985916,92.001511,123.447227,0,7,true,0
301,2026-09-07T04:58:47Z,pmu-1,1,1788757127,0,2026-09-07T04:58:34.5828405Z,-12417.159,59.999561,-0.000439,0.000002,0.000000,0.000000,0.000000,1.000000,94.999344,143.079193,95.017067,144.412750,95.054626,142.695007,94.995056,144.960907,0,8,true,0
302,2026-09-07T04:58:46.36Z,pmu-5,1,1788757126,360000,2026-09-07T04:58:34.6360347Z,-11723.965,59.995975,-0.004025,0.000049,0.000000,0.000000,0.000000,1.000000,95.010895,142.764587,94.993027,144.306305,94.964630,143.983276,94.995041,145.466965,0,4,true,0
303,2026-09-07T04:58:47.02Z,pmu-1,1,1788757127,20000,2026-09-07T04:58:34.6360347Z,-12383.965,59.996544,-0.003456,-0.000060,0.000000,0.000000,0.000000,1.000000,97.992508,164.299332,98.017799,165.828857,98.046204,164.427155,97.986809,166.482971,0,9,true,0
304,2026-09-07T04:58:46.26Z,pmu-2,1,1788757126,260000,2026-09-07T04:58:34.6360347Z,-11623.965,60.000286,0.000286,-0.000012,0.000000,0.000000,0.000000,1.000000,83.018204,56.009296,83.001091,56.011318,83.001144,57.671154,83.030960,59.161007,0,7,true,0
305,2026-09-07T04:58:46.16Z,pmu-3,1,1788757126,160000,2026-09-07T04:58:34.6360347Z,-11523.965,59.994659,-0.005341,-0.000306,0.000000,0.000000,0.000000,1.000000,86.003670,78.776390,86.009789,80.786896,86.013863,79.496391,85.982048,78.217293,0,2,true,0
306,2026-09-07T04:58:46.38Z,pmu-5,1,1788757126,380000,2026-09-07T04:58:34.6360347Z,-11743.965,59.993362,-0.006638,-0.000052,0.000000,0.000000,0.000000,1.000000,98.014458,163.980240,97.997566,165.927582,97.962730,165.168976,98.004517,167.081741,0,5,true,0
307,2026-09-07T04:58:46.28Z,pmu-2,1,1788757126,280000,2026-09-07T04:58:34.6360347Z,-11643.965,60.006611,0.006611,0.000126,0.000000,0.000000,0.000000,1.000000,86.025040,77.117409,85.992470,77.786331,85.991653,79.824669,86.034035,81.281792,0,8,true,0
308,2026-09-07T04:58:47.04Z,pmu-1,1,1788757127,40000,2026-09-07T04:58:34.6360347Z,-12403.965,59.992558,-0.007442,-0.000080,0.000000,0.000000,0.000000,1.000000,50.000000,-180.000000,50.000000,-180.000000,50.000000,-180.000000,50.000000,-180.000000,0,10,true,0
309,2026-09-07T04:58:46.18Z,pmu-3,1,1788757126,180000,2026-09-07T04:58:34.6360347Z,-11543.965,60.009071,0.009071,0.000288,0.000000,0.000000,0.000000,1.000000,89.012856,100.567810,89.018318,102.107491,89.005379,101.340408,88.990509,99.315674,0,3,true,0
310,2026-09-07T04:58:45.84Z,pmu-4,1,1788757125,840000,2026-09-07T04:58:34.6365984Z,-11203.402,59.991524,-0.008476,-0.000078,0.000000,0.000000,0.000000,1.000000,71.010658,-29.320326,70.983879,-27.347603,71.020164,-28.706554,71.017906,-29.809408,0,12,true,0
311,2026-09-07T04:58:45.86Z,pmu-4,1,1788757125,860000,2026-09-07T04:58:34.6365984Z,-11223.402,60.000103,0.000103,0.000172,0.000000,0.000000,0.000000,1.000000,74.004211,-7.491732,73.974052,-5.959478,74.012154,-7.584389,74.013123,-7.816379,0,13,true,0
312,2026-09-07T04:58:46.4Z,pmu-5,1,1788757126,400000,2026-09-07T04:58:34.6818671Z,-11718.133,59.992512,-0.007488,-0.000017,0.000000,0.000000,0.000000,1.000000,50.000000,-180.000000,50.000000,-180.000000,50.000000,-180.000000,50.000000,-180.000000,0,6,true,0
313,2026-09-07T04:58:45.88Z,pmu-4,1,1788757125,880000,2026-09-07T04:58:34.6818671Z,-11198.133,59.997444,-0.002556,-0.000053,0.000000,0.000000,0.000000,1.000000,77.004997,13.771439,76.970657,15.271345,77.012672,14.258821,77.017624,13.549154,0,14,true,0
314,2026-09-07T04:58:47.06Z,pmu-1,1,1788757127,60000,2026-09-07T04:58:34.6818671Z,-12378.133,60.007633,0.007633,0.000302,0.000000,0.000000,0.000000,1.000000,53.005966,-158.295425,52.998558,-158.789154,52.990318,-158.609009,53.007881,-158.758575,0,11,true,0
315,2026-09-07T04:58:46.2Z,pmu-3,1,1788757126,200000,2026-09-07T04:58:34.6818671Z,-11518.133,60.006954,0.006954,-0.000042,0.000000,0.000000,0.000000,1.000000,92.019073,122.167931,92.024086,123.474426,91.997879,123.509315,91.987061,121.211037,0,4,true,0
316,2026-09-07T04:58:46.3Z,pmu-2,1,1788757126,300000,2026-09-07T04:58:34.6818671Z,-11618.133,59.996384,-0.003616,-0.000205,0.000000,0.000000,0.000000,1.000000,89.027710,98.242264,88.984024,99.747368,88.990074,101.594162,89.043999,102.594444,0,9,true,0
317,2026-09-07T04:58:46.42Z,pmu-5,1,1788757126,420000,2026-09-07T04:58:34.6824117Z,-11737.588,59.995701,-0.004299,0.000064,0.000000,0.000000,0.000000,1.000000,52.995644,-158.089081,52.992435,-158.748825,53.001759,-158.345261,53.009869,-158.290314,0,7,true,0
318,2026-09-07T04:58:45.9Z,pmu-4,1,1788757125,900000,2026-09-07T04:58:34.6824117Z,-11217.588,59.999424,-0.000576,0.000040,0.000000,0.000000,0.000000,1.000000,80.013466,34.828976,79.978165,36.874020,80.022461,35.600189,80.025963,35.342846,0,15,true,0
319,2026-09-07T04:58:46.32Z,pmu-2,1,1788757126,320000,2026-09-07T04:58:34.6824117Z,-11637.588,60.004372,0.004372,0.000160,0.000000,0.000000,0.000000,1.000000,92.028664,119.468437,91.986801,121.309898,91.997314,123.043167,92.043381,124.037994,0,10,true,0
320,2026-09-07T04:58:47.08Z,pmu-1,1,1788757127,80000,2026-09-07T04:58:34.6824117Z,-12397.588,60.001247,0.001247,-0.000128,0.000000,0.000000,0.000000,1.000000,56.009857,-136.897583,55.997257,-136.830917,55.981369,-137.048172,56.003033,-137.730698,0,12,true,0
321,2026-09-07T04:58:46.22Z,pmu-3,1,1788757126,220000,2026-09-07T04:58:34.6824117Z,-11537.588,60.003262,0.003262,-0.000074,0.000000,0.000000,0.000000,1.000000,95.027832,144.069260,95.032242,144.595810,94.989494,145.556549,94.992897,142.559052,0,5,true,0
322,2026-09-07T04:58:46.44Z,pmu-5,1,1788757126,440000,2026-09-07T04:58:34.7269097Z,-11713.090,59.995876,-0.004124,0.000004,0.000000,0.000000,0.000000,1.000000,55.998806,-136.153351,55.982853,-137.144363,55.995575,-136.985382,56.019291,-136.720551,0,8,true,0
323,2026-09-07T04:58:45.92Z,pmu-4,1,1788757125,920000,2026-09-07T04:58:34.7269097Z,-11193.090,59.992802,-0.007198,-0.000132,0.000000,0.000000,0.000000,1.000000,83.007149,56.688450,82.976799,58.798153,83.018394,57.610672,83.032669,56.432590,0,0,true,0
324,2026-09-07T04:58:46.24Z,pmu-3,1,1788757126,240000,2026-09-07T04:58:34.7269097Z,-11513.090,60.001259,0.001259,-0.000040,0.000000,0.000000,0.000000,1.000000,98.034653,166.096100,98.028488,166.507477,97.983383,166.680878,97.983208,164.294937,0,6,true,0
325,2026-09-07T04:58:46.34Z,pmu-2,1,1788757126,340000,2026-09-07T04:58:34.7269097Z,-11613.090,59.993534,-0.006466,-0.000217,0.000000,0.000000,0.000000,1.000000,95.019188,140.851181,94.984436,143.253967,94.998756,144.165222,95.033669,145.895798,0,11,true,0
326,2026-09-07T04:58:47.1Z,pmu-1,1,1788757127,100000,2026-09-07T04:58:34.7269097Z,-12373.090,60.001732,0.001732,0.000010,0.000000,0.000000,0.000000,1.000000,59.007065,-115.227654,58.992783,-115.008339,58.983494,-115.020523,59.005882,-115.953621,0,13,true,0
327,2026-09-07T04:58:46.46Z,pmu-5,1,1788757126,460000,2026-09-07T04:58:34.7717983Z,-11688.202,59.994865,-0.005135,-0.000020,0.000000,0.000000,0.000000,1.000000,59.001884,-114.722565,58.977654,-115.257858,58.995834,-115.768555,59.010509,-114.689903,0,9,true,0
328,2026-09-07T04:58:46.48Z,pmu-5,1,1788757126,480000,2026-09-07T04:58:34.7717983Z,-11708.202,60.002441,0.002441,0.000152,0.000000,0.000000,0.000000,1.000000,61.998486,-92.855598,61.983997,-94.203362,61.988354,-94.244530,62.014259,-93.121361,0,10,true,0
329,2026-09-07T04:58:45.94Z,pmu-4,1,1788757125,940000,2026-09-07T04:58:34.7717983Z,-11168.202,60.006954,0.006954,0.000283,0.000000,0.000000,0.000000,1.000000,86.016174,78.411324,85.973915,80.948662,86.027634,78.956024,86.027733,78.570686,0,1,true,0
330,2026-09-07T04:58:47.12Z,pmu-1,1,1788757127,120000,2026-09-07T04:58:34.7717983Z,-12348.202,60.001476,0.001476,-0.000005,0.000000,0.000000,0.000000,1.000000,62.012527,-93.786964,61.993076,-93.685188,61.982647,-93.627853,62.015415,-94.356194,0,14,true,0
331,2026-09-07T04:58:46.26Z,pmu-3,1,1788757126,260000,2026-09-07T04:58:34.7717983Z,-11488.202,60.007092,0.007092,0.000117,0.000000,0.000000,0.000000,1.000000,50.000000,-180.000000,50.000000,-180.000000,50.000000,-180.000000,50.000000,-180.000000,0,7,true,0
332,2026-09-07T04:58:46.36Z,pmu-2,1,1788757126,360000,2026-09-07T04:58:34.7717983Z,-11588.202,60.005146,0.005146,0.000232,0.000000,0.000000,0.000000,1.000000,98.013657,162.719910,97.980972,164.925888,98.006126,165.638367,98.042229,167.310806,0,12,true,0
333,2026-09-07T04:58:45.96Z,pmu-4,1,1788757125,960000,2026-09-07T04:58:34.7717983Z,-11188.202,60.007668,0.007668,0.000014,0.000000,0.000000,0.000000,1.000000,89.018661,100.204140,88.964432,102.120697,89.018219,100.068710,89.019775,100.046722,0,2,true,0
334,2026-09-07T04:58:46.38Z,pmu-2,1,1788757126,380000,2026-09-07T04:58:34.7717983Z,-11608.202,60.005840,0.005840,0.000014,0.000000,0.000000,0.000000,1.000000,50.000000,-180.000000,50.000000,-180.000000,50.000000,-180.000000,50.000000,-180.000000,0,13,true,0
335,2026-09-07T04:58:46.28Z,pmu-3,1,1788757126,280000,2026-09-07T04:58:34.7717983Z,-11508.202,60.005241,0.005241,-0.000037,0.000000,0.000000,0.000000,1.000000,53.009377,-158.346970,53.003170,-158.541962,52.990032,-158.966690,53.007782,-158.914032,0,8,true,0
336,2026-09-07T04:58:47.14Z,pmu-1,1,1788757127,140000,2026-09-07T04:58:34.7717983Z,-12368.202,59.996059,-0.003941,-0.000108,0.000000,0.000000,0.000000,1.000000,65.016777,-71.744347,65.001694,-72.042717,64.977234,-72.247139,65.016724,-73.328590,0,15,true,0
337,2026-09-07T04:58:46.3Z,pmu-3,1,1788757126,300000,2026-09-07T04:58:34.8173953Z,-11482.605,60.006294,0.006294,0.000021,0.000000,0.000000,0.000000,1.000000,56.015640,-136.402832,55.994526,-136.760529,55.981884,-137.812149,56.010834,-137.194687,0,9,true,0
338,2026-09-07T04:58:47.16Z,pmu-1,1,1788757127,160000,2026-09-07T04:58:34.8173953Z,-12342.605,59.991001,-0.008999,-0.000101,0.000000,0.000000,0.000000,1.000000,68.010193,-49.689278,68.003868,-50.722401,67.986923,-50.486565,68.025711,-51.565956,0,0,true,0
339,2026-09-07T04:58:46.4Z,pmu-2,1,1788757126,400000,2026-09-07T04:58:34.8173953Z,-11582.605,59.997841,-0.002159,-0.000160,0.000000,0.000000,0.000000,1.000000,53.003033,-158.186600,53.007401,-158.032059,52.996628,-158.317032,53.007328,-157.884155,0,14,true,0
340,2026-09-07T04:58:46.5Z,pmu-5,1,1788757126,500000,2026-09-07T04:58:34.8173953Z,-11682.605,59.997627,-0.002373,-0.000096,0.000000,0.000000,0.000000,1.000000,65.006729,-71.753265,64.975174,-72.554527,64.994690,-72.582748,65.024040,-71.185226,0,11,true,0
341,2026-09-07T04:58:45.98Z,pmu-4,1,1788757125,980000,2026-09-07T04:58:34.8173953Z,-11162.605,59.993210,-0.006790,-0.000289,0.000000,0.000000,0.000000,1.000000,92.022926,121.643005,91.963478,123.736771,92.020012,121.537277,92.028503,122.106377,0,3,true,0
342,2026-09-07T04:58:47Z,pmu-4,1,1788757127,0,2026-09-07T04:58:34.8173953Z,-12182.605,60.007332,0.007332,0.000282,0.000000,0.000000,0.000000,1.000000,95.022148,142.779755,94.964638,144.893143,95.026390,142.705460,95.027153,143.213547,0,4,true,0
343,2026-09-07T04:58:46.52Z,pmu-5,1,1788757126,520000,2026-09-07T04:58:34.8623151Z,-11657.685,60.005661,0.005661,0.000161,0.000000,0.000000,0.000000,1.000000,68.008377,-50.263584,67.981064,-51.376476,67.992561,-51.339996,68.029190,-49.438190,0,12,true,0
344,2026-09-07T04:58:46.54Z,pmu-5,1,1788757126,540000,2026-09-07T04:58:34.8630199Z,-11676.980,60.000305,0.000305,-0.000107,0.000000,0.000000,0.000000,1.000000,71.005836,-28.098145,70.984215,-29.818424,70.995018,-29.876474,71.038040,-27.843452,0,13,true,0
345,2026-09-07T04:58:46.32Z,pmu-3,1,1788757126,320000,2026-09-07T04:58:34.8630199Z,-11456.980,60.000801,0.000801,-0.000110,0.000000,0.000000,0.000000,1.000000,59.019356,-115.232056,58.997150,-115.722748,58.973904,-116.660858,59.008129,-115.694061,0,10,true,0
346,2026-09-07T04:58:47.02Z,pmu-4,1,1788757127,20000,2026-09-07T04:58:34.8630199Z,-12156.980,60.001331,0.001331,-0.000120,0.000000,0.000000,0.000000,1.000000,98.022888,164.787827,97.960335,166.908310,98.020058,164.031967,98.026520,164.543228,0,5,true,0
347,2026-09-07T04:58:46.42Z,pmu-2,1,1788757126,420000,2026-09-07T04:58:34.8630199Z,-11556.980,60.007385,0.007385,0.000191,0.000000,0.000000,0.000000,1.000000,55.994831,-136.749893,55.999275,-136.201782,55.999908,-136.428085,56.012665,-136.561981,0,15,true,0
348,2026-09-07T04:58:47.18Z,pmu-1,1,1788757127,180000,2026-09-07T04:58:34.8630199Z,-12316.980,60.006157,0.006157,0.000303,0.000000,0.000000,0.000000,1.000000,71.012138,-27.830994,70.998497,-28.852997,70.995193,-28.762537,71.023476,-30.458477,0,1,true,0
349,2026-09-07T04:58:46.34Z,pmu-3,1,1788757126,340000,2026-09-07T04:58:34.8630199Z,-11476.980,59.994328,-0.005672,-0.000129,0.000000,0.000000,0.000000,1.000000,62.011703,-93.390457,62.001392,-94.264114,61.975357,-94.662796,62.001759,-94.602882,0,11,true,0
350,2026-09-07T04:58:47.04Z,pmu-4,1,1788757127,40000,2026-09-07T04:58:34.8630199Z,-12176.980,59.994270,-0.005730,-0.000141,0.000000,0.000000,0.000000,1.000000,50.000000,-180.000000,50.000000,-180.000000,50.000000,-180.000000,50.000000,-180.000000,0,6,true,0
351,2026-09-07T04:58:46.44Z,pmu-2,1,1788757126,440000,2026-09-07T04:58:34.8630199Z,-11576.980,59.992439,-0.007561,-0.000299,0.000000,0.000000,0.000000,1.000000,58.990459,-115.004639,59.007225,-114.494820,59.000568,-114.797684,59.005432,-114.758499,0,0,true,0
352,2026-09-07T04:58:47.2Z,pmu-1,1,1788757127,200000,2026-09-07T04:58:34.8630199Z,-12336.980,60.009510,0.009510,0.000067,0.000000,0.000000,0.000000,1.000000,74.011116,-6.632765,74.003723,-7.225212,73.985634,-6.727892,74.030350,-8.432051,0,2,true,0
353,2026-09-07T04:58:46.36Z,pmu-3,1,1788757126,360000,2026-09-07T04:58:34.908453Z,-11451.547,59.997330,-0.002670,0.000060,0.000000,0.000000,0.000000,1.000000,65.021584,-72.134834,65.006783,-72.964890,64.973259,-72.783737,65.009995,-72.687912,0,12,true,0
354,2026-09-07T04:58:46.46Z,pmu-2,1,1788757126,460000,2026-09-07T04:58:34.9090676Z,-11550.932,60.002602,0.002602,0.000203,0.000000,0.000000,0.000000,1.000000,61.997276,-93.828163,62.015270,-93.165451,62.006680,-93.471878,62.015320,-92.883888,0,1,true,0
355,2026-09-07T04:58:47.22Z,pmu-1,1,1788757127,220000,2026-09-07T04:58:34.9090676Z,-12310.932,59.999729,-0.000271,-0.000196,0.000000,0.000000,0.000000,1.000000,77.009567,15.352850,76.994743,14.471085,76.981339,14.499013,77.032120,13.540136,0,3,true,0
356,2026-09-07T04:58:46.56Z,pmu-5,1,1788757126,560000,2026-09-07T04:58:34.9090676Z,-11650.932,59.999920,-0.000080,-0.000008,0.000000,0.000000,0.000000,1.000000,74.014381,-7.023051,73.986137,-8.667022,73.989471,-8.709964,74.037247,-6.400562,0,14,true,0
357,2026-09-07T04:58:47.06Z,pmu-4,1,1788757127,60000,2026-09-07T04:58:34.9090676Z,-12150.932,59.999641,-0.000359,0.000107,0.000000,0.000000,0.000000,1.000000,53.007992,-158.051468,53.005779,-158.614960,53.007156,-158.127548,52.991722,-158.741241,0,7,true,0
358,2026-09-07T04:58:46.38Z,pmu-3,1,1788757126,380000,2026-09-07T04:58:34.9545727Z,-11425.427,60.007599,0.007599,0.000205,0.000000,0.000000,0.000000,1.000000,68.023201,-50.188950,67.998703,-51.291466,67.976013,-51.064816,68.013092,-51.274887,0,13,true,0
359,2026-09-07T04:58:46.48Z,pmu-2,1,1788757126,480000,2026-09-07T04:58:34.9545727Z,-11525.427,59.992764,-0.007236,-0.000197,0.000000,0.000000,0.000000,1.000000,64.996696,-72.711868,65.012711,-71.091431,65.003090,-71.704376,65.020134,-70.734955,0,2,true,0
360,2026-09-07T04:58:47.24Z,pmu-1,1,1788757127,240000,2026-09-07T04:58:34.9545727Z,-12285.427,59.992481,-0.007519,-0.000145,0.000000,0.000000,0.000000,1.000000,80.015732,36.605251,79.999023,36.164371,79.974159,36.097805,80.030403,34.716122,0,4,true,0
361,2026-09-07T04:58:46.4Z,pmu-3,1,1788757126,400000,2026-09-07T04:58:34.9545727Z,-11445.427,59.994476,-0.005524,-0.000262,0.000000,0.000000,0.000000,1.000000,71.027840,-28.116886,71.001259,-29.627239,70.982071,-29.770660,71.018257,-29.313332,0,14,true,0
362,2026-09-07T04:58:46.58Z,pmu-5,1,1788757126,580000,2026-09-07T04:58:34.9545727Z,-11625.427,60.004696,0.004696,0.000096,0.000000,0.000000,0.000000,1.000000,77.010788,14.583892,76.976845,12.899004,76.985924,12.833960,77.045914,14.762766,0,15,true,0
363,2026-09-07T04:58:47.08Z,pmu-4,1,1788757127,80000,2026-09-07T04:58:34.9545727Z,-12125.427,59.994167,-0.005833,-0.000109,0.000000,0.000000,0.000000,1.000000,56.001862,-136.007202,56.006550,-137.422424,56.013382,-136.776321,55.997360,-136.882446,0,8,true,0
364,2026-09-07T04:58:46.5Z,pmu-2,1,1788757126,500000,2026-09-07T04:58:34.9551392Z,-11544.861,59.993618,-0.006382,0.000017,0.000000,0.000000,0.000000,1.000000,67.986870,-51.419430,68.017296,-49.048531,68.009102,-49.702923,68.017159,-48.720665,0,3,true,0
365,2026-09-07T04:58:46.6Z,pmu-5,1,1788757126,600000,2026-09-07T04:58:34.9551392Z,-11644.861,59.998920,-0.001080,-0.000116,0.000000,0.000000,0.000000,1.000000,80.018631,36.401432,79.969284,34.837791,79.992744,33.929649,80.049957,36.207756,0,0,true,0
366,2026-09-07T04:58:47.26Z,pmu-1,1,1788757127,260000,2026-09-07T04:58:34.9551392Z,-12304.861,59.997936,-0.002064,0.000109,0.000000,0.000000,0.000000,1.000000,83.010948,57.970226,82.990524,58.136803,82.969933,57.778606,83.026375,56.534294,0,5,true,0
367,2026-09-07T04:58:47.1Z,pmu-4,1,1788757127,100000,2026-09-07T04:58:34.9551392Z,-12144.861,60.000027,0.000027,0.000117,0.000000,0.000000,0.000000,1.000000,59.004391,-114.567429,59.014362,-115.408234,59.021687,-114.888672,58.993000,-115.400803,0,9,true,0
368,2026-09-07T04:58:46.42Z,pmu-3,1,1788757126,420000,2026-09-07T04:58:35.0012858Z,-11418.714,59.992886,-0.007114,-0.000032,0.000000,0.000000,0.000000,1.000000,74.034683,-6.763103,73.999229,-8.194177,73.989624,-7.965673,74.022522,-7.777136,0,15,true,0
369,2026-09-07T04:58:47.28Z,pmu-1,1,1788757127,280000,2026-09-07T04:58:35.0012858Z,-12278.714,60.005630,0.005630,0.000154,0.000000,0.000000,0.000000,1.000000,86.002571,79.205452,85.988663,80.265099,85.960403,79.715508,86.024956,78.388771,0,6,true,0
370,2026-09-07T04:58:46.52Z,pmu-2,1,1788757126,520000,2026-09-07T04:58:35.0012858Z,-11518.714,59.997192,-0.002808,0.000071,0.000000,0.000000,0.000000,1.000000,70.989021,-29.740902,71.010841,-27.728216,71.008728,-28.241495,71.026993,-26.629610,0,4,true,0
371,2026-09-07T04:58:47.12Z,pmu-4,1,1788757127,120000,2026-09-07T04:58:35.0012858Z,-12118.714,60.008255,0.008255,0.000165,0.000000,0.000000,0.000000,1.000000,62.005047,-92.790031,62.012627,-93.290634,62.031624,-93.469704,61.996971,-93.687469,0,10,true,0
372,2026-09-07T04:58:46.62Z,pmu-5,1,1788757126,620000,2026-09-07T04:58:35.0012858Z,-11618.714,59.993580,-0.006420,-0.000107,0.000000,0.000000,0.000000,1.000000,83.019348,58.527775,82.963318,56.336288,82.988815,56.082150,83.047142,57.586090,0,1,true,0
373,2026-09-07T04:58:46.44Z,pmu-3,1,1788757126,440000,2026-09-07T04:58:35.0486168Z,-11391.383,59.995346,-0.004654,0.000049,0.000000,0.000000,0.000000,1.000000,77.042206,14.910076,76.993729,13.542441,76.990059,13.676066,77.029991,13.948885,0,0,true,0
374,2026-09-07T04:58:46.46Z,pmu-3,1,1788757126,460000,2026-09-07T04:58:35.0486168Z,-11411.383,60.009689,0.009689,0.000287,0.000000,0.000000,0.000000,1.000000,80.047981,36.444836,79.990990,35.661194,79.994637,34.792774,80.034576,36.049313,0,1,true,0
375,2026-09-07T04:58:47.3Z,pmu-1,1,1788757127,300000,2026-09-07T04:58:35.0486168Z,-12251.383,60.008945,0.008945,0.000066,0.000000,0.000000,0.000000,1.000000,89.007317,100.673347,88.987007,102.054245,88.967812,101.562706,89.026718,99.836037,0,7,true,0
376,2026-09-07T04:58:47.14Z,pmu-4,1,1788757127,140000,2026-09-07T04:58:35.0486168Z,-12091.383,60.006481,0.006481,-0.000035,0.000000,0.000000,0.000000,1.000000,65.007729,-71.601418,65.008362,-71.760902,65.034180,-71.373894,64.993683,-72.315956,0,11,true,0
377,2026-09-07T04:58:46.64Z,pmu-5,1,1788757126,640000,2026-09-07T04:58:35.0486168Z,-11591.383,59.998260,-0.001740,0.000094,0.000000,0.000000,0.000000,1.000000,86.014664,80.637085,85.964859,77.929520,85.985275,77.634888,86.054680,79.136520,0,2,true,0
378,2026-09-07T04:58:46.54Z,pmu-2,1,1788757126,540000,2026-09-07T04:58:35.0486168Z,-11491.383,59.991371,-0.008629,-0.000116,0.000000,0.000000,0.000000,1.000000,73.988411,-7.939027,74.002907,-6.692047,74.013611,-7.086771,74.021584,-5.387561,0,5,true,0
379,2026-09-07T04:58:47.32Z,pmu-1,1,1788757127,320000,2026-09-07T04:58:35.0486168Z,-12271.383,59.994198,-0.005802,-0.000295,0.000000,0.000000,0.000000,1.000000,91.997643,122.370094,91.987465,123.985405,91.957947,122.967201,92.033791,120.997131,0,8,true,0
380,2026-09-07T04:58:47.16Z,pmu-4,1,1788757127,160000,2026-09-07T04:58:35.0486168Z,-12111.383,60.008636,0.008636,0.000043,0.000000,0.000000,0.000000,1.000000,68.013718,-50.046059,68.006958,-50.535919,68.043182,-49.263008,67.996613,-50.770847,0,12,true,0
381,2026-09-07T04:58:46.66Z,pmu-5,1,1788757126,660000,2026-09-07T04:58:35.0486168Z,-11611.383,60.000584,0.000584,0.000046,0.000000,0.000000,0.000000,1.000000,89.008049,102.463715,88.969658,99.260849,88.986168,98.813255,89.062141,101.084541,0,3,true,0
382,2026-09-07T04:58:46.56Z,pmu-2,1,1788757126,560000,2026-09-07T04:58:35.0491273Z,-11510.873,59.994797,-0.005203,0.000069,0.000000,0.000000,0.000000,1.000000,76.986160,13.624761,77.010307,14.906538,77.006073,14.153074,77.021233,16.205637,0,6,true,0
383,2026-09-07T04:58:46.48Z,pmu-3,1,1788757126,480000,2026-09-07T04:58:35.0937848Z,-11386.215,59.998260,-0.001740,-0.000229,0.000000,0.000000,0.000000,1.000000,83.053772,57.592045,82.982315,57.792046,82.986496,56.643784,83.035515,57.177177,0,2,true,0
384,2026-09-07T04:58:47.34Z,pmu-1,1,1788757127,340000,2026-09-07T04:58:35.0937848Z,-12246.215,59.994164,-0.005836,-0.000001,0.000000,0.000000,0.000000,1.000000,95.000404,144.463486,94.979683,145.318878,94.961609,144.117691,95.038544,142.024902,0,9,true,0
385,2026-09-07T04:58:47.18Z,pmu-4,1,1788757127,180000,2026-09-07T04:58:35.0937848Z,-12086.215,60.003315,0.003315,-0.000106,0.000000,0.000000,0.000000,1.000000,71.008148,-28.226456,71.008751,-28.794794,71.034760,-27.534750,70.989052,-29.277880,0,13,true,0
386,2026-09-07T04:58:46.68Z,pmu-5,1,1788757126,680000,2026-09-07T04:58:35.0937848Z,-11586.215,60.009998,0.009998,0.000188,0.000000,0.000000,0.000000,1.000000,92.000854,124.380569,91.962502,121.393059,91.988083,120.155502,92.055420,122.537224,0,4,true,0
387,2026-09-07T04:58:46.58Z,pmu-2,1,1788757126,580000,2026-09-07T04:58:35.0937848Z,-11486.215,60.003407,0.003407,0.000172,0.000000,0.000000,0.000000,1.000000,79.989899,34.822746,80.016899,36.561779,80.010376,35.869129,80.015305,38.237869,0,7,true,0
388,2026-09-07T04:58:46.7Z,pmu-5,1,1788757126,700000,2026-09-07T04:58:35.1348698Z,-11565.130,60.003120,0.003120,-0.000138,0.000000,0.000000,0.000000,1.000000,95.007896,145.903229,94.965210,142.633255,94.988312,141.427902,95.049088,143.706253,0,5,true,0
389,2026-09-07T04:58:46.72Z,pmu-5,1,1788757126,720000,2026-09-07T04:58:35.1358583Z,-11584.142,60.000935,0.000935,-0.000044,0.000000,0.000000,0.000000,1.000000,98.017845,167.434357,97.970467,164.563232,97.983864,162.519684,98.053207,165.708618,0,6,true,0
390,2026-09-07T04:58:47.2Z,pmu-4,1,1788757127,200000,2026-09-07T04:58:35.1358583Z,-12064.142,60.003559,0.003559,0.000005,0.000000,0.000000,0.000000,1.000000,74.017311,-6.263746,74.007149,-7.160294,74.029968,-5.545322,73.990173,-8.022541,0,14,true,0
391,2026-09-07T04:58:46.6Z,pmu-2,1,1788757126,600000,2026-09-07T04:58:35.1358583Z,-11464.142,59.996635,-0.003365,-0.000135,0.000000,0.000000,0.000000,1.000000,82.988747,56.698273,83.016167,57.916576,83.016121,57.785572,83.017776,60.130917,0,8,true,0
392,2026-09-07T04:58:46.5Z,pmu-3,1,1788757126,500000,2026-09-07T04:58:35.1358583Z,-11364.142,59.992062,-0.007938,-0.000124,0.000000,0.000000,0.000000,1.000000,86.054787,78.641541,85.987328,79.914368,85.993645,78.158051,86.026588,78.375648,0,3,true,0
393,2026-09-07T04:58:47.36Z,pmu-1,1,1788757127,360000,2026-09-07T04:58:35.1358583Z,-12224.142,60.009716,0.009716,0.000311,0.000000,0.000000,0.000000,1.000000,97.992821,166.123764,97.982338,167.214325,97.969040,166.139191,98.048027,163.516647,0,10,true,0
394,2026-09-07T04:58:46.62Z,pmu-2,1,1788757126,620000,2026-09-07T04:58:35.1358583Z,-11484.142,59.991959,-0.008041,-0.000094,0.000000,0.000000,0.000000,1.000000,85.991394,78.748337,86.010735,79.704910,86.026024,78.853180,86.017799,82.047180,0,9,true,0
395,2026-09-07T04:58:46.52Z,pmu-3,1,1788757126,520000,2026-09-07T04:58:35.1358583Z,-11384.142,59.990734,-0.009266,-0.000027,0.000000,0.000000,0.000000,1.000000,89.058800,100.112617,88.994972,101.577370,89.001770,99.280357,89.029327,100.209244,0,4,true,0
396,2026-09-07T04:58:47.38Z,pmu-1,1,1788757127,380000,2026-09-07T04:58:35.1358583Z,-12244.142,60.005634,0.005634,-0.000082,0.000000,0.000000,0.000000,1.000000,50.000000,-180.000000,50.000000,-180.000000,50.000000,-180.000000,50.000000,-180.000000,0,11,true,0
397,2026-09-07T04:58:47.22Z,pmu-4,1,1788757127,220000,2026-09-07T04:58:35.1358583Z,-12084.142,59.994839,-0.005161,-0.000174,0.000000,0.000000,0.000000,1.000000,77.017349,15.191594,77.011841,14.917647,77.025894,15.806293,76.998062,13.196286,0,15,true,0
398,2026-09-07T04:58:47.24Z,pmu-4,1,1788757127,240000,2026-09-07T04:58:35.1805512Z,-12059.449,60.003227,0.003227,0.000168,0.000000,0.000000,0.000000,1.000000,80.017464,36.565834,80.003456,36.281960,80.026207,37.793308,79.995499,34.420254,0,0,true,0
399,2026-09-07T04:58:46.64Z,pmu-2,1,1788757126,640000,2026-09-07T04:58:35.1805512Z,-11459.449,59.995602,-0.004398,0.000073,0.000000,0.000000,0.000000,1.000000,88.988495,100.066383,89.002327,101.850487,89.020004,100.629044,89.017586,103.871826,0,10,true,0
400,2026-09-07T04:58:46.74Z,pmu-5,1,1788757126,740000,2026-09-07T04:58:35.1805512Z,-11559.449,60.008190,0.008190,0.000145,0.000000,0.000000,0.000000,1.000000,50.000000,-180.000000,50.000000,-180.000000,50.000000,-180.000000,50.000000,-180.000000,0,7,true,0
401,2026-09-07T04:58:47.4Z,pmu-1,1,1788757127,400000,2026-09-07T04:58:35.1805512Z,-12219.449,60.003704,0.003704,-0.000039,0.000000,0.000000,0.000000,1.000000,53.004025,-158.848419,52.996365,-158.801071,53.009686,-158.728851,52.998756,-158.723969,0,12,true,0
402,2026-09-07T04:58:46.54Z,pmu-3,1,1788757126,540000,2026-09-07T04:58:35.1805512Z,-11359.449,59.995884,-0.004116,0.000103,0.000000,0.000000,0.000000,1.000000,92.055473,121.353722,91.988785,122.697823,92.000015,121.286293,92.032349,121.356232,0,5,true,0
403,2026-09-07T04:58:46.56Z,pmu-3,1,1788757126,560000,2026-09-07T04:58:35.221686Z,-11338.314,59.990887,-0.009113,-0.000100,0.000000,0.000000,0.000000,1.000000,95.049721,143.027740,94.986252,143.765640,94.992188,143.216827,95.029510,142.919312,0,6,true,0
404,2026-09-07T04:58:47.42Z,pmu-1,1,1788757127,420000,2026-09-07T04:58:35.221686Z,-12198.314,60.000664,0.000664,-0.000061,0.000000,0.000000,0.000000,1.000000,56.003654,-136.696899,56.000538,-137.335907,56.009975,-137.555313,55.992840,-137.572739,0,13,true,0
405,2026-09-07T04:58:47.26Z,pmu-4,1,1788757127,260000,2026-09-07T04:58:35.221686Z,-12038.314,59.995270,-0.004730,-0.000159,0.000000,0.000000,0.000000,1.000000,83.023064,57.606834,83.004189,58.072323,83.033035,59.748322,82.989655,56.427586,0,1,true,0
406,2026-09-07T04:58:46.58Z,pmu-3,1,1788757126,580000,2026-09-07T04:58:35.221686Z,-11358.314,60.005917,0.005917,0.000301,0.000000,0.000000,0.000000,1.000000,98.052338,164.300568,97.989059,165.261154,98.001175,164.508087,98.021194,165.039230,0,7,true,0
407,2026-09-07T04:58:46.66Z,pmu-2,1,1788757126,660000,2026-09-07T04:58:35.221686Z,-11438.314,59.998920,-0.001080,0.000066,0.000000,0.000000,0.000000,1.000000,91.985039,121.187637,91.993706,123.163597,92.014351,122.254196,92.010872,125.488388,0,11,true,0
408,2026-09-07T04:58:46.76Z,pmu-5,1,1788757126,760000,2026-09-07T04:58:35.221686Z,-11538.314,59.993855,-0.006145,-0.000287,0.000000,0.000000,0.000000,1.000000,53.005005,-158.419083,52.992664,-158.263412,52.995777,-158.766846,53.009132,-157.867203,0,8,true,0
409,2026-09-07T04:58:47.44Z,pmu-1,1,1788757127,440000,2026-09-07T04:58:35.221686Z,-12218.314,60.000557,0.000557,-0.000002,0.000000,0.000000,0.000000,1.000000,59.009678,-114.669327,58.997498,-115.835640,59.015911,-115.747597,58.984032,-116.182976,0,14,true,0
410,2026-09-07T04:58:46.68Z,pmu-2,1,1788757126,680000,2026-09-07T04:58:35.221686Z,-11458.314,59.999805,-0.000195,0.000018,0.000000,0.000000,0.000000,1.000000,94.989685,142.656021,94.991364,144.463562,95.010208,144.192780,95.005432,147.103836,0,12,true,0
411,2026-09-07T04:58:46.78Z,pmu-5,1,1788757126,780000,2026-09-07T04:58:35.221686Z,-11558.314,59.996506,-0.003494,0.000053,0.000000,0.000000,0.000000,1.000000,55.999912,-136.632950,55.983631,-136.968597,56.002007,-137.644424,56.005360,-136.453049,0,9,true,0
412,2026-09-07T04:58:47.28Z,pmu-4,1,1788757127,280000,2026-09-07T04:58:35.221686Z,-12058.314,59.991455,-0.008545,-0.000076,0.000000,0.000000,0.000000,1.000000,86.032440,78.702766,85.995201,79.786697,86.038200,81.778877,85.984642,78.002563,0,2,true,0
413,2026-09-07T04:58:46.6Z,pmu-3,1,1788757126,600000,2026-09-07T04:58:35.2681458Z,-11331.854,60.006493,0.006493,0.000012,0.000000,0.000000,0.000000,1.000000,50.000000,-180.000000,50.000000,-180.000000,50.000000,-180.000000,50.000000,-180.000000,0,8,true,0
414,2026-09-07T04:58:46.7Z,pmu-2,1,1788757126,700000,2026-09-07T04:58:35.2681458Z,-11431.854,60.006817,0.006817,0.000140,0.000000,0.000000,0.000000,1.000000,97.986755,164.115112,97.993057,166.407135,98.004654,165.526459,98.013397,168.593033,0,13,true,0
415,2026-09-07T04:58:47.46Z,pmu-1,1,1788757127,460000,2026-09-07T04:58:35.2681458Z,-12191.854,60.004459,0.004459,0.000078,0.000000,0.000000,0.000000,1.000000,62.002674,-93.112816,62.002956,-94.212959,62.008778,-93.900856,61.974880,-94.961739,0,15,true,0
416,2026-09-07T04:58:47.3Z,pmu-4,1,1788757127,300000,2026-09-07T04:58:35.2681458Z,-12031.854,60.006836,0.006836,0.000308,0.000000,0.000000,0.000000,1.000000,89.039871,99.792793,88.995323,100.862946,89.041580,103.546272,88.993195,99.308044,0,3,true,0
417,2026-09-07T04:58:46.8Z,pmu-5,1,1788757126,800000,2026-09-07T04:58:35.2681458Z,-11531.854,59.999355,-0.000645,0.000057,0.000000,0.000000,0.000000,1.000000,58.994827,-115.491096,58.987423,-115.234322,58.994297,-116.203918,58.997696,-114.716263,0,10,true,0
418,2026-09-07T04:58:46.82Z,pmu-5,1,1788757126,820000,2026-09-07T04:58:35.3187198Z,-11501.280,60.008427,0.008427,0.000181,0.000000,0.000000,0.000000,1.000000,61.987434,-93.730766,61.978683,-94.151566,62.003258,-94.735153,62.000820,-92.633881,0,11,true,0
419,2026-09-07T04:58:47.48Z,pmu-1,1,1788757127,480000,2026-09-07T04:58:35.3187198Z,-12161.280,59.998043,-0.001957,-0.000128,0.000000,0.000000,0.000000,1.000000,64.999771,-71.950012,65.003098,-72.904739,65.017342,-72.518181,64.975113,-73.634323,0,0,true,0
420,2026-09-07T04:58:46.72Z,pmu-2,1,1788757126,720000,2026-09-07T04:58:35.3187198Z,-11401.280,59.992416,-0.007584,-0.000288,0.000000,0.000000,0.000000,1.000000,50.000000,-180.000000,50.000000,-180.000000,50.000000,-180.000000,50.000000,-180.000000,0,14,true,0
421,2026-09-07T04:58:47.32Z,pmu-4,1,1788757127,320000,2026-09-07T04:58:35.3187198Z,-12001.280,59.991581,-0.008419,-0.000305,0.000000,0.000000,0.000000,1.000000,92.031807,121.573204,92.004105,122.881645,92.042633,124.795700,91.985497,120.898445,0,4,true,0
422,2026-09-07T04:58:46.84Z,pmu-5,1,1788757126,840000,2026-09-07T04:58:35.3187198Z,-11521.280,59.992775,-0.007225,-0.000313,0.000000,0.000000,0.000000,1.000000,64.979828,-71.687767,64.973412,-72.027435,64.994690,-73.581657,65.008835,-71.254951,0,12,true,0
423,2026-09-07T04:58:46.62Z,pmu-3,1,1788757126,620000,2026-09-07T04:58:35.3187198Z,-11301.280,60.000412,0.000412,-0.000122,0.000000,0.000000,0.000000,1.000000,53.007587,-158.507767,53.009521,-158.606323,52.991482,-158.609894,52.991589,-158.932571,0,9,true,0
424,2026-09-07T04:58:46.64Z,pmu-3,1,1788757126,640000,2026-09-07T04:58:35.3187198Z,-11321.280,60.007675,0.007675,0.000145,0.000000,0.000000,0.000000,1.000000,56.011166,-136.712158,56.002502,-137.376312,55.983486,-137.369095,56.000774,-137.384384,0,10,true,0
425,2026-09-07T04:58:47.5Z,pmu-1,1,1788757127,500000,2026-09-07T04:58:35.3187198Z,-12181.280,60.001217,0.001217,0.000063,0.000000,0.000000,0.000000,1.000000,68.008087,-50.760384,68.010094,-51.606495,68.017830,-50.455593,67.977951,-52.395664,0,1,true,0
426,2026-09-07T04:58:46.74Z,pmu-2,1,1788757126,740000,2026-09-07T04:58:35.3187198Z,-11421.280,59.994789,-0.005211,0.000047,0.000000,0.000000,0.000000,1.000000,53.003448,-158.508194,52.998756,-158.106857,52.996811,-158.564178,52.998329,-158.495148,0,15,true,0
427,2026-09-07T04:58:47.34Z,pmu-4,1,1788757127,340000,2026-09-07T04:58:35.3187198Z,-12021.280,60.002953,0.002953,0.000227,0.000000,0.000000,0.000000,1.000000,95.040169,142.997284,95.011551,143.919327,95.049828,145.879715,94.992065,142.348511,0,5,true,0
428,2026-09-07T04:58:46.66Z,pmu-3,1,1788757126,660000,2026-09-07T04:58:35.3647416Z,-11295.258,59.996349,-0.003651,-0.000227,0.000000,0.000000,0.000000,1.000000,59.013702,-114.715553,58.997910,-116.090118,58.979786,-116.244125,58.990837,-116.040955,0,11,true,0
429,2026-09-07T04:58:47.52Z,pmu-1,1,1788757127,520000,2026-09-07T04:58:35.3647416Z,-12155.258,59.991051,-0.008949,-0.000203,0.000000,0.000000,0.000000,1.000000,71.015945,-28.720318,71.017288,-29.892365,71.015999,-28.516457,70.979889,-30.466810,0,2,true,0
430,2026-09-07T04:58:46.86Z,pmu-5,1,1788757126,860000,2026-09-07T04:58:35.3647416Z,-11495.258,60.002697,0.002697,0.000198,0.000000,0.000000,0.000000,1.000000,67.980850,-50.373711,67.971733,-50.362679,67.990799,-51.471573,68.009468,-49.440731,0,13,true,0
431,2026-09-07T04:58:47.36Z,pmu-4,1,1788757127,360000,2026-09-07T04:58:35.3647416Z,-11995.258,60.003952,0.003952,0.000020,0.000000,0.000000,0.000000,1.000000,98.040604,164.917816,98.018356,165.503143,98.047325,167.220062,97.998352,163.997940,0,6,true,0
432,2026-09-07T04:58:46.76Z,pmu-2,1,1788757126,760000,2026-09-07T04:58:35.3647416Z,-11395.258,59.992039,-0.007961,-0.000055,0.000000,0.000000,0.000000,1.000000,55.994331,-136.406631,55.990353,-136.174500,55.991173,-136.605103,55.992691,-136.733688,0,0,true,0
433,2026-09-07T04:58:46.88Z,pmu-5,1,1788757126,880000,2026-09-07T04:58:35.4205084Z,-11459.492,59.993382,-0.006618,-0.000186,0.000000,0.000000,0.000000,1.000000,70.990013,-28.319656,70.972412,-29.134130,70.997765,-30.328741,71.013863,-27.764965,0,14,true,0
434,2026-09-07T04:58:46.9Z,pmu-5,1,1788757126,900000,2026-09-07T04:58:35.4205084Z,-11479.492,60.003864,0.003864,0.000210,0.000000,0.000000,0.000000,1.000000,73.991753,-6.817874,73.967842,-7.573036,74.004074,-8.652800,74.014717,-6.710749,0,15,true,0
435,2026-09-07T04:58:47.38Z,pmu-4,1,1788757127,380000,2026-09-07T04:58:35.4205084Z,-11959.492,59.999279,-0.000721,-0.000093,0.000000,0.000000,0.000000,1.000000,50.000000,-180.000000,50.000000,-180.000000,50.000000,-180.000000,50.000000,-180.000000,0,7,true,0
436,2026-09-07T04:58:47.54Z,pmu-1,1,1788757127,540000,2026-09-07T04:58:35.4205084Z,-12119.492,59.995617,-0.004383,0.000091,0.000000,0.000000,0.000000,1.000000,74.020393,-7.641272,74.009567,-8.739284,74.016571,-6.434634,73.984123,-8.427618,0,3,true,0
437,2026-09-07T04:58:47.4Z,pmu-4,1,1788757127,400000,2026-09-07T04:58:35.4205084Z,-11979.492,60.004932,0.004932,0.000113,0.000000,0.000000,0.000000,1.000000,53.001667,-158.522141,53.003651,-158.420944,53.000919,-158.273254,52.993298,-158.267380,0,8,true,0
438,2026-09-07T04:58:46.78Z,pmu-2,1,1788757126,780000,2026-09-07T04:58:35.4205084Z,-11359.492,60.003094,0.003094,0.000221,0.000000,0.000000,0.000000,1.000000,58.997433,-115.157631,58.998177,-114.763901,58.983482,-115.239578,59.001328,-115.592743,0,1,true,0
439,2026-09-07T04:58:46.68Z,pmu-3,1,1788757126,680000,2026-09-07T04:58:35.4205084Z,-11259.492,59.993721,-0.006279,-0.000053,0.000000,0.000000,0.000000,1.000000,62.011284,-92.867935,62.004223,-94.499504,61.977242,-94.580109,61.991417,-94.946693,0,12,true,0
440,2026-09-07T04:58:46.7Z,pmu-3,1,1788757126,700000,2026-09-07T04:58:35.4211134Z,-11278.887,59.993587,-0.006413,-0.000003,0.000000,0.000000,0.000000,1.000000,65.004082,-70.797127,65.003418,-72.650352,64.983864,-73.413109,65.000420,-73.211372,0,13,true,0
441,2026-09-07T04:58:46.8Z,pmu-2,1,1788757126,800000,2026-09-07T04:58:35.4211134Z,-11378.887,59.999805,-0.000195,-0.000066,0.000000,0.000000,0.000000,1.000000,62.006676,-93.337151,61.998341,-93.158142,61.979271,-93.666245,61.995564,-94.400040,0,2,true,0
442,2026-09-07T04:58:47.56Z,pmu-1,1,1788757127,560000,2026-09-07T04:58:35.4211134Z,-12138.887,60.009750,0.009750,0.000283,0.000000,0.000000,0.000000,1.000000,77.019730,14.416735,77.018829,13.212304,77.008415,15.607216,76.985138,12.954001,0,4,true,0
443,2026-09-07T04:58:47.58Z,pmu-1,1,1788757127,580000,2026-09-07T04:58:35.4710858Z,-12108.914,60.008144,0.008144,-0.000032,0.000000,0.000000,0.000000,1.000000,80.010124,35.533272,80.021568,34.809769,80.009041,36.849613,79.983368,35.035931,0,5,true,0
444,2026-09-07T04:58:46.72Z,pmu-3,1,1788757126,720000,2026-09-07T04:58:35.4710858Z,-11248.914,59.994644,-0.005356,0.000021,0.000000,0.000000,0.000000,1.000000,68.012230,-49.716301,67.998749,-50.521004,67.993576,-51.922546,68.007431,-51.149761,0,14,true,0
445,2026-09-07T04:58:46.92Z,pmu-5,1,1788757126,920000,2026-09-07T04:58:35.4710858Z,-11448.914,59.999329,-0.000671,-0.000091,0.000000,0.000000,0.000000,1.000000,76.988388,14.275965,76.971695,14.091784,77.009552,13.292913,77.017853,15.214924,0,0,true,0
446,2026-09-07T04:58:46.82Z,pmu-2,1,1788757126,820000,2026-09-07T04:58:35.4710858Z,-11348.914,60.006191,0.006191,0.000128,0.000000,0.000000,0.000000,1.000000,65.013000,-71.348389,64.988815,-72.058716,64.979797,-71.607147,64.997566,-72.578331,0,3,true,0
447,2026-09-07T04:58:47.6Z,pmu-1,1,1788757127,600000,2026-09-07T04:58:35.4710858Z,-12128.914,60.004879,0.004879,-0.000065,0.000000,0.000000,0.000000,1.000000,83.019272,57.219635,83.025490,56.488125,83.010895,58.947941,82.985649,56.754398,0,6,true,0
448,2026-09-07T04:58:47.42Z,pmu-4,1,1788757127,420000,2026-09-07T04:58:35.4710858Z,-11948.914,59.996349,-0.003651,-0.000172,0.000000,0.000000,0.000000,1.000000,56.001793,-136.732025,55.996708,-137.089676,56.003780,-137.167419,55.998337,-136.338287,0,9,true,0
449,2026-09-07T04:58:46.74Z,pmu-3,1,1788757126,740000,2026-09-07T04:58:35.4710858Z,-11268.914,60.008408,0.008408,0.000275,0.000000,0.000000,0.000000,1.000000,71.012062,-28.470966,71.003479,-28.478630,70.996033,-29.907066,70.999062,-29.804964,0,15,true,0
450,2026-09-07T04:58:47.44Z,pmu-4,1,1788757127,440000,2026-09-07T04:58:35.4710858Z,-11968.914,59.990616,-0.009384,-0.000115,0.000000,0.000000,0.000000,1.000000,59.008778,-115.090218,59.002052,-115.146103,58.996067,-115.150757,58.990780,-115.111870,0,10,true,0
451,2026-09-07T04:58:46.84Z,pmu-2,1,1788757126,840000,2026-09-07T04:58:35.4710858Z,-11368.914,60.000053,0.000053,-0.000123,0.000000,0.000000,0.000000,1.000000,68.004135,-49.831882,67.986641,-50.918083,67.978539,-49.955269,67.995262,-51.479530,0,4,true,0
452,2026-09-07T04:58:46.94Z,pmu-5,1,1788757126,940000,2026-09-07T04:58:35.4710858Z,-11468.914,60.003757,0.003757,0.000089,0.000000,0.000000,0.000000,1.000000,79.989311,35.799080,79.967117,35.196358,80.011848,35.390751,80.027046,36.614799,0,1,true,0
453,2026-09-07T04:58:46.96Z,pmu-5,1,1788757126,960000,2026-09-07T04:58:35.5173894Z,-11442.611,59.998997,-0.001003,-0.000095,0.000000,0.000000,0.000000,1.000000,82.984978,57.899090,82.965324,56.470650,83.015083,57.128941,83.020699,57.933083,0,2,true,0
454,2026-09-07T04:58:46.86Z,pmu-2,1,1788757126,860000,2026-09-07T04:58:35.5173894Z,-11342.611,60.001034,0.001034,0.000020,0.000000,0.000000,0.000000,1.000000,71.007240,-27.712011,70.977631,-29.204372,70.986801,-28.152275,70.998260,-30.384220,0,5,true,0
455,2026-09-07T04:58:47.62Z,pmu-1,1,1788757127,620000,2026-09-07T04:58:35.5173894Z,-12102.611,59.996201,-0.003799,-0.000174,0.000000,0.000000,0.000000,1.000000,86.011322,78.621437,86.028069,78.020821,86.007004,80.710648,85.990776,77.852539,0,7,true,0
456,2026-09-07T04:58:47.46Z,pmu-4,1,1788757127,460000,2026-09-07T04:58:35.5173894Z,-11942.611,60.000301,0.000301,0.000194,0.000000,0.000000,0.000000,1.000000,62.002956,-93.081520,62.000660,-94.079262,62.001568,-93.112862,61.981159,-93.075615,0,11,true,0
457,2026-09-07T04:58:46.76Z,pmu-3,1,1788757126,760000,2026-09-07T04:58:35.5173894Z,-11242.611,60.001900,0.001900,-0.000130,0.000000,0.000000,0.000000,1.000000,74.004066,-7.272247,74.010765,-7.412978,73.994545,-8.284176,74.005203,-8.434081,0,0,true,0
458,2026-09-07T04:58:46.98Z,pmu-5,1,1788757126,980000,2026-09-07T04:58:35.5626081Z,-11417.392,60.004002,0.004002,0.000100,0.000000,0.000000,0.000000,1.000000,85.993896,79.408951,85.966705,78.429268,86.011505,79.128792,86.011322,78.977997,0,3,true,0
459,2026-09-07T04:58:48Z,pmu-5,1,1788757128,0,2026-09-07T04:58:35.5626081Z,-12437.392,59.994843,-0.005157,-0.000183,0.000000,0.000000,0.000000,1.000000,88.987808,101.384705,88.972954,99.846352,89.011024,100.772385,89.007401,100.168007,0,4,true,0
460,2026-09-07T04:58:47.48Z,pmu-4,1,1788757127,480000,2026-09-07T04:58:35.5626081Z,-11917.392,60.000385,0.000385,0.000002,0.000000,0.000000,0.000000,1.000000,65.003166,-70.956955,65.008560,-72.108093,65.008118,-71.286751,64.987595,-71.384918,0,12,true,0
461,2026-09-07T04:58:47.64Z,pmu-1,1,1788757127,640000,2026-09-07T04:58:35.5626081Z,-12077.392,59.997833,-0.002167,0.000033,0.000000,0.000000,0.000000,1.000000,89.010941,100.423553,89.034569,99.282280,89.001404,102.786659,88.997421,99.456856,0,8,true,0
462,2026-09-07T04:58:46.88Z,pmu-2,1,1788757126,880000,2026-09-07T04:58:35.5626081Z,-11317.392,60.007893,0.007893,0.000137,0.000000,0.000000,0.000000,1.000000,73.998886,-6.393969,73.981499,-7.362491,73.984261,-7.098654,73.994217,-8.393639,0,6,true,0
463,2026-09-07T04:58:46.78Z,pmu-3,1,1788757126,780000,2026-09-07T04:58:35.5626081Z,-11217.392,60.004028,0.004028,0.000043,0.000000,0.000000,0.000000,1.000000,77.011444,14.155187,77.010468,13.729891,76.991486,12.878696,77.011398,13.521354,0,1,true,0
464,2026-09-07T04:58:48.02Z,pmu-5,1,1788757128,20000,2026-09-07T04:58:35.5626081Z,-12457.392,60.007965,0.007965,0.000262,0.000000,0.000000,0.000000,1.000000,91.990974,122.791092,91.969719,120.953262,92.016167,122.607101,92.000137,122.230453,0,5,true,0
465,2026-09-07T04:58:47.66Z,pmu-1,1,1788757127,660000,2026-09-07T04:58:35.5626081Z,-12097.392,59.996155,-0.003845,-0.000034,0.000000,0.000000,0.000000,1.000000,92.019608,122.008392,92.026619,120.743004,91.999893,124.510239,91.997856,120.730522,0,9,true,0
466,2026-09-07T04:58:47.5Z,pmu-4,1,1788757127,500000,2026-09-07T04:58:35.5626081Z,-11937.392,60.000900,0.000900,0.000010,0.000000,0.000000,0.000000,1.000000,68.003311,-49.068352,68.014481,-50.312614,68.015533,-50.200050,67.994736,-49.626759,0,13,true,0
467,2026-09-07T04:58:46.9Z,pmu-2,1,1788757126,900000,2026-09-07T04:58:35.5626081Z,-11337.392,59.990536,-0.009464,-0.000347,0.000000,0.000000,0.000000,1.000000,77.002426,15.096377,76.991226,14.638372,76.983025,14.993798,77.003181,13.646603,0,7,true,0
468,2026-09-07T04:58:46.8Z,pmu-3,1,1788757126,800000,2026-09-07T04:58:35.5632943Z,-11236.706,60.007301,0.007301,0.000065,0.000000,0.000000,0.000000,1.000000,80.007034,35.839275,80.001175,35.356453,79.984383,34.087173,80.007629,35.416218,0,2,true,0
469,2026-09-07T04:58:48.04Z,pmu-5,1,1788757128,40000,2026-09-07T04:58:35.6169042Z,-12423.096,59.997517,-0.002483,-0.000209,0.000000,0.000000,0.000000,1.000000,94.989937,144.633011,94.976082,142.638046,95.014709,143.842651,95.002960,143.998230,0,6,true,0
470,2026-09-07T04:58:48.06Z,pmu-5,1,1788757128,60000,2026-09-07T04:58:35.6169042Z,-12443.096,59.999149,-0.000851,0.000033,0.000000,0.000000,0.000000,1.000000,97.997795,166.023331,97.967918,164.556870,98.005676,165.087891,98.010284,165.415802,0,7,true,0
471,2026-09-07T04:58:47.68Z,pmu-1,1,1788757127,680000,2026-09-07T04:58:35.6169042Z,-12063.096,59.999115,-0.000885,0.000059,0.000000,0.000000,0.000000,1.000000,95.010849,144.073151,95.017693,142.550537,94.994347,146.374512,94.998962,142.884277,0,10,true,0
472,2026-09-07T04:58:46.92Z,pmu-2,1,1788757126,920000,2026-09-07T04:58:35.6169042Z,-11303.096,60.006966,0.006966,0.000329,0.000000,0.000000,0.000000,1.000000,80.009369,36.689224,79.995621,35.730007,79.975960,37.075306,79.993591,35.463795,0,8,true,0
473,2026-09-07T04:58:47.52Z,pmu-4,1,1788757127,520000,2026-09-07T04:58:35.6169042Z,-11903.096,60.003159,0.003159,0.000045,0.000000,0.000000,0.000000,1.000000,70.996025,-27.008913,71.013290,-28.423346,71.015282,-28.945095,70.992195,-28.348864,0,14,true,0
474,2026-09-07T04:58:46.82Z,pmu-3,1,1788757126,820000,2026-09-07T04:58:35.6169042Z,-11203.096,59.994812,-0.005188,-0.000250,0.000000,0.000000,0.000000,1.000000,83.007629,57.287552,82.997551,56.771889,82.994148,56.107201,83.012100,56.504948,0,3,true,0
475,2026-09-07T04:58:46.94Z,pmu-2,1,1788757126,940000,2026-09-07T04:58:35.6169042Z,-11323.096,59.990627,-0.009373,-0.000327,0.000000,0.000000,0.000000,1.000000,83.008163,58.377655,82.995056,57.595596,82.974121,58.548588,82.988686,56.675137,0,9,true,0
476,2026-09-07T04:58:46.84Z,pmu-3,1,1788757126,840000,2026-09-07T04:58:35.6169042Z,-11223.096,60.002251,0.002251,0.000149,0.000000,0.000000,0.000000,1.000000,86.002266,78.827873,85.989563,78.529839,85.987038,77.902435,86.021233,77.758186,0,4,true,0
477,2026-09-07T04:58:47.7Z,pmu-1,1,1788757127,700000,2026-09-07T04:58:35.6169042Z,-12083.096,60.006989,0.006989,0.000157,0.000000,0.000000,0.000000,1.000000,98.008888,165.480515,98.015747,163.721603,97.995834,168.324875,98.006195,164.385956,0,11,true,0
478,2026-09-07T04:58:47.54Z,pmu-4,1,1788757127,540000,2026-09-07T04:58:35.6174161Z,-11922.584,59.995800,-0.004200,-0.000147,0.000000,0.000000,0.000000,1.000000,73.987259,-5.402529,74.013916,-6.961290,74.014229,-7.081985,73.987076,-6.326424,0,15,true,0
479,2026-09-07T04:58:46.86Z,pmu-3,1,1788757126,860000,2026-09-07T04:58:35.6615899Z,-11198.410,60.009701,0.009701,0.000149,0.000000,0.000000,0.000000,1.000000,89.010414,100.369774,88.981377,99.753319,88.995522,99.450096,89.014938,99.812592,0,5,true,0
480,2026-09-07T04:58:47.72Z,pmu-1,1,1788757127,720000,2026-09-07T04:58:35.6622597Z,-12057.740,60.003075,0.003075,-0.000078,0.000000,0.000000,0.000000,1.000000,50.000000,-180.000000,50.000000,-180.000000,50.000000,-180.000000,50.000000,-180.000000,0,12,true,0
481,2026-09-07T04:58:48.08Z,pmu-5,1,1788757128,80000,2026-09-07T04:58:35.6622597Z,-12417.740,59.992908,-0.007092,-0.000125,0.000000,0.000000,0.000000,1.000000,50.000000,-180.000000,50.000000,-180.000000,50.000000,-180.000000,50.000000,-180.000000,0,8,true,0
482,2026-09-07T04:58:47.56Z,pmu-4,1,1788757127,560000,2026-09-07T04:58:35.6622597Z,-11897.740,59.990410,-0.009590,-0.000108,0.000000,0.000000,0.000000,1.000000,76.979706,16.489851,77.014069,14.307652,77.012909,14.378600,76.993248,15.723085,0,0,true,0
483,2026-09-07T04:58:46.96Z,pmu-2,1,1788757126,960000,2026-09-07T04:58:35.6622597Z,-11297.740,59.991558,-0.008442,0.000019,0.000000,0.000000,0.000000,1.000000,86.014999,80.433418,86.004074,79.293671,85.976746,79.964760,85.986336,78.730659,0,10,true,0
484,2026-09-07T04:58:46.88Z,pmu-3,1,1788757126,880000,2026-09-07T04:58:35.7040803Z,-11175.920,60.008419,0.008419,-0.000026,0.000000,0.000000,0.000000,1.000000,92.017052,121.716705,91.979233,121.759361,91.994308,120.726448,92.007278,121.737251,0,6,true,0
485,2026-09-07T04:58:47.74Z,pmu-1,1,1788757127,740000,2026-09-07T04:58:35.7040803Z,-12035.920,59.991280,-0.008720,-0.000236,0.000000,0.000000,0.000000,1.000000,53.006500,-158.330322,52.993313,-158.809402,52.994823,-158.047729,52.994106,-158.038376,0,13,true,0
486,2026-09-07T04:58:48.1Z,pmu-5,1,1788757128,100000,2026-09-07T04:58:35.7040803Z,-12395.920,60.006123,0.006123,0.000264,0.000000,0.000000,0.000000,1.000000,52.993908,-158.243729,52.999321,-158.027817,52.995342,-158.459122,52.997684,-157.962524,0,9,true,0
487,2026-09-07T04:58:47.58Z,pmu-4,1,1788757127,580000,2026-09-07T04:58:35.7040803Z,-11875.920,60.004562,0.004562,0.000283,0.000000,0.000000,0.000000,1.000000,79.977654,37.868431,80.021980,35.354000,80.003235,35.566582,79.994965,36.932926,0,1,true,0
488,2026-09-07T04:58:46.98Z,pmu-2,1,1788757126,980000,2026-09-07T04:58:35.7040803Z,-11275.920,59.999557,-0.000443,0.000160,0.000000,0.000000,0.000000,1.000000,89.019501,102.160942,89.010483,100.394058,88.976784,102.089561,88.992104,100.711136,0,11,true,0
489,2026-09-07T04:58:48Z,pmu-2,1,1788757128,0,2026-09-07T04:58:35.7040803Z,-12295.920,59.996681,-0.003319,-0.000058,0.000000,0.000000,0.000000,1.000000,92.023300,124.178764,92.016998,122.314209,91.969589,123.268456,91.991707,122.439430,0,12,true,0
490,2026-09-07T04:58:48.12Z,pmu-5,1,1788757128,120000,2026-09-07T04:58:35.7513099Z,-12368.690,59.990669,-0.009331,-0.000309,0.000000,0.000000,0.000000,1.000000,55.985931,-136.142654,56.003601,-136.047897,55.986217,-136.469345,56.000172,-136.698441,0,10,true,0
491,2026-09-07T04:58:46.9Z,pmu-3,1,1788757126,900000,2026-09-07T04:58:35.7513099Z,-11148.690,59.996548,-0.003452,-0.000237,0.000000,0.000000,0.000000,1.000000,95.009613,143.343445,94.971008,143.427261,94.997719,141.886520,95.010757,143.216125,0,7,true,0
492,2026-09-07T04:58:47.6Z,pmu-4,1,1788757127,600000,2026-09-07T04:58:35.7513099Z,-11848.690,59.992176,-0.007824,-0.000248,0.000000,0.000000,0.000000,1.000000,82.977158,59.419277,83.026443,56.564327,83.003670,57.052135,82.993271,58.546406,0,2,true,0
493,2026-09-07T04:58:48.02Z,pmu-2,1,1788757128,20000,2026-09-07T04:58:35.7513099Z,-12268.690,60.008373,0.008373,0.000234,0.000000,0.000000,0.000000,1.000000,95.014244,146.021744,95.022995,144.358612,94.965454,144.493362,94.988197,144.245331,0,13,true,0
494,2026-09-07T04:58:47.76Z,pmu-1,1,1788757127,760000,2026-09-07T04:58:35.7513099Z,-12008.690,60.007080,0.007080,0.000316,0.000000,0.000000,0.000000,1.000000,56.005260,-136.485123,56.000061,-137.588928,55.997704,-136.864777,55.990368,-136.606476,0,14,true,0
495,2026-09-07T04:58:48.14Z,pmu-5,1,1788757128,140000,2026-09-07T04:58:35.7513099Z,-12388.690,59.999699,-0.000301,0.000181,0.000000,0.000000,0.000000,1.000000,58.989235,-114.829361,58.996338,-114.058548,58.981453,-114.843193,59.000854,-114.750237,0,11,true,0
496,2026-09-07T04:58:48.04Z,pmu-2,1,1788757128,40000,2026-09-07T04:58:35.7513099Z,-12288.690,60.004833,0.004833,-0.000071,0.000000,0.000000,0.000000,1.000000,98.005928,167.545303,98.018005,166.501251,97.963455,165.773773,97.985222,165.356583,0,14,true,0
497,2026-09-07T04:58:47.62Z,pmu-4,1,1788757127,620000,2026-09-07T04:58:35.7513099Z,-11868.690,60.002541,0.002541,0.000207,0.000000,0.000000,0.000000,1.000000,85.981934,81.305191,86.022758,78.381035,86.004341,78.990433,85.999809,79.587791,0,3,true,0
498,2026-09-07T04:58:46.92Z,pmu-3,1,1788757126,920000,2026-09-07T04:58:35.7513099Z,-11168.690,59.993538,-0.006462,-0.000060,0.000000,0.000000,0.000000,1.000000,98.013535,165.082611,97.975044,164.773239,97.993835,163.603653,98.001076,164.908264,0,8,true,0
499,2026-09-07T04:58:47.78Z,pmu-1,1,1788757127,780000,2026-09-07T04:58:35.7513099Z,-12028.690,60.001518,0.001518,-0.000111,0.000000,0.000000,0.000000,1.000000,59.007072,-115.415703,59.008614,-116.326111,58.994274,-115.769531,58.999443,-114.565224,0,15,true,0
500,2026-09-07T04:58:48.16Z,pmu-5,1,1788757128,160000,2026-09-07T04:58:35.8040613Z,-12355.939,60.007168,0.007168,0.000149,0.000000,0.000000,0.000000,1.000000,61.989040,-93.537720,62.002865,-92.397293,61.973522,-93.405479,62.003864,-92.995575,0,12,true,0
501,2026-09-07T04:58:48.18Z,pmu-5,1,1788757128,180000,2026-09-07T04:58:35.8040613Z,-12375.939,60.003033,0.003033,-0.000083,0.000000,0.000000,0.000000,1.000000,64.987846,-71.707970,65.007088,-70.584923,64.971458,-71.618431,65.003990,-71.058144,0,13,true,0
502,2026-09-07T04:58:46.94Z,pmu-3,1,1788757126,940000,2026-09-07T04:58:35.8040613Z,-11135.939,59.999733,-0.000267,0.000124,0.000000,0.000000,0.000000,1.000000,50.000000,-180.000000,50.000000,-180.000000,50.000000,-180.000000,50.000000,-180.000000,0,9,true,0
503,2026-09-07T04:58:46.96Z,pmu-3,1,1788757126,960000,2026-09-07T04:58:35.8040613Z,-11155.939,60.009220,0.009220,0.000190,0.000000,0.000000,0.000000,1.000000,53.001858,-158.732040,53.001839,-158.266983,53.008198,-158.770416,53.002831,-158.827194,0,10,true,0
504,2026-09-07T04:58:47.8Z,pmu-1,1,1788757127,800000,2026-09-07T04:58:35.8040613Z,-11995.939,59.997059,-0.002941,-0.000089,0.000000,0.000000,0.000000,1.000000,62.008781,-93.680168,62.015015,-94.285767,61.995029,-93.827499,62.000206,-92.735756,0,0,true,0
505,2026-09-07T04:58:47.82Z,pmu-1,1,1788757127,820000,2026-09-07T04:58:35.8040613Z,-12015.939,59.996838,-0.003162,-0.000004,0.000000,0.000000,0.000000,1.000000,65.010254,-72.278618,65.006577,-73.097122,64.998459,-72.448990,64.999069,-71.564735,0,1,true,0
506,2026-09-07T04:58:48.06Z,pmu-2,1,1788757128,60000,2026-09-07T04:58:35.8040613Z,-12255.939,60.008705,0.008705,0.000077,0.000000,0.000000,0.000000,1.000000,50.000000,-180.000000,50.000000,-180.000000,50.000000,-180.000000,50.000000,-180.000000,0,15,true,0
507,2026-09-07T04:58:47.64Z,pmu-4,1,1788757127,640000,2026-09-07T04:58:35.8040613Z,-11835.939,59.992905,-0.007095,-0.000193,0.000000,0.000000,0.000000,1.000000,88.973976,103.249123,89.017181,99.646690,89.007050,100.226814,89.003380,100.834488,0,4,true,0
508,2026-09-07T04:58:48.08Z,pmu-2,1,1788757128,80000,2026-09-07T04:58:35.8040613Z,-12275.939,59.996983,-0.003017,-0.000234,0.000000,0.000000,0.000000,1.000000,53.001774,-158.248108,52.995266,-158.755310,52.998150,-158.152496,52.992931,-158.880280,0,0,true,0
509,2026-09-07T04:58:47.66Z,pmu-4,1,1788757127,660000,2026-09-07T04:58:35.8040613Z,-11855.939,59.991188,-0.008812,-0.000034,0.000000,0.000000,0.000000,1.000000,91.974266,124.599617,92.012100,121.773560,91.999344,121.825150,91.999512,122.529724,0,5,true,0
510,2026-09-07T04:58:48.1Z,pmu-2,1,1788757128,100000,2026-09-07T04:58:35.8608214Z,-12239.179,59.996033,-0.003967,-0.000019,0.000000,0.000000,0.000000,1.000000,56.000038,-136.906738,55.992680,-137.466888,55.991764,-136.158569,55.987404,-137.360931,0,1,true,0
511,2026-09-07T04:58:48.2Z,pmu-5,1,1788757128,200000,2026-09-07T04:58:35.8608214Z,-12339.179,59.995972,-0.004028,-0.000141,0.000000,0.000000,0.000000,1.000000,67.989708,-49.998772,68.000633,-49.332664,67.972397,-49.470478,68.008209,-49.109566,0,14,true,0
512,2026-09-07T04:58:47.68Z,pmu-4,1,1788757127,680000,2026-09-07T04:58:35.8608214Z,-11819.179,59.990402,-0.009598,-0.000016,0.000000,0.000000,0.000000,1.000000,94.975800,146.271606,95.017303,143.072708,94.996590,143.112213,94.991692,144.306976,0,6,true,0
513,2026-09-07T04:58:46.98Z,pmu-3,1,1788757126,980000,2026-09-07T04:58:35.8608214Z,-11119.179,59.996342,-0.003658,-0.000258,0.000000,0.000000,0.000000,1.000000,56.009190,-136.708267,56.010426,-136.253906,56.010632,-137.654861,56.007088,-137.726822,0,11,true,0
514,2026-09-07T04:58:47.84Z,pmu-1,1,1788757127,840000,2026-09-07T04:58:35.8618159Z,-11978.184,60.005878,0.005878,0.000181,0.000000,0.000000,0.000000,1.000000,68.000977,-50.196865,68.011757,-51.258282,67.996727,-51.318085,68.003319,-49.649483,0,2,true,0
515,2026-09-07T04:58:48.22Z,pmu-5,1,1788757128,220000,2026-09-07T04:58:35.8618159Z,-12358.184,60.007717,0.007717,0.000235,0.000000,0.000000,0.000000,1.000000,70.992012,-28.345142,70.991425,-28.297262,70.962433,-27.467169,71.014862,-27.812822,0,15,true,0
516,2026-09-07T04:58:47.86Z,pmu-1,1,1788757127,860000,2026-09-07T04:58:35.8618159Z,-11998.184,60.004364,0.004364,-0.000030,0.000000,0.000000,0.000000,1.000000,71.003479,-28.765375,71.013313,-30.118317,70.998367,-29.419514,71.012268,-27.717512,0,3,true,0
517,2026-09-07T04:58:48.12Z,pmu-2,1,1788757128,120000,2026-09-07T04:58:35.8618159Z,-12258.184,60.004997,0.004997,0.000179,0.000000,0.000000,0.000000,1.000000,59.007179,-115.528549,58.994423,-115.846130,58.986233,-114.606316,58.993889,-115.924690,0,2,true,0
518,2026-09-07T04:58:47.7Z,pmu-4,1,1788757127,700000,2026-09-07T04:58:35.8618159Z,-11838.184,59.994820,-0.005180,0.000088,0.000000,0.000000,0.000000,1.000000,97.967903,168.181747,98.016037,164.285034,97.993515,165.178513,97.993935,165.358810,0,7,true,0
519,2026-09-07T04:58:48Z,pmu-3,1,1788757128,0,2026-09-07T04:58:35.8618159Z,-12138.184,60.009743,0.009743,0.000268,0.000000,0.000000,0.000000,1.000000,59.008446,-114.858345,59.013828,-114.935593,59.003445,-116.510201,59.006527,-115.779915,0,12,true,0
520,2026-09-07T04:58:48.02Z,pmu-3,1,1788757128,20000,2026-09-07T04:58:35.8618159Z,-12158.184,59.998844,-0.001156,-0.000218,0.000000,0.000000,0.000000,1.000000,62.010098,-93.215912,62.010368,-93.507217,62.000168,-94.991905,62.001434,-94.104294,0,13,true,0
521,2026-09-07T04:58:48.14Z,pmu-2,1,1788757128,140000,2026-09-07T04:58:35.9147841Z,-12225.216,60.000748,0.000748,-0.000085,0.000000,0.000000,0.000000,1.000000,62.006126,-93.988960,61.996078,-94.047371,61.979324,-93.200562,61.994751,-94.107422,0,3,true,0
522,2026-09-07T04:58:47.72Z,pmu-4,1,1788757127,720000,2026-09-07T04:58:35.9147841Z,-11805.216,59.991253,-0.008747,-0.000071,0.000000,0.000000,0.000000,1.000000,50.000000,-180.000000,50.000000,-180.000000,50.000000,-180.000000,50.000000,-180.000000,0,8,true,0
523,2026-09-07T04:58:47.88Z,pmu-1,1,1788757127,880000,2026-09-07T04:58:35.9152574Z,-11964.743,60.004280,0.004280,-0.000002,0.000000,0.000000,0.000000,1.000000,74.002823,-7.253626,74.021339,-8.043803,73.993866,-8.166450,74.011909,-6.195935,0,4,true,0
524,2026-09-07T04:58:48.24Z,pmu-5,1,1788757128,240000,2026-09-07T04:58:35.9152574Z,-12324.743,59.992847,-0.007153,-0.000297,0.000000,0.000000,0.000000,1.000000,74.000839,-6.361694,73.992310,-6.273492,73.960014,-5.474908,74.008301,-6.518771,0,0,true,0
525,2026-09-07T04:58:48.04Z,pmu-3,1,1788757128,40000,2026-09-07T04:58:35.9152574Z,-12124.743,60.008350,0.008350,0.000190,0.000000,0.000000,0.000000,1.000000,65.014702,-71.197311,65.007561,-71.857994,64.992836,-73.661453,65.002838,-73.012451,0,14,true,0
526,2026-09-07T04:58:47.9Z,pmu-1,1,1788757127,900000,2026-09-07T04:58:35.966873Z,-11933.127,60.008236,0.008236,0.000079,0.000000,0.000000,0.000000,1.000000,77.002792,14.718421,77.015457,13.949366,77.000587,13.487111,77.012337,15.867981,0,5,true,0
527,2026-09-07T04:58:47.74Z,pmu-4,1,1788757127,740000,2026-09-07T04:58:35.966873Z,-11773.127,60.002190,0.002190,0.000219,0.000000,0.000000,0.000000,1.000000,52.993595,-157.950073,53.008312,-158.209778,52.990459,-157.927216,52.993698,-157.941605,0,9,true,0
528,2026-09-07T04:58:48.16Z,pmu-2,1,1788757128,160000,2026-09-07T04:58:35.966873Z,-12193.127,60.000671,0.000671,-0.000002,0.000000,0.000000,0.000000,1.000000,65.001343,-72.754189,64.999420,-72.997871,64.974930,-71.047821,64.990082,-72.083939,0,4,true,0
529,2026-09-07T04:58:48.26Z,pmu-5,1,1788757128,260000,2026-09-07T04:58:35.966873Z,-12293.127,60.005917,0.005917,0.000261,0.000000,0.000000,0.000000,1.000000,76.999947,15.235666,77.000465,15.617699,76.964973,16.282516,77.007027,15.293070,0,1,true,0
530,2026-09-07T04:58:48.06Z,pmu-3,1,1788757128,60000,2026-09-07T04:58:35.966873Z,-12093.127,59.991997,-0.008003,-0.000327,0.000000,0.000000,0.000000,1.000000,68.006851,-49.825027,68.008781,-50.609898,67.992371,-52.558208,68.006592,-51.884090,0,15,true,0
531,2026-09-07T04:58:48.18Z,pmu-2,1,1788757128,180000,2026-09-07T04:58:35.966873Z,-12213.127,59.993259,-0.006741,-0.000148,0.000000,0.000000,0.000000,1.000000,68.003731,-51.634300,67.994614,-51.793415,67.967834,-49.970802,67.996155,-51.013950,0,5,true,0
532,2026-09-07T04:58:47.76Z,pmu-4,1,1788757127,760000,2026-09-07T04:58:35.966873Z,-11793.127,60.006863,0.006863,0.000093,0.000000,0.000000,0.000000,1.000000,55.987305,-135.823730,56.015839,-136.296799,55.999130,-135.792374,55.992794,-136.330582,0,10,true,0
533,2026-09-07T04:58:48.08Z,pmu-3,1,1788757128,80000,2026-09-07T04:58:35.966873Z,-12113.127,59.998917,-0.001083,0.000138,0.000000,0.000000,0.000000,1.000000,71.015503,-28.171923,71.018677,-28.909929,71.000595,-31.193792,71.009323,-30.306387,0,0,true,0
534,2026-09-07T04:58:48.28Z,pmu-5,1,1788757128,280000,2026-09-07T04:58:35.966873Z,-12313.127,60.006741,0.006741,0.000016,0.000000,0.000000,0.000000,1.000000,79.993111,36.553638,79.993126,36.880520,79.964432,37.422413,80.009781,36.620415,0,2,true,0
535,2026-09-07T04:58:47.92Z,pmu-1,1,1788757127,920000,2026-09-07T04:58:35.9671752Z,-11952.825,60.002922,0.002922,-0.000106,0.000000,0.000000,0.000000,1.000000,80.001984,36.439369,80.014778,36.020664,79.995598,35.128887,80.015579,37.307514,0,6,true,0
536,2026-09-07T04:58:48.1Z,pmu-3,1,1788757128,100000,2026-09-07T04:58:36.0176851Z,-12082.315,59.996231,-0.003769,-0.000054,0.000000,0.000000,0.000000,1.000000,74.022278,-6.895672,74.026756,-6.812650,74.009354,-9.821719,74.001968,-9.255667,0,1,true,0
537,2026-09-07T04:58:47.78Z,pmu-4,1,1788757127,780000,2026-09-07T04:58:36.0176851Z,-11762.315,60.001579,0.001579,-0.000106,0.000000,0.000000,0.000000,1.000000,58.981663,-114.431442,59.011272,-115.161552,59.006161,-113.666977,58.998840,-115.176414,0,11,true,0
538,2026-09-07T04:58:48.2Z,pmu-2,1,1788757128,200000,2026-09-07T04:58:36.0176851Z,-12182.315,60.000687,0.000687,0.000149,0.000000,0.000000,0.000000,1.000000,71.004593,-30.526964,70.985786,-30.433760,70.962997,-28.377882,70.998871,-29.532137,0,6,true,0
539,2026-09-07T04:58:48.12Z,pmu-3,1,1788757128,120000,2026-09-07T04:58:36.0176851Z,-12102.315,59.992981,-0.007019,-0.000065,0.000000,0.000000,0.000000,1.000000,77.021767,14.467657,77.036484,14.264157,77.013397,12.104200,77.010719,12.597546,0,2,true,0
540,2026-09-07T04:58:48.3Z,pmu-5,1,1788757128,300000,2026-09-07T04:58:36.0176851Z,-12282.315,59.997711,-0.002289,-0.000181,0.000000,0.000000,0.000000,1.000000,82.992447,57.947674,82.998657,58.356461,82.961197,59.445690,83.014656,57.933666,0,3,true,0
541,2026-09-07T04:58:47.94Z,pmu-1,1,1788757127,940000,2026-09-07T04:58:36.0176851Z,-11922.315,60.005470,0.005470,0.000051,0.000000,0.000000,0.000000,1.000000,82.999374,58.318813,83.012901,57.717762,82.990715,56.952091,83.018387,58.914665,0,7,true,0
542,2026-09-07T04:58:47.8Z,pmu-4,1,1788757127,800000,2026-09-07T04:58:36.0176851Z,-11782.315,60.003674,0.003674,0.000042,0.000000,0.000000,0.000000,1.000000,61.988297,-92.487793,62.006626,-93.241508,61.999744,-92.382751,61.991203,-94.008507,0,12,true,0
543,2026-09-07T04:58:48.32Z,pmu-5,1,1788757128,320000,2026-09-07T04:58:36.0176851Z,-12302.315,60.001369,0.001369,0.000073,0.000000,0.000000,0.000000,1.000000,86.001305,79.145760,85.991440,79.608444,85.970123,80.647316,86.007141,79.762856,0,4,true,0
544,2026-09-07T04:58:47.96Z,pmu-1,1,1788757127,960000,2026-09-07T04:58:36.0176851Z,-11942.315,60.006710,0.006710,0.000025,0.000000,0.000000,0.000000,1.000000,85.990677,79.989258,86.013596,79.061958,85.995079,79.064369,86.019768,81.013100,0,8,true,0
545,2026-09-07T04:58:48.22Z,pmu-2,1,1788757128,220000,2026-09-07T04:58:36.0176851Z,-12202.315,59.990383,-0.009617,-0.000206,0.000000,0.000000,0.000000,1.000000,74.001495,-9.077533,73.994286,-8.911588,73.968567,-6.613148,74.000572,-8.307959,0,7,true,0
546,2026-09-07T04:58:48.34Z,pmu-5,1,1788757128,340000,2026-09-07T04:58:36.0649653Z,-12275.035,60.001762,0.001762,0.000008,0.000000,0.000000,0.000000,1.000000,89.010086,100.665276,88.992950,101.257072,88.963539,101.810745,89.015602,101.280373,0,5,true,0
547,2026-09-07T04:58:48.14Z,pmu-3,1,1788757128,140000,2026-09-07T04:58:36.0649653Z,-12075.035,60.006351,0.006351,0.000267,0.000000,0.000000,0.000000,1.000000,80.024696,36.417427,80.039810,35.454903,80.004997,33.180309,80.005150,33.627804,0,3,true,0
548,2026-09-07T04:58:48.24Z,pmu-2,1,1788757128,240000,2026-09-07T04:58:36.0649653Z,-12175.035,59.994228,-0.005772,0.000077,0.000000,0.000000,0.000000,1.000000,77.007271,12.065022,76.996674,12.213936,76.975418,15.180649,77.003220,12.844771,0,8,true,0
549,2026-09-07T04:58:47.82Z,pmu-4,1,1788757127,820000,2026-09-07T04:58:36.0649653Z,-11755.035,59.998310,-0.001690,-0.000107,0.000000,0.000000,0.000000,1.000000,64.996948,-71.136772,65.001030,-71.902168,64.989998,-70.913712,64.994209,-72.031349,0,13,true,0
550,2026-09-07T04:58:47.98Z,pmu-1,1,1788757127,980000,2026-09-07T04:58:36.0649653Z,-11915.035,59.998524,-0.001476,-0.000164,0.000000,0.000000,0.000000,1.000000,89.000435,101.701187,89.013351,101.049149,88.998619,100.192795,89.014206,102.124008,0,9,true,0
551,2026-09-07T04:58:48Z,pmu-1,1,1788757128,0,2026-09-07T04:58:36.0649653Z,-11935.035,60.005878,0.005878,0.000147,0.000000,0.000000,0.000000,1.000000,91.995171,122.803947,92.006729,122.440254,92.002151,121.652267,92.018173,123.745529,0,10,true,0
552,2026-09-07T04:58:48.26Z,pmu-2,1,1788757128,260000,2026-09-07T04:58:36.1181896Z,-12141.810,60.005974,0.005974,0.000235,0.000000,0.000000,0.000000,1.000000,80.002975,33.142002,79.991821,34.117157,79.968033,36.654312,80.012878,34.533131,0,9,true,0
553,2026-09-07T04:58:47.84Z,pmu-4,1,1788757127,840000,2026-09-07T04:58:36.1189067Z,-11721.093,60.006321,0.006321,0.000160,0.000000,0.000000,0.000000,1.000000,68.000732,-49.165112,67.997452,-49.984959,67.992638,-49.616127,67.998268,-50.153137,0,14,true,0
554,2026-09-07T04:58:48.36Z,pmu-5,1,1788757128,360000,2026-09-07T04:58:36.1189067Z,-12241.093,59.991142,-0.008858,-0.000212,0.000000,0.000000,0.000000,1.000000,92.009537,122.008041,91.985085,122.671669,91.962212,123.942360,92.007172,123.338135,0,6,true,0
555,2026-09-07T04:58:48.16Z,pmu-3,1,1788757128,160000,2026-09-07T04:58:36.1189067Z,-12041.093,59.992634,-0.007366,-0.000274,0.000000,0.000000,0.000000,1.000000,83.022644,57.640171,83.035637,57.596390,83.008163,54.517162,83.005669,55.499725,0,4,true,0
556,2026-09-07T04:58:48.02Z,pmu-1,1,1788757128,20000,2026-09-07T04:58:36.1189067Z,-11901.093,60.007381,0.007381,0.000030,0.000000,0.000000,0.000000,1.000000,95.003052,144.638580,95.003746,144.110809,95.010391,142.963379,95.010117,145.572769,0,11,true,0
557,2026-09-07T04:58:47.86Z,pmu-4,1,1788757127,860000,2026-09-07T04:58:36.1189067Z,-11741.093,60.000797,0.000797,-0.000110,0.000000,0.000000,0.000000,1.000000,71.003883,-28.022699,70.993805,-28.867512,70.998131,-27.487371,71.006706,-28.558680,0,15,true,0
558,2026-09-07T04:58:48.28Z,pmu-2,1,1788757128,280000,2026-09-07T04:58:36.1189067Z,-12161.093,60.008381,0.008381,0.000048,0.000000,0.000000,0.000000,1.000000,83.004745,54.260742,82.995789,55.343117,82.970360,57.993229,83.021980,55.579441,0,10,true,0
559,2026-09-07T04:58:48.38Z,pmu-5,1,1788757128,380000,2026-09-07T04:58:36.1189067Z,-12261.093,59.993458,-0.006542,0.000046,0.000000,0.000000,0.000000,1.000000,95.006683,143.851578,94.992790,144.637466,94.959801,145.309952,95.006210,145.010925,0,7,true,0
560,2026-09-07T04:58:48.04Z,pmu-1,1,1788757128,40000,2026-09-07T04:58:36.1189067Z,-11921.093,59.990196,-0.009804,-0.000344,0.000000,0.000000,0.000000,1.000000,98.000145,166.599228,97.998085,165.756363,98.011444,164.242920,98.001358,167.725998,0,12,true,0
561,2026-09-07T04:58:48.18Z,pmu-3,1,1788757128,180000,2026-09-07T04:58:36.1189067Z,-12061.093,59.990879,-0.009121,-0.000035,0.000000,0.000000,0.000000,1.000000,86.024643,79.608131,86.045227,79.577110,86.012428,76.683342,86.004539,76.933319,0,5,true,0
562,2026-09-07T04:58:48.4Z,pmu-5,1,1788757128,400000,2026-09-07T04:58:36.1643433Z,-12235.657,59.997410,-0.002590,0.000079,0.000000,0.000000,0.000000,1.000000,98.001122,164.902924,97.998009,166.625275,97.965408,166.950470,98.003731,166.753723,0,8,true,0
563,2026-09-07T04:58:47.88Z,pmu-4,1,1788757127,880000,2026-09-07T04:58:36.1643433Z,-11715.657,59.991318,-0.008682,-0.000190,0.000000,0.000000,0.000000,1.000000,74.009087,-5.994663,73.989487,-7.513588,73.992851,-6.007517,74.006027,-6.416496,0,0,true,0
564,2026-09-07T04:58:48.2Z,pmu-3,1,1788757128,200000,2026-09-07T04:58:36.1643433Z,-12035.657,59.996445,-0.003555,0.000111,0.000000,0.000000,0.000000,1.000000,89.020515,101.149361,89.041695,100.703712,89.018265,98.027718,89.008751,98.279587,0,6,true,0
565,2026-09-07T04:58:48.06Z,pmu-1,1,1788757128,60000,2026-09-07T04:58:36.1643433Z,-11895.657,60.006569,0.006569,0.000327,0.000000,0.000000,0.000000,1.000000,50.000000,-180.000000,50.000000,-180.000000,50.000000,-180.000000,50.000000,-180.000000,0,13,true,0
566,2026-09-07T04:58:48.3Z,pmu-2,1,1788757128,300000,2026-09-07T04:58:36.1643433Z,-12135.657,60.006828,0.006828,-0.000031,0.000000,0.000000,0.000000,1.000000,86.007294,75.310799,86.005783,77.508492,85.965843,79.811821,86.020668,76.754349,0,11,true,0
567,2026-09-07T04:58:48.42Z,pmu-5,1,1788757128,420000,2026-09-07T04:58:36.2100056Z,-12209.994,60.005348,0.005348,0.000159,0.000000,0.000000,0.000000,1.000000,50.000000,-180.000000,50.000000,-180.000000,50.000000,-180.000000,50.000000,-180.000000,0,9,true,0
568,2026-09-07T04:58:48.44Z,pmu-5,1,1788757128,440000,2026-09-07T04:58:36.2100056Z,-12229.994,59.994633,-0.005367,-0.000214,0.000000,0.000000,0.000000,1.000000,53.001034,-157.831131,52.999485,-158.818588,52.997662,-158.191376,53.006195,-157.935913,0,10,true,0
569,2026-09-07T04:58:48.32Z,pmu-2,1,1788757128,320000,2026-09-07T04:58:36.2100056Z,-12109.994,59.993263,-0.006737,-0.000271,0.000000,0.000000,0.000000,1.000000,89.010590,97.411194,89.002037,98.747459,88.972244,100.999695,89.022079,98.006363,0,12,true,0
570,2026-09-07T04:58:47.9Z,pmu-4,1,1788757127,900000,2026-09-07T04:58:36.2100056Z,-11689.994,60.003357,0.003357,0.000241,0.000000,0.000000,0.000000,1.000000,77.013596,15.397694,76.988167,13.656280,76.983673,15.822371,76.997246,14.844892,0,1,true,0
571,2026-09-07T04:58:48.22Z,pmu-3,1,1788757128,220000,2026-09-07T04:58:36.2100056Z,-12009.994,60.000847,0.000847,0.000088,0.000000,0.000000,0.000000,1.000000,92.021149,122.619804,92.045868,122.706085,92.011177,119.062492,92.017601,119.922905,0,7,true,0
572,2026-09-07T04:58:48.08Z,pmu-1,1,1788757128,80000,2026-09-07T04:58:36.2100056Z,-11869.994,59.990376,-0.009624,-0.000324,0.000000,0.000000,0.000000,1.000000,53.008110,-158.470947,53.004684,-157.837143,52.996159,-158.427719,52.992664,-158.527328,0,14,true,0
573,2026-09-07T04:58:48.1Z,pmu-1,1,1788757128,100000,2026-09-07T04:58:36.2100056Z,-11889.994,59.992329,-0.007671,0.000039,0.000000,0.000000,0.000000,1.000000,56.003067,-136.509750,56.003666,-135.918503,56.004787,-137.118729,55.990013,-136.886566,0,15,true,0
574,2026-09-07T04:58:48.24Z,pmu-3,1,1788757128,240000,2026-09-07T04:58:36.2100056Z,-12029.994,59.995396,-0.004604,-0.000109,0.000000,0.000000,0.000000,1.000000,95.027061,144.246185,95.048767,143.876862,95.017891,140.159714,95.011665,141.004318,0,8,true,0
575,2026-09-07T04:58:48.34Z,pmu-2,1,1788757128,340000,2026-09-07T04:58:36.2100056Z,-12129.994,60.002323,0.002323,0.000181,0.000000,0.000000,0.000000,1.000000,92.009659,119.458038,92.004280,120.905632,91.963623,122.601120,92.018127,119.353119,0,13,true,0
576,2026-09-07T04:58:47.92Z,pmu-4,1,1788757127,920000,2026-09-07T04:58:36.2100056Z,-11709.994,59.998341,-0.001659,-0.000100,0.000000,0.000000,0.000000,1.000000,80.021240,36.840061,79.984566,34.909588,79.983940,37.178848,79.990547,36.175838,0,2,true,0
577,2026-09-07T04:58:48.46Z,pmu-5,1,1788757128,460000,2026-09-07T04:58:36.2554519Z,-12204.548,59.997753,-0.002247,0.000062,0.000000,0.000000,0.000000,1.000000,55.996307,-135.659958,56.005424,-137.552170,55.990326,-136.380905,56.013279,-135.943237,0,11,true,0
578,2026-09-07T04:58:48.12Z,pmu-1,1,1788757128,120000,2026-09-07T04:58:36.2554519Z,-11864.548,60.002075,0.002075,0.000195,0.000000,0.000000,0.000000,1.000000,59.007214,-114.531891,58.997829,-114.133972,59.007759,-116.013206,58.987194,-115.075493,0,0,true,0
579,2026-09-07T04:58:47.94Z,pmu-4,1,1788757127,940000,2026-09-07T04:58:36.2554519Z,-11684.548,60.008060,0.008060,0.000194,0.000000,0.000000,0.000000,1.000000,83.027191,58.256580,82.985672,56.250221,82.976379,59.191422,82.987114,57.460167,0,3,true,0
580,2026-09-07T04:58:48.36Z,pmu-2,1,1788757128,360000,2026-09-07T04:58:36.2554519Z,-12104.548,59.991684,-0.008316,-0.000213,0.000000,0.000000,0.000000,1.000000,95.005463,140.495468,94.994720,142.046509,94.965851,144.060120,95.013390,140.562424,0,14,true,0
581,2026-09-07T04:58:48.26Z,pmu-3,1,1788757128,260000,2026-09-07T04:58:36.2554519Z,-12004.548,59.995071,-0.004929,-0.000006,0.000000,0.000000,0.000000,1.000000,98.031181,165.709091,98.053185,165.236099,98.008904,161.268036,98.002647,162.968994,0,9,true,0
582,2026-09-07T04:58:48.28Z,pmu-3,1,1788757128,280000,2026-09-07T04:58:36.3030048Z,-11976.995,59.996780,-0.003220,0.000034,0.000000,0.000000,0.000000,1.000000,50.000000,-180.000000,50.000000,-180.000000,50.000000,-180.000000,50.000000,-180.000000,0,10,true,0
583,2026-09-07T04:58:48.14Z,pmu-1,1,1788757128,140000,2026-09-07T04:58:36.3030048Z,-11836.995,60.009712,0.009712,0.000153,0.000000,0.000000,0.000000,1.000000,62.014301,-93.477325,62.005260,-92.333527,62.001293,-94.475616,61.995304,-93.019897,0,1,true,0
584,2026-09-07T04:58:48.48Z,pmu-5,1,1788757128,480000,2026-09-07T04:58:36.3030048Z,-12176.995,59.997795,-0.002205,0.000001,0.000000,0.000000,0.000000,1.000000,58.997433,-114.264389,58.996952,-116.121452,58.992897,-114.802956,59.016357,-113.897331,0,12,true,0
585,2026-09-07T04:58:48.3Z,pmu-3,1,1788757128,300000,2026-09-07T04:58:36.3030048Z,-11996.995,60.009483,0.009483,0.000254,0.000000,0.000000,0.000000,1.000000,53.002728,-158.140106,53.000805,-158.319122,52.992794,-158.140915,53.001575,-158.160522,0,11,true,0
586,2026-09-07T04:58:48.16Z,pmu-1,1,1788757128,160000,2026-09-07T04:58:36.3030048Z,-11856.995,60.009876,0.009876,0.000003,0.000000,0.000000,0.000000,1.000000,65.021828,-71.324409,65.009544,-70.956284,64.996712,-73.127876,64.995918,-71.668739,0,2,true,0
587,2026-09-07T04:58:48.38Z,pmu-2,1,1788757128,380000,2026-09-07T04:58:36.3030048Z,-12076.995,60.001179,0.001179,0.000190,0.000000,0.000000,0.000000,1.000000,98.015068,162.246750,97.995033,163.823410,97.973709,165.378128,98.008514,162.098297,0,15,true,0
588,2026-09-07T04:58:48.5Z,pmu-5,1,1788757128,500000,2026-09-07T04:58:36.3030048Z,-12196.995,60.009922,0.009922,0.000243,0.000000,0.000000,0.000000,1.000000,61.988407,-92.765160,62.003769,-94.464500,61.991940,-93.243500,62.011143,-92.249718,0,13,true,0
589,2026-09-07T04:58:47.96Z,pmu-4,1,1788757127,960000,2026-09-07T04:58:36.3030048Z,-11656.995,60.004436,0.004436,-0.000072,0.000000,0.000000,0.000000,1.000000,86.025787,79.439667,85.995499,77.676117,85.977646,80.869461,85.988243,78.589119,0,4,true,0
590,2026-09-07T04:58:48.4Z,pmu-2,1,1788757128,400000,2026-09-07T04:58:36.3030048Z,-12096.995,59.994198,-0.005802,-0.000140,0.000000,0.000000,0.000000,1.000000,50.000000,-180.000000,50.000000,-180.000000,50.000000,-180.000000,50.000000,-180.000000,0,0,true,0
591,2026-09-07T04:58:47.98Z,pmu-4,1,1788757127,980000,2026-09-07T04:58:36.3030048Z,-11676.995,60.001854,0.001854,-0.000052,0.000000,0.000000,0.000000,1.000000,89.024216,101.006744,88.987244,99.003670,88.978500,102.374496,88.991287,100.190994,0,5,true,0
592,2026-09-07T04:58:48Z,pmu-4,1,1788757128,0,2026-09-07T04:58:36.3030048Z,-11696.995,59.990398,-0.009602,-0.000229,0.000000,0.000000,0.000000,1.000000,92.021172,122.636482,91.985359,120.950081,91.987511,124.451279,92.000229,122.265396,0,6,true,0
593,2026-09-07T04:58:48.32Z,pmu-3,1,1788757128,320000,2026-09-07T04:58:36.3488554Z,-11971.145,59.993397,-0.006603,-0.000322,0.000000,0.000000,0.000000,1.000000,56.002319,-136.000153,56.008293,-136.296158,55.983906,-136.790833,55.992725,-136.819092,0,12,true,0
594,2026-09-07T04:58:48.18Z,pmu-1,1,1788757128,180000,2026-09-07T04:58:36.3488554Z,-11831.145,60.005939,0.005939,-0.000079,0.000000,0.000000,0.000000,1.000000,68.017876,-49.623775,68.002548,-49.618340,67.991325,-51.888943,68.003540,-49.631924,0,3,true,0
595,2026-09-07T04:58:48.02Z,pmu-4,1,1788757128,20000,2026-09-07T04:58:36.3488554Z,-11671.145,60.006222,0.006222,0.000316,0.000000,0.000000,0.000000,1.000000,95.013481,143.920639,94.983116,143.090378,94.991623,145.855774,94.992668,144.245071,0,7,true,0
596,2026-09-07T04:58:48.52Z,pmu-5,1,1788757128,520000,2026-09-07T04:58:36.3488554Z,-12171.145,60.000149,0.000149,-0.000195,0.000000,0.000000,0.000000,1.000000,64.987587,-71.193817,64.997444,-72.386597,64.992615,-71.269142,65.010864,-70.203667,0,14,true,0
597,2026-09-07T04:58:48.42Z,pmu-2,1,1788757128,420000,2026-09-07T04:58:36.3488554Z,-12071.145,59.998184,-0.001816,0.000080,0.000000,0.000000,0.000000,1.000000,53.006176,-157.958191,53.007881,-158.540085,52.990910,-157.980606,52.990978,-158.359497,0,1,true,0
598,2026-09-07T04:58:48.54Z,pmu-5,1,1788757128,540000,2026-09-07T04:58:36.3952746Z,-12144.725,60.001972,0.001972,0.000036,0.000000,0.000000,0.000000,1.000000,67.995583,-49.864407,67.990936,-50.289948,67.998810,-49.246246,68.008926,-48.548153,0,15,true,0
599,2026-09-07T04:58:48.34Z,pmu-3,1,1788757128,340000,2026-09-07T04:58:36.3952746Z,-11944.725,60.008026,0.008026,0.000293,0.000000,0.000000,0.000000,1.000000,59.006424,-114.528908,59.004570,-115.031448,58.983185,-115.551582,58.983925,-115.259537,0,13,true,0
600,2026-09-07T04:58:48.2Z,pmu-1,1,1788757128,200000,2026-09-07T04:58:36.3952746Z,-11804.725,59.999393,-0.000607,-0.000131,0.000000,0.000000,0.000000,1.000000,71.023628,-28.249781,71.004753,-27.872314,70.986183,-30.010237,71.009705,-27.553879,0,4,true,0
601,2026-09-07T04:58:48.44Z,pmu-2,1,1788757128,440000,2026-09-07T04:58:36.3952746Z,-12044.725,60.007751,0.007751,0.000191,0.000000,0.000000,0.000000,1.000000,56.008392,-136.618362,56.013035,-136.683121,55.988430,-136.897614,55.999134,-137.220062,0,2,true,0
602,2026-09-07T04:58:48.56Z,pmu-5,1,1788757128,560000,2026-09-07T04:58:36.3952746Z,-12164.725,60.001640,0.001640,-0.000007,0.000000,0.000000,0.000000,1.000000,70.990028,-28.283657,70.990784,-28.397778,71.001770,-27.443359,71.008606,-26.695673,0,0,true,0
603,2026-09-07T04:58:48.04Z,pmu-4,1,1788757128,40000,2026-09-07T04:58:36.3952746Z,-11644.725,59.996017,-0.003983,-0.000204,0.000000,0.000000,0.000000,1.000000,98.009865,166.083725,97.992668,165.000549,97.987228,167.309677,98.001869,165.578186,0,8,true,0
604,2026-09-07T04:58:48.36Z,pmu-3,1,1788757128,360000,2026-09-07T04:58:36.3952746Z,-11964.725,59.990517,-0.009483,-0.000350,0.000000,0.000000,0.000000,1.000000,62.001377,-92.994354,62.012386,-93.927605,61.982700,-93.554459,61.985149,-93.873337,0,14,true,0
605,2026-09-07T04:58:48.06Z,pmu-4,1,1788757128,60000,2026-09-07T04:58:36.3952746Z,-11664.725,59.992386,-0.007614,-0.000073,0.000000,0.000000,0.000000,1.000000,50.000000,-180.000000,50.000000,-180.000000,50.000000,-180.000000,50.000000,-180.000000,0,9,true,0
606,2026-09-07T04:58:48.46Z,pmu-2,1,1788757128,460000,2026-09-07T04:58:36.3952746Z,-12064.725,59.995449,-0.004551,-0.000246,0.000000,0.000000,0.000000,1.000000,59.011189,-115.379288,59.010391,-114.880028,58.985409,-114.732224,58.993912,-115.311760,0,3,true,0
607,2026-09-07T04:58:48.22Z,pmu-1,1,1788757128,220000,2026-09-07T04:58:36.3952746Z,-11824.725,59.992817,-0.007183,-0.000132,0.000000,0.000000,0.000000,1.000000,74.032326,-6.174567,74.008751,-6.042603,73.983101,-8.055255,74.016655,-5.579455,0,5,true,0
608,2026-09-07T04:58:48.58Z,pmu-5,1,1788757128,580000,2026-09-07T04:58:36.4426647Z,-12137.335,60.002369,0.002369,0.000015,0.000000,0.000000,0.000000,1.000000,73.981575,-6.908507,73.982758,-6.678890,74.002884,-5.699642,74.012291,-5.616313,0,1,true,0
609,2026-09-07T04:58:48.24Z,pmu-1,1,1788757128,240000,2026-09-07T04:58:36.4426647Z,-11797.335,60.002041,0.002041,0.000184,0.000000,0.000000,0.000000,1.000000,77.033180,15.570478,77.004356,15.007661,76.987312,13.172594,77.021172,16.022942,0,6,true,0
610,2026-09-07T04:58:48.08Z,pmu-4,1,1788757128,80000,2026-09-07T04:58:36.4426647Z,-11637.335,60.009388,0.009388,0.000340,0.000000,0.000000,0.000000,1.000000,52.998711,-157.872025,52.999996,-158.042648,52.994499,-158.331863,52.996315,-158.724030,0,10,true,0
611,2026-09-07T04:58:48.48Z,pmu-2,1,1788757128,480000,2026-09-07T04:58:36.4426647Z,-12037.335,60.001522,0.001522,0.000121,0.000000,0.000000,0.000000,1.000000,62.014889,-93.318199,62.010612,-93.321098,61.977707,-93.307518,61.994045,-93.183075,0,4,true,0
612,2026-09-07T04:58:48.6Z,pmu-5,1,1788757128,600000,2026-09-07T04:58:36.4426647Z,-12157.335,59.990498,-0.009502,-0.000237,0.000000,0.000000,0.000000,1.000000,76.987480,15.152611,76.980888,15.150577,77.000824,15.545239,77.017082,15.935655,0,2,true,0
613,2026-09-07T04:58:48.38Z,pmu-3,1,1788757128,380000,2026-09-07T04:58:36.4426647Z,-11937.335,60.000114,0.000114,0.000192,0.000000,0.000000,0.000000,1.000000,64.992973,-71.636902,65.010086,-72.807541,64.992325,-72.520493,64.990410,-71.952698,0,15,true,0
614,2026-09-07T04:58:48.26Z,pmu-1,1,1788757128,260000,2026-09-07T04:58:36.4426647Z,-11817.335,60.004551,0.004551,0.000050,0.000000,0.000000,0.000000,1.000000,80.038284,37.549137,80.000778,36.863079,79.979431,34.276226,80.018494,38.098259,0,7,true,0
615,2026-09-07T04:58:48.5Z,pmu-2,1,1788757128,500000,2026-09-07T04:58:36.4426647Z,-12057.335,60.003990,0.003990,0.000049,0.000000,0.000000,0.000000,1.000000,65.016335,-71.694710,65.016846,-72.255310,64.975082,-72.259560,64.984840,-71.103844,0,5,true,0
616,2026-09-07T04:58:48.4Z,pmu-3,1,1788757128,400000,2026-09-07T04:58:36.4426647Z,-11957.335,59.991962,-0.008038,-0.000163,0.000000,0.000000,0.000000,1.000000,67.987305,-50.389400,68.018707,-50.857632,67.995422,-51.151527,68.000160,-49.785995,0,0,true,0
617,2026-09-07T04:58:48.1Z,pmu-4,1,1788757128,100000,2026-09-07T04:58:36.4426647Z,-11657.335,59.992954,-0.007046,-0.000329,0.000000,0.000000,0.000000,1.000000,55.991318,-136.315155,55.994751,-136.809082,55.999863,-136.990829,56.002232,-136.831543,0,11,true,0
618,2026-09-07T04:58:48.42Z,pmu-3,1,1788757128,420000,2026-09-07T04:58:36.4873906Z,-11932.609,60.001534,0.001534,0.000191,0.000000,0.000000,0.000000,1.000000,70.995178,-29.299513,71.009094,-29.431913,70.989510,-29.423758,70.991798,-27.890224,0,1,true,0
619,2026-09-07T04:58:48.28Z,pmu-1,1,1788757128,280000,2026-09-07T04:58:36.4873906Z,-11792.609,59.997036,-0.002964,-0.000150,0.000000,0.000000,0.000000,1.000000,83.043205,58.894070,83.003716,58.450573,82.969727,55.706841,83.028244,59.537968,0,8,true,0
620,2026-09-07T04:58:48.52Z,pmu-2,1,1788757128,520000,2026-09-07T04:58:36.4873906Z,-12032.609,59.995228,-0.004772,-0.000175,0.000000,0.000000,0.000000,1.000000,68.016205,-49.564629,68.021545,-50.488125,67.981575,-51.028557,67.983833,-49.767193,0,6,true,0
621,2026-09-07T04:58:48.12Z,pmu-4,1,1788757128,120000,2026-09-07T04:58:36.4873906Z,-11632.609,60.002228,0.002228,0.000185,0.000000,0.000000,0.000000,1.000000,58.984188,-114.928604,58.985092,-115.094421,58.994408,-115.013115,59.006912,-114.992805,0,12,true,0
622,2026-09-07T04:58:48.62Z,pmu-5,1,1788757128,620000,2026-09-07T04:58:36.4873906Z,-12132.609,59.992302,-0.007698,0.000036,0.000000,0.000000,0.000000,1.000000,79.991173,37.187363,79.977898,37.185852,80.004051,37.534634,80.019623,37.821636,0,3,true,0
623,2026-09-07T04:58:48.64Z,pmu-5,1,1788757128,640000,2026-09-07T04:58:36.5484828Z,-12091.517,59.991032,-0.008968,-0.000025,0.000000,0.000000,0.000000,1.000000,82.991508,59.140491,82.985100,58.542610,82.998360,59.087017,83.022224,59.131351,0,4,true,0
624,2026-09-07T04:58:48.66Z,pmu-5,1,1788757128,660000,2026-09-07T04:58:36.5484828Z,-12111.517,59.994747,-0.005253,0.000074,0.000000,0.000000,0.000000,1.000000,86.000771,80.184708,85.991035,80.543678,85.996910,80.143646,86.013092,80.200920,0,5,true,0
625,2026-09-07T04:58:48.3Z,pmu-1,1,1788757128,300000,2026-09-07T04:58:36.5484828Z,-11751.517,59.995518,-0.004482,-0.000030,0.000000,0.000000,0.000000,1.000000,86.033562,80.160919,85.999626,80.225662,85.975807,77.366211,86.030777,81.200478,0,9,true,0
626,2026-09-07T04:58:48.44Z,pmu-3,1,1788757128,440000,2026-09-07T04:58:36.5484828Z,-11891.517,60.006145,0.006145,0.000092,0.000000,0.000000,0.000000,1.000000,73.993530,-7.293510,74.001587,-8.261172,73.992256,-8.170239,74.001450,-5.975216,0,2,true,0
627,2026-09-07T04:58:48.54Z,pmu-2,1,1788757128,540000,2026-09-07T04:58:36.5484828Z,-11991.517,60.000202,0.000202,0.000099,0.000000,0.000000,0.000000,1.000000,71.016945,-28.135834,71.022224,-28.345804,70.972778,-29.873205,70.979347,-27.765177,0,7,true,0
628,2026-09-07T04:58:48.14Z,pmu-4,1,1788757128,140000,2026-09-07T04:58:36.5484828Z,-11591.517,60.008598,0.008598,0.000127,0.000000,0.000000,0.000000,1.000000,61.991867,-93.653923,61.979622,-93.001938,61.999416,-93.449753,62.010120,-93.566879,0,13,true,0
629,2026-09-07T04:58:48.32Z,pmu-1,1,1788757128,320000,2026-09-07T04:58:36.5484828Z,-11771.517,59.996033,-0.003967,0.000010,0.000000,0.000000,0.000000,1.000000,89.035774,102.167511,89.000206,101.521805,88.982956,98.571571,89.022987,102.639946,0,10,true,0
630,2026-09-07T04:58:48.56Z,pmu-2,1,1788757128,560000,2026-09-07T04:58:36.5484828Z,-12011.517,60.000031,0.000031,-0.000003,0.000000,0.000000,0.000000,1.000000,74.017853,-6.310143,74.020157,-7.154465,73.977798,-7.859577,73.988647,-6.486373,0,8,true,0
631,2026-09-07T04:58:48.46Z,pmu-3,1,1788757128,460000,2026-09-07T04:58:36.5484828Z,-11911.517,59.999878,-0.000122,-0.000125,0.000000,0.000000,0.000000,1.000000,76.985397,13.844218,76.997650,13.546298,76.995415,13.112936,77.009232,15.127435,0,3,true,0
632,2026-09-07T04:58:48.16Z,pmu-4,1,1788757128,160000,2026-09-07T04:58:36.5489937Z,-11611.006,60.005890,0.005890,-0.000054,0.000000,0.000000,0.000000,1.000000,64.987831,-71.744232,64.983780,-71.533936,64.989845,-71.637566,65.018715,-71.867401,0,14,true,0
633,2026-09-07T04:58:48.48Z,pmu-3,1,1788757128,480000,2026-09-07T04:58:36.6033145Z,-11876.686,60.001110,0.001110,0.000025,0.000000,0.000000,0.000000,1.000000,79.978233,35.091164,80.000809,35.620846,79.991638,34.438705,80.018402,36.960297,0,4,true,0
634,2026-09-07T04:58:48.68Z,pmu-5,1,1788757128,680000,2026-09-07T04:58:36.6033145Z,-12076.685,60.007225,0.007225,0.000250,0.000000,0.000000,0.000000,1.000000,88.999420,101.519745,88.982994,102.020462,89.005249,101.468788,89.019630,101.401947,0,6,true,0
635,2026-09-07T04:58:48.5Z,pmu-3,1,1788757128,500000,2026-09-07T04:58:36.6033145Z,-11896.685,60.009460,0.009460,0.000167,0.000000,0.000000,0.000000,1.000000,82.971344,56.306946,82.997047,56.982708,82.999588,56.282089,83.013611,58.923878,0,5,true,0
636,2026-09-07T04:58:48.7Z,pmu-5,1,1788757128,700000,2026-09-07T04:58:36.6033145Z,-12096.685,59.999546,-0.000454,-0.000154,0.000000,0.000000,0.000000,1.000000,92.006821,123.105141,91.982140,123.542000,92.014328,122.714188,92.013077,122.853233,0,7,true,0
637,2026-09-07T04:58:48.58Z,pmu-2,1,1788757128,580000,2026-09-07T04:58:36.6033145Z,-11976.685,59.994820,-0.005180,-0.000104,0.000000,0.000000,0.000000,1.000000,77.026245,15.441756,77.016884,14.562358,76.985298,14.308415,76.991943,15.034015,0,9,true,0
638,2026-09-07T04:58:48.34Z,pmu-1,1,1788757128,340000,2026-09-07T04:58:36.6033145Z,-11736.685,60.002930,0.002930,0.000138,0.000000,0.000000,0.000000,1.000000,92.043564,124.043350,91.991005,123.068947,91.979057,120.244537,92.025635,123.849747,0,11,true,0
639,2026-09-07T04:58:48.18Z,pmu-4,1,1788757128,180000,2026-09-07T04:58:36.6033145Z,-11576.685,59.993114,-0.006886,-0.000256,0.000000,0.000000,0.000000,1.000000,67.979210,-49.956276,67.981789,-50.006939,67.985916,-50.327740,68.018112,-50.820427,0,15,true,0
640,2026-09-07T04:58:48.6Z,pmu-2,1,1788757128,600000,2026-09-07T04:58:36.6033145Z,-11996.685,60.008114,0.008114,0.000266,0.000000,0.000000,0.000000,1.000000,80.029129,36.899090,80.014748,36.447430,79.983765,36.326763,79.992493,36.704990,0,10,true,0
641,2026-09-07T04:58:48.36Z,pmu-1,1,1788757128,360000,2026-09-07T04:58:36.6033145Z,-11756.685,59.995251,-0.004749,-0.000154,0.000000,0.000000,0.000000,1.000000,95.042076,145.530869,94.988289,144.249832,94.974350,141.492249,95.034103,145.698349,0,12,true,0
642,2026-09-07T04:58:48.2Z,pmu-4,1,1788757128,200000,2026-09-07T04:58:36.6033145Z,-11596.685,59.999123,-0.000877,0.000120,0.000000,0.000000,0.000000,1.000000,70.984261,-28.211407,70.981712,-28.145859,70.982086,-29.071810,71.027000,-29.410896,0,0,true,0
643,2026-09-07T04:58:48.72Z,pmu-5,1,1788757128,720000,2026-09-07T04:58:36.6492777Z,-12070.722,59.991688,-0.008312,-0.000157,0.000000,0.000000,0.000000,1.000000,95.008278,145.153610,94.979691,145.228394,95.016830,144.412186,95.003105,144.630798,0,8,true,0
644,2026-09-07T04:58:48.38Z,pmu-1,1,1788757128,380000,2026-09-07T04:58:36.6492777Z,-11730.722,60.009628,0.009628,0.000288,0.000000,0.000000,0.000000,1.000000,98.046112,166.559525,97.980621,165.695938,97.965912,162.555801,98.043991,167.826263,0,13,true,0
645,2026-09-07T04:58:48.22Z,pmu-4,1,1788757128,220000,2026-09-07T04:58:36.6492777Z,-11570.722,60.009666,0.009666,0.000211,0.000000,0.000000,0.000000,1.000000,73.974655,-6.182567,73.977051,-6.275615,73.982536,-7.170510,74.034515,-7.687079,0,1,true,0
646,2026-09-07T04:58:48.62Z,pmu-2,1,1788757128,620000,2026-09-07T04:58:36.6492777Z,-11970.722,59.997559,-0.002441,-0.000211,0.000000,0.000000,0.000000,1.000000,83.028061,58.400070,83.004936,58.249443,82.990898,58.037045,82.997780,58.317875,0,11,true,0
647,2026-09-07T04:58:48.52Z,pmu-3,1,1788757128,520000,2026-09-07T04:58:36.6492777Z,-11870.722,59.991589,-0.008411,-0.000357,0.000000,0.000000,0.000000,1.000000,85.967690,77.490417,86.005005,78.300926,86.004333,78.421547,86.023140,80.417686,0,6,true,0
648,2026-09-07T04:58:48.54Z,pmu-3,1,1788757128,540000,2026-09-07T04:58:36.7011345Z,-11838.865,59.991730,-0.008270,0.000003,0.000000,0.000000,0.000000,1.000000,88.966164,99.554443,89.009399,100.442238,89.001183,99.842125,89.030457,101.503021,0,7,true,0
649,2026-09-07T04:58:48.74Z,pmu-5,1,1788757128,740000,2026-09-07T04:58:36.7011345Z,-12038.865,59.994045,-0.005955,0.000047,0.000000,0.000000,0.000000,1.000000,98.005196,166.671280,97.973915,166.779388,98.012032,165.516418,97.998207,166.589447,0,9,true,0
650,2026-09-07T04:58:48.24Z,pmu-4,1,1788757128,240000,2026-09-07T04:58:36.7011345Z,-11538.865,60.005592,0.005592,-0.000081,0.000000,0.000000,0.000000,1.000000,76.983818,15.063924,76.973099,15.377316,76.978508,13.923223,77.037331,14.236636,0,2,true,0
651,2026-09-07T04:58:48.4Z,pmu-1,1,1788757128,400000,2026-09-07T04:58:36.7011345Z,-11698.865,59.995060,-0.004940,-0.000291,0.000000,0.000000,0.000000,1.000000,50.000000,-180.000000,50.000000,-180.000000,50.000000,-180.000000,50.000000,-180.000000,0,14,true,0
652,2026-09-07T04:58:48.56Z,pmu-3,1,1788757128,560000,2026-09-07T04:58:36.7011345Z,-11858.865,59.998547,-0.001453,0.000136,0.000000,0.000000,0.000000,1.000000,91.973747,121.511909,92.011932,122.527626,91.999596,121.836693,92.038445,123.669617,0,8,true,0
653,2026-09-07T04:58:48.42Z,pmu-1,1,1788757128,420000,2026-09-07T04:58:36.7011345Z,-11718.865,60.009281,0.009281,0.000284,0.000000,0.000000,0.000000,1.000000,52.993694,-158.455170,53.005424,-158.655396,53.008335,-158.142731,52.991226,-158.534698,0,15,true,0
654,2026-09-07T04:58:48.76Z,pmu-5,1,1788757128,760000,2026-09-07T04:58:36.7011345Z,-12058.865,59.990395,-0.009605,-0.000073,0.000000,0.000000,0.000000,1.000000,50.000000,-180.000000,50.000000,-180.000000,50.000000,-180.000000,50.000000,-180.000000,0,10,true,0
655,2026-09-07T04:58:48.64Z,pmu-2,1,1788757128,640000,2026-09-07T04:58:36.7011345Z,-11938.865,59.991371,-0.008629,-0.000124,0.000000,0.000000,0.000000,1.000000,86.027832,80.084969,85.998329,79.785042,85.982872,79.621674,85.999168,79.656975,0,12,true,0
656,2026-09-07T04:58:48.26Z,pmu-4,1,1788757128,260000,2026-09-07T04:58:36.7011345Z,-11558.865,59.992809,-0.007191,-0.000256,0.000000,0.000000,0.000000,1.000000,79.990791,36.971096,79.968063,37.056545,79.971718,35.530693,80.028374,35.390522,0,3,true,0
657,2026-09-07T04:58:48.66Z,pmu-2,1,1788757128,660000,2026-09-07T04:58:36.7011345Z,-11958.865,59.995602,-0.004398,0.000085,0.000000,0.000000,0.000000,1.000000,89.023094,102.182808,89.007729,101.782021,88.979202,101.272049,88.994728,101.495499,0,13,true,0
658,2026-09-07T04:58:48.78Z,pmu-5,1,1788757128,780000,2026-09-07T04:58:36.7468439Z,-12033.156,60.009331,0.009331,0.000379,0.000000,0.000000,0.000000,1.000000,52.998569,-158.146545,52.996956,-158.872498,52.993248,-157.927933,53.004253,-158.007706,0,11,true,0
659,2026-09-07T04:58:48.44Z,pmu-1,1,1788757128,440000,2026-09-07T04:58:36.7468439Z,-11693.156,59.995850,-0.004150,-0.000269,0.000000,0.000000,0.000000,1.000000,55.999660,-136.868057,56.004826,-136.885757,56.016758,-136.421387,55.985405,-137.245377,0,0,true,0
660,2026-09-07T04:58:48.58Z,pmu-3,1,1788757128,580000,2026-09-07T04:58:36.7468439Z,-11833.156,60.002972,0.002972,0.000089,0.000000,0.000000,0.000000,1.000000,94.972755,143.665283,95.010910,143.681152,95.000496,143.218185,95.042557,145.290939,0,9,true,0
661,2026-09-07T04:58:48.68Z,pmu-2,1,1788757128,680000,2026-09-07T04:58:36.7468439Z,-11933.156,60.009850,0.009850,0.000285,0.000000,0.000000,0.000000,1.000000,92.018021,124.058922,92.015388,123.697105,91.984024,123.037346,91.993721,122.982445,0,14,true,0
662,2026-09-07T04:58:48.28Z,pmu-4,1,1788757128,280000,2026-09-07T04:58:36.7468439Z,-11533.156,59.994888,-0.005112,0.000042,0.000000,0.000000,0.000000,1.000000,82.987946,58.341385,82.969452,58.420753,82.966789,57.210514,83.036980,57.400761,0,4,true,0
663,2026-09-07T04:58:48.8Z,pmu-5,1,1788757128,800000,2026-09-07T04:58:36.7468439Z,-12053.156,59.992973,-0.007027,-0.000327,0.000000,0.000000,0.000000,1.000000,55.992413,-137.116638,56.005325,-137.242432,56.001144,-136.094620,56.004124,-136.361771,0,12,true,0
664,2026-09-07T04:58:48.6Z,pmu-3,1,1788757128,600000,2026-09-07T04:58:36.7468439Z,-11853.156,60.000088,0.000088,-0.000058,0.000000,0.000000,0.000000,1.000000,97.976807,165.370773,98.006226,164.874039,97.999557,164.576996,98.038521,166.492554,0,10,true,0
665,2026-09-07T04:58:48.3Z,pmu-4,1,1788757128,300000,2026-09-07T04:58:36.747449Z,-11552.551,59.992134,-0.007866,-0.000055,0.000000,0.000000,0.000000,1.000000,85.986191,80.156937,85.960197,80.121979,85.969505,79.297859,86.032501,79.269012,0,5,true,0
666,2026-09-07T04:58:48.7Z,pmu-2,1,1788757128,700000,2026-09-07T04:58:36.747449Z,-11952.551,59.996555,-0.003445,-0.000266,0.000000,0.000000,0.000000,1.000000,95.012810,146.112915,95.012794,145.667496,94.989265,144.353714,94.990967,144.869583,0,15,true,0
667,2026-09-07T04:58:48.46Z,pmu-1,1,1788757128,460000,2026-09-07T04:58:36.747449Z,-11712.551,60.008514,0.008514,0.000253,0.000000,0.000000,0.000000,1.000000,58.999664,-115.152946,59.003353,-115.464127,59.007549,-114.918739,58.992111,-115.731697,0,1,true,0
668,2026-09-07T04:58:48.82Z,pmu-5,1,1788757128,820000,2026-09-07T04:58:36.7927742Z,-12027.226,60.002090,0.002090,0.000182,0.000000,0.000000,0.000000,1.000000,58.982414,-115.392784,59.015324,-116.031853,59.008335,-114.177444,58.998207,-114.930283,0,13,true,0
669,2026-09-07T04:58:48.32Z,pmu-4,1,1788757128,320000,2026-09-07T04:58:36.7927742Z,-11527.226,60.002239,0.002239,0.000202,0.000000,0.000000,0.000000,1.000000,88.993622,102.074738,88.967400,101.896538,88.969475,101.452248,89.024376,101.432320,0,6,true,0
670,2026-09-07T04:58:48.62Z,pmu-3,1,1788757128,620000,2026-09-07T04:58:36.7927742Z,-11827.226,59.998878,-0.001122,-0.000024,0.000000,0.000000,0.000000,1.000000,50.000000,-180.000000,50.000000,-180.000000,50.000000,-180.000000,50.000000,-180.000000,0,11,true,0
671,2026-09-07T04:58:48.72Z,pmu-2,1,1788757128,720000,2026-09-07T04:58:36.7927742Z,-11927.226,60.004326,0.004326,0.000155,0.000000,0.000000,0.000000,1.000000,98.014610,167.541473,98.005112,166.726303,97.992622,165.537460,97.998032,166.303635,0,0,true,0
672,2026-09-07T04:58:48.48Z,pmu-1,1,1788757128,480000,2026-09-07T04:58:36.7927742Z,-11687.226,59.998585,-0.001415,-0.000199,0.000000,0.000000,0.000000,1.000000,61.990982,-93.173172,62.009163,-93.962097,62.001820,-92.876534,61.993988,-94.529160,0,2,true,0
673,2026-09-07T04:58:48.5Z,pmu-1,1,1788757128,500000,2026-09-07T04:58:36.838598Z,-11661.402,60.004478,0.004478,0.000118,0.000000,0.000000,0.000000,1.000000,64.988380,-71.861427,64.999413,-71.873810,64.995232,-70.763763,64.987000,-73.116318,0,3,true,0
674,2026-09-07T04:58:48.52Z,pmu-1,1,1788757128,520000,2026-09-07T04:58:36.838598Z,-11681.402,60.006500,0.006500,0.000040,0.000000,0.000000,0.000000,1.000000,67.985504,-50.580242,67.999977,-50.160549,67.997108,-48.937096,67.987015,-52.011566,0,4,true,0
675,2026-09-07T04:58:48.64Z,pmu-3,1,1788757128,640000,2026-09-07T04:58:36.838598Z,-11801.402,60.009502,0.009502,0.000212,0.000000,0.000000,0.000000,1.000000,53.001049,-158.314026,52.995300,-158.060837,52.999138,-158.922089,52.998268,-158.618347,0,12,true,0
676,2026-09-07T04:58:48.34Z,pmu-4,1,1788757128,340000,2026-09-07T04:58:36.838598Z,-11501.402,60.001991,0.001991,-0.000005,0.000000,0.000000,0.000000,1.000000,91.993027,123.367599,91.964958,123.651970,91.970085,123.548233,92.017792,123.119240,0,7,true,0
677,2026-09-07T04:58:48.74Z,pmu-2,1,1788757128,740000,2026-09-07T04:58:36.838598Z,-11901.402,60.003311,0.003311,-0.000020,0.000000,0.000000,0.000000,1.000000,50.000000,-180.000000,50.000000,-180.000000,50.000000,-180.000000,50.000000,-180.000000,0,1,true,0
678,2026-09-07T04:58:48.84Z,pmu-5,1,1788757128,840000,2026-09-07T04:58:36.838598Z,-12001.402,59.993652,-0.006348,-0.000169,0.000000,0.000000,0.000000,1.000000,61.989811,-93.432449,62.016365,-94.937981,62.009388,-92.998909,61.999798,-93.690056,0,14,true,0
679,2026-09-07T04:58:48.66Z,pmu-3,1,1788757128,660000,2026-09-07T04:58:36.838598Z,-11821.402,60.003422,0.003422,-0.000122,0.000000,0.000000,0.000000,1.000000,55.996910,-137.058685,55.991467,-136.782486,56.003819,-137.406281,55.996040,-137.391266,0,13,true,0
680,2026-09-07T04:58:48.76Z,pmu-2,1,1788757128,760000,2026-09-07T04:58:36.838598Z,-11921.402,59.992111,-0.007889,-0.000224,0.000000,0.000000,0.000000,1.000000,53.001659,-158.707245,52.994591,-158.155823,52.994984,-157.870590,52.994843,-158.404984,0,2,true,0
681,2026-09-07T04:58:48.36Z,pmu-4,1,1788757128,360000,2026-09-07T04:58:36.838598Z,-11521.402,60.007069,0.007069,0.000102,0.000000,0.000000,0.000000,1.000000,94.989052,144.525299,94.970345,145.524918,94.970490,144.602417,95.013603,144.960876,0,8,true,0
682,2026-09-07T04:58:48.86Z,pmu-5,1,1788757128,860000,2026-09-07T04:58:36.838598Z,-12021.402,59.999645,-0.000355,0.000120,0.000000,0.000000,0.000000,1.000000,64.995506,-71.973404,65.024216,-72.832558,65.019089,-71.142761,65.001053,-71.940285,0,15,true,0
683,2026-09-07T04:58:48.68Z,pmu-3,1,1788757128,680000,2026-09-07T04:58:36.8851462Z,-11794.854,60.008839,0.008839,0.000108,0.000000,0.000000,0.000000,1.000000,58.988266,-115.832031,58.982677,-115.008690,59.006729,-115.268318,59.002544,-115.633202,0,14,true,0
684,2026-09-07T04:58:48.38Z,pmu-4,1,1788757128,380000,2026-09-07T04:58:36.8851462Z,-11494.854,60.005009,0.005009,-0.000041,0.000000,0.000000,0.000000,1.000000,97.991005,166.027328,97.966148,167.454147,97.962769,166.118988,98.010384,166.524704,0,9,true,0
685,2026-09-07T04:58:48.54Z,pmu-1,1,1788757128,540000,2026-09-07T04:58:36.8851462Z,-11654.854,60.000355,0.000355,-0.000123,0.000000,0.000000,0.000000,1.000000,70.982895,-29.186417,70.992386,-28.380043,70.991646,-27.823708,70.984962,-30.401791,0,5,true,0
686,2026-09-07T04:58:48.78Z,pmu-2,1,1788757128,780000,2026-09-07T04:58:36.8851462Z,-11894.854,59.997650,-0.002350,0.000111,0.000000,0.000000,0.000000,1.000000,56.008163,-137.563538,55.985889,-136.142563,56.003677,-136.549667,55.985806,-136.297592,0,3,true,0
687,2026-09-07T04:58:48.88Z,pmu-5,1,1788757128,880000,2026-09-07T04:58:36.8851462Z,-11994.854,59.996582,-0.003418,-0.000061,0.000000,0.000000,0.000000,1.000000,68.003677,-50.062557,68.024071,-50.870789,68.017044,-49.746101,68.005722,-50.291798,0,0,true,0
688,2026-09-07T04:58:48.7Z,pmu-3,1,1788757128,700000,2026-09-07T04:58:36.9344398Z,-11765.560,60.004021,0.004021,-0.000096,0.000000,0.000000,0.000000,1.000000,61.978756,-94.634575,61.982212,-93.879288,62.014198,-93.305786,62.004974,-94.604446,0,15,true,0
689,2026-09-07T04:58:48.72Z,pmu-3,1,1788757128,720000,2026-09-07T04:58:36.9344398Z,-11785.560,59.992802,-0.007198,-0.000224,0.000000,0.000000,0.000000,1.000000,64.986824,-73.372803,64.972229,-72.654587,65.004883,-71.285339,65.000267,-73.179497,0,0,true,0
690,2026-09-07T04:58:48.8Z,pmu-2,1,1788757128,800000,2026-09-07T04:58:36.9344398Z,-11865.560,59.998154,-0.001846,0.000010,0.000000,0.000000,0.000000,1.000000,59.018101,-116.469803,58.976662,-115.049713,59.000477,-115.051109,58.987736,-115.177673,0,4,true,0
691,2026-09-07T04:58:48.56Z,pmu-1,1,1788757128,560000,2026-09-07T04:58:36.9344398Z,-11625.560,59.998547,-0.001453,-0.000036,0.000000,0.000000,0.000000,1.000000,73.978592,-7.444728,73.991997,-6.679098,73.994728,-6.192320,73.982529,-9.053428,0,6,true,0
692,2026-09-07T04:58:48.9Z,pmu-5,1,1788757128,900000,2026-09-07T04:58:36.9344398Z,-11965.560,60.007416,0.007416,0.000217,0.000000,0.000000,0.000000,1.000000,71.007393,-28.320101,71.015488,-29.810627,71.008438,-27.688025,71.001534,-28.132196,0,1,true,0
693,2026-09-07T04:58:48.4Z,pmu-4,1,1788757128,400000,2026-09-07T04:58:36.9344398Z,-11465.560,59.996483,-0.003517,-0.000171,0.000000,0.000000,0.000000,1.000000,50.000000,-180.000000,50.000000,-180.000000,50.000000,-180.000000,50.000000,-180.000000,0,10,true,0
694,2026-09-07T04:58:48.82Z,pmu-2,1,1788757128,820000,2026-09-07T04:58:36.9344398Z,-11885.560,59.998024,-0.001976,-0.000003,0.000000,0.000000,0.000000,1.000000,62.023651,-94.782883,61.969017,-93.342720,62.006172,-93.343513,61.992619,-93.706909,0,5,true,0
695,2026-09-07T04:58:48.92Z,pmu-5,1,1788757128,920000,2026-09-07T04:58:36.9344398Z,-11985.560,59.998940,-0.001060,-0.000170,0.000000,0.000000,0.000000,1.000000,74.012444,-6.234117,74.019524,-8.206307,73.999886,-6.432932,73.995270,-6.857275,0,2,true,0
696,2026-09-07T04:58:48.42Z,pmu-4,1,1788757128,420000,2026-09-07T04:58:36.9344398Z,-11485.560,60.002487,0.002487,0.000120,0.000000,0.000000,0.000000,1.000000,52.998432,-158.738129,53.005848,-158.121262,53.008198,-158.380432,52.994495,-158.707428,0,11,true,0
697,2026-09-07T04:58:48.58Z,pmu-1,1,1788757128,580000,2026-09-07T04:58:36.9349467Z,-11645.053,59.992310,-0.007690,-0.000125,0.000000,0.000000,0.000000,1.000000,76.968842,13.777946,76.982277,14.666607,76.999619,15.331530,76.991653,12.906134,0,7,true,0
698,2026-09-07T04:58:48.6Z,pmu-1,1,1788757128,600000,2026-09-07T04:58:36.9798716Z,-11620.128,60.002476,0.002476,0.000203,0.000000,0.000000,0.000000,1.000000,79.972252,35.208458,79.976921,35.804195,79.997360,37.238216,79.988701,34.739269,0,8,true,0
699,2026-09-07T04:58:48.84Z,pmu-2,1,1788757128,840000,2026-09-07T04:58:36.9805043Z,-11859.496,59.992592,-0.007408,-0.000109,0.000000,0.000000,0.000000,1.000000,65.014282,-72.772614,64.969452,-72.201591,65.002876,-72.309898,64.989883,-72.039253,0,6,true,0
700,2026-09-07T04:58:48.44Z,pmu-4,1,1788757128,440000,2026-09-07T04:58:36.9805043Z,-11459.496,60.004128,0.004128,0.000033,0.000000,0.000000,0.000000,1.000000,55.990246,-137.671509,56.001499,-136.134460,56.009228,-136.502106,55.985554,-137.218048,0,12,true,0
701,2026-09-07T04:58:48.94Z,pmu-5,1,1788757128,940000,2026-09-07T04:58:36.9805043Z,-11959.496,60.002541,0.002541,0.000072,0.000000,0.000000,0.000000,1.000000,77.022362,15.083330,77.024605,13.658795,76.995262,15.362333,76.992287,14.857519,0,3,true,0
702,2026-09-07T04:58:48.74Z,pmu-3,1,1788757128,740000,2026-09-07T04:58:36.9805043Z,-11759.496,59.994675,-0.005325,0.000037,0.000000,0.000000,0.000000,1.000000,67.978081,-51.925087,67.979126,-51.175991,68.002907,-49.826256,67.992493,-52.144127,0,1,true,0
703,2026-09-07T04:58:48.96Z,pmu-5,1,1788757128,960000,2026-09-07T04:58:37.0274926Z,-11932.507,59.993359,-0.006641,-0.000184,0.000000,0.000000,0.000000,1.000000,80.012390,36.131462,80.015999,35.027092,79.996025,37.147911,79.986298,36.876007,0,4,true,0
704,2026-09-07T04:58:48.62Z,pmu-1,1,1788757128,620000,2026-09-07T04:58:37.0274926Z,-11592.507,60.007118,0.007118,0.000093,0.000000,0.000000,0.000000,1.000000,82.979973,56.611446,82.986557,57.458004,82.998062,59.301506,82.996780,56.335442,0,9,true,0
705,2026-09-07T04:58:48.46Z,pmu-4,1,1788757128,460000,2026-09-07T04:58:37.0274926Z,-11432.507,59.999954,-0.000046,-0.000083,0.000000,0.000000,0.000000,1.000000,58.992535,-115.626755,58.998024,-114.301285,59.007519,-114.441200,58.983459,-115.601700,0,13,true,0
706,2026-09-07T04:58:48.76Z,pmu-3,1,1788757128,760000,2026-09-07T04:58:37.0274926Z,-11732.507,59.994793,-0.005207,0.000002,0.000000,0.000000,0.000000,1.000000,70.981712,-30.603302,70.975967,-29.789265,71.006836,-28.364552,70.984100,-30.559496,0,2,true,0
707,2026-09-07T04:58:48.98Z,pmu-5,1,1788757128,980000,2026-09-07T04:58:37.0274926Z,-11952.507,60.001015,0.001015,0.000153,0.000000,0.000000,0.000000,1.000000,83.018433,58.264240,83.016708,57.184277,82.990486,59.240471,82.992035,58.715858,0,5,true,0
708,2026-09-07T04:58:48.64Z,pmu-1,1,1788757128,640000,2026-09-07T04:58:37.0274926Z,-11612.507,59.994003,-0.005997,-0.000262,0.000000,0.000000,0.000000,1.000000,85.974800,78.574684,85.995216,78.777969,86.004547,80.450249,85.999535,77.864784,0,10,true,0
709,2026-09-07T04:58:48.78Z,pmu-3,1,1788757128,780000,2026-09-07T04:58:37.0274926Z,-11752.507,60.000282,0.000282,0.000110,0.000000,0.000000,0.000000,1.000000,73.989357,-8.945090,73.977760,-7.939375,74.007507,-6.401493,73.984001,-9.498321,0,3,true,0
710,2026-09-07T04:58:48.48Z,pmu-4,1,1788757128,480000,2026-09-07T04:58:37.0274926Z,-11452.507,59.994999,-0.005001,-0.000099,0.000000,0.000000,0.000000,1.000000,61.994045,-94.467484,62.004776,-92.606560,62.012802,-92.334724,61.976864,-94.150978,0,14,true,0
711,2026-09-07T04:58:49Z,pmu-5,1,1788757129,0,2026-09-07T04:58:37.0274926Z,-11972.507,60.005192,0.005192,0.000084,0.000000,0.000000,0.000000,1.000000,86.024658,79.815331,86.007507,79.025772,85.989761,80.299583,85.984344,80.528290,0,6,true,0
712,2026-09-07T04:58:48.86Z,pmu-2,1,1788757128,860000,2026-09-07T04:58:37.0279963Z,-11832.004,59.993305,-0.006695,0.000014,0.000000,0.000000,0.000000,1.000000,68.021957,-51.404598,67.959862,-50.949543,68.000168,-50.783882,67.986443,-50.334774,0,7,true,0
713,2026-09-07T04:58:48.88Z,pmu-2,1,1788757128,880000,2026-09-07T04:58:37.0279963Z,-11852.004,60.008423,0.008423,0.000302,0.000000,0.000000,0.000000,1.000000,71.028236,-30.196751,70.962082,-29.900993,71.005424,-29.421532,70.978737,-28.794804,0,8,true,0
714,2026-09-07T04:58:48.8Z,pmu-3,1,1788757128,800000,2026-09-07T04:58:37.0709878Z,-11729.012,59.992489,-0.007511,-0.000156,0.000000,0.000000,0.000000,1.000000,76.984070,12.848076,76.980522,13.225666,77.015244,14.922529,76.976303,12.366118,0,4,true,0
715,2026-09-07T04:58:48.9Z,pmu-2,1,1788757128,900000,2026-09-07T04:58:37.0709878Z,-11829.012,60.004734,0.004734,-0.000074,0.000000,0.000000,0.000000,1.000000,74.038048,-8.029248,73.954842,-8.817122,74.014763,-8.027111,73.986946,-7.499354,0,9,true,0
716,2026-09-07T04:58:48.66Z,pmu-1,1,1788757128,660000,2026-09-07T04:58:37.0709878Z,-11589.012,59.997673,-0.002327,0.000073,0.000000,0.000000,0.000000,1.000000,88.969612,99.861076,88.998337,99.909996,89.007996,102.441986,89.004982,100.010010,0,11,true,0
717,2026-09-07T04:58:48.5Z,pmu-4,1,1788757128,500000,2026-09-07T04:58:37.0709878Z,-11429.012,60.008358,0.008358,0.000267,0.000000,0.000000,0.000000,1.000000,64.987564,-72.980316,65.009140,-70.455849,65.005341,-70.564392,64.974625,-72.517914,0,15,true,0
718,2026-09-07T04:58:49.02Z,pmu-5,1,1788757129,20000,2026-09-07T04:58:37.0709878Z,-11949.012,59.996895,-0.003105,-0.000166,0.000000,0.000000,0.000000,1.000000,89.023979,101.279442,89.002098,100.847862,88.988617,101.558174,88.985992,102.349747,0,7,true,0
719,2026-09-07T04:58:48.82Z,pmu-3,1,1788757128,820000,2026-09-07T04:58:37.120981Z,-11699.019,60.006840,0.006840,0.000287,0.000000,0.000000,0.000000,1.000000,79.983971,34.802776,79.970566,34.714054,80.025085,36.704540,79.978981,33.548508,0,5,true,0
720,2026-09-07T04:58:48.84Z,pmu-3,1,1788757128,840000,2026-09-07T04:58:37.120981Z,-11719.019,60.001995,0.001995,-0.000097,0.000000,0.000000,0.000000,1.000000,82.986351,56.301723,82.970634,56.788391,83.028870,58.623009,82.969955,55.421829,0,6,true,0
721,2026-09-07T04:58:48.52Z,pmu-4,1,1788757128,520000,2026-09-07T04:58:37.120981Z,-11399.019,60.000721,0.000721,-0.000153,0.000000,0.000000,0.000000,1.000000,67.995880,-51.340225,68.011505,-48.759834,67.997581,-48.534328,67.984566,-50.997456,0,0,true,0
722,2026-09-07T04:58:48.68Z,pmu-1,1,1788757128,680000,2026-09-07T04:58:37.120981Z,-11559.019,60.005260,0.005260,0.000152,0.000000,0.000000,0.000000,1.000000,91.976402,121.150711,92.007797,122.043251,92.011971,124.374123,92.012253,121.999023,0,12,true,0
723,2026-09-07T04:58:49.04Z,pmu-5,1,1788757129,40000,2026-09-07T04:58:37.120981Z,-11919.019,59.997540,-0.002460,0.000013,0.000000,0.000000,0.000000,1.000000,92.027603,122.395531,92.001587,122.090782,91.982468,122.820229,91.989700,124.256851,0,8,true,0
724,2026-09-07T04:58:48.92Z,pmu-2,1,1788757128,920000,2026-09-07T04:58:37.120981Z,-11799.019,59.996193,-0.003807,-0.000171,0.000000,0.000000,0.000000,1.000000,77.036011,13.379615,76.956894,13.155973,77.004868,13.544930,76.993118,14.530012,0,10,true,0
725,2026-09-07T04:58:49.06Z,pmu-5,1,1788757129,60000,2026-09-07T04:58:37.120981Z,-11939.019,59.997833,-0.002167,0.000006,0.000000,0.000000,0.000000,1.000000,95.031342,143.435226,94.993324,143.165878,94.991524,143.895676,94.991158,145.662109,0,9,true,0
726,2026-09-07T04:58:48.54Z,pmu-4,1,1788757128,540000,2026-09-07T04:58:37.120981Z,-11419.019,59.998497,-0.001503,-0.000044,0.000000,0.000000,0.000000,1.000000,70.990791,-29.543211,71.001526,-27.588497,70.997498,-27.144138,70.978867,-29.789682,0,1,true,0
727,2026-09-07T04:58:48.7Z,pmu-1,1,1788757128,700000,2026-09-07T04:58:37.120981Z,-11579.019,60.001179,0.001179,-0.000082,0.000000,0.000000,0.000000,1.000000,94.974617,142.779373,95.001961,143.324966,95.004219,146.538239,95.015053,143.612534,0,13,true,0
728,2026-09-07T04:58:48.94Z,pmu-2,1,1788757128,940000,2026-09-07T04:58:37.120981Z,-11819.019,60.001492,0.001492,0.000106,0.000000,0.000000,0.000000,1.000000,80.045540,35.270840,79.960144,34.773304,80.003296,34.573719,80.001755,36.260124,0,11,true,0
729,2026-09-07T04:58:48.72Z,pmu-1,1,1788757128,720000,2026-09-07T04:58:37.1632202Z,-11556.780,59.998508,-0.001492,-0.000053,0.000000,0.000000,0.000000,1.000000,97.975014,164.775848,97.998734,165.433823,98.011086,168.040894,98.011948,165.463074,0,14,true,0
730,2026-09-07T04:58:49.08Z,pmu-5,1,1788757129,80000,2026-09-07T04:58:37.1632202Z,-11916.780,59.995502,-0.004498,-0.000047,0.000000,0.000000,0.000000,1.000000,98.037720,165.508759,97.988876,164.946060,97.998489,165.681335,97.997269,167.529419,0,10,true,0
731,2026-09-07T04:58:48.86Z,pmu-3,1,1788757128,860000,2026-09-07T04:58:37.1632202Z,-11696.780,60.000683,0.000683,-0.000026,0.000000,0.000000,0.000000,1.000000,85.982300,77.833549,85.976303,78.137238,86.021057,80.709343,85.973770,77.349396,0,7,true,0
732,2026-09-07T04:58:48.56Z,pmu-4,1,1788757128,560000,2026-09-07T04:58:37.1632202Z,-11396.780,59.994240,-0.005760,-0.000085,0.000000,0.000000,0.000000,1.000000,73.988274,-7.774980,73.995377,-5.577911,74.001335,-5.557374,73.977570,-7.898456,0,2,true,0
733,2026-09-07T04:58:48.96Z,pmu-2,1,1788757128,960000,2026-09-07T04:58:37.1632202Z,-11796.780,59.994659,-0.005341,-0.000137,0.000000,0.000000,0.000000,1.000000,83.038185,56.680122,82.955521,56.843128,83.012825,55.762856,83.003937,58.048042,0,12,true,0
734,2026-09-07T04:58:49.1Z,pmu-5,1,1788757129,100000,2026-09-07T04:58:37.218956Z,-11881.044,60.009102,0.009102,0.000272,0.000000,0.000000,0.000000,1.000000,50.000000,-180.000000,50.000000,-180.000000,50.000000,-180.000000,50.000000,-180.000000,0,11,true,0
735,2026-09-07T04:58:49.12Z,pmu-5,1,1788757129,120000,2026-09-07T04:58:37.218956Z,-11901.044,59.997837,-0.002163,-0.000225,0.000000,0.000000,0.000000,1.000000,52.993233,-158.455704,53.001598,-158.556900,52.992641,-158.622482,53.001255,-158.254684,0,12,true,0
736,2026-09-07T04:58:48.74Z,pmu-1,1,1788757128,740000,2026-09-07T04:58:37.218956Z,-11521.044,59.999577,-0.000423,0.000021,0.000000,0.000000,0.000000,1.000000,50.000000,-180.000000,50.000000,-180.000000,50.000000,-180.000000,50.000000,-180.000000,0,15,true,0
737,2026-09-07T04:58:48.58Z,pmu-4,1,1788757128,580000,2026-09-07T04:58:37.218956Z,-11361.044,59.995388,-0.004612,0.000023,0.000000,0.000000,0.000000,1.000000,76.985985,14.278480,76.988243,15.648644,77.002068,16.517420,76.986000,14.268173,0,3,true,0
738,2026-09-07T04:58:48.88Z,pmu-3,1,1788757128,880000,2026-09-07T04:58:37.218956Z,-11661.044,60.004425,0.004425,0.000075,0.000000,0.000000,0.000000,1.000000,88.980385,98.957321,88.980003,99.195480,89.020882,101.879944,88.973312,98.403015,0,8,true,0
739,2026-09-07T04:58:48.98Z,pmu-2,1,1788757128,980000,2026-09-07T04:58:37.218956Z,-11761.044,59.997757,-0.002243,0.000062,0.000000,0.000000,0.000000,1.000000,86.036301,77.877274,85.952370,78.615105,86.008080,77.035927,86.002357,79.418892,0,13,true,0
740,2026-09-07T04:58:48.9Z,pmu-3,1,1788757128,900000,2026-09-07T04:58:37.218956Z,-11681.044,59.993229,-0.006771,-0.000224,0.000000,0.000000,0.000000,1.000000,91.974220,120.512444,91.978600,120.488731,92.018074,123.629677,91.974525,119.767776,0,9,true,0
741,2026-09-07T04:58:48.6Z,pmu-4,1,1788757128,600000,2026-09-07T04:58:37.218956Z,-11381.044,60.006062,0.006062,0.000213,0.000000,0.000000,0.000000,1.000000,79.983292,35.672794,79.995895,36.943638,80.010406,38.142548,79.988075,35.643986,0,4,true,0
742,2026-09-07T04:58:48.76Z,pmu-1,1,1788757128,760000,2026-09-07T04:58:37.2194703Z,-11540.530,60.007339,0.007339,0.000155,0.000000,0.000000,0.000000,1.000000,52.990871,-158.962646,52.998363,-157.968475,53.004364,-158.064819,52.992035,-158.959778,0,0,true,0
743,2026-09-07T04:58:49Z,pmu-2,1,1788757129,0,2026-09-07T04:58:37.2194703Z,-11780.530,59.993973,-0.006027,-0.000076,0.000000,0.000000,0.000000,1.000000,89.027580,99.490547,88.946892,100.265129,89.002853,98.513718,89.008797,100.485207,0,14,true,0
744,2026-09-07T04:58:49.02Z,pmu-2,1,1788757129,20000,2026-09-07T04:58:37.2194703Z,-11800.530,59.998985,-0.001015,0.000100,0.000000,0.000000,0.000000,1.000000,92.020226,120.932243,91.955734,121.379074,92.009766,120.635017,92.015663,122.228569,0,15,true,0
745,2026-09-07T04:58:48.92Z,pmu-3,1,1788757128,920000,2026-09-07T04:58:37.2648201Z,-11655.180,60.004780,0.004780,0.000231,0.000000,0.000000,0.000000,1.000000,94.979454,141.861053,94.978554,142.280960,95.026016,145.479980,94.964706,141.062668,0,10,true,0
746,2026-09-07T04:58:49.04Z,pmu-2,1,1788757129,40000,2026-09-07T04:58:37.2648201Z,-11775.180,59.999214,-0.000786,0.000005,0.000000,0.000000,0.000000,1.000000,95.018448,142.209396,94.953186,143.139023,95.019539,142.627594,95.016548,144.274750,0,0,true,0
747,2026-09-07T04:58:49.14Z,pmu-5,1,1788757129,140000,2026-09-07T04:58:37.2648201Z,-11875.180,59.995892,-0.004108,-0.000039,0.000000,0.000000,0.000000,1.000000,56.001400,-136.809067,56.004677,-136.713089,55.986980,-137.136826,55.998219,-136.964478,0,13,true,0
748,2026-09-07T04:58:48.78Z,pmu-1,1,1788757128,780000,2026-09-07T04:58:37.2648201Z,-11515.180,60.001419,0.001419,-0.000118,0.000000,0.000000,0.000000,1.000000,55.982613,-136.880142,55.999435,-136.013504,56.010616,-136.290619,55.984184,-137.444382,0,1,true,0
749,2026-09-07T04:58:48.62Z,pmu-4,1,1788757128,620000,2026-09-07T04:58:37.2648201Z,-11355.180,60.008083,0.008083,0.000040,0.000000,0.000000,0.000000,1.000000,82.979546,57.329220,82.987297,58.667034,83.003525,59.545883,82.990623,57.563152,0,5,true,0
750,2026-09-07T04:58:48.94Z,pmu-3,1,1788757128,940000,2026-09-07T04:58:37.2648201Z,-11675.180,60.003063,0.003063,-0.000034,0.000000,0.000000,0.000000,1.000000,97.989334,163.612213,97.972679,164.253952,98.031403,167.067169,97.963264,163.234085,0,11,true,0
751,2026-09-07T04:58:49.06Z,pmu-2,1,1788757129,60000,2026-09-07T04:58:37.2648201Z,-11795.180,60.009659,0.009659,0.000209,0.000000,0.000000,0.000000,1.000000,98.012566,164.375290,97.945435,164.971207,98.026848,164.378494,98.008759,165.323135,0,1,true,0
752,2026-09-07T04:58:49.16Z,pmu-5,1,1788757129,160000,2026-09-07T04:58:37.2648201Z,-11895.180,59.996990,-0.003010,0.000022,0.000000,0.000000,0.000000,1.000000,59.005371,-115.540054,59.004654,-114.894119,58.992035,-115.917679,59.005898,-114.806099,0,14,true,0
753,2026-09-07T04:58:48.8Z,pmu-1,1,1788757128,800000,2026-09-07T04:58:37.2648201Z,-11535.180,60.004684,0.004684,0.000065,0.000000,0.000000,0.000000,1.000000,58.988350,-115.119370,59.004200,-114.984566,59.007542,-114.333229,58.984589,-116.416992,0,2,true,0
754,2026-09-07T04:58:48.64Z,pmu-4,1,1788757128,640000,2026-09-07T04:58:37.2648201Z,-11375.180,60.003250,0.003250,-0.000097,0.000000,0.000000,0.000000,1.000000,85.980705,78.707031,85.981979,79.890793,86.005150,81.057213,86.000343,79.218292,0,6,true,0
755,2026-09-07T04:58:48.96Z,pmu-3,1,1788757128,960000,2026-09-07T04:58:37.3191028Z,-11640.897,59.997231,-0.002769,-0.000117,0.000000,0.000000,0.000000,1.000000,50.000000,-180.000000,50.000000,-180.000000,50.000000,-180.000000,50.000000,-180.000000,0,12,true,0
756,2026-09-07T04:58:48.66Z,pmu-4,1,1788757128,660000,2026-09-07T04:58:37.3191028Z,-11340.897,60.006691,0.006691,0.000069,0.000000,0.000000,0.000000,1.000000,88.987991,100.367935,88.985497,101.708267,89.014458,102.807053,89.002930,100.518494,0,7,true,0
757,2026-09-07T04:58:49.08Z,pmu-2,1,1788757129,80000,2026-09-07T04:58:37.3191028Z,-11760.897,60.004284,0.004284,-0.000107,0.000000,0.000000,0.000000,1.000000,50.000000,-180.000000,50.000000,-180.000000,50.000000,-180.000000,50.000000,-180.000000,0,2,true,0
758,2026-09-07T04:58:48.82Z,pmu-1,1,1788757128,820000,2026-09-07T04:58:37.3191028Z,-11500.897,59.995804,-0.004196,-0.000178,0.000000,0.000000,0.000000,1.000000,61.983555,-93.658821,61.998142,-93.027107,62.005253,-92.228180,61.991043,-95.330498,0,3,true,0
759,2026-09-07T04:58:48.98Z,pmu-3,1,1788757128,980000,2026-09-07T04:58:37.3191028Z,-11660.897,59.992428,-0.007572,-0.000096,0.000000,0.000000,0.000000,1.000000,52.999943,-158.270950,53.006889,-158.541061,52.994999,-158.473709,52.991505,-158.964859,0,13,true,0
760,2026-09-07T04:58:49.1Z,pmu-2,1,1788757129,100000,2026-09-07T04:58:37.3191028Z,-11780.897,59.991367,-0.008633,-0.000258,0.000000,0.000000,0.000000,1.000000,53.000065,-158.925049,52.999191,-158.158371,52.995495,-157.969666,52.990192,-158.756943,0,3,true,0
761,2026-09-07T04:58:49.18Z,pmu-5,1,1788757129,180000,2026-09-07T04:58:37.3191028Z,-11860.897,60.008564,0.008564,0.000231,0.000000,0.000000,0.000000,1.000000,62.012138,-94.485664,61.997944,-93.340546,61.991364,-93.812042,62.009987,-92.750221,0,15,true,0
762,2026-09-07T04:58:49.2Z,pmu-5,1,1788757129,200000,2026-09-07T04:58:37.3191028Z,-11880.897,59.994755,-0.005245,-0.000276,0.000000,0.000000,0.000000,1.000000,65.018959,-73.293930,64.998222,-71.609283,64.984299,-71.991943,65.016808,-70.969849,0,0,true,0
763,2026-09-07T04:58:48.84Z,pmu-1,1,1788757128,840000,2026-09-07T04:58:37.3191028Z,-11520.897,60.002598,0.002598,0.000136,0.000000,0.000000,0.000000,1.000000,64.992126,-72.191521,64.994682,-71.102867,65.012177,-70.656029,64.996651,-73.798119,0,4,true,0
764,2026-09-07T04:58:48.68Z,pmu-4,1,1788757128,680000,2026-09-07T04:58:37.3191028Z,-11360.897,59.994713,-0.005287,-0.000240,0.000000,0.000000,0.000000,1.000000,91.989311,122.300087,91.983047,123.175316,92.009949,124.614876,92.004768,122.476685,0,8,true,0
765,2026-09-07T04:58:49Z,pmu-3,1,1788757129,0,2026-09-07T04:58:37.3191028Z,-11680.897,60.001282,0.001282,0.000177,0.000000,0.000000,0.000000,1.000000,55.994633,-137.075516,56.000111,-137.354797,55.996090,-136.741623,55.993420,-137.597214,0,14,true,0
766,2026-09-07T04:58:49.02Z,pmu-3,1,1788757129,20000,2026-09-07T04:58:37.3641732Z,-11655.827,59.997284,-0.002716,-0.000080,0.000000,0.000000,0.000000,1.000000,58.987766,-115.956039,58.994823,-115.911423,58.995239,-114.651596,58.984154,-116.539543,0,15,true,0
767,2026-09-07T04:58:49.12Z,pmu-2,1,1788757129,120000,2026-09-07T04:58:37.3641732Z,-11755.827,59.996700,-0.003300,0.000107,0.000000,0.000000,0.000000,1.000000,56.008850,-136.880188,56.006126,-136.011993,55.995972,-136.440781,55.990719,-137.182663,0,4,true,0
768,2026-09-07T04:58:48.86Z,pmu-1,1,1788757128,860000,2026-09-07T04:58:37.3641732Z,-11495.827,60.000694,0.000694,-0.000038,0.000000,0.000000,0.000000,1.000000,67.982536,-50.615005,68.003265,-49.015907,68.002975,-49.339741,67.993454,-52.443180,0,5,true,0
769,2026-09-07T04:58:49.22Z,pmu-5,1,1788757129,220000,2026-09-07T04:58:37.3641732Z,-11855.827,59.994854,-0.005146,0.000002,0.000000,0.000000,0.000000,1.000000,68.016731,-51.429775,68.001556,-49.898998,67.991760,-50.044376,68.025047,-48.924892,0,1,true,0
770,2026-09-07T04:58:48.7Z,pmu-4,1,1788757128,700000,2026-09-07T04:58:37.3641732Z,-11335.827,60.008873,0.008873,0.000283,0.000000,0.000000,0.000000,1.000000,94.996628,143.701050,94.977203,145.093933,95.019714,146.553726,95.010262,144.039902,0,9,true,0
771,2026-09-07T04:58:49.24Z,pmu-5,1,1788757129,240000,2026-09-07T04:58:37.4104004Z,-11829.600,59.997868,-0.002132,0.000060,0.000000,0.000000,0.000000,1.000000,71.009109,-29.516409,70.995064,-28.454603,70.981972,-28.089535,71.030106,-27.115881,0,2,true,0
772,2026-09-07T04:58:49.26Z,pmu-5,1,1788757129,260000,2026-09-07T04:58:37.4104004Z,-11849.600,59.994873,-0.005127,-0.000060,0.000000,0.000000,0.000000,1.000000,74.011414,-8.326539,73.991074,-6.451853,73.980476,-6.592788,74.020363,-5.397205,0,3,true,0
773,2026-09-07T04:58:49.14Z,pmu-2,1,1788757129,140000,2026-09-07T04:58:37.4104004Z,-11729.600,59.996532,-0.003468,-0.000003,0.000000,0.000000,0.000000,1.000000,59.017368,-115.546158,59.002110,-114.911964,58.990761,-114.469513,58.995026,-115.131485,0,5,true,0
774,2026-09-07T04:58:48.72Z,pmu-4,1,1788757128,720000,2026-09-07T04:58:37.4104004Z,-11309.600,60.009834,0.009834,0.000019,0.000000,0.000000,0.000000,1.000000,97.995842,164.982758,97.973572,167.124725,98.014359,167.652679,98.011101,166.056961,0,10,true,0
775,2026-09-07T04:58:48.88Z,pmu-1,1,1788757128,880000,2026-09-07T04:58:37.4104004Z,-11469.600,60.000267,0.000267,-0.000009,0.000000,0.000000,0.000000,1.000000,70.987770,-28.914408,70.994522,-27.593998,71.005051,-27.460577,70.993195,-31.346613,0,6,true,0
776,2026-09-07T04:58:49.04Z,pmu-3,1,1788757129,40000,2026-09-07T04:58:37.4104004Z,-11629.600,59.996925,-0.003075,-0.000007,0.000000,0.000000,0.000000,1.000000,61.996277,-94.065895,61.993248,-94.303261,61.985306,-92.929558,61.984684,-95.419724,0,0,true,0
777,2026-09-07T04:58:49.16Z,pmu-2,1,1788757129,160000,2026-09-07T04:58:37.4104004Z,-11749.600,59.990376,-0.009624,-0.000123,0.000000,0.000000,0.000000,1.000000,62.017418,-93.443253,61.994549,-93.586967,61.983654,-92.718590,61.995926,-93.271530,0,6,true,0
778,2026-09-07T04:58:49.06Z,pmu-3,1,1788757129,60000,2026-09-07T04:58:37.4104004Z,-11649.600,59.997375,-0.002625,0.000009,0.000000,0.000000,0.000000,1.000000,64.997971,-73.001190,64.990952,-73.101326,64.989555,-71.739861,64.977020,-73.907974,0,1,true,0
779,2026-09-07T04:58:48.9Z,pmu-1,1,1788757128,900000,2026-09-07T04:58:37.4104004Z,-11489.600,60.006153,0.006153,0.000118,0.000000,0.000000,0.000000,1.000000,73.993904,-7.185624,73.995903,-6.174399,74.013901,-5.485279,73.997292,-9.271226,0,7,true,0
780,2026-09-07T04:58:48.74Z,pmu-4,1,1788757128,740000,2026-09-07T04:58:37.4104004Z,-11329.600,59.991184,-0.008816,-0.000373,0.000000,0.000000,0.000000,1.000000,50.000000,-180.000000,50.000000,-180.000000,50.000000,-180.000000,50.000000,-180.000000,0,11,true,0
781,2026-09-07T04:58:49.08Z,pmu-3,1,1788757129,80000,2026-09-07T04:58:37.4525059Z,-11627.494,60.001575,0.001575,0.000084,0.000000,0.000000,0.000000,1.000000,67.992828,-51.641113,67.982758,-51.533478,67.987022,-50.636509,67.983337,-52.227695,0,2,true,0
782,2026-09-07T04:58:49.18Z,pmu-2,1,1788757129,180000,2026-09-07T04:58:37.4525059Z,-11727.494,60.006561,0.006561,0.000324,0.000000,0.000000,0.000000,1.000000,65.011024,-71.647957,64.990234,-71.706757,64.991722,-71.321861,64.997345,-71.672386,0,7,true,0
783,2026-09-07T04:58:48.76Z,pmu-4,1,1788757128,760000,2026-09-07T04:58:37.4525059Z,-11307.494,59.999271,-0.000729,0.000162,0.000000,0.000000,0.000000,1.000000,52.999126,-158.879517,53.004955,-158.505005,53.009274,-158.403458,53.000370,-158.864166,0,12,true,0
784,2026-09-07T04:58:48.92Z,pmu-1,1,1788757128,920000,2026-09-07T04:58:37.4525059Z,-11467.494,59.991657,-0.008343,-0.000290,0.000000,0.000000,0.000000,1.000000,76.984512,14.046178,76.992188,15.426074,77.018936,16.589340,76.990204,12.029295,0,8,true,0
785,2026-09-07T04:58:49.28Z,pmu-5,1,1788757129,280000,2026-09-07T04:58:37.4525059Z,-11827.494,60.003479,0.003479,0.000172,0.000000,0.000000,0.000000,1.000000,77.007584,13.291279,76.983002,14.818698,76.972252,14.673461,77.019608,16.654543,0,4,true,0
786,2026-09-07T04:58:49.3Z,pmu-5,1,1788757129,300000,2026-09-07T04:58:37.4977553Z,-11802.245,60.006031,0.006031,0.000051,0.000000,0.000000,0.000000,1.000000,80.011696,35.033878,79.988670,36.496704,79.975266,35.867985,80.021675,38.755074,0,5,true,0
787,2026-09-07T04:58:48.78Z,pmu-4,1,1788757128,780000,2026-09-07T04:58:37.4977553Z,-11282.245,60.003174,0.003174,0.000078,0.000000,0.000000,0.000000,1.000000,56.001465,-136.804825,56.005981,-137.374313,56.015148,-136.328415,55.992130,-137.295029,0,13,true,0
788,2026-09-07T04:58:48.94Z,pmu-1,1,1788757128,940000,2026-09-07T04:58:37.4977553Z,-11442.245,60.006557,0.006557,0.000298,0.000000,0.000000,0.000000,1.000000,79.984032,36.100269,79.998322,37.411236,80.015717,38.569427,79.999786,33.594097,0,9,true,0
789,2026-09-07T04:58:49.2Z,pmu-2,1,1788757129,200000,2026-09-07T04:58:37.4977553Z,-11702.245,60.003426,0.003426,-0.000063,0.000000,0.000000,0.000000,1.000000,68.012779,-50.077625,67.980682,-49.649727,67.994873,-50.185879,68.000252,-49.704395,0,8,true,0
790,2026-09-07T04:58:49.1Z,pmu-3,1,1788757129,100000,2026-09-07T04:58:37.4977553Z,-11602.245,59.991623,-0.008377,-0.000199,0.000000,0.000000,0.000000,1.000000,70.987190,-29.586430,70.974953,-30.111429,70.980644,-29.329239,70.985573,-30.888636,0,3,true,0
791,2026-09-07T04:58:49.12Z,pmu-3,1,1788757129,120000,2026-09-07T04:58:37.5435688Z,-11576.431,59.994667,-0.005333,0.000061,0.000000,0.000000,0.000000,1.000000,73.980194,-7.809245,73.980476,-8.022122,73.989929,-7.730689,73.995171,-9.762589,0,4,true,0
792,2026-09-07T04:58:48.8Z,pmu-4,1,1788757128,800000,2026-09-07T04:58:37.5435688Z,-11256.431,60.004536,0.004536,0.000027,0.000000,0.000000,0.000000,1.000000,59.010391,-114.855301,59.004284,-115.228668,59.017582,-114.797859,58.985100,-115.250343,0,14,true,0
793,2026-09-07T04:58:49.32Z,pmu-5,1,1788757129,320000,2026-09-07T04:58:37.5435688Z,-11776.431,59.996006,-0.003994,-0.000201,0.000000,0.000000,0.000000,1.000000,83.003517,56.763885,82.995384,57.872200,82.975342,57.696575,83.021042,60.810246,0,6,true,0
794,2026-09-07T04:58:48.96Z,pmu-1,1,1788757128,960000,2026-09-07T04:58:37.5435688Z,-11416.431,60.000107,0.000107,-0.000129,0.000000,0.000000,0.000000,1.000000,82.977112,57.811951,82.994347,59.393944,83.024666,59.984203,82.992561,55.360058,0,10,true,0
795,2026-09-07T04:58:49.22Z,pmu-2,1,1788757129,220000,2026-09-07T04:58:37.5435688Z,-11676.431,60.001518,0.001518,-0.000038,0.000000,0.000000,0.000000,1.000000,71.011124,-27.941143,70.973579,-27.757101,70.999352,-28.577364,70.996979,-28.122879,0,9,true,0
796,2026-09-07T04:58:49.14Z,pmu-3,1,1788757129,140000,2026-09-07T04:58:37.5435688Z,-11596.431,60.003296,0.003296,0.000173,0.000000,0.000000,0.000000,1.000000,76.972054,13.706667,76.986450,13.592549,76.985588,13.947805,76.987137,11.894574,0,5,true,0
797,2026-09-07T04:58:49.34Z,pmu-5,1,1788757129,340000,2026-09-07T04:58:37.5435688Z,-11796.431,60.003544,0.003544,0.000151,0.000000,0.000000,0.000000,1.000000,85.995354,78.248039,85.986740,79.305473,85.973289,78.747223,86.021172,82.582748,0,7,true,0
798,2026-09-07T04:58:48.98Z,pmu-1,1,1788757128,980000,2026-09-07T04:58:37.5435688Z,-11436.431,59.991093,-0.008907,-0.000180,0.000000,0.000000,0.000000,1.000000,85.973228,79.332542,86.002754,80.595741,86.032791,81.294762,85.991318,76.936432,0,11,true,0
799,2026-09-07T04:58:49.24Z,pmu-2,1,1788757129,240000,2026-09-07T04:58:37.5435688Z,-11696.431,59.998955,-0.001045,-0.000051,0.000000,0.000000,0.000000,1.000000,74.010262,-5.937762,73.968941,-5.814012,74.006889,-6.657217,74.002403,-6.516076,0,10,true,0
800,2026-09-07T04:58:48.82Z,pmu-4,1,1788757128,820000,2026-09-07T04:58:37.5435688Z,-11276.431,60.001923,0.001923,-0.000052,0.000000,0.000000,0.000000,1.000000,62.007015,-93.718903,61.998592,-93.946190,62.023235,-92.739670,61.985302,-94.084671,0,15,true,0
801,2026-09-07T04:58:50Z,pmu-1,1,1788757130,0,2026-09-07T04:58:37.5435688Z,-12456.431,60.001572,0.001572,0.000210,0.000000,0.000000,0.000000,1.000000,88.982574,101.107002,89.008430,102.516273,89.028526,103.109612,88.992416,98.595345,0,12,true,0
802,2026-09-07T04:58:49.16Z,pmu-3,1,1788757129,160000,2026-09-07T04:58:37.5896175Z,-11570.383,60.004829,0.004829,0.000031,0.000000,0.000000,0.000000,1.000000,79.977814,35.564041,79.977570,34.661350,79.991135,35.005623,79.981743,33.301231,0,6,true,0
803,2026-09-07T04:58:48.84Z,pmu-4,1,1788757128,840000,2026-09-07T04:58:37.5896175Z,-11250.382,59.994209,-0.005791,-0.000154,0.000000,0.000000,0.000000,1.000000,65.005470,-72.636848,64.996376,-72.796402,65.014450,-70.966301,64.983467,-72.333405,0,0,true,0
804,2026-09-07T04:58:49.36Z,pmu-5,1,1788757129,360000,2026-09-07T04:58:37.5896175Z,-11770.382,59.991711,-0.008289,-0.000237,0.000000,0.000000,0.000000,1.000000,88.993263,99.280533,88.981339,101.031700,88.974388,100.514618,89.027481,104.204231,0,8,true,0
805,2026-09-07T04:58:49.26Z,pmu-2,1,1788757129,260000,2026-09-07T04:58:37.5896175Z,-11670.382,60.008804,0.008804,0.000197,0.000000,0.000000,0.000000,1.000000,77.015602,15.933322,76.970154,15.844270,77.004196,15.011521,77.011490,15.055545,0,11,true,0
806,2026-09-07T04:58:50.02Z,pmu-1,1,1788757130,20000,2026-09-07T04:58:37.5896175Z,-12430.382,60.007057,0.007057,0.000110,0.000000,0.000000,0.000000,1.000000,91.981400,122.458298,92.003838,124.332909,92.029793,125.234978,91.986252,119.957809,0,13,true,0
807,2026-09-07T04:58:49.18Z,pmu-3,1,1788757129,180000,2026-09-07T04:58:37.5896175Z,-11590.382,60.005234,0.005234,0.000008,0.000000,0.000000,0.000000,1.000000,82.986481,57.159023,82.975166,56.466930,82.992149,56.926964,82.977966,55.079430,0,7,true,0
808,2026-09-07T04:58:48.86Z,pmu-4,1,1788757128,860000,2026-09-07T04:58:37.5896175Z,-11270.382,60.009354,0.009354,0.000303,0.000000,0.000000,0.000000,1.000000,68.004509,-51.427708,67.988533,-50.652191,68.020409,-48.857727,67.985123,-50.520271,0,1,true,0
809,2026-09-07T04:58:50.04Z,pmu-1,1,1788757130,40000,2026-09-07T04:58:37.5896175Z,-12450.382,60.008381,0.008381,0.000026,0.000000,0.000000,0.000000,1.000000,94.972153,144.465881,95.008995,145.793106,95.029366,146.445023,94.985046,141.945282,0,14,true,0
810,2026-09-07T04:58:49.38Z,pmu-5,1,1788757129,380000,2026-09-07T04:58:37.5896175Z,-11790.382,59.995564,-0.004436,0.000077,0.000000,0.000000,0.000000,1.000000,91.991623,120.924019,91.979691,122.712952,91.981667,122.294525,92.027496,126.306976,0,9,true,0
811,2026-09-07T04:58:49.28Z,pmu-2,1,1788757129,280000,2026-09-07T04:58:37.5896175Z,-11690.382,60.006123,0.006123,-0.000054,0.000000,0.000000,0.000000,1.000000,80.017204,37.797901,79.978180,37.648140,80.005386,36.901489,80.016609,36.528091,0,12,true,0
812,2026-09-07T04:58:49.2Z,pmu-3,1,1788757129,200000,2026-09-07T04:58:37.6359475Z,-11564.053,60.006939,0.006939,0.000034,0.000000,0.000000,0.000000,1.000000,85.991440,78.388931,85.978836,77.852112,86.002022,78.569504,85.975975,76.633949,0,8,true,0
813,2026-09-07T04:58:50.06Z,pmu-1,1,1788757130,60000,2026-09-07T04:58:37.6359475Z,-12424.052,59.992722,-0.007278,-0.000313,0.000000,0.000000,0.000000,1.000000,97.975075,165.982697,98.013206,167.685135,98.024063,167.850937,97.978928,163.346481,0,15,true,0
814,2026-09-07T04:58:49.4Z,pmu-5,1,1788757129,400000,2026-09-07T04:58:37.6359475Z,-11764.052,60.003403,0.003403,0.000157,0.000000,0.000000,0.000000,1.000000,94.992233,142.550919,94.986755,144.560638,94.975975,143.908981,95.030159,148.191559,0,10,true,0
815,2026-09-07T04:58:49.3Z,pmu-2,1,1788757129,300000,2026-09-07T04:58:37.6359475Z,-11664.052,60.008446,0.008446,0.000046,0.000000,0.000000,0.000000,1.000000,83.015755,59.958549,82.970116,59.698414,83.014755,58.988808,83.006638,57.656933,0,13,true,0
816,2026-09-07T04:58:48.88Z,pmu-4,1,1788757128,880000,2026-09-07T04:58:37.6359475Z,-11244.052,60.006733,0.006733,-0.000052,0.000000,0.000000,0.000000,1.000000,71.006157,-30.294210,70.987503,-28.502909,71.023026,-26.701590,70.984451,-28.470867,0,2,true,0
817,2026-09-07T04:58:49.22Z,pmu-3,1,1788757129,220000,2026-09-07T04:58:37.684233Z,-11535.767,59.996372,-0.003628,-0.000211,0.000000,0.000000,0.000000,1.000000,88.984695,100.226616,88.984909,99.255875,88.997673,100.473984,88.980957,97.763397,0,9,true,0
818,2026-09-07T04:58:49.32Z,pmu-2,1,1788757129,320000,2026-09-07T04:58:37.6849197Z,-11635.080,59.993980,-0.006020,-0.000289,0.000000,0.000000,0.000000,1.000000,86.016579,81.154053,85.975807,81.783592,86.006416,80.482162,86.012131,79.651779,0,14,true,0
819,2026-09-07T04:58:49.42Z,pmu-5,1,1788757129,420000,2026-09-07T04:58:37.6849197Z,-11735.080,60.007164,0.007164,0.000075,0.000000,0.000000,0.000000,1.000000,97.992188,163.970871,97.987206,166.211060,97.975311,165.654831,98.020264,169.465103,0,11,true,0
820,2026-09-07T04:58:50.08Z,pmu-1,1,1788757130,80000,2026-09-07T04:58:37.6849197Z,-12395.080,60.009216,0.009216,0.000330,0.000000,0.000000,0.000000,1.000000,50.000000,-180.000000,50.000000,-180.000000,50.000000,-180.000000,50.000000,-180.000000,0,0,true,0
821,2026-09-07T04:58:48.9Z,pmu-4,1,1788757128,900000,2026-09-07T04:58:37.6849197Z,-11215.080,59.991066,-0.008934,-0.000313,0.000000,0.000000,0.000000,1.000000,74.015572,-8.832191,73.979279,-7.030887,74.026535,-4.927658,73.985214,-7.253508,0,3,true,0
822,2026-09-07T04:58:49.24Z,pmu-3,1,1788757129,240000,2026-09-07T04:58:37.6849197Z,-11555.080,60.009888,0.009888,0.000270,0.000000,0.000000,0.000000,1.000000,91.979080,121.719200,91.983063,120.372864,91.994118,121.984749,91.971558,118.966309,0,10,true,0
823,2026-09-07T04:58:49.34Z,pmu-2,1,1788757129,340000,2026-09-07T04:58:37.6849197Z,-11655.080,59.999928,-0.000072,0.000119,0.000000,0.000000,0.000000,1.000000,89.022583,102.696686,88.975685,103.920425,89.005127,102.456345,89.015724,101.503593,0,15,true,0
824,2026-09-07T04:58:48.92Z,pmu-4,1,1788757128,920000,2026-09-07T04:58:37.6849197Z,-11235.080,59.990341,-0.009659,-0.000014,0.000000,0.000000,0.000000,1.000000,77.005745,12.195936,76.976089,15.035233,77.035233,16.385523,76.992813,14.620897,0,4,true,0
825,2026-09-07T04:58:49.44Z,pmu-5,1,1788757129,440000,2026-09-07T04:58:37.6849197Z,-11755.080,59.991863,-0.008137,-0.000306,0.000000,0.000000,0.000000,1.000000,50.000000,-180.000000,50.000000,-180.000000,50.000000,-180.000000,50.000000,-180.000000,0,12,true,0
826,2026-09-07T04:58:50.1Z,pmu-1,1,1788757130,100000,2026-09-07T04:58:37.6849197Z,-12415.080,60.003582,0.003582,-0.000113,0.000000,0.000000,0.000000,1.000000,52.998009,-158.716553,52.991093,-158.101120,53.009510,-158.044815,52.990803,-158.639297,0,1,true,0
827,2026-09-07T04:58:49.46Z,pmu-5,1,1788757129,460000,2026-09-07T04:58:37.7355937Z,-11724.406,59.992775,-0.007225,0.000018,0.000000,0.000000,0.000000,1.000000,53.005047,-158.553131,53.008308,-158.441315,53.004128,-158.533508,52.999374,-158.258148,0,13,true,0
828,2026-09-07T04:58:49.26Z,pmu-3,1,1788757129,260000,2026-09-07T04:58:37.7355937Z,-11524.406,60.003510,0.003510,-0.000128,0.000000,0.000000,0.000000,1.000000,94.975792,142.868500,94.978546,141.423553,94.997574,144.060516,94.974533,140.129028,0,11,true,0
829,2026-09-07T04:58:48.94Z,pmu-4,1,1788757128,940000,2026-09-07T04:58:37.7355937Z,-11204.406,59.992119,-0.007881,0.000036,0.000000,0.000000,0.000000,1.000000,80.003258,33.667400,79.983490,37.051201,80.035492,38.549770,79.994148,36.675335,0,5,true,0
830,2026-09-07T04:58:50.12Z,pmu-1,1,1788757130,120000,2026-09-07T04:58:37.7355937Z,-12384.406,59.995510,-0.004490,-0.000161,0.000000,0.000000,0.000000,1.000000,56.000519,-137.266113,55.998474,-136.670547,56.009953,-136.196320,55.998379,-136.941711,0,2,true,0
831,2026-09-07T04:58:49.36Z,pmu-2,1,1788757129,360000,2026-09-07T04:58:37.7355937Z,-11624.406,59.999424,-0.000576,-0.000010,0.000000,0.000000,0.000000,1.000000,92.022438,124.766434,91.976814,125.580803,91.996399,123.815224,92.018898,122.587921,0,0,true,0
832,2026-09-07T04:58:49.28Z,pmu-3,1,1788757129,280000,2026-09-07T04:58:37.7818554Z,-11498.145,60.007580,0.007580,0.000081,0.000000,0.000000,0.000000,1.000000,97.966827,164.071777,97.982040,162.737427,97.992332,165.816360,97.969528,161.734619,0,12,true,0
833,2026-09-07T04:58:49.38Z,pmu-2,1,1788757129,380000,2026-09-07T04:58:37.7818554Z,-11598.145,60.007465,0.007465,0.000161,0.000000,0.000000,0.000000,1.000000,95.025230,146.232239,94.984116,147.629959,94.997368,145.277100,95.027351,144.023010,0,1,true,0
834,2026-09-07T04:58:48.96Z,pmu-4,1,1788757128,960000,2026-09-07T04:58:37.7818554Z,-11178.145,60.007275,0.007275,0.000303,0.000000,0.000000,0.000000,1.000000,82.994553,55.103748,82.984375,58.114471,83.042824,60.665131,82.996231,58.400974,0,6,true,0
835,2026-09-07T04:58:49.48Z,pmu-5,1,1788757129,480000,2026-09-07T04:58:37.7818554Z,-11698.145,60.000938,0.000938,0.000163,0.000000,0.000000,0.000000,1.000000,56.000145,-136.430573,56.004936,-136.714600,56.005363,-137.084961,55.999840,-136.213364,0,14,true,0
836,2026-09-07T04:58:50.14Z,pmu-1,1,1788757130,140000,2026-09-07T04:58:37.7818554Z,-12358.145,59.994923,-0.005077,-0.000012,0.000000,0.000000,0.000000,1.000000,59.002537,-115.734001,59.007671,-115.638985,59.010384,-115.088074,59.003689,-115.325256,0,3,true,0
837,2026-09-07T04:58:49.3Z,pmu-3,1,1788757129,300000,2026-09-07T04:58:37.7818554Z,-11518.145,59.995060,-0.004940,-0.000250,0.000000,0.000000,0.000000,1.000000,50.000000,-180.000000,50.000000,-180.000000,50.000000,-180.000000,50.000000,-180.000000,0,13,true,0
838,2026-09-07T04:58:49.5Z,pmu-5,1,1788757129,500000,2026-09-07T04:58:37.7818554Z,-11718.145,59.998852,-0.001148,-0.000042,0.000000,0.000000,0.000000,1.000000,58.994728,-114.780930,58.996796,-115.085625,59.010605,-115.664978,59.003429,-114.740952,0,15,true,0
839,2026-09-07T04:58:48.98Z,pmu-4,1,1788757128,980000,2026-09-07T04:58:37.7818554Z,-11198.145,60.008434,0.008434,0.000023,0.000000,0.000000,0.000000,1.000000,85.987640,76.659462,85.979263,79.816956,86.038506,82.774124,86.004005,79.700272,0,7,true,0
840,2026-09-07T04:58:49.4Z,pmu-2,1,1788757129,400000,2026-09-07T04:58:37.7818554Z,-11618.145,59.990112,-0.009888,-0.000347,0.000000,0.000000,0.000000,1.000000,98.023087,167.686172,97.983498,169.504440,98.000443,166.464905,98.023170,165.342026,0,2,true,0
841,2026-09-07T04:58:50.16Z,pmu-1,1,1788757130,160000,2026-09-07T04:58:37.7823789Z,-12377.621,60.007771,0.007771,0.000257,0.000000,0.000000,0.000000,1.000000,62.011738,-93.686317,62.013382,-93.681274,62.006634,-93.938736,62.013500,-94.040329,0,4,true,0
842,2026-09-07T04:58:50Z,pmu-4,1,1788757130,0,2026-09-07T04:58:37.7823789Z,-12217.621,60.009224,0.009224,0.000016,0.000000,0.000000,0.000000,1.000000,88.996017,98.342117,88.976776,101.367981,89.031204,103.845726,89.008804,101.486374,0,8,true,0
843,2026-09-07T04:58:49.32Z,pmu-3,1,1788757129,320000,2026-09-07T04:58:37.8274485Z,-11492.551,59.993591,-0.006409,-0.000029,0.000000,0.000000,0.000000,1.000000,52.992035,-158.380234,52.999023,-158.433563,52.995399,-158.625900,52.994289,-158.702316,0,14,true,0
844,2026-09-07T04:58:50.02Z,pmu-4,1,1788757130,20000,2026-09-07T04:58:37.8274485Z,-12192.551,59.991032,-0.008968,-0.000364,0.000000,0.000000,0.000000,1.000000,92.000519,119.532234,91.986526,122.458176,92.033028,125.830292,92.005852,122.544960,0,9,true,0
845,2026-09-07T04:58:50.18Z,pmu-1,1,1788757130,180000,2026-09-07T04:58:37.8274485Z,-12352.552,60.002548,0.002548,-0.000104,0.000000,0.000000,0.000000,1.000000,65.014931,-72.460526,65.011795,-72.411987,64.999008,-71.839775,65.011154,-72.000160,0,5,true,0
846,2026-09-07T04:58:49.52Z,pmu-5,1,1788757129,520000,2026-09-07T04:58:37.8274485Z,-11692.551,59.996956,-0.003044,-0.000038,0.000000,0.000000,0.000000,1.000000,62.001602,-93.641388,61.995056,-94.003433,62.020405,-93.526192,62.001049,-93.644028,0,0,true,0
847,2026-09-07T04:58:49.42Z,pmu-2,1,1788757129,420000,2026-09-07T04:58:37.8274485Z,-11592.552,60.004810,0.004810,0.000294,0.000000,0.000000,0.000000,1.000000,50.000000,-180.000000,50.000000,-180.000000,50.000000,-180.000000,50.000000,-180.000000,0,3,true,0
848,2026-09-07T04:58:49.34Z,pmu-3,1,1788757129,340000,2026-09-07T04:58:37.8736208Z,-11466.379,60.003277,0.003277,0.000194,0.000000,0.000000,0.000000,1.000000,55.995365,-136.942307,56.000359,-136.797379,56.005020,-136.521790,55.996620,-136.957092,0,15,true,0
849,2026-09-07T04:58:49.36Z,pmu-3,1,1788757129,360000,2026-09-07T04:58:37.8736208Z,-11486.379,60.001022,0.001022,-0.000045,0.000000,0.000000,0.000000,1.000000,58.986839,-115.417152,58.993813,-115.384560,59.014378,-114.612213,58.993847,-115.757950,0,0,true,0
850,2026-09-07T04:58:50.2Z,pmu-1,1,1788757130,200000,2026-09-07T04:58:37.8736208Z,-12326.379,60.004063,0.004063,0.000030,0.000000,0.000000,0.000000,1.000000,68.023376,-50.412491,68.012856,-50.890266,68.004982,-49.868248,68.002945,-50.172123,0,6,true,0
851,2026-09-07T04:58:49.44Z,pmu-2,1,1788757129,440000,2026-09-07T04:58:37.8736208Z,-11566.379,59.991386,-0.008614,-0.000268,0.000000,0.000000,0.000000,1.000000,52.994129,-158.081284,53.007797,-158.597961,52.995617,-158.338196,53.003178,-158.651428,0,4,true,0
852,2026-09-07T04:58:50.04Z,pmu-4,1,1788757130,40000,2026-09-07T04:58:37.8736208Z,-12166.379,59.992031,-0.007969,0.000020,0.000000,0.000000,0.000000,1.000000,95.007675,140.622574,94.989487,144.557999,95.023865,147.007645,95.000122,144.512573,0,10,true,0
853,2026-09-07T04:58:49.54Z,pmu-5,1,1788757129,540000,2026-09-07T04:58:37.8736208Z,-11666.379,60.005470,0.005470,0.000170,0.000000,0.000000,0.000000,1.000000,65.001640,-72.308792,64.999435,-71.943192,65.019951,-71.472519,65.003990,-71.710594,0,1,true,0
854,2026-09-07T04:58:50.22Z,pmu-1,1,1788757130,220000,2026-09-07T04:58:37.8736208Z,-12346.379,60.009556,0.009556,0.000110,0.000000,0.000000,0.000000,1.000000,71.015182,-29.223143,71.020622,-29.228945,71.009491,-28.252390,71.003990,-28.010357,0,7,true,0
855,2026-09-07T04:58:50.06Z,pmu-4,1,1788757130,60000,2026-09-07T04:58:37.8741736Z,-12185.826,60.000469,0.000469,0.000169,0.000000,0.000000,0.000000,1.000000,98.004120,162.014954,97.998695,166.500504,98.014511,168.803238,97.992432,166.542953,0,11,true,0
856,2026-09-07T04:58:49.46Z,pmu-2,1,1788757129,460000,2026-09-07T04:58:37.8741736Z,-11585.826,60.004551,0.004551,0.000263,0.000000,0.000000,0.000000,1.000000,55.994358,-136.814575,56.009018,-137.086166,55.997643,-136.511841,56.003944,-137.022064,0,5,true,0
857,2026-09-07T04:58:49.56Z,pmu-5,1,1788757129,560000,2026-09-07T04:58:37.8741736Z,-11685.826,60.007744,0.007744,0.000045,0.000000,0.000000,0.000000,1.000000,67.999374,-50.488735,68.000351,-50.517574,68.019379,-49.915764,67.997276,-50.513554,0,2,true,0
858,2026-09-07T04:58:49.38Z,pmu-3,1,1788757129,380000,2026-09-07T04:58:37.9251483Z,-11454.852,60.005856,0.005856,0.000097,0.000000,0.000000,0.000000,1.000000,61.982468,-94.185211,61.984016,-93.660530,62.016842,-92.963905,62.000118,-94.496178,0,1,true,0
859,2026-09-07T04:58:49.4Z,pmu-3,1,1788757129,400000,2026-09-07T04:58:37.9251483Z,-11474.852,60.001278,0.001278,-0.000092,0.000000,0.000000,0.000000,1.000000,64.979622,-72.121010,64.979156,-72.454613,65.022545,-71.790749,65.002113,-73.170441,0,2,true,0
860,2026-09-07T04:58:49.48Z,pmu-2,1,1788757129,480000,2026-09-07T04:58:37.9251483Z,-11554.852,60.000195,0.000195,-0.000087,0.000000,0.000000,0.000000,1.000000,58.991848,-115.766380,58.999393,-115.602890,58.999130,-114.556503,59.005608,-114.875023,0,6,true,0
861,2026-09-07T04:58:49.58Z,pmu-5,1,1788757129,580000,2026-09-07T04:58:37.9251483Z,-11654.852,59.994930,-0.005070,-0.000256,0.000000,0.000000,0.000000,1.000000,71.008385,-28.699625,71.000893,-28.950115,71.010529,-28.750301,70.997528,-29.310602,0,3,true,0
862,2026-09-07T04:58:50.08Z,pmu-4,1,1788757130,80000,2026-09-07T04:58:37.9251483Z,-12154.852,59.996906,-0.003094,-0.000071,0.000000,0.000000,0.000000,1.000000,50.000000,-180.000000,50.000000,-180.000000,50.000000,-180.000000,50.000000,-180.000000,0,12,true,0
863,2026-09-07T04:58:50.24Z,pmu-1,1,1788757130,240000,2026-09-07T04:58:37.9251483Z,-12314.852,60.005669,0.005669,-0.000078,0.000000,0.000000,0.000000,1.000000,74.023933,-7.748532,74.025429,-7.487046,74.010239,-6.111989,74.012787,-5.878420,0,8,true,0
864,2026-09-07T04:58:49.5Z,pmu-2,1,1788757129,500000,2026-09-07T04:58:37.9251483Z,-11574.852,60.007893,0.007893,0.000154,0.000000,0.000000,0.000000,1.000000,61.997013,-94.374123,61.995285,-94.512093,61.997017,-92.424324,62.010212,-92.711472,0,7,true,0
865,2026-09-07T04:58:50.1Z,pmu-4,1,1788757130,100000,2026-09-07T04:58:37.9251483Z,-12174.852,59.999168,-0.000832,0.000045,0.000000,0.000000,0.000000,1.000000,53.009979,-158.899445,53.006618,-157.943817,53.000229,-158.710083,52.991409,-158.891449,0,13,true,0
866,2026-09-07T04:58:50.26Z,pmu-1,1,1788757130,260000,2026-09-07T04:58:37.9251483Z,-12334.852,60.007809,0.007809,0.000043,0.000000,0.000000,0.000000,1.000000,77.015297,14.042187,77.019569,13.886741,77.016258,15.687470,77.020927,15.893099,0,9,true,0
867,2026-09-07T04:58:49.6Z,pmu-5,1,1788757129,600000,2026-09-07T04:58:37.9251483Z,-11674.852,59.999596,-0.000404,0.000093,0.000000,0.000000,0.000000,1.000000,73.999382,-6.605178,73.998390,-7.126069,74.017258,-7.539902,73.990814,-7.936011,0,4,true,0
868,2026-09-07T04:58:50.12Z,pmu-4,1,1788757130,120000,2026-09-07T04:58:37.9710145Z,-12148.986,60.000679,0.000679,0.000030,0.000000,0.000000,0.000000,1.000000,56.010395,-137.038681,56.006348,-136.749847,56.007935,-137.657166,55.982830,-137.301819,0,14,true,0
869,2026-09-07T04:58:49.62Z,pmu-5,1,1788757129,620000,2026-09-07T04:58:37.9710145Z,-11648.986,59.994125,-0.005875,-0.000109,0.000000,0.000000,0.000000,1.000000,76.998917,15.201451,76.995735,14.715149,77.018753,14.261308,76.990425,13.778959,0,5,true,0
870,2026-09-07T04:58:50.28Z,pmu-1,1,1788757130,280000,2026-09-07T04:58:37.9710145Z,-12308.986,60.008068,0.008068,0.000005,0.000000,0.000000,0.000000,1.000000,80.009598,35.431011,80.020660,35.406185,80.021889,37.178204,80.018166,37.153927,0,10,true,0
871,2026-09-07T04:58:49.42Z,pmu-3,1,1788757129,420000,2026-09-07T04:58:37.9710145Z,-11448.985,60.004650,0.004650,0.000067,0.000000,0.000000,0.000000,1.000000,67.987106,-50.912399,67.970108,-50.450111,68.014771,-49.827232,68.011879,-51.411724,0,3,true,0
872,2026-09-07T04:58:49.52Z,pmu-2,1,1788757129,520000,2026-09-07T04:58:37.9710145Z,-11548.986,60.006516,0.006516,-0.000028,0.000000,0.000000,0.000000,1.000000,64.987595,-73.201599,64.994652,-72.635315,65.006577,-71.273201,65.009468,-71.291977,0,8,true,0
873,2026-09-07T04:58:49.44Z,pmu-3,1,1788757129,440000,2026-09-07T04:58:38.0171866Z,-11422.813,59.996120,-0.003880,-0.000171,0.000000,0.000000,0.000000,1.000000,70.995781,-29.340706,70.972092,-28.595606,71.020599,-28.567976,71.012573,-30.336037,0,4,true,0
874,2026-09-07T04:58:49.46Z,pmu-3,1,1788757129,460000,2026-09-07T04:58:38.0176237Z,-11442.376,60.005459,0.005459,0.000187,0.000000,0.000000,0.000000,1.000000,73.992813,-7.277874,73.975258,-7.173069,74.014656,-6.696404,74.004570,-8.662612,0,5,true,0
875,2026-09-07T04:58:50.3Z,pmu-1,1,1788757130,300000,2026-09-07T04:58:38.0176237Z,-12282.376,60.005589,0.005589,-0.000050,0.000000,0.000000,0.000000,1.000000,83.006081,57.581310,83.020012,57.095520,83.016884,59.232712,83.018944,58.217445,0,11,true,0
876,2026-09-07T04:58:49.54Z,pmu-2,1,1788757129,540000,2026-09-07T04:58:38.0176237Z,-11522.376,59.996727,-0.003273,-0.000196,0.000000,0.000000,0.000000,1.000000,67.992897,-51.660503,67.989975,-51.512482,68.013138,-49.554977,68.018242,-49.654926,0,9,true,0
877,2026-09-07T04:58:50.32Z,pmu-1,1,1788757130,320000,2026-09-07T04:58:38.0176237Z,-12302.376,59.997372,-0.002628,-0.000164,0.000000,0.000000,0.000000,1.000000,86.012459,78.735054,86.021652,78.339424,86.010719,80.676437,86.013557,79.670898,0,12,true,0
878,2026-09-07T04:58:49.64Z,pmu-5,1,1788757129,640000,2026-09-07T04:58:38.0176237Z,-11622.376,59.999641,-0.000359,0.000110,0.000000,0.000000,0.000000,1.000000,80.001472,37.248756,80.004066,36.424839,80.012405,35.925636,79.992012,35.578979,0,6,true,0
879,2026-09-07T04:58:49.56Z,pmu-2,1,1788757129,560000,2026-09-07T04:58:38.0176237Z,-11542.376,60.001141,0.001141,0.000088,0.000000,0.000000,0.000000,1.000000,70.993279,-29.997259,70.991554,-30.117153,71.022896,-28.361330,71.018776,-27.951111,0,10,true,0
880,2026-09-07T04:58:49.66Z,pmu-5,1,1788757129,660000,2026-09-07T04:58:38.0176237Z,-11642.376,60.003590,0.003590,0.000079,0.000000,0.000000,0.000000,1.000000,83.011093,59.057594,83.007164,58.262142,83.014915,57.603085,82.990341,57.087826,0,7,true,0
881,2026-09-07T04:58:50.14Z,pmu-4,1,1788757130,140000,2026-09-07T04:58:38.0176237Z,-12122.376,59.996521,-0.003479,-0.000083,0.000000,0.000000,0.000000,1.000000,59.015179,-114.889603,59.000687,-115.113220,59.010445,-116.311317,58.980415,-115.405693,0,15,true,0
882,2026-09-07T04:58:50.16Z,pmu-4,1,1788757130,160000,2026-09-07T04:58:38.0176237Z,-12142.376,60.006401,0.006401,0.000198,0.000000,0.000000,0.000000,1.000000,62.018772,-92.811661,62.004395,-93.930519,62.008308,-94.964737,61.987724,-93.698311,0,0,true,0
883,2026-09-07T04:58:49.48Z,pmu-3,1,1788757129,480000,2026-09-07T04:58:38.0640131Z,-11415.987,60.003780,0.003780,-0.000034,0.000000,0.000000,0.000000,1.000000,76.986053,14.070872,76.982788,14.288042,77.019135,14.640802,77.011948,12.490503,0,6,true,0
884,2026-09-07T04:58:50.18Z,pmu-4,1,1788757130,180000,2026-09-07T04:58:38.0640131Z,-12115.987,59.993717,-0.006283,-0.000254,0.000000,0.000000,0.000000,1.000000,65.011703,-71.320267,65.000351,-72.626221,65.007195,-73.145065,64.981247,-71.588020,0,1,true,0
885,2026-09-07T04:58:49.68Z,pmu-5,1,1788757129,680000,2026-09-07T04:58:38.0640131Z,-11615.987,60.003418,0.003418,-0.000003,0.000000,0.000000,0.000000,1.000000,86.010773,80.471001,86.010139,79.627052,86.010887,79.340019,85.997765,78.328964,0,8,true,0
886,2026-09-07T04:58:49.58Z,pmu-2,1,1788757129,580000,2026-09-07T04:58:38.0640131Z,-11515.987,59.997608,-0.002392,-0.000071,0.000000,0.000000,0.000000,1.000000,73.993248,-8.210387,73.990891,-8.702624,74.026588,-7.189925,74.010597,-6.448629,0,11,true,0
887,2026-09-07T04:58:50.34Z,pmu-1,1,1788757130,340000,2026-09-07T04:58:38.0640131Z,-12275.987,60.005718,0.005718,0.000167,0.000000,0.000000,0.000000,1.000000,89.012100,100.111397,89.029755,99.998993,89.001518,102.500832,89.011345,101.758453,0,13,true,0
888,2026-09-07T04:58:49.5Z,pmu-3,1,1788757129,500000,2026-09-07T04:58:38.1100243Z,-11389.976,59.996468,-0.003532,-0.000146,0.000000,0.000000,0.000000,1.000000,79.991531,35.769230,79.976448,35.877464,80.017174,35.724674,80.014793,34.099895,0,7,true,0
889,2026-09-07T04:58:49.52Z,pmu-3,1,1788757129,520000,2026-09-07T04:58:38.1100243Z,-11409.976,60.009945,0.009945,0.000270,0.000000,0.000000,0.000000,1.000000,82.983200,57.416843,82.970207,57.537109,83.012398,57.378166,83.006790,55.965557,0,8,true,0
890,2026-09-07T04:58:50.2Z,pmu-4,1,1788757130,200000,2026-09-07T04:58:38.1100243Z,-12089.976,60.005169,0.005169,0.000229,0.000000,0.000000,0.000000,1.000000,68.015465,-49.225750,67.997116,-51.228794,67.998199,-51.015961,67.988358,-50.211399,0,2,true,0
891,2026-09-07T04:58:50.36Z,pmu-1,1,1788757130,360000,2026-09-07T04:58:38.1100243Z,-12249.976,60.000107,0.000107,-0.000112,0.000000,0.000000,0.000000,1.000000,92.019638,121.310677,92.034889,121.295593,91.995697,124.478722,92.006538,123.194809,0,14,true,0
892,2026-09-07T04:58:49.6Z,pmu-2,1,1788757129,600000,2026-09-07T04:58:38.1100243Z,-11489.976,60.005589,0.005589,0.000160,0.000000,0.000000,0.000000,1.000000,76.997353,13.522174,76.993965,13.421095,77.035347,13.862403,77.018364,14.615589,0,12,true,0
893,2026-09-07T04:58:49.7Z,pmu-5,1,1788757129,700000,2026-09-07T04:58:38.1100243Z,-11589.976,60.006832,0.006832,0.000068,0.000000,0.000000,0.000000,1.000000,89.007797,101.690216,89.013580,101.493866,89.013062,100.548042,89.005295,99.897339,0,9,true,0
894,2026-09-07T04:58:50.22Z,pmu-4,1,1788757130,220000,2026-09-07T04:58:38.1100243Z,-12109.976,59.999306,-0.000694,-0.000117,0.000000,0.000000,0.000000,1.000000,71.017670,-27.572609,70.995247,-30.101208,71.006500,-29.357645,70.989464,-28.316185,0,3,true,0
895,2026-09-07T04:58:50.38Z,pmu-1,1,1788757130,380000,2026-09-07T04:58:38.1100243Z,-12269.976,60.008022,0.008022,0.000158,0.000000,0.000000,0.000000,1.000000,95.028023,142.575668,95.034401,143.441696,95.004974,146.602753,94.998688,144.435837,0,15,true,0
896,2026-09-07T04:58:49.72Z,pmu-5,1,1788757129,720000,2026-09-07T04:58:38.1100243Z,-11609.976,60.000946,0.000946,-0.000118,0.000000,0.000000,0.000000,1.000000,92.005341,123.417488,92.023186,122.856522,92.007591,122.607590,92.013779,121.375862,0,10,true,0
897,2026-09-07T04:58:49.62Z,pmu-2,1,1788757129,620000,2026-09-07T04:58:38.1100243Z,-11509.976,60.004959,0.004959,-0.000013,0.000000,0.000000,0.000000,1.000000,80.004623,35.630226,80.001373,34.740746,80.039406,35.417133,80.023636,36.427464,0,13,true,0
898,2026-09-07T04:58:49.54Z,pmu-3,1,1788757129,540000,2026-09-07T04:58:38.1541851Z,-11385.815,59.991184,-0.008816,-0.000375,0.000000,0.000000,0.000000,1.000000,85.980568,78.789375,85.965485,79.039207,86.014229,79.521751,86.014984,77.368233,0,9,true,0
899,2026-09-07T04:58:50.24Z,pmu-4,1,1788757130,240000,2026-09-07T04:58:38.1541851Z,-12085.815,60.008205,0.008205,0.000178,0.000000,0.000000,0.000000,1.000000,74.023560,-6.214141,73.999451,-7.950561,74.011169,-7.822955,73.988152,-6.881793,0,4,true,0
900,2026-09-07T04:58:49.74Z,pmu-5,1,1788757129,740000,2026-09-07T04:58:38.1541851Z,-11585.815,59.996544,-0.003456,-0.000088,0.000000,0.000000,0.000000,1.000000,95.006584,144.959946,95.014481,143.944382,95.006386,144.445969,95.010452,142.511276,0,11,true,0
901,2026-09-07T04:58:50.4Z,pmu-1,1,1788757130,400000,2026-09-07T04:58:38.1541851Z,-12245.815,59.995354,-0.004646,-0.000253,0.000000,0.000000,0.000000,1.000000,98.028496,164.664551,98.043228,164.730713,97.996773,168.057953,97.993057,166.103806,0,0,true,0
902,2026-09-07T04:58:49.64Z,pmu-2,1,1788757129,640000,2026-09-07T04:58:38.1541851Z,-11485.815,59.992565,-0.007435,-0.000248,0.000000,0.000000,0.000000,1.000000,82.995346,57.564362,83.001556,56.663483,83.042542,56.735943,83.014801,58.080990,0,14,true,0
903,2026-09-07T04:58:49.56Z,pmu-3,1,1788757129,560000,2026-09-07T04:58:38.2000022Z,-11359.998,60.005337,0.005337,0.000283,0.000000,0.000000,0.000000,1.000000,88.981552,100.121407,88.964066,100.405197,89.013939,100.949532,89.012749,98.737152,0,10,true,0
904,2026-09-07T04:58:49.58Z,pmu-3,1,1788757129,580000,2026-09-07T04:58:38.2005599Z,-11379.440,59.992107,-0.007893,-0.000265,0.000000,0.000000,0.000000,1.000000,91.980835,121.169220,91.955437,121.824417,92.006348,122.404533,92.007759,120.675552,0,11,true,0
905,2026-09-07T04:58:50.26Z,pmu-4,1,1788757130,260000,2026-09-07T04:58:38.2005599Z,-12059.440,59.990524,-0.009476,-0.000354,0.000000,0.000000,0.000000,1.000000,77.026718,14.960657,76.993538,13.815608,77.003914,13.454800,76.992981,15.278087,0,5,true,0
906,2026-09-07T04:58:50.42Z,pmu-1,1,1788757130,420000,2026-09-07T04:58:38.2005599Z,-12219.440,60.004665,0.004665,0.000186,0.000000,0.000000,0.000000,1.000000,50.000000,-180.000000,50.000000,-180.000000,50.000000,-180.000000,50.000000,-180.000000,0,1,true,0
907,2026-09-07T04:58:49.66Z,pmu-2,1,1788757129,660000,2026-09-07T04:58:38.2005599Z,-11459.440,60.005646,0.005646,0.000262,0.000000,0.000000,0.000000,1.000000,85.997513,79.631287,85.992432,78.595276,86.032906,78.625282,86.023529,79.605995,0,15,true,0
908,2026-09-07T04:58:49.76Z,pmu-5,1,1788757129,760000,2026-09-07T04:58:38.2005599Z,-11559.440,60.006367,0.006367,0.000196,0.000000,0.000000,0.000000,1.000000,98.013580,166.312988,98.024345,164.974014,98.008415,165.791397,98.005768,163.945023,0,12,true,0
909,2026-09-07T04:58:50.44Z,pmu-1,1,1788757130,440000,2026-09-07T04:58:38.2005599Z,-12239.440,59.990547,-0.009453,-0.000282,0.000000,0.000000,0.000000,1.000000,52.998940,-158.810944,53.008587,-158.463776,52.994354,-158.525269,52.991302,-158.755188,0,2,true,0
910,2026-09-07T04:58:50.28Z,pmu-4,1,1788757130,280000,2026-09-07T04:58:38.2005599Z,-12079.440,60.002190,0.002190,0.000233,0.000000,0.000000,0.000000,1.000000,80.020172,36.911823,79.995239,35.490673,80.013672,34.919338,79.989960,37.384983,0,6,true,0
911,2026-09-07T04:58:49.78Z,pmu-5,1,1788757129,780000,2026-09-07T04:58:38.2005599Z,-11579.440,60.006832,0.006832,0.000009,0.000000,0.000000,0.000000,1.000000,50.000000,-180.000000,50.000000,-180.000000,50.000000,-180.000000,50.000000,-180.000000,0,13,true,0
912,2026-09-07T04:58:49.68Z,pmu-2,1,1788757129,680000,2026-09-07T04:58:38.2005599Z,-11479.440,59.991730,-0.008270,-0.000278,0.000000,0.000000,0.000000,1.000000,88.998222,100.993149,88.997330,99.624100,89.023315,100.297340,89.020569,100.738831,0,0,true,0
913,2026-09-07T04:58:49.6Z,pmu-3,1,1788757129,600000,2026-09-07T04:58:38.2529014Z,-11347.099,60.000881,0.000881,0.000175,0.000000,0.000000,0.000000,1.000000,94.971695,142.623764,94.959770,143.594086,94.998024,143.437622,95.016022,142.336914,0,12,true,0
914,2026-09-07T04:58:49.7Z,pmu-2,1,1788757129,700000,2026-09-07T04:58:38.2529014Z,-11447.099,60.006470,0.006470,0.000295,0.000000,0.000000,0.000000,1.000000,91.994698,122.978935,91.997871,120.783798,92.018036,121.736702,92.013969,121.925026,0,1,true,0
915,2026-09-07T04:58:50.3Z,pmu-4,1,1788757130,300000,2026-09-07T04:58:38.2529014Z,-12047.099,60.006397,0.006397,0.000084,0.000000,0.000000,0.000000,1.000000,83.024864,58.647739,82.987534,57.188156,83.009010,56.950699,82.984703,58.758907,0,7,true,0
916,2026-09-07T04:58:50.46Z,pmu-1,1,1788757130,460000,2026-09-07T04:58:38.2529014Z,-12207.099,60.003513,0.003513,0.000259,0.000000,0.000000,0.000000,1.000000,56.000675,-137.561615,56.001713,-136.544601,55.989582,-137.345947,55.981819,-136.950790,0,3,true,0
917,2026-09-07T04:58:49.8Z,pmu-5,1,1788757129,800000,2026-09-07T04:58:38.2529014Z,-11547.099,60.004051,0.004051,-0.000056,0.000000,0.000000,0.000000,1.000000,52.993176,-158.505219,52.996494,-158.157425,53.001240,-158.165329,53.004593,-158.787643,0,14,true,0
918,2026-09-07T04:58:50.32Z,pmu-4,1,1788757130,320000,2026-09-07T04:58:38.2529014Z,-12067.099,59.998325,-0.001675,-0.000161,0.000000,0.000000,0.000000,1.000000,86.021561,80.252800,85.985802,78.763626,86.008163,78.549278,85.993759,80.158539,0,8,true,0
919,2026-09-07T04:58:49.82Z,pmu-5,1,1788757129,820000,2026-09-07T04:58:38.2529014Z,-11567.099,59.990448,-0.009552,-0.000272,0.000000,0.000000,0.000000,1.000000,55.985180,-137.076752,55.992222,-136.377014,55.997700,-136.084824,55.998062,-137.027222,0,15,true,0
920,2026-09-07T04:58:49.62Z,pmu-3,1,1788757129,620000,2026-09-07T04:58:38.253411Z,-11366.589,59.991455,-0.008545,-0.000189,0.000000,0.000000,0.000000,1.000000,97.970383,164.315048,97.953003,165.360840,98.000099,164.899246,98.013962,164.271301,0,13,true,0
921,2026-09-07T04:58:50.48Z,pmu-1,1,1788757130,480000,2026-09-07T04:58:38.253411Z,-12226.589,60.002682,0.002682,-0.000017,0.000000,0.000000,0.000000,1.000000,59.000336,-116.404617,59.005005,-115.091637,58.999100,-115.618668,58.981274,-115.220016,0,4,true,0
922,2026-09-07T04:58:49.72Z,pmu-2,1,1788757129,720000,2026-09-07T04:58:38.253411Z,-11466.589,59.992599,-0.007401,-0.000277,0.000000,0.000000,0.000000,1.000000,94.991623,144.744858,95.004555,142.295853,95.014107,143.322021,95.017906,143.501953,0,2,true,0
923,2026-09-07T04:58:49.64Z,pmu-3,1,1788757129,640000,2026-09-07T04:58:38.2995551Z,-11340.445,59.996780,-0.003220,0.000107,0.000000,0.000000,0.000000,1.000000,50.000000,-180.000000,50.000000,-180.000000,50.000000,-180.000000,50.000000,-180.000000,0,14,true,0
924,2026-09-07T04:58:49.84Z,pmu-5,1,1788757129,840000,2026-09-07T04:58:38.2995551Z,-11540.445,60.005188,0.005188,0.000295,0.000000,0.000000,0.000000,1.000000,58.987133,-115.407875,58.998451,-114.522621,58.997162,-113.925537,58.997200,-115.816078,0,0,true,0
925,2026-09-07T04:58:50.34Z,pmu-4,1,1788757130,340000,2026-09-07T04:58:38.2995551Z,-12040.445,60.004295,0.004295,0.000119,0.000000,0.000000,0.000000,1.000000,89.017624,101.362686,88.977837,100.129364,89.001511,100.615120,88.986382,101.544006,0,9,true,0
926,2026-09-07T04:58:50.5Z,pmu-1,1,1788757130,500000,2026-09-07T04:58:38.2995551Z,-12200.445,60.000984,0.000984,-0.000034,0.000000,0.000000,0.000000,1.000000,62.010033,-94.920113,61.996983,-93.378525,62.007950,-94.271530,61.974136,-93.859909,0,5,true,0
927,2026-09-07T04:58:49.74Z,pmu-2,1,1788757129,740000,2026-09-07T04:58:38.2995551Z,-11440.445,59.997864,-0.002136,0.000105,0.000000,0.000000,0.000000,1.000000,98.000198,166.451370,97.999176,163.456924,98.016182,164.805618,98.011566,165.550201,0,3,true,0
928,2026-09-07T04:58:49.86Z,pmu-5,1,1788757129,860000,2026-09-07T04:58:38.3447384Z,-11515.262,59.994545,-0.005455,-0.000213,0.000000,0.000000,0.000000,1.000000,61.995651,-94.237625,61.996956,-92.985306,62.001083,-91.948387,61.995487,-94.460617,0,1,true,0
929,2026-09-07T04:58:49.66Z,pmu-3,1,1788757129,660000,2026-09-07T04:58:38.3447384Z,-11315.262,60.002666,0.002666,0.000118,0.000000,0.000000,0.000000,1.000000,52.991859,-158.734726,52.995121,-158.308472,52.990211,-158.402115,52.993542,-157.889267,0,15,true,0
930,2026-09-07T04:58:49.76Z,pmu-2,1,1788757129,760000,2026-09-07T04:58:38.3447384Z,-11415.262,60.002022,0.002022,0.000083,0.000000,0.000000,0.000000,1.000000,50.000000,-180.000000,50.000000,-180.000000,50.000000,-180.000000,50.000000,-180.000000,0,4,true,0
931,2026-09-07T04:58:49.88Z,pmu-5,1,1788757129,880000,2026-09-07T04:58:38.3447384Z,-11535.262,60.001175,0.001175,0.000133,0.000000,0.000000,0.000000,1.000000,64.992195,-73.114899,65.006264,-71.712769,64.997818,-70.087135,65.004929,-72.943336,0,2,true,0
932,2026-09-07T04:58:50.36Z,pmu-4,1,1788757130,360000,2026-09-07T04:58:38.3447384Z,-12015.262,60.004059,0.004059,-0.000005,0.000000,0.000000,0.000000,1.000000,92.010849,122.805367,91.978043,122.166595,91.996704,122.507362,91.991920,123.642654,0,10,true,0
933,2026-09-07T04:58:50.52Z,pmu-1,1,1788757130,520000,2026-09-07T04:58:38.3447384Z,-12175.262,59.993305,-0.006695,-0.000154,0.000000,0.000000,0.000000,1.000000,65.009300,-73.135689,65.004608,-71.459457,64.999367,-72.105286,64.969498,-71.782532,0,6,true,0
934,2026-09-07T04:58:49.68Z,pmu-3,1,1788757129,680000,2026-09-07T04:58:38.3447384Z,-11335.262,60.000496,0.000496,-0.000043,0.000000,0.000000,0.000000,1.000000,55.999275,-136.963623,56.002602,-136.969131,55.993389,-136.650330,55.998768,-136.522507,0,0,true,0
935,2026-09-07T04:58:49.78Z,pmu-2,1,1788757129,780000,2026-09-07T04:58:38.3447384Z,-11435.262,59.998478,-0.001522,-0.000071,0.000000,0.000000,0.000000,1.000000,52.994102,-158.424194,53.001350,-158.660553,52.992699,-158.956879,53.009216,-157.959518,0,5,true,0
936,2026-09-07T04:58:50.38Z,pmu-4,1,1788757130,380000,2026-09-07T04:58:38.3447384Z,-12035.262,59.999699,-0.000301,-0.000087,0.000000,0.000000,0.000000,1.000000,95.006584,144.190170,94.969299,143.780502,94.997322,144.352539,95.001495,144.699203,0,11,true,0
937,2026-09-07T04:58:50.54Z,pmu-1,1,1788757130,540000,2026-09-07T04:58:38.3447384Z,-12195.262,59.999538,-0.000462,0.000125,0.000000,0.000000,0.000000,1.000000,68.008865,-51.239391,67.995956,-49.323147,68.004387,-50.086933,67.968712,-49.898788,0,7,true,0
938,2026-09-07T04:58:49.7Z,pmu-3,1,1788757129,700000,2026-09-07T04:58:38.3991208Z,-11300.879,59.998322,-0.001678,-0.000043,0.000000,0.000000,0.000000,1.000000,59.007973,-115.873955,59.009197,-115.340820,58.989346,-115.416565,58.990952,-114.381020,0,1,true,0
939,2026-09-07T04:58:49.9Z,pmu-5,1,1788757129,900000,2026-09-07T04:58:38.3991208Z,-11500.879,59.995014,-0.004986,-0.000123,0.000000,0.000000,0.000000,1.000000,68.001770,-51.816689,68.007683,-50.657784,67.990425,-48.195801,68.013481,-51.789562,0,3,true,0
940,2026-09-07T04:58:50.4Z,pmu-4,1,1788757130,400000,2026-09-07T04:58:38.3991208Z,-12000.879,60.003113,0.003113,0.000068,0.000000,0.000000,0.000000,1.000000,98.006958,166.135056,97.979080,165.142807,98.001572,165.864075,97.995880,166.133102,0,12,true,0
941,2026-09-07T04:58:50.56Z,pmu-1,1,1788757130,560000,2026-09-07T04:58:38.3998053Z,-12160.195,59.995560,-0.004440,-0.000080,0.000000,0.000000,0.000000,1.000000,71.004837,-29.941425,70.987175,-27.968243,71.005646,-27.967133,70.964233,-27.751009,0,8,true,0
942,2026-09-07T04:58:49.8Z,pmu-2,1,1788757129,800000,2026-09-07T04:58:38.3998053Z,-11400.195,60.005199,0.005199,0.000134,0.000000,0.000000,0.000000,1.000000,55.986393,-136.347473,55.998325,-136.691757,55.998459,-137.047745,56.006432,-136.211075,0,6,true,0
943,2026-09-07T04:58:49.72Z,pmu-3,1,1788757129,720000,2026-09-07T04:58:38.4538274Z,-11266.173,59.998348,-0.001652,0.000001,0.000000,0.000000,0.000000,1.000000,62.006706,-94.172905,61.999989,-93.177856,61.990269,-93.317039,61.991848,-92.562843,0,2,true,0
944,2026-09-07T04:58:49.74Z,pmu-3,1,1788757129,740000,2026-09-07T04:58:38.4543333Z,-11285.667,60.004284,0.004284,0.000119,0.000000,0.000000,0.000000,1.000000,65.008049,-72.538963,65.001213,-71.450684,64.985222,-71.592072,65.000389,-71.174759,0,3,true,0
945,2026-09-07T04:58:49.92Z,pmu-5,1,1788757129,920000,2026-09-07T04:58:38.4543333Z,-11465.667,60.000504,0.000504,0.000110,0.000000,0.000000,0.000000,1.000000,71.000053,-30.595306,71.004135,-29.100010,70.988831,-26.518950,71.004593,-30.684673,0,4,true,0
946,2026-09-07T04:58:49.82Z,pmu-2,1,1788757129,820000,2026-09-07T04:58:38.4543333Z,-11365.667,60.003773,0.003773,-0.000029,0.000000,0.000000,0.000000,1.000000,58.993603,-114.912865,58.997581,-115.392456,58.997177,-114.978966,59.012489,-114.415077,0,7,true,0
947,2026-09-07T04:58:49.94Z,pmu-5,1,1788757129,940000,2026-09-07T04:58:38.4543333Z,-11485.667,59.996006,-0.003994,-0.000090,0.000000,0.000000,0.000000,1.000000,74.006943,-9.526962,74.000572,-7.039941,73.978958,-5.401050,74.000961,-8.689929,0,5,true,0
948,2026-09-07T04:58:50.42Z,pmu-4,1,1788757130,420000,2026-09-07T04:58:38.4543333Z,-11965.667,60.006470,0.006470,0.000067,0.000000,0.000000,0.000000,1.000000,50.000000,-180.000000,50.000000,-180.000000,50.000000,-180.000000,50.000000,-180.000000,0,13,true,0
949,2026-09-07T04:58:50.58Z,pmu-1,1,1788757130,580000,2026-09-07T04:58:38.4543333Z,-12125.667,59.993080,-0.006920,-0.000050,0.000000,0.000000,0.000000,1.000000,74.009125,-8.826394,73.980629,-6.860136,74.015549,-6.595445,73.959229,-5.924760,0,9,true,0
950,2026-09-07T04:58:49.84Z,pmu-2,1,1788757129,840000,2026-09-07T04:58:38.4543333Z,-11385.667,59.994133,-0.005867,-0.000193,0.000000,0.000000,0.000000,1.000000,61.990513,-93.355690,62.002319,-93.618767,62.005291,-93.658409,62.016266,-92.971344,0,8,true,0
951,2026-09-07T04:58:50.44Z,pmu-4,1,1788757130,440000,2026-09-07T04:58:38.4543333Z,-11985.667,60.002373,0.002373,-0.000082,0.000000,0.000000,0.000000,1.000000,53.009380,-158.869904,52.996288,-158.948624,52.995014,-158.602081,53.000038,-158.451080,0,14,true,0
952,2026-09-07T04:58:50.6Z,pmu-1,1,1788757130,600000,2026-09-07T04:58:38.4543333Z,-12145.667,60.002502,0.002502,0.000188,0.000000,0.000000,0.000000,1.000000,76.999275,13.278825,76.980339,15.179370,77.024414,15.206289,76.965607,15.159182,0,10,true,0
953,2026-09-07T04:58:49.76Z,pmu-3,1,1788757129,760000,2026-09-07T04:58:38.5012221Z,-11258.778,60.003422,0.003422,-0.000017,0.000000,0.000000,0.000000,1.000000,67.999748,-51.394592,68.001030,-50.054970,67.978470,-49.465656,68.003098,-49.858852,0,4,true,0
954,2026-09-07T04:58:49.78Z,pmu-3,1,1788757129,780000,2026-09-07T04:58:38.5012221Z,-11278.778,59.993839,-0.006161,-0.000192,0.000000,0.000000,0.000000,1.000000,71.009247,-30.114250,70.993469,-28.030884,70.982590,-27.412477,71.000557,-27.891350,0,5,true,0
955,2026-09-07T04:58:50.62Z,pmu-1,1,1788757130,620000,2026-09-07T04:58:38.5012221Z,-12118.778,59.993996,-0.006004,-0.000170,0.000000,0.000000,0.000000,1.000000,80.005081,35.146622,79.974701,36.719727,80.027809,37.071884,79.962654,37.216419,0,11,true,0
956,2026-09-07T04:58:49.86Z,pmu-2,1,1788757129,860000,2026-09-07T04:58:38.5012221Z,-11358.778,59.995152,-0.004848,0.000020,0.000000,0.000000,0.000000,1.000000,64.992935,-72.020157,64.996605,-71.456543,65.009331,-72.133789,65.015686,-71.411301,0,9,true,0
957,2026-09-07T04:58:50.46Z,pmu-4,1,1788757130,460000,2026-09-07T04:58:38.5012221Z,-11958.778,60.009666,0.009666,0.000146,0.000000,0.000000,0.000000,1.000000,56.015930,-137.141403,56.002361,-137.911545,55.989098,-137.023270,56.002487,-137.247894,0,15,true,0
958,2026-09-07T04:58:49.96Z,pmu-5,1,1788757129,960000,2026-09-07T04:58:38.5012221Z,-11458.778,60.002605,0.002605,0.000132,0.000000,0.000000,0.000000,1.000000,77.007423,11.725788,76.992950,14.899163,76.973701,15.745386,76.994698,13.219413,0,6,true,0
959,2026-09-07T04:58:50.64Z,pmu-1,1,1788757130,640000,2026-09-07T04:58:38.5012221Z,-12138.778,59.995186,-0.004814,0.000024,0.000000,0.000000,0.000000,1.000000,83.013428,56.749783,82.966171,57.799576,83.021507,58.642242,82.963844,58.832840,0,12,true,0
960,2026-09-07T04:58:50.48Z,pmu-4,1,1788757130,480000,2026-09-07T04:58:38.5012221Z,-11978.778,59.990314,-0.009686,-0.000387,0.000000,0.000000,0.000000,1.000000,59.009914,-115.459557,59.000313,-116.349434,58.980095,-115.531487,59.009193,-115.495056,0,0,true,0
961,2026-09-07T04:58:49.88Z,pmu-2,1,1788757129,880000,2026-09-07T04:58:38.5012221Z,-11378.778,60.003380,0.003380,0.000165,0.000000,0.000000,0.000000,1.000000,67.987938,-50.803082,68.003548,-49.657505,68.011307,-51.094193,68.009682,-50.129314,0,10,true,0
962,2026-09-07T04:58:49.98Z,pmu-5,1,1788757129,980000,2026-09-07T04:58:38.5012221Z,-11478.778,59.994678,-0.005322,-0.000159,0.000000,0.000000,0.000000,1.000000,79.998016,33.197075,80.000313,36.458893,79.975006,37.771393,80.000816,34.380535,0,7,true,0
963,2026-09-07T04:58:51Z,pmu-5,1,1788757131,0,2026-09-07T04:58:38.5012221Z,-12498.778,59.991833,-0.008167,-0.000057,0.000000,0.000000,0.000000,1.000000,82.998192,54.630630,82.999054,58.165646,82.972954,59.566662,82.996803,55.581177,0,8,true,0
964,2026-09-07T04:58:49.8Z,pmu-3,1,1788757129,800000,2026-09-07T04:58:38.5531738Z,-11246.826,60.006565,0.006565,0.000255,0.000000,0.000000,0.000000,1.000000,74.013290,-8.609249,73.994759,-6.017992,73.986938,-5.626795,73.995224,-6.589990,0,6,true,0
965,2026-09-07T04:58:49.9Z,pmu-2,1,1788757129,900000,2026-09-07T04:58:38.5531738Z,-11346.826,60.001438,0.001438,-0.000039,0.000000,0.000000,0.000000,1.000000,70.985085,-29.411318,71.007156,-27.690424,71.008324,-29.344952,71.003983,-28.064735,0,11,true,0
966,2026-09-07T04:58:50.66Z,pmu-1,1,1788757130,660000,2026-09-07T04:58:38.5531738Z,-12106.826,59.995731,-0.004269,0.000011,0.000000,0.000000,0.000000,1.000000,86.010155,78.091217,85.958412,79.293526,86.021233,80.778267,85.965317,80.127205,0,13,true,0
967,2026-09-07T04:58:51.02Z,pmu-5,1,1788757131,20000,2026-09-07T04:58:38.5531738Z,-12466.826,59.999481,-0.000519,0.000153,0.000000,0.000000,0.000000,1.000000,85.989578,76.511154,86.006485,79.832352,85.968826,80.961113,85.987640,76.891281,0,9,true,0
968,2026-09-07T04:58:50.5Z,pmu-4,1,1788757130,500000,2026-09-07T04:58:38.5531738Z,-11946.826,60.002579,0.002579,0.000245,0.000000,0.000000,0.000000,1.000000,62.013336,-93.310654,62.008289,-95.275948,61.970154,-93.415291,62.004402,-93.914619,0,1,true,0
969,2026-09-07T04:58:49.82Z,pmu-3,1,1788757129,820000,2026-09-07T04:58:38.6015839Z,-11218.416,60.006523,0.006523,-0.000001,0.000000,0.000000,0.000000,1.000000,77.009277,12.550091,76.993454,15.390103,76.985008,16.377285,77.005135,14.440269,0,7,true,0
970,2026-09-07T04:58:50.68Z,pmu-1,1,1788757130,680000,2026-09-07T04:58:38.6015839Z,-12078.416,59.994385,-0.005615,-0.000027,0.000000,0.000000,0.000000,1.000000,89.008881,99.979164,88.959335,101.012726,89.026024,101.837379,88.962563,101.807793,0,14,true,0
971,2026-09-07T04:58:49.92Z,pmu-2,1,1788757129,920000,2026-09-07T04:58:38.6015839Z,-11318.416,60.007221,0.007221,0.000116,0.000000,0.000000,0.000000,1.000000,73.977966,-7.757827,74.002800,-6.150907,73.999481,-8.229535,74.005363,-6.895428,0,12,true,0
972,2026-09-07T04:58:49.84Z,pmu-3,1,1788757129,840000,2026-09-07T04:58:38.6015839Z,-11238.416,60.004768,0.004768,-0.000035,0.000000,0.000000,0.000000,1.000000,80.004318,34.287514,79.990257,37.322212,79.992851,38.355240,80.012100,36.313557,0,8,true,0
973,2026-09-07T04:58:50.52Z,pmu-4,1,1788757130,520000,2026-09-07T04:58:38.6015839Z,-11918.416,60.008797,0.008797,0.000124,0.000000,0.000000,0.000000,1.000000,65.009865,-71.164627,65.014603,-73.965599,64.975319,-72.145927,65.010361,-71.887428,0,2,true,0
974,2026-09-07T04:58:49.94Z,pmu-2,1,1788757129,940000,2026-09-07T04:58:38.6015839Z,-11338.416,60.009693,0.009693,0.000049,0.000000,0.000000,0.000000,1.000000,76.980270,13.729407,77.011742,15.424248,76.995880,13.775384,77.001404,14.303082,0,13,true,0
975,2026-09-07T04:58:51.04Z,pmu-5,1,1788757131,40000,2026-09-07T04:58:38.6015839Z,-12438.416,60.005867,0.005867,0.000128,0.000000,0.000000,0.000000,1.000000,88.996544,98.026749,89.013626,100.870232,88.976883,103.110435,88.984550,98.073143,0,10,true,0
976,2026-09-07T04:58:50.54Z,pmu-4,1,1788757130,540000,2026-09-07T04:58:38.6015839Z,-11938.416,59.991234,-0.008766,-0.000351,0.000000,0.000000,0.000000,1.000000,68.002426,-49.830990,68.009979,-52.251541,67.982903,-50.451626,68.001465,-50.152313,0,3,true,0
977,2026-09-07T04:58:50.7Z,pmu-1,1,1788757130,700000,2026-09-07T04:58:38.6015839Z,-12098.416,60.002090,0.002090,0.000154,0.000000,0.000000,0.000000,1.000000,92.013268,121.555183,91.951096,122.453766,92.028374,123.579285,91.952576,123.430328,0,15,true,0
978,2026-09-07T04:58:51.06Z,pmu-5,1,1788757131,60000,2026-09-07T04:58:38.6015839Z,-12458.416,60.000710,0.000710,-0.000103,0.000000,0.000000,0.000000,1.000000,91.991791,119.852196,92.005333,122.682175,91.981209,125.046844,91.989304,119.899422,0,11,true,0
979,2026-09-07T04:58:49.86Z,pmu-3,1,1788757129,860000,2026-09-07T04:58:38.6533892Z,-11206.611,59.992180,-0.007820,-0.000252,0.000000,0.000000,0.000000,1.000000,83.013535,55.752750,82.988869,59.175877,82.991447,60.437592,83.013359,58.249020,0,9,true,0
980,2026-09-07T04:58:49.96Z,pmu-2,1,1788757129,960000,2026-09-07T04:58:38.6533892Z,-11306.611,60.002693,0.002693,-0.000140,0.000000,0.000000,0.000000,1.000000,79.977119,35.080849,80.010574,37.265499,79.998329,35.568130,80.004555,35.510963,0,14,true,0
981,2026-09-07T04:58:49.88Z,pmu-3,1,1788757129,880000,2026-09-07T04:58:38.6533892Z,-11226.611,60.009464,0.009464,0.000346,0.000000,0.000000,0.000000,1.000000,86.019882,77.217705,85.993721,81.342339,85.983009,82.202187,86.018372,79.435539,0,10,true,0
982,2026-09-07T04:58:50.72Z,pmu-1,1,1788757130,720000,2026-09-07T04:58:38.6533892Z,-12066.611,59.998352,-0.001648,-0.000075,0.000000,0.000000,0.000000,1.000000,95.014084,143.630707,94.942795,144.150848,95.033783,145.052567,94.947403,144.874756,0,0,true,0
983,2026-09-07T04:58:51.08Z,pmu-5,1,1788757131,80000,2026-09-07T04:58:38.6533892Z,-12426.611,60.001999,0.001999,0.000026,0.000000,0.000000,0.000000,1.000000,94.990074,140.958588,95.006310,144.088730,94.972824,147.041138,94.991585,141.259766,0,12,true,0
984,2026-09-07T04:58:50.56Z,pmu-4,1,1788757130,560000,2026-09-07T04:58:38.6533892Z,-11906.611,60.005707,0.005707,0.000289,0.000000,0.000000,0.000000,1.000000,70.993530,-28.053213,71.019798,-30.736996,70.986092,-29.387794,70.995270,-28.437098,0,4,true,0
985,2026-09-07T04:58:49.98Z,pmu-2,1,1788757129,980000,2026-09-07T04:58:38.6533892Z,-11326.611,60.004704,0.004704,0.000040,0.000000,0.000000,0.000000,1.000000,82.977562,56.890102,83.015404,58.791065,83.001289,57.641422,82.997284,57.446426,0,15,true,0
986,2026-09-07T04:58:51.1Z,pmu-5,1,1788757131,100000,2026-09-07T04:58:38.6533892Z,-12446.611,59.992249,-0.007751,-0.000195,0.000000,0.000000,0.000000,1.000000,97.984886,162.093689,98.000160,165.277649,97.982376,168.198715,97.988106,162.606033,0,13,true,0
987,2026-09-07T04:58:50.58Z,pmu-4,1,1788757130,580000,2026-09-07T04:58:38.6533892Z,-11926.611,60.000957,0.000957,-0.000095,0.000000,0.000000,0.000000,1.000000,73.991402,-6.837778,74.015800,-8.715884,73.993217,-8.223697,74.004509,-6.873031,0,5,true,0
988,2026-09-07T04:58:51Z,pmu-2,1,1788757131,0,2026-09-07T04:58:38.6533892Z,-12346.611,60.006611,0.006611,0.000038,0.000000,0.000000,0.000000,1.000000,85.972000,78.243225,86.023506,80.453682,86.002556,78.690147,85.995926,78.827209,0,0,true,0
989,2026-09-07T04:58:50.74Z,pmu-1,1,1788757130,740000,2026-09-07T04:58:38.6538972Z,-12086.103,59.996315,-0.003685,-0.000041,0.000000,0.000000,0.000000,1.000000,98.016937,165.623810,97.944481,165.492935,98.029404,167.038605,97.949944,166.781830,0,1,true,0
990,2026-09-07T04:58:51.12Z,pmu-5,1,1788757131,120000,2026-09-07T04:58:38.7088014Z,-12411.199,59.990158,-0.009842,-0.000042,0.000000,0.000000,0.000000,1.000000,50.000000,-180.000000,50.000000,-180.000000,50.000000,-180.000000,50.000000,-180.000000,0,14,true,0
991,2026-09-07T04:58:51.14Z,pmu-5,1,1788757131,140000,2026-09-07T04:58:38.7093648Z,-12430.635,60.000587,0.000587,0.000209,0.000000,0.000000,0.000000,1.000000,53.008881,-158.043488,52.994675,-158.133713,53.008369,-158.163956,52.991627,-158.329239,0,15,true,0
992,2026-09-07T04:58:51.02Z,pmu-2,1,1788757131,20000,2026-09-07T04:58:38.7093648Z,-12310.635,60.003391,0.003391,-0.000064,0.000000,0.000000,0.000000,1.000000,88.966957,100.397644,89.030579,101.714890,89.009804,100.710556,88.995911,100.738716,0,1,true,0
993,2026-09-07T04:58:50.76Z,pmu-1,1,1788757130,760000,2026-09-07T04:58:38.7093648Z,-12050.635,59.998924,-0.001076,0.000052,0.000000,0.000000,0.000000,1.000000,50.000000,-180.000000,50.000000,-180.000000,50.000000,-180.000000,50.000000,-180.000000,0,2,true,0
994,2026-09-07T04:58:50.6Z,pmu-4,1,1788757130,600000,2026-09-07T04:58:38.7093648Z,-11890.635,60.007381,0.007381,0.000128,0.000000,0.000000,0.000000,1.000000,76.994637,14.802912,77.021927,12.475875,76.991638,12.814991,77.012848,14.644035,0,6,true,0
995,2026-09-07T04:58:49.9Z,pmu-3,1,1788757129,900000,2026-09-07T04:58:38.7093648Z,-11190.635,59.998684,-0.001316,-0.000216,0.000000,0.000000,0.000000,1.000000,89.021561,98.357216,88.983742,102.827362,88.983170,103.828262,89.017433,100.995514,0,11,true,0
996,2026-09-07T04:58:51.04Z,pmu-2,1,1788757131,40000,2026-09-07T04:58:38.7093648Z,-12330.635,60.009388,0.009388,0.000120,0.000000,0.000000,0.000000,1.000000,91.966942,122.387840,92.029472,123.810074,92.013023,121.817993,91.995636,122.726509,0,2,true,0
997,2026-09-07T04:58:50.78Z,pmu-1,1,1788757130,780000,2026-09-07T04:58:38.7093648Z,-12070.635,59.997437,-0.002563,-0.000030,0.000000,0.000000,0.000000,1.000000,52.997124,-158.324097,53.002342,-158.413635,53.004009,-158.187714,52.994057,-158.010361,0,3,true,0
998,2026-09-07T04:58:49.92Z,pmu-3,1,1788757129,920000,2026-09-07T04:58:38.7093648Z,-11210.635,60.004318,0.004318,0.000113,0.000000,0.000000,0.000000,1.000000,92.030937,119.592514,91.988525,124.826653,91.975121,125.758621,92.016693,122.815956,0,12,true,0
999,2026-09-07T04:58:50.62Z,pmu-4,1,1788757130,620000,2026-09-07T04:58:38.7093648Z,-11910.635,59.998306,-0.001694,-0.000182,0.000000,0.000000,0.000000,1.000000,80.002846,36.919426,80.027161,34.187138,79.993126,34.745422,80.007545,36.070419,0,7,true,0
1000,2026-09-07T04:58:51.16Z,pmu-5,1,1788757131,160000,2026-09-07T04:58:38.7537911Z,-12406.209,60.000175,0.000175,-0.000008,0.000000,0.000000,0.000000,1.000000,56.009209,-136.721313,56.004047,-136.733490,56.007732,-136.451263,55.993164,-137.129074,0,0,true,0
1001,2026-09-07T04:58:49.94Z,pmu-3,1,1788757129,940000,2026-09-07T04:58:38.7543044Z,-11185.696,60.009361,0.009361,0.000101,0.000000,0.000000,0.000000,1.000000,95.034348,141.549454,94.990898,146.903564,94.983994,147.925629,95.013565,144.413513,0,13,true,0
1002,2026-09-07T04:58:51.06Z,pmu-2,1,1788757131,60000,2026-09-07T04:58:38.7543044Z,-12305.696,60.009594,0.009594,0.000004,0.000000,0.000000,0.000000,1.000000,94.964798,144.265244,95.020515,144.869461,95.010590,143.569534,94.990349,143.767883,0,3,true,0
1003,2026-09-07T04:58:50.64Z,pmu-4,1,1788757130,640000,2026-09-07T04:58:38.7543044Z,-11885.696,60.004711,0.004711,0.000128,0.000000,0.000000,0.000000,1.000000,83.009521,58.514271,83.018974,55.346024,82.987846,56.399750,83.010849,57.344082,0,8,true,0
1004,2026-09-07T04:58:50.8Z,pmu-1,1,1788757130,800000,2026-09-07T04:58:38.7543044Z,-12045.696,60.006092,0.006092,0.000173,0.000000,0.000000,0.000000,1.000000,56.006748,-137.215652,56.004002,-136.728424,56.001293,-136.732056,55.992893,-136.773315,0,4,true,0
1005,2026-09-07T04:58:51.18Z,pmu-5,1,1788757131,180000,2026-09-07T04:58:38.8004148Z,-12379.585,59.999352,-0.000648,-0.000016,0.000000,0.000000,0.000000,1.000000,59.009624,-115.326546,59.008522,-115.125778,58.998165,-115.170609,58.989662,-115.660309,0,1,true,0
1006,2026-09-07T04:58:50.66Z,pmu-4,1,1788757130,660000,2026-09-07T04:58:38.8004148Z,-11859.585,59.994694,-0.005306,-0.000200,0.000000,0.000000,0.000000,1.000000,86.014519,79.840881,86.025475,77.253227,85.991875,77.595604,86.019386,78.625053,0,9,true,0
1007,2026-09-07T04:58:50.82Z,pmu-1,1,1788757130,820000,2026-09-07T04:58:38.8004148Z,-12019.585,60.004944,0.004944,-0.000023,0.000000,0.000000,0.000000,1.000000,59.016712,-115.906837,58.995049,-115.223938,59.001537,-114.702621,58.993431,-115.021126,0,5,true,0
1008,2026-09-07T04:58:49.96Z,pmu-3,1,1788757129,960000,2026-09-07T04:58:38.8004148Z,-11159.585,60.004635,0.004635,-0.000095,0.000000,0.000000,0.000000,1.000000,98.027504,163.340378,97.995308,168.139816,97.982140,169.886200,98.006531,165.866333,0,14,true,0
1009,2026-09-07T04:58:51.08Z,pmu-2,1,1788757131,80000,2026-09-07T04:58:38.8004148Z,-12279.585,59.991505,-0.008495,-0.000362,0.000000,0.000000,0.000000,1.000000,97.964775,165.594406,98.021240,166.619049,98.009438,164.758102,97.982346,165.115097,0,4,true,0
1010,2026-09-07T04:58:51.2Z,pmu-5,1,1788757131,200000,2026-09-07T04:58:38.8004148Z,-12399.585,60.000412,0.000412,0.000021,0.000000,0.000000,0.000000,1.000000,62.016960,-93.281235,62.016476,-93.191811,62.007915,-93.359955,61.988255,-94.368843,0,2,true,0
1011,2026-09-07T04:58:50.84Z,pmu-1,1,1788757130,840000,2026-09-07T04:58:38.8004148Z,-12039.585,59.995403,-0.004597,-0.000191,0.000000,0.000000,0.000000,1.000000,62.020821,-94.700668,61.990173,-93.651474,62.005890,-93.586220,61.983944,-93.220581,0,6,true,0
1012,2026-09-07T04:58:49.98Z,pmu-3,1,1788757129,980000,2026-09-07T04:58:38.8004148Z,-11179.585,60.000942,0.000942,-0.000074,0.000000,0.000000,0.000000,1.000000,50.000000,-180.000000,50.000000,-180.000000,50.000000,-180.000000,50.000000,-180.000000,0,15,true,0
1013,2026-09-07T04:58:51.1Z,pmu-2,1,1788757131,100000,2026-09-07T04:58:38.8004148Z,-12299.585,59.993587,-0.006413,0.000042,0.000000,0.000000,0.000000,1.000000,50.000000,-180.000000,50.000000,-180.000000,50.000000,-180.000000,50.000000,-180.000000,0,5,true,0
1014,2026-09-07T04:58:51Z,pmu-3,1,1788757131,0,2026-09-07T04:58:38.8004148Z,-12199.585,60.006962,0.006962,0.000120,0.000000,0.000000,0.000000,1.000000,52.998947,-157.855865,53.003170,-158.531616,52.990185,-157.982498,53.009968,-158.487808,0,0,true,0
1015,2026-09-07T04:58:50.68Z,pmu-4,1,1788757130,680000,2026-09-07T04:58:38.8004148Z,-11879.585,60.002800,0.002800,0.000162,0.000000,0.000000,0.000000,1.000000,89.011505,101.933823,89.026085,98.345146,88.991051,99.120079,89.012764,100.641373,0,10,true,0
1016,2026-09-07T04:58:51.22Z,pmu-5,1,1788757131,220000,2026-09-07T04:58:38.8475374Z,-12372.463,60.001610,0.001610,0.000024,0.000000,0.000000,0.000000,1.000000,65.019348,-71.748291,65.017349,-72.143501,64.998314,-72.304237,64.996033,-72.565849,0,3,true,0
1017,2026-09-07T04:58:51.12Z,pmu-2,1,1788757131,120000,2026-09-07T04:58:38.8475374Z,-12272.463,59.997551,-0.002449,0.000079,0.000000,0.000000,0.000000,1.000000,52.991238,-158.020126,53.005569,-158.685150,53.003304,-158.297760,53.008625,-158.408585,0,6,true,0
1018,2026-09-07T04:58:51.02Z,pmu-3,1,1788757131,20000,2026-09-07T04:58:38.8475374Z,-12172.463,60.002480,0.002480,-0.000090,0.000000,0.000000,0.000000,1.000000,56.002144,-135.788071,55.994549,-137.137543,55.999229,-136.381042,56.009571,-136.726852,0,1,true,0
1019,2026-09-07T04:58:50.7Z,pmu-4,1,1788757130,700000,2026-09-07T04:58:38.8475374Z,-11852.463,59.993664,-0.006336,-0.000183,0.000000,0.000000,0.000000,1.000000,92.003311,123.990540,92.025726,120.396576,91.981880,120.949615,92.019371,122.497910,0,11,true,0
1020,2026-09-07T04:58:50.86Z,pmu-1,1,1788757130,860000,2026-09-07T04:58:38.8475374Z,-12012.463,59.994179,-0.005821,-0.000024,0.000000,0.000000,0.000000,1.000000,65.023254,-73.270615,64.995575,-71.549477,65.009521,-72.288574,64.989716,-71.385338,0,7,true,0
1021,2026-09-07T04:58:50.88Z,pmu-1,1,1788757130,880000,2026-09-07T04:58:38.9017005Z,-11978.300,59.999844,-0.000156,0.000113,0.000000,0.000000,0.000000,1.000000,68.027054,-51.149170,67.993622,-49.859791,68.017731,-51.166405,67.990440,-49.381187,0,8,true,0
1022,2026-09-07T04:58:51.24Z,pmu-5,1,1788757131,240000,2026-09-07T04:58:38.9017005Z,-12338.299,60.003078,0.003078,0.000029,0.000000,0.000000,0.000000,1.000000,68.010170,-49.827618,68.011642,-50.360622,67.988800,-50.307156,68.001152,-50.914982,0,4,true,0
1023,2026-09-07T04:58:51.04Z,pmu-3,1,1788757131,40000,2026-09-07T04:58:38.9017005Z,-12138.300,60.004379,0.004379,0.000038,0.000000,0.000000,0.000000,1.000000,59.010529,-113.913414,59.000988,-116.058372,59.002129,-114.498520,59.006363,-115.398872,0,2,true,0
1024,2026-09-07T04:58:50.72Z,pmu-4,1,1788757130,720000,2026-09-07T04:58:38.9017005Z,-11818.300,59.998302,-0.001698,0.000093,0.000000,0.000000,0.000000,1.000000,95.000320,145.025284,95.030373,142.157394,94.986076,142.605530,95.019775,143.712372,0,12,true,0
1025,2026-09-07T04:58:51.14Z,pmu-2,1,1788757131,140000,2026-09-07T04:58:38.9017005Z,-12238.300,60.006733,0.006733,0.000184,0.000000,0.000000,0.000000,1.000000,55.981594,-136.954971,55.995960,-136.577225,56.010948,-136.196533,56.007282,-137.152618,0,7,true,0
1026,2026-09-07T04:58:51.26Z,pmu-5,1,1788757131,260000,2026-09-07T04:58:38.9017005Z,-12358.299,59.996235,-0.003765,-0.000137,0.000000,0.000000,0.000000,1.000000,71.017021,-28.013292,71.006981,-28.328493,70.988342,-28.874334,70.997231,-28.796579,0,5,true,0
1027,2026-09-07T04:58:51.06Z,pmu-3,1,1788757131,60000,2026-09-07T04:58:38.9017005Z,-12158.299,59.997131,-0.002869,-0.000145,0.000000,0.000000,0.000000,1.000000,62.007175,-92.601006,61.994171,-93.956436,61.998142,-93.090042,62.009533,-93.563217,0,3,true,0
1028,2026-09-07T04:58:51.16Z,pmu-2,1,1788757131,160000,2026-09-07T04:58:38.9017005Z,-12258.299,59.995178,-0.004822,-0.000231,0.000000,0.000000,0.000000,1.000000,58.984882,-115.850388,58.994801,-115.258064,59.003666,-114.113411,59.008038,-115.024254,0,8,true,0
1029,2026-09-07T04:58:50.9Z,pmu-1,1,1788757130,900000,2026-09-07T04:58:38.9017005Z,-11998.299,60.000336,0.000336,0.000010,0.000000,0.000000,0.000000,1.000000,71.029305,-29.977625,70.996048,-28.280966,71.024979,-29.010096,70.989418,-27.632610,0,9,true,0
1030,2026-09-07T04:58:50.74Z,pmu-4,1,1788757130,740000,2026-09-07T04:58:38.9017005Z,-11838.299,60.008732,0.008732,0.000209,0.000000,0.000000,0.000000,1.000000,98.003532,167.010376,98.020378,164.109604,97.993568,164.095795,98.029434,165.114868,0,13,true,0
1031,2026-09-07T04:58:51.28Z,pmu-5,1,1788757131,280000,2026-09-07T04:58:38.9477059Z,-12332.294,59.995419,-0.004581,-0.000016,0.000000,0.000000,0.000000,1.000000,74.017143,-6.329307,74.008148,-6.983943,73.995796,-7.332264,74.006226,-7.567611,0,6,true,0
1032,2026-09-07T04:58:51.18Z,pmu-2,1,1788757131,180000,2026-09-07T04:58:38.9477059Z,-12232.294,60.002323,0.002323,0.000143,0.000000,0.000000,0.000000,1.000000,61.994255,-94.739311,62.002403,-93.200264,62.011337,-92.534866,62.014374,-92.879860,0,9,true,0
1033,2026-09-07T04:58:50.76Z,pmu-4,1,1788757130,760000,2026-09-07T04:58:38.9477059Z,-11812.294,59.998833,-0.001167,-0.000198,0.000000,0.000000,0.000000,1.000000,50.000000,-180.000000,50.000000,-180.000000,50.000000,-180.000000,50.000000,-180.000000,0,14,true,0
1034,2026-09-07T04:58:50.92Z,pmu-1,1,1788757130,920000,2026-09-07T04:58:38.9477059Z,-11972.294,59.996426,-0.003574,-0.000078,0.000000,0.000000,0.000000,1.000000,74.033424,-8.186732,73.998734,-6.346478,74.034653,-7.161638,73.992615,-6.377099,0,10,true,0
1035,2026-09-07T04:58:51.08Z,pmu-3,1,1788757131,80000,2026-09-07T04:58:38.9477059Z,-12132.294,59.998718,-0.001282,0.000032,0.000000,0.000000,0.000000,1.000000,65.005753,-70.967522,64.995529,-72.534454,64.993942,-71.951157,65.017227,-72.393768,0,4,true,0
1036,2026-09-07T04:58:51.3Z,pmu-5,1,1788757131,300000,2026-09-07T04:58:38.9935805Z,-12306.419,59.995514,-0.004486,0.000002,0.000000,0.000000,0.000000,1.000000,77.010544,15.339570,77.001183,14.772050,76.999008,14.776870,77.007523,14.221185,0,7,true,0
1037,2026-09-07T04:58:51.2Z,pmu-2,1,1788757131,200000,2026-09-07T04:58:38.9935805Z,-12206.419,59.999702,-0.000298,-0.000052,0.000000,0.000000,0.000000,1.000000,64.987396,-72.702118,65.000061,-72.007988,65.004456,-71.213501,65.020462,-70.902367,0,10,true,0
1038,2026-09-07T04:58:50.94Z,pmu-1,1,1788757130,940000,2026-09-07T04:58:38.9935805Z,-11946.419,60.007076,0.007076,0.000213,0.000000,0.000000,0.000000,1.000000,77.040039,13.593704,77.003860,15.661764,77.029312,14.319652,77.000496,14.794308,0,11,true,0
1039,2026-09-07T04:58:50.78Z,pmu-4,1,1788757130,780000,2026-09-07T04:58:38.9935805Z,-11786.420,60.001167,0.001167,0.000047,0.000000,0.000000,0.000000,1.000000,53.002476,-158.107620,52.993744,-158.558395,53.002720,-158.397339,52.996521,-158.236557,0,15,true,0
1040,2026-09-07T04:58:51.1Z,pmu-3,1,1788757131,100000,2026-09-07T04:58:38.9935805Z,-12106.419,59.990307,-0.009693,-0.000168,0.000000,0.000000,0.000000,1.000000,68.002670,-49.568523,67.999329,-51.299931,67.996803,-50.825985,68.013489,-50.248333,0,5,true,0
1041,2026-09-07T04:58:51.32Z,pmu-5,1,1788757131,320000,2026-09-07T04:58:38.9935805Z,-12326.419,60.003593,0.003593,0.000162,0.000000,0.000000,0.000000,1.000000,80.014618,36.742065,80.008728,35.944889,79.990814,36.437317,80.005287,35.553776,0,8,true,0
1042,2026-09-07T04:58:50.96Z,pmu-1,1,1788757130,960000,2026-09-07T04:58:38.9935805Z,-11966.419,60.004379,0.004379,-0.000054,0.000000,0.000000,0.000000,1.000000,80.033546,35.263912,80.009033,37.625767,80.029701,35.607475,80.000908,36.118332,0,12,true,0
1043,2026-09-07T04:58:51.22Z,pmu-2,1,1788757131,220000,2026-09-07T04:58:38.9940878Z,-12225.912,59.996758,-0.003242,-0.000059,0.000000,0.000000,0.000000,1.000000,67.985611,-50.707550,67.998352,-50.746773,68.008133,-49.092686,68.014275,-49.360889,0,11,true,0
1044,2026-09-07T04:58:50.8Z,pmu-4,1,1788757130,800000,2026-09-07T04:58:38.9940878Z,-11805.912,60.002682,0.002682,0.000030,0.000000,0.000000,0.000000,1.000000,56.002018,-136.515472,55.989841,-137.266266,56.003674,-136.281204,55.995312,-137.088272,0,0,true,0
1045,2026-09-07T04:58:51.12Z,pmu-3,1,1788757131,120000,2026-09-07T04:58:38.9940878Z,-12125.912,60.002422,0.002422,0.000242,0.000000,0.000000,0.000000,1.000000,71.010010,-27.422808,71.006805,-29.198803,70.992577,-29.422823,71.011208,-28.649118,0,6,true,0
1046,2026-09-07T04:58:51.34Z,pmu-5,1,1788757131,340000,2026-09-07T04:58:39.0548626Z,-12285.137,59.997086,-0.002914,-0.000130,0.000000,0.000000,0.000000,1.000000,83.010658,58.541737,83.018013,57.309158,82.998619,57.836773,82.999702,57.653259,0,9,true,0
1047,2026-09-07T04:58:51.36Z,pmu-5,1,1788757131,360000,2026-09-07T04:58:39.0548626Z,-12305.137,60.004314,0.004314,0.000145,0.000000,0.000000,0.000000,1.000000,86.001160,80.077866,86.016632,78.615349,85.992676,78.970589,85.993790,79.276985,0,10,true,0
1048,2026-09-07T04:58:50.82Z,pmu-4,1,1788757130,820000,2026-09-07T04:58:39.0553748Z,-11764.625,59.993912,-0.006088,-0.000175,0.000000,0.000000,0.000000,1.000000,59.003551,-114.547310,58.984383,-115.650826,59.013065,-114.879837,58.996204,-115.469719,0,1,true,0
1049,2026-09-07T04:58:51.14Z,pmu-3,1,1788757131,140000,2026-09-07T04:58:39.0553748Z,-12084.625,59.996098,-0.003902,-0.000126,0.000000,0.000000,0.000000,1.000000,74.008041,-6.106550,74.003227,-7.034657,73.996132,-8.204030,74.010284,-7.067601,0,7,true,0
1050,2026-09-07T04:58:51.24Z,pmu-2,1,1788757131,240000,2026-09-07T04:58:39.0553748Z,-12184.625,59.997021,-0.002979,0.000005,0.000000,0.000000,0.000000,1.000000,70.979057,-29.489700,71.000107,-28.902126,71.010109,-27.092310,71.022713,-27.747826,0,12,true,0
1051,2026-09-07T04:58:50.98Z,pmu-1,1,1788757130,980000,2026-09-07T04:58:39.0553748Z,-11924.625,60.003292,0.003292,-0.000022,0.000000,0.000000,0.000000,1.000000,83.029503,56.754677,83.012260,59.268589,83.030785,57.105171,82.992081,57.277809,0,13,true,0
1052,2026-09-07T04:58:50.84Z,pmu-4,1,1788757130,840000,2026-09-07T04:58:39.0553748Z,-11784.625,59.991508,-0.008492,-0.000048,0.000000,0.000000,0.000000,1.000000,62.004292,-92.570648,61.982288,-94.134491,62.009304,-93.527130,61.995037,-93.730095,0,2,true,0
1053,2026-09-07T04:58:51.26Z,pmu-2,1,1788757131,260000,2026-09-07T04:58:39.0553748Z,-12204.625,59.997658,-0.002342,0.000013,0.000000,0.000000,0.000000,1.000000,73.975533,-7.850584,74.002769,-7.602095,74.012756,-5.767519,74.021416,-5.722903,0,13,true,0
1054,2026-09-07T04:58:51.16Z,pmu-3,1,1788757131,160000,2026-09-07T04:58:39.0553748Z,-12104.625,60.007690,0.007690,0.000232,0.000000,0.000000,0.000000,1.000000,77.010864,15.171834,77.007881,14.813205,76.998573,13.563782,77.012993,14.223722,0,8,true,0
1055,2026-09-07T04:58:51Z,pmu-1,1,1788757131,0,2026-09-07T04:58:39.0553748Z,-11944.625,59.994694,-0.005306,-0.000172,0.000000,0.000000,0.000000,1.000000,86.023033,78.352631,86.003319,80.779396,86.034393,78.870743,85.985344,78.533882,0,14,true,0
1056,2026-09-07T04:58:51.02Z,pmu-1,1,1788757131,20000,2026-09-07T04:58:39.0553748Z,-11964.625,59.996346,-0.003654,0.000033,0.000000,0.000000,0.000000,1.000000,89.032677,99.697952,89.003540,102.220818,89.041946,100.619141,88.991760,99.649017,0,15,true,0
1057,2026-09-07T04:58:51.38Z,pmu-5,1,1788757131,380000,2026-09-07T04:58:39.1200419Z,-12259.958,60.001041,0.001041,-0.000065,0.000000,0.000000,0.000000,1.000000,89.001282,101.914215,89.015594,100.432648,88.995567,100.781097,88.989090,101.421410,0,11,true,0
1058,2026-09-07T04:58:51.28Z,pmu-2,1,1788757131,280000,2026-09-07T04:58:39.1200419Z,-12159.958,60.005108,0.005108,0.000149,0.000000,0.000000,0.000000,1.000000,76.976814,13.781014,77.004585,13.885420,77.018692,16.309826,77.024681,15.731389,0,14,true,0
1059,2026-09-07T04:58:50.86Z,pmu-4,1,1788757130,860000,2026-09-07T04:58:39.1200419Z,-11739.958,59.997166,-0.002834,0.000113,0.000000,0.000000,0.000000,1.000000,65.005119,-70.587166,64.973747,-72.446350,65.016388,-71.663116,65.003479,-72.488083,0,3,true,0
1060,2026-09-07T04:58:51.04Z,pmu-1,1,1788757131,40000,2026-09-07T04:58:39.1200419Z,-11919.958,60.007011,0.007011,0.000213,0.000000,0.000000,0.000000,1.000000,92.023209,121.523193,92.009567,123.703506,92.050659,121.700081,91.994873,120.947090,0,0,true,0
1061,2026-09-07T04:58:51.18Z,pmu-3,1,1788757131,180000,2026-09-07T04:58:39.1200419Z,-12059.958,59.997120,-0.002880,-0.000211,0.000000,0.000000,0.000000,1.000000,80.013115,36.800598,80.002434,36.496490,79.992188,35.219894,80.012695,35.822903,0,9,true,0
1062,2026-09-07T04:58:51.3Z,pmu-2,1,1788757131,300000,2026-09-07T04:58:39.1200419Z,-12179.958,59.995472,-0.004528,-0.000193,0.000000,0.000000,0.000000,1.000000,79.976440,35.724522,79.999420,35.237209,80.015160,38.091034,80.027435,37.119968,0,15,true,0
1063,2026-09-07T04:58:51.2Z,pmu-3,1,1788757131,200000,2026-09-07T04:58:39.1200419Z,-12079.958,60.006496,0.006496,0.000188,0.000000,0.000000,0.000000,1.000000,83.014221,58.831116,82.995506,58.645985,82.994255,56.263691,83.008614,57.544022,0,10,true,0
1064,2026-09-07T04:58:50.88Z,pmu-4,1,1788757130,880000,2026-09-07T04:58:39.1200419Z,-11759.958,59.991997,-0.008003,-0.000103,0.000000,0.000000,0.000000,1.000000,68.011627,-49.027294,67.969551,-50.399952,68.023453,-49.991444,67.997368,-50.826691,0,4,true,0
1065,2026-09-07T04:58:51.4Z,pmu-5,1,1788757131,400000,2026-09-07T04:58:39.1200419Z,-12279.958,60.006237,0.006237,0.000104,0.000000,0.000000,0.000000,1.000000,92.006348,123.139717,92.011208,121.604111,92.001076,122.876839,91.986496,122.450554,0,12,true,0
1066,2026-09-07T04:58:51.06Z,pmu-1,1,1788757131,60000,2026-09-07T04:58:39.1205693Z,-11939.431,59.999672,-0.000328,-0.000147,0.000000,0.000000,0.000000,1.000000,95.024445,142.980865,95.010414,145.004166,95.048599,143.840836,94.995056,142.412506,0,1,true,0
1067,2026-09-07T04:58:51.42Z,pmu-5,1,1788757131,420000,2026-09-07T04:58:39.1676708Z,-12252.329,59.990841,-0.009159,-0.000308,0.000000,0.000000,0.000000,1.000000,94.997231,144.975723,95.002022,143.500061,94.999428,143.988052,94.982101,144.135727,0,13,true,0
1068,2026-09-07T04:58:50.9Z,pmu-4,1,1788757130,900000,2026-09-07T04:58:39.1676708Z,-11732.329,59.999935,-0.000065,0.000159,0.000000,0.000000,0.000000,1.000000,71.009003,-27.739222,70.963905,-28.293125,71.018829,-28.400131,70.998871,-29.639862,0,5,true,0
1069,2026-09-07T04:58:51.32Z,pmu-2,1,1788757131,320000,2026-09-07T04:58:39.1676708Z,-12152.329,59.995762,-0.004238,0.000006,0.000000,0.000000,0.000000,1.000000,82.968307,57.020042,83.004768,56.824989,83.022118,59.875351,83.022186,58.609367,0,0,true,0
1070,2026-09-07T04:58:51.22Z,pmu-3,1,1788757131,220000,2026-09-07T04:58:39.1676708Z,-12052.329,59.998501,-0.001499,-0.000160,0.000000,0.000000,0.000000,1.000000,86.022316,79.928139,85.995903,80.464752,85.998337,77.976494,86.010429,78.820625,0,11,true,0
1071,2026-09-07T04:58:51.08Z,pmu-1,1,1788757131,80000,2026-09-07T04:58:39.1676708Z,-11912.329,59.996914,-0.003086,-0.000055,0.000000,0.000000,0.000000,1.000000,98.017395,164.424362,98.005501,166.585785,98.047356,164.992691,98.002739,163.951248,0,2,true,0
1072,2026-09-07T04:58:51.34Z,pmu-2,1,1788757131,340000,2026-09-07T04:58:39.1676708Z,-12172.329,60.009453,0.009453,0.000274,0.000000,0.000000,0.000000,1.000000,85.977974,78.850349,86.014038,78.874535,86.025368,81.230705,86.019676,79.870758,0,1,true,0
1073,2026-09-07T04:58:51.44Z,pmu-5,1,1788757131,440000,2026-09-07T04:58:39.2224248Z,-12217.575,60.005859,0.005859,0.000300,0.000000,0.000000,0.000000,1.000000,97.993042,166.533630,98.011543,165.428009,97.999161,165.717178,97.983261,165.802048,0,14,true,0
1074,2026-09-07T04:58:51.46Z,pmu-5,1,1788757131,460000,2026-09-07T04:58:39.2224248Z,-12237.575,59.991314,-0.008686,-0.000291,0.000000,0.000000,0.000000,1.000000,50.000000,-180.000000,50.000000,-180.000000,50.000000,-180.000000,50.000000,-180.000000,0,15,true,0
1075,2026-09-07T04:58:51.24Z,pmu-3,1,1788757131,240000,2026-09-07T04:58:39.2224248Z,-12017.575,60.009388,0.009388,0.000218,0.000000,0.000000,0.000000,1.000000,89.022728,102.071854,88.989479,102.078690,89.001442,99.948265,89.004524,100.104248,0,12,true,0
1076,2026-09-07T04:58:50.92Z,pmu-4,1,1788757130,920000,2026-09-07T04:58:39.2224248Z,-11697.575,59.991272,-0.008728,-0.000173,0.000000,0.000000,0.000000,1.000000,74.002663,-5.787424,73.957642,-6.637047,74.016006,-6.254801,73.992325,-8.111815,0,6,true,0
1077,2026-09-07T04:58:51.1Z,pmu-1,1,1788757131,100000,2026-09-07T04:58:39.2224248Z,-11877.575,59.994232,-0.005768,-0.000054,0.000000,0.000000,0.000000,1.000000,50.000000,-180.000000,50.000000,-180.000000,50.000000,-180.000000,50.000000,-180.000000,0,3,true,0
1078,2026-09-07T04:58:51.36Z,pmu-2,1,1788757131,360000,2026-09-07T04:58:39.2224248Z,-12137.575,59.990269,-0.009731,-0.000384,0.000000,0.000000,0.000000,1.000000,88.985146,100.633934,89.022797,100.557648,89.027229,102.839020,89.026093,101.259682,0,2,true,0
1079,2026-09-07T04:58:51.12Z,pmu-1,1,1788757131,120000,2026-09-07T04:58:39.2224248Z,-11897.575,59.992340,-0.007660,-0.000038,0.000000,0.000000,0.000000,1.000000,52.995274,-158.051987,53.007839,-158.588165,52.998497,-158.375687,53.007202,-158.671127,0,4,true,0
1080,2026-09-07T04:58:50.94Z,pmu-4,1,1788757130,940000,2026-09-07T04:58:39.2224248Z,-11717.575,60.007942,0.007942,0.000333,0.000000,0.000000,0.000000,1.000000,76.998161,15.837878,76.957191,14.493967,77.008484,15.085238,76.984070,13.316562,0,7,true,0
1081,2026-09-07T04:58:51.26Z,pmu-3,1,1788757131,260000,2026-09-07T04:58:39.2224248Z,-12037.575,59.991646,-0.008354,-0.000355,0.000000,0.000000,0.000000,1.000000,92.018311,123.959969,91.993866,123.566055,91.997116,121.537163,91.994926,121.800827,0,13,true,0
1082,2026-09-07T04:58:51.28Z,pmu-3,1,1788757131,280000,2026-09-07T04:58:39.2697909Z,-12010.209,59.991219,-0.008781,-0.000009,0.000000,0.000000,0.000000,1.000000,95.017967,145.530930,95.002403,144.958862,94.999298,143.408905,94.996078,143.081665,0,14,true,0
1083,2026-09-07T04:58:51.14Z,pmu-1,1,1788757131,140000,2026-09-07T04:58:39.2697909Z,-11870.209,60.004745,0.004745,0.000248,0.000000,0.000000,0.000000,1.000000,55.992855,-136.143372,56.004391,-137.425858,56.003010,-136.635086,55.999241,-137.585587,0,5,true,0
1084,2026-09-07T04:58:51.38Z,pmu-2,1,1788757131,380000,2026-09-07T04:58:39.2697909Z,-12110.209,60.005737,0.005737,0.000309,0.000000,0.000000,0.000000,1.000000,91.985802,122.509567,92.016968,121.661667,92.021805,124.590424,92.033546,122.613190,0,3,true,0
1085,2026-09-07T04:58:51.48Z,pmu-5,1,1788757131,480000,2026-09-07T04:58:39.2697909Z,-12210.209,59.998837,-0.001163,0.000150,0.000000,0.000000,0.000000,1.000000,53.002419,-158.862518,53.003166,-158.964157,52.990971,-158.915497,53.000565,-158.527176,0,0,true,0
1086,2026-09-07T04:58:50.96Z,pmu-4,1,1788757130,960000,2026-09-07T04:58:39.2697909Z,-11690.209,60.003525,0.003525,-0.000088,0.000000,0.000000,0.000000,1.000000,79.995277,37.660667,79.963882,36.157249,80.018051,36.261471,79.982147,34.883987,0,8,true,0
1087,2026-09-07T04:58:51.4Z,pmu-2,1,1788757131,400000,2026-09-07T04:58:39.2703Z,-12129.700,60.003307,0.003307,-0.000049,0.000000,0.000000,0.000000,1.000000,94.986671,144.382706,95.021187,143.613678,95.015297,146.268600,95.041039,144.229202,0,4,true,0
1088,2026-09-07T04:58:51.3Z,pmu-3,1,1788757131,300000,2026-09-07T04:58:39.3145428Z,-11985.457,59.995888,-0.004112,0.000093,0.000000,0.000000,0.000000,1.000000,98.025002,167.164337,98.002556,166.326218,98.003197,164.787979,98.002113,164.604706,0,15,true,0
1089,2026-09-07T04:58:51.32Z,pmu-3,1,1788757131,320000,2026-09-07T04:58:39.3145428Z,-12005.457,60.005753,0.005753,0.000197,0.000000,0.000000,0.000000,1.000000,50.000000,-180.000000,50.000000,-180.000000,50.000000,-180.000000,50.000000,-180.000000,0,0,true,0
1090,2026-09-07T04:58:50.98Z,pmu-4,1,1788757130,980000,2026-09-07T04:58:39.3145428Z,-11665.457,60.009022,0.009022,0.000110,0.000000,0.000000,0.000000,1.000000,82.997505,59.450302,82.966095,57.422970,83.013931,57.690933,82.985847,56.208145,0,9,true,0
1091,2026-09-07T04:58:51.42Z,pmu-2,1,1788757131,420000,2026-09-07T04:58:39.3145428Z,-12105.457,59.991516,-0.008484,-0.000236,0.000000,0.000000,0.000000,1.000000,97.991524,166.447006,98.011497,164.884857,98.005478,167.842041,98.044113,165.264343,0,5,true,0
1092,2026-09-07T04:58:51.5Z,pmu-5,1,1788757131,500000,2026-09-07T04:58:39.3145428Z,-12185.457,60.006657,0.006657,0.000156,0.000000,0.000000,0.000000,1.000000,56.002010,-136.841019,56.006519,-137.914459,56.000938,-137.277985,55.991726,-137.050125,0,1,true,0
1093,2026-09-07T04:58:51.16Z,pmu-1,1,1788757131,160000,2026-09-07T04:58:39.3145428Z,-11845.457,59.999275,-0.000725,-0.000109,0.000000,0.000000,0.000000,1.000000,58.992180,-114.954025,58.995224,-116.223991,59.000595,-114.605507,58.992424,-115.927124,0,6,true,0
1094,2026-09-07T04:58:51Z,pmu-4,1,1788757131,0,2026-09-07T04:58:39.3145428Z,-11685.457,59.998539,-0.001461,-0.000210,0.000000,0.000000,0.000000,1.000000,85.992340,80.497589,85.962708,79.380295,86.011894,78.845901,85.980164,77.917702,0,10,true,0
1095,2026-09-07T04:58:51.52Z,pmu-5,1,1788757131,520000,2026-09-07T04:58:39.3145428Z,-12205.457,59.994865,-0.005135,-0.000236,0.000000,0.000000,0.000000,1.000000,59.011219,-114.713631,59.016361,-116.485558,58.994484,-115.921341,58.989037,-115.405647,0,2,true,0
1096,2026-09-07T04:58:51.44Z,pmu-2,1,1788757131,440000,2026-09-07T04:58:39.3145428Z,-12125.457,59.995945,-0.004055,0.000089,0.000000,0.000000,0.000000,1.000000,50.000000,-180.000000,50.000000,-180.000000,50.000000,-180.000000,50.000000,-180.000000,0,6,true,0
1097,2026-09-07T04:58:51.02Z,pmu-4,1,1788757131,20000,2026-09-07T04:58:39.3145428Z,-11705.457,59.990074,-0.009926,-0.000169,0.000000,0.000000,0.000000,1.000000,88.999603,101.561737,88.962563,101.511703,89.020836,100.244278,88.972099,99.843796,0,11,true,0
1098,2026-09-07T04:58:51.18Z,pmu-1,1,1788757131,180000,2026-09-07T04:58:39.3145428Z,-11865.457,60.000114,0.000114,0.000017,0.000000,0.000000,0.000000,1.000000,61.993877,-93.269897,61.997292,-94.067467,62.001827,-92.616463,61.995735,-94.823242,0,7,true,0
1099,2026-09-07T04:58:51.34Z,pmu-3,1,1788757131,340000,2026-09-07T04:58:39.368471Z,-11971.529,60.003021,0.003021,-0.000055,0.000000,0.000000,0.000000,1.000000,52.995617,-157.987183,52.998863,-157.892960,52.994617,-158.209702,52.996929,-158.637024,0,1,true,0
1100,2026-09-07T04:58:51.04Z,pmu-4,1,1788757131,40000,2026-09-07T04:58:39.368471Z,-11671.529,59.994724,-0.005276,0.000093,0.000000,0.000000,0.000000,1.000000,92.002007,122.996094,91.959793,122.699333,92.028183,121.470940,91.979103,121.098053,0,12,true,0
1101,2026-09-07T04:58:51.2Z,pmu-1,1,1788757131,200000,2026-09-07T04:58:39.368471Z,-11831.529,60.001984,0.001984,0.000037,0.000000,0.000000,0.000000,1.000000,64.988541,-72.070343,64.994110,-72.768173,65.007835,-71.398544,65.002113,-73.784203,0,8,true,0
1102,2026-09-07T04:58:51.54Z,pmu-5,1,1788757131,540000,2026-09-07T04:58:39.368471Z,-12171.529,60.002892,0.002892,0.000161,0.000000,0.000000,0.000000,1.000000,62.003422,-92.645096,62.024498,-94.411041,62.002281,-94.565781,61.998127,-94.066521,0,3,true,0
1103,2026-09-07T04:58:51.46Z,pmu-2,1,1788757131,460000,2026-09-07T04:58:39.368471Z,-12091.529,60.002861,0.002861,0.000138,0.000000,0.000000,0.000000,1.000000,52.998466,-158.265793,52.997765,-158.691956,52.994377,-157.898666,52.995701,-158.770798,0,7,true,0
1104,2026-09-07T04:58:51.36Z,pmu-3,1,1788757131,360000,2026-09-07T04:58:39.4187988Z,-11941.201,59.995609,-0.004391,-0.000148,0.000000,0.000000,0.000000,1.000000,55.988602,-136.906906,55.989822,-136.630417,55.990967,-137.102509,55.989391,-137.578751,0,2,true,0
1105,2026-09-07T04:58:51.38Z,pmu-3,1,1788757131,380000,2026-09-07T04:58:39.4187988Z,-11961.201,59.998970,-0.001030,0.000067,0.000000,0.000000,0.000000,1.000000,58.996552,-115.335152,58.981304,-114.480865,58.983814,-115.828804,58.993694,-116.201706,0,3,true,0
1106,2026-09-07T04:58:51.48Z,pmu-2,1,1788757131,480000,2026-09-07T04:58:39.4187988Z,-12061.201,60.008514,0.008514,0.000113,0.000000,0.000000,0.000000,1.000000,56.006630,-137.074036,56.005749,-137.579895,55.999432,-136.503265,55.989510,-137.387527,0,8,true,0
1107,2026-09-07T04:58:51.56Z,pmu-5,1,1788757131,560000,2026-09-07T04:58:39.4187988Z,-12141.201,59.999790,-0.000210,-0.000062,0.000000,0.000000,0.000000,1.000000,65.011345,-71.235847,65.015656,-73.118462,64.997330,-73.360901,65.000824,-72.071388,0,4,true,0
1108,2026-09-07T04:58:51.22Z,pmu-1,1,1788757131,220000,2026-09-07T04:58:39.4187988Z,-11801.201,59.990768,-0.009232,-0.000224,0.000000,0.000000,0.000000,1.000000,67.988205,-50.758320,67.999573,-50.632076,68.009476,-50.049408,67.996178,-51.959808,0,9,true,0
1109,2026-09-07T04:58:51.06Z,pmu-4,1,1788757131,60000,2026-09-07T04:58:39.4187988Z,-11641.201,60.002216,0.002216,0.000150,0.000000,0.000000,0.000000,1.000000,95.004158,144.761078,94.961899,144.816620,95.024414,142.587509,94.978119,142.194092,0,13,true,0
1110,2026-09-07T04:58:51.24Z,pmu-1,1,1788757131,240000,2026-09-07T04:58:39.4187988Z,-11821.201,60.008759,0.008759,0.000360,0.000000,0.000000,0.000000,1.000000,70.997269,-29.403347,70.992867,-28.594038,71.004776,-28.266491,70.997162,-30.783995,0,10,true,0
1111,2026-09-07T04:58:51.08Z,pmu-4,1,1788757131,80000,2026-09-07T04:58:39.4187988Z,-11661.201,60.007053,0.007053,0.000097,0.000000,0.000000,0.000000,1.000000,97.998619,166.708847,97.964417,166.541306,98.021217,164.524094,97.971741,163.754517,0,14,true,0
1112,2026-09-07T04:58:51.5Z,pmu-2,1,1788757131,500000,2026-09-07T04:58:39.4187988Z,-12081.201,59.992020,-0.007980,-0.000330,0.000000,0.000000,0.000000,1.000000,59.007889,-115.829475,59.009869,-115.893883,58.997437,-114.611832,58.986813,-116.088516,0,9,true,0
1113,2026-09-07T04:58:51.58Z,pmu-5,1,1788757131,580000,2026-09-07T04:58:39.4187988Z,-12161.201,60.000748,0.000748,0.000019,0.000000,0.000000,0.000000,1.000000,68.004959,-49.526615,68.021271,-51.522530,67.995659,-51.408688,67.996536,-50.791222,0,5,true,0
1114,2026-09-07T04:58:51.6Z,pmu-5,1,1788757131,600000,2026-09-07T04:58:39.4644117Z,-12135.588,59.990139,-0.009861,-0.000212,0.000000,0.000000,0.000000,1.000000,71.010933,-27.852106,71.021355,-29.408291,70.998344,-29.611216,70.992966,-29.189701,0,6,true,0
1115,2026-09-07T04:58:51.4Z,pmu-3,1,1788757131,400000,2026-09-07T04:58:39.4644117Z,-11935.588,59.997250,-0.002750,-0.000034,0.000000,0.000000,0.000000,1.000000,62.006393,-94.141464,61.982399,-92.780792,61.987465,-94.731506,61.993877,-94.946686,0,4,true,0
1116,2026-09-07T04:58:51.26Z,pmu-1,1,1788757131,260000,2026-09-07T04:58:39.4644117Z,-11795.588,60.001026,0.001026,-0.000155,0.000000,0.000000,0.000000,1.000000,73.998802,-7.573914,73.996910,-6.667141,74.004395,-7.113200,73.993065,-9.284554,0,11,true,0
1117,2026-09-07T04:58:51.1Z,pmu-4,1,1788757131,100000,2026-09-07T04:58:39.4644117Z,-11635.588,60.000648,0.000648,-0.000128,0.000000,0.000000,0.000000,1.000000,50.000000,-180.000000,50.000000,-180.000000,50.000000,-180.000000,50.000000,-180.000000,0,15,true,0
1118,2026-09-07T04:58:51.52Z,pmu-2,1,1788757131,520000,2026-09-07T04:58:39.4644117Z,-12055.588,59.995049,-0.004951,0.000061,0.000000,0.000000,0.000000,1.000000,62.007156,-93.943672,62.007267,-94.406479,61.990746,-92.917740,61.979156,-94.433281,0,10,true,0
1119,2026-09-07T04:58:51.62Z,pmu-5,1,1788757131,620000,2026-09-07T04:58:39.4644117Z,-12155.588,59.993355,-0.006645,0.000064,0.000000,0.000000,0.000000,1.000000,74.015892,-6.815866,74.029259,-7.923924,74.003082,-7.834906,73.990044,-7.390590,0,7,true,0
1120,2026-09-07T04:58:51.28Z,pmu-1,1,1788757131,280000,2026-09-07T04:58:39.4651206Z,-11814.879,59.998638,-0.001362,-0.000048,0.000000,0.000000,0.000000,1.000000,77.004166,13.713947,77.003067,15.461718,77.010521,14.785092,76.988640,12.121825,0,12,true,0
1121,2026-09-07T04:58:51.42Z,pmu-3,1,1788757131,420000,2026-09-07T04:58:39.4651206Z,-11954.879,60.005604,0.005604,0.000167,0.000000,0.000000,0.000000,1.000000,65.014389,-73.111206,64.976334,-71.330139,64.980186,-73.091591,64.990944,-73.260986,0,5,true,0
1122,2026-09-07T04:58:51.12Z,pmu-4,1,1788757131,120000,2026-09-07T04:58:39.4651206Z,-11654.879,60.001450,0.001450,0.000016,0.000000,0.000000,0.000000,1.000000,53.007328,-158.294617,53.009010,-158.664764,53.007084,-158.424194,52.996571,-158.081390,0,0,true,0
1123,2026-09-07T04:58:51.54Z,pmu-2,1,1788757131,540000,2026-09-07T04:58:39.4651206Z,-12074.879,59.990467,-0.009533,-0.000092,0.000000,0.000000,0.000000,1.000000,65.016800,-72.211250,65.000626,-72.421455,64.995338,-70.966255,64.974083,-72.888374,0,11,true,0
1124,2026-09-07T04:58:51.64Z,pmu-5,1,1788757131,640000,2026-09-07T04:58:39.5099502Z,-12130.050,59.990295,-0.009705,-0.000061,0.000000,0.000000,0.000000,1.000000,77.022804,15.232454,77.033310,13.293015,77.008156,13.884925,76.982895,13.906469,0,8,true,0
1125,2026-09-07T04:58:51.3Z,pmu-1,1,1788757131,300000,2026-09-07T04:58:39.5105282Z,-11789.472,60.009697,0.009697,0.000221,0.000000,0.000000,0.000000,1.000000,80.004669,35.099903,80.002480,37.387531,80.020134,36.280998,79.988831,33.633400,0,13,true,0
1126,2026-09-07T04:58:51.44Z,pmu-3,1,1788757131,440000,2026-09-07T04:58:39.5105282Z,-11929.472,59.999611,-0.000389,-0.000120,0.000000,0.000000,0.000000,1.000000,68.014145,-51.303104,67.978104,-49.181976,67.973877,-51.209557,67.982140,-51.477821,0,6,true,0
1127,2026-09-07T04:58:51.14Z,pmu-4,1,1788757131,140000,2026-09-07T04:58:39.5105282Z,-11629.472,60.000183,0.000183,-0.000025,0.000000,0.000000,0.000000,1.000000,56.017296,-137.128601,56.018314,-136.826584,55.999931,-136.802521,55.997688,-136.129318,0,1,true,0
1128,2026-09-07T04:58:51.56Z,pmu-2,1,1788757131,560000,2026-09-07T04:58:39.5105282Z,-12049.472,59.990326,-0.009674,-0.000003,0.000000,0.000000,0.000000,1.000000,68.018372,-50.523140,67.996468,-50.751427,68.002289,-49.426003,67.974205,-51.019005,0,12,true,0
1129,2026-09-07T04:58:51.66Z,pmu-5,1,1788757131,660000,2026-09-07T04:58:39.5567459Z,-12103.254,60.006470,0.006470,0.000323,0.000000,0.000000,0.000000,1.000000,80.018814,37.172291,80.027351,34.641098,80.010338,35.634205,79.990746,35.443085,0,9,true,0
1130,2026-09-07T04:58:51.16Z,pmu-4,1,1788757131,160000,2026-09-07T04:58:39.5567459Z,-11603.254,59.999355,-0.000645,-0.000017,0.000000,0.000000,0.000000,1.000000,59.020050,-115.813713,59.008850,-115.534317,59.007740,-114.789459,59.002892,-114.987534,0,2,true,0
1131,2026-09-07T04:58:51.46Z,pmu-3,1,1788757131,460000,2026-09-07T04:58:39.5567459Z,-11903.254,60.001938,0.001938,0.000047,0.000000,0.000000,0.000000,1.000000,71.019333,-29.355572,70.974998,-27.808260,70.965927,-29.375441,70.977081,-29.469545,0,7,true,0
1132,2026-09-07T04:58:51.32Z,pmu-1,1,1788757131,320000,2026-09-07T04:58:39.5567459Z,-11763.254,60.004780,0.004780,-0.000098,0.000000,0.000000,0.000000,1.000000,83.004509,56.613087,83.008385,59.391014,83.018524,57.573059,82.995041,55.543652,0,14,true,0
1133,2026-09-07T04:58:51.68Z,pmu-5,1,1788757131,680000,2026-09-07T04:58:39.5567459Z,-12123.254,60.008327,0.008327,0.000037,0.000000,0.000000,0.000000,1.000000,83.017929,59.046555,83.022797,56.245628,83.018227,56.840511,82.987160,57.110214,0,10,true,0
1134,2026-09-07T04:58:51.58Z,pmu-2,1,1788757131,580000,2026-09-07T04:58:39.5567459Z,-12023.254,60.003998,0.003998,0.000273,0.000000,0.000000,0.000000,1.000000,71.023277,-29.306587,70.999084,-29.698959,71.008018,-27.443325,70.975830,-29.490995,0,13,true,0
1135,2026-09-07T04:58:51.18Z,pmu-4,1,1788757131,180000,2026-09-07T04:58:39.5567459Z,-11623.254,59.994102,-0.005898,-0.000105,0.000000,0.000000,0.000000,1.000000,62.018768,-93.830963,62.015160,-93.505302,62.001015,-92.767578,61.997250,-93.531807,0,3,true,0
1136,2026-09-07T04:58:51.48Z,pmu-3,1,1788757131,480000,2026-09-07T04:58:39.5567459Z,-11923.254,59.997456,-0.002544,-0.000090,0.000000,0.000000,0.000000,1.000000,74.010498,-7.311729,73.970688,-6.731348,73.959961,-8.101604,73.967934,-8.232532,0,8,true,0
1137,2026-09-07T04:58:51.34Z,pmu-1,1,1788757131,340000,2026-09-07T04:58:39.5567459Z,-11783.254,60.004509,0.004509,-0.000005,0.000000,0.000000,0.000000,1.000000,86.009377,78.030830,86.005180,81.034119,86.018394,78.678680,85.994530,77.410851,0,15,true,0
1138,2026-09-07T04:58:51.6Z,pmu-2,1,1788757131,600000,2026-09-07T04:58:39.5567459Z,-12043.254,60.005825,0.005825,0.000037,0.000000,0.000000,0.000000,1.000000,74.033096,-7.277397,74.005249,-8.646808,73.998535,-6.209214,73.968819,-7.387385,0,14,true,0
1139,2026-09-07T04:58:51.62Z,pmu-2,1,1788757131,620000,2026-09-07T04:58:39.6036572Z,-12016.343,59.993629,-0.006371,-0.000244,0.000000,0.000000,0.000000,1.000000,77.038597,14.018368,76.996857,12.460915,76.995735,15.256514,76.958954,14.667685,0,15,true,0
1140,2026-09-07T04:58:51.7Z,pmu-5,1,1788757131,700000,2026-09-07T04:58:39.6036572Z,-12096.343,60.004360,0.004360,-0.000079,0.000000,0.000000,0.000000,1.000000,86.012039,80.169006,86.013893,77.508347,86.009163,78.731979,85.978722,78.748207,0,11,true,0
1141,2026-09-07T04:58:51.2Z,pmu-4,1,1788757131,200000,2026-09-07T04:58:39.6036572Z,-11596.343,59.996799,-0.003201,0.000054,0.000000,0.000000,0.000000,1.000000,65.023079,-72.395348,65.019096,-72.393906,64.993538,-71.087364,64.997078,-72.161728,0,4,true,0
1142,2026-09-07T04:58:51.36Z,pmu-1,1,1788757131,360000,2026-09-07T04:58:39.6036572Z,-11756.343,60.003845,0.003845,-0.000013,0.000000,0.000000,0.000000,1.000000,89.015930,99.858551,88.997101,102.196983,89.019981,100.663536,88.994469,99.341805,0,0,true,0
1143,2026-09-07T04:58:51.5Z,pmu-3,1,1788757131,500000,2026-09-07T04:58:39.6036572Z,-11896.343,59.994507,-0.005493,-0.000059,0.000000,0.000000,0.000000,1.000000,77.018356,14.420096,76.965805,14.592150,76.966820,14.021379,76.959602,13.447606,0,9,true,0
1144,2026-09-07T04:58:51.52Z,pmu-3,1,1788757131,520000,2026-09-07T04:58:39.6469585Z,-11873.041,60.004059,0.004059,0.000191,0.000000,0.000000,0.000000,1.000000,80.021118,36.412884,79.975082,36.264103,79.961807,35.182327,79.961456,35.003735,0,10,true,0
1145,2026-09-07T04:58:51.54Z,pmu-3,1,1788757131,540000,2026-09-07T04:58:39.6474935Z,-11892.506,59.999737,-0.000263,-0.000086,0.000000,0.000000,0.000000,1.000000,83.011459,57.988422,82.974808,57.838486,82.960373,56.538208,82.961220,56.801762,0,11,true,0
1146,2026-09-07T04:58:51.22Z,pmu-4,1,1788757131,220000,2026-09-07T04:58:39.6474935Z,-11572.506,59.990345,-0.009655,-0.000129,0.000000,0.000000,0.000000,1.000000,68.019051,-51.059433,68.013634,-50.617104,67.985939,-49.263527,68.003883,-51.057537,0,5,true,0
1147,2026-09-07T04:58:51.38Z,pmu-1,1,1788757131,380000,2026-09-07T04:58:39.6474935Z,-11732.506,59.992863,-0.007137,-0.000220,0.000000,0.000000,0.000000,1.000000,92.024696,120.969498,91.996735,123.498970,92.022003,122.045784,91.989639,121.075241,0,1,true,0
1148,2026-09-07T04:58:51.72Z,pmu-5,1,1788757131,720000,2026-09-07T04:58:39.6474935Z,-12072.506,59.990910,-0.009090,-0.000269,0.000000,0.000000,0.000000,1.000000,89.006020,101.275154,89.004211,99.538933,89.018196,100.573860,88.970833,100.913719,0,12,true,0
1149,2026-09-07T04:58:51.24Z,pmu-4,1,1788757131,240000,2026-09-07T04:58:39.6474935Z,-11592.507,60.008801,0.008801,0.000369,0.000000,0.000000,0.000000,1.000000,71.011795,-29.299875,71.005814,-29.188168,70.987656,-27.497990,70.994438,-29.792196,0,6,true,0
1150,2026-09-07T04:58:51.64Z,pmu-2,1,1788757131,640000,2026-09-07T04:58:39.6474935Z,-11992.506,60.009594,0.009594,0.000319,0.000000,0.000000,0.000000,1.000000,80.037041,35.379322,80.000870,33.679428,79.992828,36.871464,79.959167,36.689705,0,0,true,0
1151,2026-09-07T04:58:51.74Z,pmu-5,1,1788757131,740000,2026-09-07T04:58:39.6474935Z,-12092.507,59.999542,-0.000458,0.000173,0.000000,0.000000,0.000000,1.000000,92.013069,122.737038,92.012428,121.374527,92.009323,122.251236,91.968750,122.178741,0,13,true,0
1152,2026-09-07T04:58:51.66Z,pmu-2,1,1788757131,660000,2026-09-07T04:58:39.6474935Z,-12012.507,59.997864,-0.002136,-0.000235,0.000000,0.000000,0.000000,1.000000,83.028282,57.538429,83.005211,55.501163,82.993843,59.011898,82.958260,58.641048,0,1,true,0
1153,2026-09-07T04:58:51.4Z,pmu-1,1,1788757131,400000,2026-09-07T04:58:39.6474935Z,-11752.506,60.005455,0.005455,0.000252,0.000000,0.000000,0.000000,1.000000,95.015274,142.276031,94.988029,144.789490,95.030113,143.946457,94.985909,142.841660,0,2,true,0
1154,2026-09-07T04:58:51.76Z,pmu-5,1,1788757131,760000,2026-09-07T04:58:39.6929127Z,-12067.087,59.998032,-0.001968,-0.000030,0.000000,0.000000,0.000000,1.000000,95.006790,144.338654,95.020271,142.885574,95.003761,143.493912,94.959869,144.340500,0,14,true,0
1155,2026-09-07T04:58:51.26Z,pmu-4,1,1788757131,260000,2026-09-07T04:58:39.6929127Z,-11567.087,59.992638,-0.007362,-0.000323,0.000000,0.000000,0.000000,1.000000,74.003471,-7.802115,74.010788,-7.070989,73.986916,-6.434856,73.984886,-8.514406,0,7,true,0
1156,2026-09-07T04:58:51.56Z,pmu-3,1,1788757131,560000,2026-09-07T04:58:39.6929127Z,-11867.087,60.009441,0.009441,0.000194,0.000000,0.000000,0.000000,1.000000,86.012039,79.851845,85.965141,79.627838,85.957703,77.858452,85.961304,78.137253,0,12,true,0
1157,2026-09-07T04:58:51.42Z,pmu-1,1,1788757131,420000,2026-09-07T04:58:39.6929127Z,-11727.087,60.000622,0.000622,-0.000097,0.000000,0.000000,0.000000,1.000000,98.020622,164.426361,97.993561,166.679749,98.027435,165.619568,97.990250,164.212234,0,3,true,0
1158,2026-09-07T04:58:51.68Z,pmu-2,1,1788757131,680000,2026-09-07T04:58:39.6929127Z,-11987.087,59.994694,-0.005306,-0.000063,0.000000,0.000000,0.000000,1.000000,86.029961,78.956802,86.000465,77.352524,85.993134,81.095818,85.959503,80.578018,0,2,true,0
1159,2026-09-07T04:58:51.78Z,pmu-5,1,1788757131,780000,2026-09-07T04:58:39.7383899Z,-12041.610,59.996979,-0.003021,-0.000021,0.000000,0.000000,0.000000,1.000000,98.007141,165.554199,98.010292,164.203125,97.996407,165.125229,97.950104,165.563736,0,15,true,0
1160,2026-09-07T04:58:51.44Z,pmu-1,1,1788757131,440000,2026-09-07T04:58:39.7383899Z,-11701.610,60.008846,0.008846,0.000164,0.000000,0.000000,0.000000,1.000000,50.000000,-180.000000,50.000000,-180.000000,50.000000,-180.000000,50.000000,-180.000000,0,4,true,0
1161,2026-09-07T04:58:51.58Z,pmu-3,1,1788757131,580000,2026-09-07T04:58:39.7383899Z,-11841.610,60.003796,0.003796,-0.000113,0.000000,0.000000,0.000000,1.000000,89.019287,101.665924,88.972252,101.251709,88.953156,99.474419,88.954201,100.016098,0,13,true,0
1162,2026-09-07T04:58:51.8Z,pmu-5,1,1788757131,800000,2026-09-07T04:58:39.7383899Z,-12061.610,59.991817,-0.008183,-0.000103,0.000000,0.000000,0.000000,1.000000,50.000000,-180.000000,50.000000,-180.000000,50.000000,-180.000000,50.000000,-180.000000,0,0,true,0
1163,2026-09-07T04:58:51.46Z,pmu-1,1,1788757131,460000,2026-09-07T04:58:39.7383899Z,-11721.610,59.999557,-0.000443,-0.000186,0.000000,0.000000,0.000000,1.000000,53.007183,-157.979202,52.996113,-158.796707,53.005035,-158.274124,52.999466,-158.314377,0,5,true,0
1164,2026-09-07T04:58:51.6Z,pmu-3,1,1788757131,600000,2026-09-07T04:58:39.7383899Z,-11861.610,60.008373,0.008373,0.000092,0.000000,0.000000,0.000000,1.000000,92.019905,123.252441,91.972786,122.924255,91.961685,121.244125,91.959297,121.510788,0,14,true,0
1165,2026-09-07T04:58:51.7Z,pmu-2,1,1788757131,700000,2026-09-07T04:58:39.7383899Z,-11961.610,60.006226,0.006226,0.000231,0.000000,0.000000,0.000000,1.000000,89.036255,100.593506,89.002655,98.782890,88.999702,102.377495,88.952423,102.344215,0,3,true,0
1166,2026-09-07T04:58:51.28Z,pmu-4,1,1788757131,280000,2026-09-07T04:58:39.7383899Z,-11541.610,59.999886,-0.000114,0.000145,0.000000,0.000000,0.000000,1.000000,77.006180,14.216583,77.016243,14.969253,76.988525,14.622612,76.988129,12.894107,0,8,true,0
1167,2026-09-07T04:58:51.72Z,pmu-2,1,1788757131,720000,2026-09-07T04:58:39.7383899Z,-11981.610,59.999004,-0.000996,-0.000144,0.000000,0.000000,0.000000,1.000000,92.040291,122.515709,91.992920,120.511887,92.007378,124.261101,91.953117,124.497177,0,4,true,0
1168,2026-09-07T04:58:51.3Z,pmu-4,1,1788757131,300000,2026-09-07T04:58:39.7383899Z,-11561.610,60.002296,0.002296,0.000048,0.000000,0.000000,0.000000,1.000000,80.000267,36.304562,80.015511,36.791027,79.989235,36.612949,79.995293,34.395157,0,9,true,0
1169,2026-09-07T04:58:51.82Z,pmu-5,1,1788757131,820000,2026-09-07T04:58:39.7844548Z,-12035.545,60.000214,0.000214,0.000168,0.000000,0.000000,0.000000,1.000000,53.004093,-158.225647,53.006016,-158.460098,53.001968,-157.895447,52.994736,-158.075317,0,1,true,0
1170,2026-09-07T04:58:51.62Z,pmu-3,1,1788757131,620000,2026-09-07T04:58:39.7850764Z,-11834.924,60.005089,0.005089,-0.000066,0.000000,0.000000,0.000000,1.000000,95.017624,144.374573,94.971199,144.638306,94.960655,143.357040,94.967674,143.259476,0,15,true,0
1171,2026-09-07T04:58:51.48Z,pmu-1,1,1788757131,480000,2026-09-07T04:58:39.7850764Z,-11694.924,59.992874,-0.007126,-0.000134,0.000000,0.000000,0.000000,1.000000,56.015926,-136.651672,55.998722,-137.370178,56.013283,-136.635635,55.992180,-137.159470,0,6,true,0
1172,2026-09-07T04:58:51.32Z,pmu-4,1,1788757131,320000,2026-09-07T04:58:39.7850764Z,-11534.924,59.992455,-0.007545,-0.000197,0.000000,0.000000,0.000000,1.000000,82.997749,58.173794,83.013657,58.824722,82.997162,58.269341,82.995445,56.374897,0,10,true,0
1173,2026-09-07T04:58:51.74Z,pmu-2,1,1788757131,740000,2026-09-07T04:58:39.7850764Z,-11954.924,60.007774,0.007774,0.000175,0.000000,0.000000,0.000000,1.000000,95.034149,144.034668,94.992035,142.108124,95.002113,145.459885,94.955215,146.002609,0,5,true,0
1174,2026-09-07T04:58:51.64Z,pmu-3,1,1788757131,640000,2026-09-07T04:58:39.8361236Z,-11803.876,59.993401,-0.006599,-0.000234,0.000000,0.000000,0.000000,1.000000,98.022552,165.869217,97.977699,166.773651,97.964127,164.788910,97.972015,164.623962,0,0,true,0
1175,2026-09-07T04:58:51.5Z,pmu-1,1,1788757131,500000,2026-09-07T04:58:39.8361236Z,-11663.876,60.000023,0.000023,0.000143,0.000000,0.000000,0.000000,1.000000,59.010300,-114.805672,58.998592,-115.566666,59.007088,-114.898315,58.989552,-115.447899,0,7,true,0
1176,2026-09-07T04:58:51.84Z,pmu-5,1,1788757131,840000,2026-09-07T04:58:39.8361236Z,-12003.876,59.998585,-0.001415,-0.000033,0.000000,0.000000,0.000000,1.000000,56.003452,-136.696350,56.015182,-136.308044,56.010128,-136.005341,55.985947,-135.925339,0,2,true,0
1177,2026-09-07T04:58:51.66Z,pmu-3,1,1788757131,660000,2026-09-07T04:58:39.8361236Z,-11823.876,60.009136,0.009136,0.000315,0.000000,0.000000,0.000000,1.000000,50.000000,-180.000000,50.000000,-180.000000,50.000000,-180.000000,50.000000,-180.000000,0,1,true,0
1178,2026-09-07T04:58:51.76Z,pmu-2,1,1788757131,760000,2026-09-07T04:58:39.8361236Z,-11923.876,60.003098,0.003098,-0.000094,0.000000,0.000000,0.000000,1.000000,98.035194,165.830444,97.991982,163.499084,98.007423,167.196564,97.960480,167.933456,0,6,true,0
1179,2026-09-07T04:58:51.52Z,pmu-1,1,1788757131,520000,2026-09-07T04:58:39.8361236Z,-11683.876,60.007919,0.007919,0.000158,0.000000,0.000000,0.000000,1.000000,62.009708,-93.586952,62.004196,-94.513252,62.006428,-92.759804,61.995850,-94.308357,0,8,true,0
1180,2026-09-07T04:58:51.34Z,pmu-4,1,1788757131,340000,2026-09-07T04:58:39.8361236Z,-11503.876,60.007084,0.007084,0.000293,0.000000,0.000000,0.000000,1.000000,86.007561,80.233055,86.016792,80.859856,85.994255,79.417488,85.996841,78.463959,0,11,true,0
1181,2026-09-07T04:58:51.86Z,pmu-5,1,1788757131,860000,2026-09-07T04:58:39.8361236Z,-12023.876,59.996197,-0.003803,-0.000048,0.000000,0.000000,0.000000,1.000000,59.001114,-115.453804,59.022095,-114.138519,59.001431,-114.512688,58.995651,-114.431740,0,3,true,0
1182,2026-09-07T04:58:51.36Z,pmu-4,1,1788757131,360000,2026-09-07T04:58:39.8361236Z,-11523.876,59.993965,-0.006035,-0.000262,0.000000,0.000000,0.000000,1.000000,89.016144,101.846016,89.014977,102.069977,88.989937,101.556740,88.988449,99.562721,0,12,true,0
1183,2026-09-07T04:58:51.78Z,pmu-2,1,1788757131,780000,2026-09-07T04:58:39.8361236Z,-11943.876,59.999298,-0.000702,-0.000076,0.000000,0.000000,0.000000,1.000000,50.000000,-180.000000,50.000000,-180.000000,50.000000,-180.000000,50.000000,-180.000000,0,7,true,0
1184,2026-09-07T04:58:51.68Z,pmu-3,1,1788757131,680000,2026-09-07T04:58:39.8820662Z,-11797.934,59.990421,-0.009579,-0.000374,0.000000,0.000000,0.000000,1.000000,52.995003,-157.990341,52.991947,-158.341385,53.008457,-158.918365,52.997234,-158.909134,0,2,true,0
1185,2026-09-07T04:58:51.38Z,pmu-4,1,1788757131,380000,2026-09-07T04:58:39.8820662Z,-11497.934,60.003311,0.003311,0.000187,0.000000,0.000000,0.000000,1.000000,92.006516,123.672516,92.013870,123.499123,91.988319,123.079216,91.979134,120.968399,0,13,true,0
1186,2026-09-07T04:58:51.54Z,pmu-1,1,1788757131,540000,2026-09-07T04:58:39.8820662Z,-11657.934,59.996319,-0.003681,-0.000232,0.000000,0.000000,0.000000,1.000000,65.018555,-72.342911,65.004723,-72.421432,65.015434,-70.707283,65.002670,-72.991646,0,9,true,0
1187,2026-09-07T04:58:51.8Z,pmu-2,1,1788757131,800000,2026-09-07T04:58:39.8820662Z,-11917.934,60.000465,0.000465,0.000023,0.000000,0.000000,0.000000,1.000000,53.003384,-157.961151,52.990002,-157.937698,52.992073,-157.962631,53.003387,-158.899841,0,8,true,0
1188,2026-09-07T04:58:51.88Z,pmu-5,1,1788757131,880000,2026-09-07T04:58:39.8820662Z,-11997.934,59.996189,-0.003811,-0.000000,0.000000,0.000000,0.000000,1.000000,61.994045,-93.511620,62.021446,-92.762947,61.991508,-92.608833,61.999325,-93.161537,0,4,true,0
1189,2026-09-07T04:58:51.9Z,pmu-5,1,1788757131,900000,2026-09-07T04:58:39.9379123Z,-11962.088,60.004345,0.004345,0.000163,0.000000,0.000000,0.000000,1.000000,64.996506,-71.837250,65.026939,-71.029236,64.991997,-70.513824,64.992325,-71.177010,0,5,true,0
1190,2026-09-07T04:58:51.7Z,pmu-3,1,1788757131,700000,2026-09-07T04:58:39.9379123Z,-11762.088,60.002262,0.002262,0.000237,0.000000,0.000000,0.000000,1.000000,55.986198,-136.777496,55.994717,-136.647079,56.002102,-136.892807,55.993385,-137.221298,0,3,true,0
1191,2026-09-07T04:58:51.92Z,pmu-5,1,1788757131,920000,2026-09-07T04:58:39.9379123Z,-11982.088,59.997837,-0.002163,-0.000130,0.000000,0.000000,0.000000,1.000000,68.006485,-50.124065,68.022057,-49.277370,67.987709,-49.254364,67.990837,-49.756329,0,6,true,0
1192,2026-09-07T04:58:51.4Z,pmu-4,1,1788757131,400000,2026-09-07T04:58:39.9379123Z,-11462.088,60.009296,0.009296,0.000120,0.000000,0.000000,0.000000,1.000000,94.997475,145.312851,95.015755,144.874344,94.985352,144.722321,94.973526,142.085495,0,14,true,0
1193,2026-09-07T04:58:51.82Z,pmu-2,1,1788757131,820000,2026-09-07T04:58:39.9379123Z,-11882.088,59.993763,-0.006237,-0.000134,0.000000,0.000000,0.000000,1.000000,55.999493,-136.352005,55.981258,-135.765854,55.984982,-136.170517,56.001125,-136.973541,0,9,true,0
1194,2026-09-07T04:58:51.56Z,pmu-1,1,1788757131,560000,2026-09-07T04:58:39.9379123Z,-11622.088,60.001808,0.001808,0.000110,0.000000,0.000000,0.000000,1.000000,68.023193,-50.665466,68.009506,-50.949970,68.022125,-49.015011,68.003456,-51.790791,0,10,true,0
1195,2026-09-07T04:58:51.72Z,pmu-3,1,1788757131,720000,2026-09-07T04:58:39.9379123Z,-11782.088,60.004845,0.004845,0.000052,0.000000,0.000000,0.000000,1.000000,58.993744,-115.621780,58.997871,-115.162849,58.992470,-114.966606,58.988045,-115.596237,0,4,true,0
1196,2026-09-07T04:58:51.42Z,pmu-4,1,1788757131,420000,2026-09-07T04:58:39.9384283Z,-11481.572,59.995041,-0.004959,-0.000285,0.000000,0.000000,0.000000,1.000000,98.001465,167.336792,98.007690,166.838028,97.987717,166.542068,97.963577,163.810364,0,15,true,0
1197,2026-09-07T04:58:51.58Z,pmu-1,1,1788757131,580000,2026-09-07T04:58:39.9384283Z,-11641.572,60.004967,0.004967,0.000063,0.000000,0.000000,0.000000,1.000000,71.024010,-28.872892,71.001266,-28.798800,71.028214,-27.364531,70.997002,-29.633287,0,11,true,0
1198,2026-09-07T04:58:51.84Z,pmu-2,1,1788757131,840000,2026-09-07T04:58:39.9384283Z,-11901.572,60.002739,0.002739,0.000180,0.000000,0.000000,0.000000,1.000000,59.009197,-115.277580,58.986046,-113.740791,58.976372,-114.136078,59.002224,-115.259346,0,10,true,0
1199,2026-09-07T04:58:51.74Z,pmu-3,1,1788757131,740000,2026-09-07T04:58:39.9839526Z,-11756.047,60.006828,0.006828,0.000040,0.000000,0.000000,0.000000,1.000000,61.993717,-93.722862,61.991566,-93.676979,62.001553,-93.331337,61.984818,-93.508438,0,5,true,0
1200,2026-09-07T04:58:51.76Z,pmu-3,1,1788757131,760000,2026-09-07T04:58:39.9839526Z,-11776.047,60.002914,0.002914,-0.000078,0.000000,0.000000,0.000000,1.000000,64.996613,-72.108437,64.989479,-71.917664,64.996437,-72.169937,64.985466,-71.500092,0,6,true,0
1201,2026-09-07T04:58:51.86Z,pmu-2,1,1788757131,860000,2026-09-07T04:58:39.9839526Z,-11876.047,60.007389,0.007389,0.000093,0.000000,0.000000,0.000000,1.000000,61.999695,-94.119957,61.978096,-92.628418,61.979031,-92.425934,61.999260,-94.117561,0,11,true,0
1202,2026-09-07T04:58:51.6Z,pmu-1,1,1788757131,600000,2026-09-07T04:58:39.9839526Z,-11616.047,59.993500,-0.006500,-0.000229,0.000000,0.000000,0.000000,1.000000,74.014221,-7.814621,74.009995,-7.427426,74.035995,-5.751502,73.988190,-8.293599,0,12,true,0
1203,2026-09-07T04:58:51.94Z,pmu-5,1,1788757131,940000,2026-09-07T04:58:39.9839526Z,-11956.047,59.991508,-0.008492,-0.000127,0.000000,0.000000,0.000000,1.000000,71.014397,-28.892195,71.028160,-27.130955,70.985207,-27.538099,71.000450,-28.368763,0,7,true,0
1204,2026-09-07T04:58:51.44Z,pmu-4,1,1788757131,440000,2026-09-07T04:58:39.9839526Z,-11456.047,60.003273,0.003273,0.000165,0.000000,0.000000,0.000000,1.000000,50.000000,-180.000000,50.000000,-180.000000,50.000000,-180.000000,50.000000,-180.000000,0,0,true,0
1205,2026-09-07T04:58:51.96Z,pmu-5,1,1788757131,960000,2026-09-07T04:58:39.984462Z,-11975.538,60.005997,0.005997,0.000290,0.000000,0.000000,0.000000,1.000000,74.007057,-7.382684,74.037605,-4.959360,73.990776,-6.370365,73.993645,-6.211123,0,8,true,0
1206,2026-09-07T04:58:51.62Z,pmu-1,1,1788757131,620000,2026-09-07T04:58:39.984462Z,-11635.538,59.998871,-0.001129,0.000107,0.000000,0.000000,0.000000,1.000000,77.012566,14.239923,77.019554,14.088066,77.045212,16.387848,76.984497,13.686666,0,13,true,0
1207,2026-09-07T04:58:51.46Z,pmu-4,1,1788757131,460000,2026-09-07T04:58:39.984462Z,-11475.538,59.995853,-0.004147,-0.000148,0.000000,0.000000,0.000000,1.000000,52.990593,-158.753830,53.000710,-158.457230,53.009960,-158.752609,52.990295,-158.356262,0,1,true,0
1208,2026-09-07T04:58:51.88Z,pmu-2,1,1788757131,880000,2026-09-07T04:58:39.984462Z,-11895.538,60.009304,0.009304,0.000038,0.000000,0.000000,0.000000,1.000000,65.000519,-72.275459,64.986313,-71.130867,64.980476,-70.786682,64.993095,-72.627174,0,12,true,0
1209,2026-09-07T04:58:51.78Z,pmu-3,1,1788757131,780000,2026-09-07T04:58:40.034908Z,-11745.092,60.004356,0.004356,0.000029,0.000000,0.000000,0.000000,1.000000,67.990898,-50.980152,67.993546,-50.872646,68.000160,-50.247623,67.977997,-49.945187,0,7,true,0
1210,2026-09-07T04:58:51.98Z,pmu-5,1,1788757131,980000,2026-09-07T04:58:40.034908Z,-11945.092,60.005203,0.005203,-0.000016,0.000000,0.000000,0.000000,1.000000,77.001297,13.945535,77.037888,17.009329,76.986336,15.630569,76.986984,15.717348,0,9,true,0
1211,2026-09-07T04:58:51.48Z,pmu-4,1,1788757131,480000,2026-09-07T04:58:40.034908Z,-11445.092,60.008026,0.008026,0.000243,0.000000,0.000000,0.000000,1.000000,55.982632,-137.103271,56.010124,-137.317871,56.003376,-137.580536,55.988857,-136.467392,0,2,true,0
1212,2026-09-07T04:58:51.64Z,pmu-1,1,1788757131,640000,2026-09-07T04:58:40.034908Z,-11605.092,60.006172,0.006172,0.000146,0.000000,0.000000,0.000000,1.000000,80.014351,35.416752,80.024742,35.866718,80.035233,37.847527,79.975677,35.843224,0,14,true,0
1213,2026-09-07T04:58:51.9Z,pmu-2,1,1788757131,900000,2026-09-07T04:58:40.034908Z,-11865.092,59.991459,-0.008541,-0.000357,0.000000,0.000000,0.000000,1.000000,67.993050,-50.504601,67.984589,-50.100677,67.983231,-49.068985,67.985764,-51.011387,0,13,true,0
1214,2026-09-07T04:58:52Z,pmu-5,1,1788757132,0,2026-09-07T04:58:40.034908Z,-11965.092,59.993343,-0.006657,-0.000237,0.000000,0.000000,0.000000,1.000000,79.991898,35.385979,80.036858,38.958820,79.984970,36.687790,79.995064,36.848328,0,10,true,0
1215,2026-09-07T04:58:52.02Z,pmu-5,1,1788757132,20000,2026-09-07T04:58:40.0849423Z,-11935.058,59.990414,-0.009586,-0.000059,0.000000,0.000000,0.000000,1.000000,82.995003,56.745495,83.031250,60.141064,82.986877,58.668961,83.001663,58.455971,0,11,true,0
1216,2026-09-07T04:58:51.66Z,pmu-1,1,1788757131,660000,2026-09-07T04:58:40.0849423Z,-11575.058,60.000107,0.000107,-0.000121,0.000000,0.000000,0.000000,1.000000,83.014610,57.569286,83.018227,57.388474,83.038406,59.682690,82.969711,57.284260,0,15,true,0
1217,2026-09-07T04:58:51.8Z,pmu-3,1,1788757131,800000,2026-09-07T04:58:40.0849423Z,-11715.058,59.992771,-0.007229,-0.000232,0.000000,0.000000,0.000000,1.000000,70.993004,-29.624832,70.985855,-28.837162,70.995544,-29.118149,70.970345,-28.722410,0,8,true,0
1218,2026-09-07T04:58:52.04Z,pmu-5,1,1788757132,40000,2026-09-07T04:58:40.0855478Z,-11954.452,60.009670,0.009670,0.000385,0.000000,0.000000,0.000000,1.000000,85.989464,78.704773,86.023773,81.665825,85.979073,80.440582,86.000702,80.158943,0,12,true,0
1219,2026-09-07T04:58:51.68Z,pmu-1,1,1788757131,680000,2026-09-07T04:58:40.0855478Z,-11594.452,60.002579,0.002579,0.000049,0.000000,0.000000,0.000000,1.000000,86.007591,78.913208,86.013008,78.882736,86.041321,81.158455,85.976303,78.936768,0,0,true,0
1220,2026-09-07T04:58:51.92Z,pmu-2,1,1788757131,920000,2026-09-07T04:58:40.0855478Z,-11834.452,59.993629,-0.006371,0.000043,0.000000,0.000000,0.000000,1.000000,71.002525,-28.914059,70.987808,-28.401304,70.974411,-26.977684,70.976707,-29.946541,0,14,true,0
1221,2026-09-07T04:58:51.5Z,pmu-4,1,1788757131,500000,2026-09-07T04:58:40.0855478Z,-11414.452,59.993210,-0.006790,-0.000296,0.000000,0.000000,0.000000,1.000000,58.979454,-116.051086,59.009460,-115.806633,59.004253,-115.828957,58.990009,-114.951401,0,3,true,0
1222,2026-09-07T04:58:51.52Z,pmu-4,1,1788757131,520000,2026-09-07T04:58:40.0855478Z,-11434.452,60.007938,0.007938,0.000295,0.000000,0.000000,0.000000,1.000000,61.985188,-94.320312,62.002613,-94.657928,62.010941,-93.707016,61.999992,-93.576462,0,4,true,0
1223,2026-09-07T04:58:51.82Z,pmu-3,1,1788757131,820000,2026-09-07T04:58:40.0855478Z,-11734.452,59.991085,-0.008915,-0.000034,0.000000,0.000000,0.000000,1.000000,73.995865,-7.769032,73.979248,-6.765585,73.993645,-7.781361,73.975754,-7.569714,0,9,true,0
1224,2026-09-07T04:58:51.94Z,pmu-2,1,1788757131,940000,2026-09-07T04:58:40.0855478Z,-11854.452,59.999653,-0.000347,0.000120,0.000000,0.000000,0.000000,1.000000,74.000877,-6.983384,73.978806,-6.498432,73.979767,-5.489961,73.974579,-8.140434,0,15,true,0
1225,2026-09-07T04:58:52.06Z,pmu-5,1,1788757132,60000,2026-09-07T04:58:40.1330478Z,-11926.952,59.997898,-0.002102,-0.000235,0.000000,0.000000,0.000000,1.000000,88.981369,100.783585,89.029221,103.457870,88.981483,101.478889,88.997566,101.199272,0,13,true,0
1226,2026-09-07T04:58:51.54Z,pmu-4,1,1788757131,540000,2026-09-07T04:58:40.1330478Z,-11406.952,60.008945,0.008945,0.000020,0.000000,0.000000,0.000000,1.000000,64.979179,-72.913017,64.996231,-73.589165,65.014473,-72.081787,64.996056,-72.025261,0,5,true,0
1227,2026-09-07T04:58:51.96Z,pmu-2,1,1788757131,960000,2026-09-07T04:58:40.1330478Z,-11826.952,59.994713,-0.005287,-0.000099,0.000000,0.000000,0.000000,1.000000,76.992653,14.941627,76.980560,14.996496,76.985107,16.679115,76.970039,13.295392,0,0,true,0
1228,2026-09-07T04:58:51.84Z,pmu-3,1,1788757131,840000,2026-09-07T04:58:40.1330478Z,-11706.952,59.990673,-0.009327,-0.000008,0.000000,0.000000,0.000000,1.000000,76.988998,14.093413,76.986229,15.334492,76.998940,14.303224,76.975212,14.236462,0,10,true,0
1229,2026-09-07T04:58:51.7Z,pmu-1,1,1788757131,700000,2026-09-07T04:58:40.1330478Z,-11566.952,59.998512,-0.001488,-0.000081,0.000000,0.000000,0.000000,1.000000,89.002136,100.127663,89.018608,100.184204,89.044052,103.003342,88.966995,100.345741,0,1,true,0
1230,2026-09-07T04:58:51.56Z,pmu-4,1,1788757131,560000,2026-09-07T04:58:40.1336013Z,-11426.399,59.998932,-0.001068,-0.000200,0.000000,0.000000,0.000000,1.000000,67.980118,-51.677967,67.990952,-52.240242,68.011528,-49.930511,67.992302,-50.749462,0,6,true,0
1231,2026-09-07T04:58:51.98Z,pmu-2,1,1788757131,980000,2026-09-07T04:58:40.1336013Z,-11846.399,59.991322,-0.008678,-0.000068,0.000000,0.000000,0.000000,1.000000,79.989639,36.933956,79.972359,36.912937,79.984962,37.839748,79.979347,34.600357,0,1,true,0
1232,2026-09-07T04:58:51.86Z,pmu-3,1,1788757131,860000,2026-09-07T04:58:40.1762918Z,-11683.708,59.991009,-0.008991,0.000007,0.000000,0.000000,0.000000,1.000000,79.984352,35.871056,79.987183,37.118149,80.001427,36.019032,79.981926,36.241871,0,11,true,0
1233,2026-09-07T04:58:51.72Z,pmu-1,1,1788757131,720000,2026-09-07T04:58:40.1762918Z,-11543.708,60.007610,0.007610,0.000182,0.000000,0.000000,0.000000,1.000000,92.005089,122.046066,92.021568,121.285324,92.044609,124.205490,91.975281,122.184120,0,2,true,0
1234,2026-09-07T04:58:52.08Z,pmu-5,1,1788757132,80000,2026-09-07T04:58:40.1762918Z,-11903.708,59.991318,-0.008682,-0.000132,0.000000,0.000000,0.000000,1.000000,91.981644,122.804588,92.023926,124.846664,91.981895,123.261803,92.000023,122.415092,0,14,true,0
1235,2026-09-07T04:58:51.88Z,pmu-3,1,1788757131,880000,2026-09-07T04:58:40.1762918Z,-11703.708,59.997154,-0.002846,0.000123,0.000000,0.000000,0.000000,1.000000,82.991104,57.339863,82.990242,58.229786,83.010376,58.080364,82.985191,57.432091,0,12,true,0
1236,2026-09-07T04:58:52Z,pmu-2,1,1788757132,0,2026-09-07T04:58:40.1762918Z,-11823.708,60.009247,0.009247,0.000359,0.000000,0.000000,0.000000,1.000000,82.996941,58.000206,82.973396,58.158588,82.975227,59.233471,82.972328,56.116161,0,2,true,0
1237,2026-09-07T04:58:51.74Z,pmu-1,1,1788757131,740000,2026-09-07T04:58:40.1762918Z,-11563.708,60.000008,0.000008,-0.000152,0.000000,0.000000,0.000000,1.000000,95.010643,143.764008,95.019249,142.621475,95.038979,146.035172,94.973114,144.098221,0,3,true,0
1238,2026-09-07T04:58:51.58Z,pmu-4,1,1788757131,580000,2026-09-07T04:58:40.1762918Z,-11403.708,59.990784,-0.009216,-0.000163,0.000000,0.000000,0.000000,1.000000,70.982704,-29.982161,70.993546,-30.801968,71.004433,-28.048027,70.995583,-28.948183,0,7,true,0
1239,2026-09-07T04:58:52.02Z,pmu-2,1,1788757132,20000,2026-09-07T04:58:40.1762918Z,-11843.708,59.992657,-0.007343,-0.000332,0.000000,0.000000,0.000000,1.000000,85.987427,79.148010,85.973640,80.276466,85.977974,81.252235,85.963058,77.425598,0,3,true,0
1240,2026-09-07T04:58:52.1Z,pmu-5,1,1788757132,100000,2026-09-07T04:58:40.1762918Z,-11923.708,59.991726,-0.008274,0.000008,0.000000,0.000000,0.000000,1.000000,94.978760,144.313339,95.025490,146.005096,94.977020,145.128586,94.994888,143.922195,0,15,true,0
1241,2026-09-07T04:58:51.9Z,pmu-3,1,1788757131,900000,2026-09-07T04:58:40.2183221Z,-11681.678,60.001411,0.001411,0.000085,0.000000,0.000000,0.000000,1.000000,85.993866,78.434822,85.986542,79.259903,86.008232,79.350212,85.985863,78.881485,0,13,true,0
1242,2026-09-07T04:58:51.76Z,pmu-1,1,1788757131,760000,2026-09-07T04:58:40.2190262Z,-11540.974,59.993629,-0.006371,-0.000128,0.000000,0.000000,0.000000,1.000000,98.006660,164.919403,98.029190,164.177048,98.043068,167.545410,97.980820,165.479950,0,4,true,0
1243,2026-09-07T04:58:51.6Z,pmu-4,1,1788757131,600000,2026-09-07T04:58:40.2190262Z,-11380.974,60.006367,0.006367,0.000312,0.000000,0.000000,0.000000,1.000000,73.974266,-8.080896,73.995743,-9.249616,73.998497,-6.763348,74.001076,-7.334001,0,8,true,0
1244,2026-09-07T04:58:52.04Z,pmu-2,1,1788757132,40000,2026-09-07T04:58:40.2190262Z,-11820.974,59.995747,-0.004253,0.000062,0.000000,0.000000,0.000000,1.000000,88.988411,100.330185,88.969833,101.779579,88.978638,103.147308,88.961731,99.420021,0,4,true,0
1245,2026-09-07T04:58:52.12Z,pmu-5,1,1788757132,120000,2026-09-07T04:58:40.2190262Z,-11900.974,60.000969,0.000969,0.000185,0.000000,0.000000,0.000000,1.000000,97.983925,166.440857,98.026413,167.886856,97.977295,166.966064,97.999306,165.058289,0,0,true,0
1246,2026-09-07T04:58:51.92Z,pmu-3,1,1788757131,920000,2026-09-07T04:58:40.2683447Z,-11651.655,60.003197,0.003197,0.000036,0.000000,0.000000,0.000000,1.000000,88.990547,100.413223,88.991310,101.409645,89.004684,100.809227,88.990707,100.928444,0,14,true,0
1247,2026-09-07T04:58:52.06Z,pmu-2,1,1788757132,60000,2026-09-07T04:58:40.2683447Z,-11791.655,59.999226,-0.000774,0.000070,0.000000,0.000000,0.000000,1.000000,91.992714,122.236313,91.967567,123.272194,91.971832,124.253983,91.957047,121.131805,0,5,true,0
1248,2026-09-07T04:58:51.78Z,pmu-1,1,1788757131,780000,2026-09-07T04:58:40.2683447Z,-11511.655,60.004925,0.004925,0.000226,0.000000,0.000000,0.000000,1.000000,50.000000,-180.000000,50.000000,-180.000000,50.000000,-180.000000,50.000000,-180.000000,0,5,true,0
1249,2026-09-07T04:58:51.62Z,pmu-4,1,1788757131,620000,2026-09-07T04:58:40.2683447Z,-11351.655,60.005295,0.005295,-0.000021,0.000000,0.000000,0.000000,1.000000,76.984138,13.226094,76.992088,12.370931,77.006126,14.656042,77.006645,13.727244,0,9,true,0
1250,2026-09-07T04:58:52.14Z,pmu-5,1,1788757132,140000,2026-09-07T04:58:40.2683447Z,-11871.655,60.008270,0.008270,0.000146,0.000000,0.000000,0.000000,1.000000,50.000000,-180.000000,50.000000,-180.000000,50.000000,-180.000000,50.000000,-180.000000,0,1,true,0
1251,2026-09-07T04:58:51.94Z,pmu-3,1,1788757131,940000,2026-09-07T04:58:40.2683447Z,-11671.655,59.993443,-0.006557,-0.000195,0.000000,0.000000,0.000000,1.000000,92.000359,121.580376,91.984207,123.352943,92.007820,122.596199,91.998161,122.360176,0,15,true,0
1252,2026-09-07T04:58:52.08Z,pmu-2,1,1788757132,80000,2026-09-07T04:58:40.2683447Z,-11811.655,60.003239,0.003239,0.000080,0.000000,0.000000,0.000000,1.000000,94.983009,143.577469,94.970390,145.250702,94.965981,145.979858,94.964165,142.922562,0,6,true,0
1253,2026-09-07T04:58:51.8Z,pmu-1,1,1788757131,800000,2026-09-07T04:58:40.2683447Z,-11531.655,60.000668,0.000668,-0.000085,0.000000,0.000000,0.000000,1.000000,53.001141,-158.492493,52.996387,-157.951263,52.995304,-157.910065,53.009357,-158.641876,0,6,true,0
1254,2026-09-07T04:58:51.64Z,pmu-4,1,1788757131,640000,2026-09-07T04:58:40.2683447Z,-11371.655,59.994129,-0.005871,-0.000223,0.000000,0.000000,0.000000,1.000000,79.991646,34.730221,79.982170,34.250160,80.010284,36.487186,80.002098,35.159821,0,10,true,0
1255,2026-09-07T04:58:52.16Z,pmu-5,1,1788757132,160000,2026-09-07T04:58:40.2688604Z,-11891.140,60.007771,0.007771,-0.000010,0.000000,0.000000,0.000000,1.000000,52.990566,-158.829727,52.998833,-157.864120,52.996082,-157.913040,52.992416,-158.739639,0,2,true,0
1256,2026-09-07T04:58:51.96Z,pmu-3,1,1788757131,960000,2026-09-07T04:58:40.3145004Z,-11645.500,59.995152,-0.004848,0.000034,0.000000,0.000000,0.000000,1.000000,95.003197,143.678772,94.992538,144.663300,95.012489,143.978180,94.988426,143.423279,0,0,true,0
1257,2026-09-07T04:58:51.98Z,pmu-3,1,1788757131,980000,2026-09-07T04:58:40.3151917Z,-11664.808,60.001999,0.001999,0.000137,0.000000,0.000000,0.000000,1.000000,97.999260,164.887283,97.985741,166.094681,98.014999,165.013077,97.982628,165.585007,0,1,true,0
1258,2026-09-07T04:58:51.66Z,pmu-4,1,1788757131,660000,2026-09-07T04:58:40.3151917Z,-11344.808,60.000763,0.000763,0.000133,0.000000,0.000000,0.000000,1.000000,82.991425,56.671806,82.976128,56.209686,83.009735,57.820023,83.007721,56.930359,0,11,true,0
1259,2026-09-07T04:58:51.82Z,pmu-1,1,1788757131,820000,2026-09-07T04:58:40.3151917Z,-11504.808,60.000153,0.000153,-0.000010,0.000000,0.000000,0.000000,1.000000,56.001862,-136.800644,55.987568,-136.350418,55.995270,-136.734741,56.013264,-137.046387,0,7,true,0
1260,2026-09-07T04:58:52.1Z,pmu-2,1,1788757132,100000,2026-09-07T04:58:40.3151917Z,-11784.808,59.991737,-0.008263,-0.000230,0.000000,0.000000,0.000000,1.000000,97.979195,165.617645,97.969864,166.597321,97.974129,167.227814,97.967651,164.860123,0,7,true,0
1261,2026-09-07T04:58:52.18Z,pmu-5,1,1788757132,180000,2026-09-07T04:58:40.3151917Z,-11864.808,59.995552,-0.004448,-0.000244,0.000000,0.000000,0.000000,1.000000,55.989323,-137.088425,56.001755,-136.545334,55.994255,-136.152847,55.992809,-137.071701,0,3,true,0
1262,2026-09-07T04:58:51.68Z,pmu-4,1,1788757131,680000,2026-09-07T04:58:40.3151917Z,-11364.808,60.004452,0.004452,0.000074,0.000000,0.000000,0.000000,1.000000,85.986778,78.813187,85.970222,78.018517,86.010574,79.032799,86.005585,78.448059,0,12,true,0
1263,2026-09-07T04:58:51.84Z,pmu-1,1,1788757131,840000,2026-09-07T04:58:40.3151917Z,-11524.808,60.003536,0.003536,0.000068,0.000000,0.000000,0.000000,1.000000,58.996609,-115.240990,58.994064,-115.220306,58.985939,-115.028351,59.016899,-115.604256,0,8,true,0
1264,2026-09-07T04:58:52.2Z,pmu-5,1,1788757132,200000,2026-09-07T04:58:40.3151917Z,-11884.808,60.008411,0.008411,0.000257,0.000000,0.000000,0.000000,1.000000,58.980030,-115.013596,59.002560,-114.883232,58.991199,-114.623100,58.990665,-115.591537,0,4,true,0
1265,2026-09-07T04:58:52.12Z,pmu-2,1,1788757132,120000,2026-09-07T04:58:40.3151917Z,-11804.808,60.002312,0.002312,0.000211,0.000000,0.000000,0.000000,1.000000,50.000000,-180.000000,50.000000,-180.000000,50.000000,-180.000000,50.000000,-180.000000,0,8,true,0
1266,2026-09-07T04:58:51.7Z,pmu-4,1,1788757131,700000,2026-09-07T04:58:40.3666607Z,-11333.339,59.996017,-0.003983,-0.000169,0.000000,0.000000,0.000000,1.000000,88.990829,100.600410,88.971313,99.608185,89.012886,100.983971,88.999359,100.180649,0,13,true,0
1267,2026-09-07T04:58:51.86Z,pmu-1,1,1788757131,860000,2026-09-07T04:58:40.3666607Z,-11493.339,60.007172,0.007172,0.000073,0.000000,0.000000,0.000000,1.000000,62.004162,-93.207214,62.000687,-93.497574,61.990986,-93.355698,62.020851,-93.843895,0,9,true,0
1268,2026-09-07T04:58:52.22Z,pmu-5,1,1788757132,220000,2026-09-07T04:58:40.3671522Z,-11852.848,59.998196,-0.001804,-0.000204,0.000000,0.000000,0.000000,1.000000,61.977226,-93.853134,62.009975,-92.746964,61.984154,-93.273689,61.984566,-93.710213,0,5,true,0
1269,2026-09-07T04:58:52Z,pmu-3,1,1788757132,0,2026-09-07T04:58:40.3671522Z,-11632.848,60.006859,0.006859,0.000097,0.000000,0.000000,0.000000,1.000000,50.000000,-180.000000,50.000000,-180.000000,50.000000,-180.000000,50.000000,-180.000000,0,2,true,0
1270,2026-09-07T04:58:52.14Z,pmu-2,1,1788757132,140000,2026-09-07T04:58:40.3671522Z,-11772.848,60.000309,0.000309,-0.000040,0.000000,0.000000,0.000000,1.000000,53.002377,-158.568726,53.002487,-158.692490,52.995049,-157.924683,52.998158,-158.534836,0,9,true,0
1271,2026-09-07T04:58:52.02Z,pmu-3,1,1788757132,20000,2026-09-07T04:58:40.3671522Z,-11652.848,60.003658,0.003658,-0.000064,0.000000,0.000000,0.000000,1.000000,52.991180,-157.903885,53.003181,-158.779312,53.004845,-158.766632,53.003979,-158.029633,0,3,true,0
1272,2026-09-07T04:58:52.24Z,pmu-5,1,1788757132,240000,2026-09-07T04:58:40.4247243Z,-11815.276,60.006111,0.006111,0.000158,0.000000,0.000000,0.000000,1.000000,64.986275,-72.417000,65.000313,-71.218948,64.987778,-72.022514,64.993179,-71.919701,0,6,true,0
1273,2026-09-07T04:58:51.72Z,pmu-4,1,1788757131,720000,2026-09-07T04:58:40.4247243Z,-11295.276,59.990604,-0.009396,-0.000108,0.000000,0.000000,0.000000,1.000000,91.991524,121.877113,91.962090,121.117828,92.018692,123.041374,91.991280,122.283035,0,14,true,0
1274,2026-09-07T04:58:51.88Z,pmu-1,1,1788757131,880000,2026-09-07T04:58:40.4247243Z,-11455.276,59.998795,-0.001205,-0.000168,0.000000,0.000000,0.000000,1.000000,64.999016,-71.460213,64.998528,-71.986137,64.987000,-71.327278,65.029785,-71.917831,0,10,true,0
1275,2026-09-07T04:58:52.16Z,pmu-2,1,1788757132,160000,2026-09-07T04:58:40.4247243Z,-11735.276,60.002007,0.002007,0.000034,0.000000,0.000000,0.000000,1.000000,55.992466,-136.821091,55.993397,-137.542480,55.987473,-136.200134,55.989098,-136.747437,0,10,true,0
1276,2026-09-07T04:58:52.26Z,pmu-5,1,1788757132,260000,2026-09-07T04:58:40.4247243Z,-11835.276,59.996845,-0.003155,-0.000185,0.000000,0.000000,0.000000,1.000000,67.994408,-51.351940,67.995949,-49.604733,67.983505,-49.854591,67.998680,-50.670902,0,7,true,0
1277,2026-09-07T04:58:52.04Z,pmu-3,1,1788757132,40000,2026-09-07T04:58:40.4247243Z,-11615.276,59.995411,-0.004589,-0.000165,0.000000,0.000000,0.000000,1.000000,55.983936,-136.031708,56.001999,-137.687469,55.995255,-137.662796,55.997051,-136.980133,0,4,true,0
1278,2026-09-07T04:58:51.9Z,pmu-1,1,1788757131,900000,2026-09-07T04:58:40.4247243Z,-11475.276,60.008450,0.008450,0.000193,0.000000,0.000000,0.000000,1.000000,68.008850,-50.319126,68.003204,-50.010033,67.993378,-49.503860,68.020348,-50.338730,0,11,true,0
1279,2026-09-07T04:58:52.06Z,pmu-3,1,1788757132,60000,2026-09-07T04:58:40.4247243Z,-11635.276,60.004963,0.004963,0.000191,0.000000,0.000000,0.000000,1.000000,58.990116,-114.207603,58.997623,-115.530640,59.002995,-116.295540,59.005077,-114.834770,0,5,true,0
1280,2026-09-07T04:58:52.18Z,pmu-2,1,1788757132,180000,2026-09-07T04:58:40.4247243Z,-11755.276,59.997784,-0.002216,-0.000084,0.000000,0.000000,0.000000,1.000000,58.992451,-114.872864,58.991730,-116.323067,58.977730,-114.820190,58.990929,-115.452614,0,11,true,0
1281,2026-09-07T04:58:51.74Z,pmu-4,1,1788757131,740000,2026-09-07T04:58:40.4247243Z,-11315.276,59.996067,-0.003933,0.000109,0.000000,0.000000,0.000000,1.000000,94.989670,143.183792,94.953598,142.430161,95.021088,144.292206,94.997635,144.167191,0,15,true,0
1282,2026-09-07T04:58:51.76Z,pmu-4,1,1788757131,760000,2026-09-07T04:58:40.531153Z,-11228.847,60.001019,0.001019,0.000099,0.000000,0.000000,0.000000,1.000000,97.998238,164.610245,97.957527,163.822281,98.016479,165.584427,97.996834,165.308777,0,0,true,0
1283,2026-09-07T04:58:52.28Z,pmu-5,1,1788757132,280000,2026-09-07T04:58:40.5318166Z,-11748.183,60.004711,0.004711,0.000157,0.000000,0.000000,0.000000,1.000000,70.985573,-29.857502,71.004898,-28.218987,70.982384,-27.981445,70.998741,-29.589725,0,8,true,0
1284,2026-09-07T04:58:52.2Z,pmu-2,1,1788757132,200000,2026-09-07T04:58:40.5318166Z,-11668.183,60.000469,0.000469,0.000054,0.000000,0.000000,0.000000,1.000000,61.992470,-93.020004,61.994335,-94.525215,61.985737,-92.993279,61.981606,-93.770271,0,12,true,0
1285,2026-09-07T04:58:52.08Z,pmu-3,1,1788757132,80000,2026-09-07T04:58:40.5318166Z,-11548.183,59.991142,-0.008858,-0.000276,0.000000,0.000000,0.000000,1.000000,61.990929,-93.089600,62.002884,-94.232010,61.998470,-94.417358,62.005119,-92.702621,0,6,true,0
1286,2026-09-07T04:58:51.92Z,pmu-1,1,1788757131,920000,2026-09-07T04:58:40.5323193Z,-11387.681,60.003830,0.003830,-0.000092,0.000000,0.000000,0.000000,1.000000,71.003456,-28.782478,70.998795,-28.527241,70.997734,-27.792070,71.010811,-28.371265,0,12,true,0
1287,2026-09-07T04:58:51.94Z,pmu-1,1,1788757131,940000,2026-09-07T04:58:40.611438Z,-11328.562,60.004856,0.004856,0.000021,0.000000,0.000000,0.000000,1.000000,74.013222,-7.519413,73.999168,-7.440816,73.998215,-6.076576,74.020088,-6.518612,0,13,true,0
1288,2026-09-07T04:58:52.22Z,pmu-2,1,1788757132,220000,2026-09-07T04:58:40.6171582Z,-11602.842,59.997910,-0.002090,-0.000051,0.000000,0.000000,0.000000,1.000000,64.994064,-71.141228,64.996376,-72.451851,64.978256,-71.575111,64.988281,-71.921814,0,13,true,0
1289,2026-09-07T04:58:51.78Z,pmu-4,1,1788757131,780000,2026-09-07T04:58:40.6171582Z,-11162.842,60.004875,0.004875,0.000077,0.000000,0.000000,0.000000,1.000000,50.000000,-180.000000,50.000000,-180.000000,50.000000,-180.000000,50.000000,-180.000000,0,1,true,0
1290,2026-09-07T04:58:52.1Z,pmu-3,1,1788757132,100000,2026-09-07T04:58:40.6171582Z,-11482.842,59.994701,-0.005299,0.000071,0.000000,0.000000,0.000000,1.000000,64.983810,-71.126747,65.006134,-72.426781,65.007339,-73.162865,65.009903,-70.589188,0,7,true,0
1291,2026-09-07T04:58:52.3Z,pmu-5,1,1788757132,300000,2026-09-07T04:58:40.6171582Z,-11682.842,60.009094,0.009094,0.000088,0.000000,0.000000,0.000000,1.000000,73.984680,-8.360930,74.012550,-7.115601,73.986649,-6.236331,73.991959,-7.465727,0,9,true,0
1292,2026-09-07T04:58:51.8Z,pmu-4,1,1788757131,800000,2026-09-07T04:58:40.6762733Z,-11123.727,60.000362,0.000362,-0.000090,0.000000,0.000000,0.000000,1.000000,52.998631,-157.919052,53.003468,-157.933151,52.994080,-158.801331,53.003929,-158.636475,0,2,true,0
1293,2026-09-07T04:58:51.96Z,pmu-1,1,1788757131,960000,2026-09-07T04:58:40.6762733Z,-11283.727,59.995659,-0.004341,-0.000184,0.000000,0.000000,0.000000,1.000000,77.010399,13.693749,76.994621,14.239636,77.008156,15.047479,77.013031,14.623208,0,14,true,0
1294,2026-09-07T04:58:52.24Z,pmu-2,1,1788757132,240000,2026-09-07T04:58:40.6762733Z,-11563.727,59.997589,-0.002411,-0.000006,0.000000,0.000000,0.000000,1.000000,68.000015,-49.265739,67.992546,-51.038860,67.976791,-50.214787,67.978676,-50.170967,0,14,true,0
1295,2026-09-07T04:58:52.32Z,pmu-5,1,1788757132,320000,2026-09-07T04:58:40.6762733Z,-11643.727,59.995697,-0.004303,-0.000268,0.000000,0.000000,0.000000,1.000000,76.991776,13.476616,77.010574,13.959668,76.993225,15.797546,76.990486,13.753695,0,10,true,0
1296,2026-09-07T04:58:52.12Z,pmu-3,1,1788757132,120000,2026-09-07T04:58:40.6762733Z,-11443.727,60.009804,0.009804,0.000302,0.000000,0.000000,0.000000,1.000000,67.984886,-49.446751,68.004578,-51.278629,68.001877,-51.528011,68.004898,-48.711212,0,8,true,0
1297,2026-09-07T04:58:52.14Z,pmu-3,1,1788757132,140000,2026-09-07T04:58:40.7201001Z,-11419.900,59.999344,-0.000656,-0.000209,0.000000,0.000000,0.000000,1.000000,70.981888,-27.295267,70.995583,-29.816191,70.996307,-29.902534,71.001701,-27.591530,0,9,true,0
1298,2026-09-07T04:58:51.98Z,pmu-1,1,1788757131,980000,2026-09-07T04:58:40.7201001Z,-11259.900,60.003979,0.003979,0.000166,0.000000,0.000000,0.000000,1.000000,80.013405,35.827717,80.004547,35.775204,80.005844,37.046696,80.022072,36.460472,0,15,true,0
1299,2026-09-07T04:58:51.82Z,pmu-4,1,1788757131,820000,2026-09-07T04:58:40.7201001Z,-11099.900,60.007343,0.007343,0.000140,0.000000,0.000000,0.000000,1.000000,55.990715,-136.663116,56.000427,-136.787827,55.994423,-137.432648,56.003601,-136.679642,0,3,true,0
1300,2026-09-07T04:58:52.26Z,pmu-2,1,1788757132,260000,2026-09-07T04:58:40.7201001Z,-11539.900,60.006329,0.006329,0.000175,0.000000,0.000000,0.000000,1.000000,71.000465,-27.133102,70.993996,-29.506792,70.979279,-28.241726,70.986839,-28.079281,0,15,true,0
1301,2026-09-07T04:58:53Z,pmu-1,1,1788757133,0,2026-09-07T04:58:40.7201001Z,-12279.900,60.005650,0.005650,0.000033,0.000000,0.000000,0.000000,1.000000,83.011963,56.955372,83.007324,57.386028,83.013939,59.072632,83.024529,57.853561,0,0,true,0
1302,2026-09-07T04:58:52.34Z,pmu-5,1,1788757132,340000,2026-09-07T04:58:40.7201001Z,-11619.900,59.999382,-0.000618,0.000074,0.000000,0.000000,0.000000,1.000000,79.999863,35.101501,80.001434,35.009548,79.986977,36.906914,79.981262,35.279083,0,11,true,0
1303,2026-09-07T04:58:52.36Z,pmu-5,1,1788757132,360000,2026-09-07T04:58:40.7636619Z,-11596.338,59.995510,-0.004490,-0.000077,0.000000,0.000000,0.000000,1.000000,82.996033,56.612549,82.999481,56.490593,82.994102,58.961525,82.990784,56.659550,0,12,true,0
1304,2026-09-07T04:58:52.16Z,pmu-3,1,1788757132,160000,2026-09-07T04:58:40.7636619Z,-11396.338,59.993267,-0.006733,-0.000122,0.000000,0.000000,0.000000,1.000000,73.977753,-5.460588,74.000229,-8.160743,73.992981,-8.762672,74.009850,-5.628121,0,10,true,0
1305,2026-09-07T04:58:52.38Z,pmu-5,1,1788757132,380000,2026-09-07T04:58:40.7636619Z,-11616.338,59.995575,-0.004425,0.000001,0.000000,0.000000,0.000000,1.000000,86.002411,77.958458,85.999321,78.249977,85.997513,80.346428,85.998627,78.282791,0,13,true,0
1306,2026-09-07T04:58:52.18Z,pmu-3,1,1788757132,180000,2026-09-07T04:58:40.7636619Z,-11416.338,60.008862,0.008862,0.000312,0.000000,0.000000,0.000000,1.000000,76.970428,16.141422,77.000511,13.614344,76.999680,13.128974,77.011108,15.471837,0,11,true,0
1307,2026-09-07T04:58:52.28Z,pmu-2,1,1788757132,280000,2026-09-07T04:58:40.7636619Z,-11516.338,59.991447,-0.008553,-0.000298,0.000000,0.000000,0.000000,1.000000,73.999588,-5.428379,73.998009,-7.485786,73.986145,-6.866435,73.990852,-6.983974,0,0,true,0
1308,2026-09-07T04:58:53.02Z,pmu-1,1,1788757133,20000,2026-09-07T04:58:40.7636619Z,-12256.338,59.991241,-0.008759,-0.000288,0.000000,0.000000,0.000000,1.000000,86.008820,78.553185,85.998428,78.960724,86.012436,80.686745,86.028358,79.243675,0,1,true,0
1309,2026-09-07T04:58:51.84Z,pmu-4,1,1788757131,840000,2026-09-07T04:58:40.7636619Z,-11076.338,60.008812,0.008812,0.000029,0.000000,0.000000,0.000000,1.000000,58.989250,-115.013336,58.997467,-114.708244,58.999489,-115.992935,59.001263,-114.749802,0,4,true,0
1310,2026-09-07T04:58:52.3Z,pmu-2,1,1788757132,300000,2026-09-07T04:58:40.7636619Z,-11536.338,60.009521,0.009521,0.000361,0.000000,0.000000,0.000000,1.000000,76.997978,15.753553,76.998947,14.501158,76.993813,14.885885,76.982391,14.440521,0,1,true,0
1311,2026-09-07T04:58:51.86Z,pmu-4,1,1788757131,860000,2026-09-07T04:58:40.7636619Z,-11096.338,59.993855,-0.006145,-0.000299,0.000000,0.000000,0.000000,1.000000,61.994595,-93.500816,62.005322,-93.400871,61.991520,-94.877975,61.994713,-93.117325,0,5,true,0
1312,2026-09-07T04:58:53.04Z,pmu-1,1,1788757133,40000,2026-09-07T04:58:40.7636619Z,-12276.338,60.006115,0.006115,0.000297,0.000000,0.000000,0.000000,1.000000,89.006645,100.179672,88.989487,100.054489,89.002884,102.114250,89.025116,100.442291,0,2,true,0
1313,2026-09-07T04:58:52.4Z,pmu-5,1,1788757132,400000,2026-09-07T04:58:40.8103532Z,-11589.647,60.005646,0.005646,0.000201,0.000000,0.000000,0.000000,1.000000,89.003838,100.002197,88.994102,99.831772,89.004730,101.728188,88.991676,99.731804,0,14,true,0
1314,2026-09-07T04:58:52.32Z,pmu-2,1,1788757132,320000,2026-09-07T04:58:40.8103532Z,-11509.647,60.005173,0.005173,-0.000087,0.000000,0.000000,0.000000,1.000000,80.003899,36.981331,80.008934,36.242603,79.988327,37.014153,79.981819,35.482601,0,2,true,0
1315,2026-09-07T04:58:51.88Z,pmu-4,1,1788757131,880000,2026-09-07T04:58:40.8103532Z,-11069.647,60.002155,0.002155,0.000166,0.000000,0.000000,0.000000,1.000000,65.003281,-72.371796,65.002998,-71.676704,64.986580,-72.790344,64.997749,-71.452126,0,6,true,0
1316,2026-09-07T04:58:53.06Z,pmu-1,1,1788757133,60000,2026-09-07T04:58:40.8103532Z,-12249.647,59.999966,-0.000034,-0.000123,0.000000,0.000000,0.000000,1.000000,91.997841,122.073769,91.995956,121.531929,92.008308,123.941620,92.023254,121.868675,0,3,true,0
1317,2026-09-07T04:58:52.2Z,pmu-3,1,1788757132,200000,2026-09-07T04:58:40.8103532Z,-11389.647,60.002045,0.002045,-0.000136,0.000000,0.000000,0.000000,1.000000,79.963997,37.412533,80.006187,35.351242,79.991600,34.886189,80.016975,37.331135,0,12,true,0
1318,2026-09-07T04:58:52.22Z,pmu-3,1,1788757132,220000,2026-09-07T04:58:40.8551409Z,-11364.859,59.997719,-0.002281,-0.000087,0.000000,0.000000,0.000000,1.000000,82.970253,58.828876,83.009346,57.251598,82.988304,56.031750,83.016541,58.850609,0,13,true,0
1319,2026-09-07T04:58:51.9Z,pmu-4,1,1788757131,900000,2026-09-07T04:58:40.8551409Z,-11044.859,60.009331,0.009331,0.000144,0.000000,0.000000,0.000000,1.000000,68.005600,-50.461266,67.995369,-49.889271,67.978676,-50.664806,67.995918,-50.278866,0,7,true,0
1320,2026-09-07T04:58:52.34Z,pmu-2,1,1788757132,340000,2026-09-07T04:58:40.8551409Z,-11484.859,59.995819,-0.004181,-0.000187,0.000000,0.000000,0.000000,1.000000,83.006691,58.431496,83.016937,58.143345,82.983887,58.657986,82.988342,56.892933,0,3,true,0
1321,2026-09-07T04:58:53.08Z,pmu-1,1,1788757133,80000,2026-09-07T04:58:40.8551409Z,-12224.859,59.992786,-0.007214,-0.000144,0.000000,0.000000,0.000000,1.000000,94.991455,143.387726,94.986610,142.610596,95.014183,145.544235,95.013908,143.000671,0,4,true,0
1322,2026-09-07T04:58:52.24Z,pmu-3,1,1788757132,240000,2026-09-07T04:58:40.8557938Z,-11384.206,59.995579,-0.004421,-0.000043,0.000000,0.000000,0.000000,1.000000,85.969940,80.935211,86.019279,79.404869,85.981606,77.677895,86.024170,80.511971,0,14,true,0
1323,2026-09-07T04:58:52.36Z,pmu-2,1,1788757132,360000,2026-09-07T04:58:40.8557938Z,-11504.206,60.003769,0.003769,0.000159,0.000000,0.000000,0.000000,1.000000,86.013931,80.536575,86.008423,80.043945,85.981514,80.592827,85.989288,78.365479,0,4,true,0
1324,2026-09-07T04:58:52.42Z,pmu-5,1,1788757132,420000,2026-09-07T04:58:40.8557938Z,-11564.206,59.997017,-0.002983,-0.000173,0.000000,0.000000,0.000000,1.000000,91.996490,121.953331,91.987595,121.430176,91.998245,123.030556,91.982819,120.996063,0,15,true,0
1325,2026-09-07T04:58:53.1Z,pmu-1,1,1788757133,100000,2026-09-07T04:58:40.8557938Z,-12244.206,60.000259,0.000259,0.000149,0.000000,0.000000,0.000000,1.000000,97.992638,165.372742,97.992889,163.949692,98.014694,167.517914,98.013084,164.885666,0,5,true,0
1326,2026-09-07T04:58:51.92Z,pmu-4,1,1788757131,920000,2026-09-07T04:58:40.8557938Z,-11064.206,60.000492,0.000492,-0.000177,0.000000,0.000000,0.000000,1.000000,71.008255,-28.853592,70.995377,-28.540277,70.971573,-29.297001,71.001808,-28.595371,0,8,true,0
1327,2026-09-07T04:58:52.44Z,pmu-5,1,1788757132,440000,2026-09-07T04:58:40.8557938Z,-11584.206,59.996845,-0.003155,-0.000003,0.000000,0.000000,0.000000,1.000000,95.001396,143.050034,94.992294,143.338409,94.996758,144.937851,94.988991,142.553101,0,0,true,0
1328,2026-09-07T04:58:52.26Z,pmu-3,1,1788757132,260000,2026-09-07T04:58:40.9012643Z,-11358.736,60.000645,0.000645,0.000101,0.000000,0.000000,0.000000,1.000000,88.971504,102.825600,89.019173,101.342995,88.973663,99.218849,89.017159,102.384171,0,15,true,0
1329,2026-09-07T04:58:51.94Z,pmu-4,1,1788757131,940000,2026-09-07T04:58:40.9012643Z,-11038.736,59.992020,-0.007980,-0.000169,0.000000,0.000000,0.000000,1.000000,74.017540,-7.530478,73.993523,-7.435912,73.962128,-7.281554,73.992516,-6.782795,0,9,true,0
1330,2026-09-07T04:58:53.12Z,pmu-1,1,1788757133,120000,2026-09-07T04:58:40.9012643Z,-12218.736,60.001156,0.001156,0.000018,0.000000,0.000000,0.000000,1.000000,50.000000,-180.000000,50.000000,-180.000000,50.000000,-180.000000,50.000000,-180.000000,0,6,true,0
1331,2026-09-07T04:58:52.46Z,pmu-5,1,1788757132,460000,2026-09-07T04:58:40.9012643Z,-11558.736,59.991070,-0.008930,-0.000116,0.000000,0.000000,0.000000,1.000000,97.998573,164.184830,97.992485,165.277725,98.005684,166.636032,97.986778,164.399246,0,1,true,0
1332,2026-09-07T04:58:52.38Z,pmu-2,1,1788757132,380000,2026-09-07T04:58:40.9012643Z,-11478.736,59.991611,-0.008389,-0.000243,0.000000,0.000000,0.000000,1.000000,89.013809,102.087357,89.006287,101.968605,88.984528,101.863899,88.995689,100.357735,0,5,true,0
1333,2026-09-07T04:58:52.28Z,pmu-3,1,1788757132,280000,2026-09-07T04:58:40.9479947Z,-11332.005,60.002472,0.002472,0.000037,0.000000,0.000000,0.000000,1.000000,91.969749,124.037010,92.014343,122.456589,91.977562,121.144974,92.017685,123.966881,0,0,true,0
1334,2026-09-07T04:58:52.3Z,pmu-3,1,1788757132,300000,2026-09-07T04:58:40.9479947Z,-11352.005,60.002281,0.002281,-0.000004,0.000000,0.000000,0.000000,1.000000,94.965210,146.194275,95.019531,144.122559,94.978439,143.277374,95.010460,146.057343,0,1,true,0
1335,2026-09-07T04:58:52.4Z,pmu-2,1,1788757132,400000,2026-09-07T04:58:40.9479947Z,-11452.005,59.999634,-0.000366,0.000160,0.000000,0.000000,0.000000,1.000000,92.009270,123.119080,92.003120,123.969749,91.984566,123.773453,91.988754,121.836342,0,6,true,0
1336,2026-09-07T04:58:53.14Z,pmu-1,1,1788757133,140000,2026-09-07T04:58:40.9479947Z,-12192.005,59.997803,-0.002197,-0.000067,0.000000,0.000000,0.000000,1.000000,52.991741,-158.556808,53.009750,-158.128708,53.008438,-158.511337,52.996807,-158.659363,0,7,true,0
1337,2026-09-07T04:58:51.96Z,pmu-4,1,1788757131,960000,2026-09-07T04:58:40.9479947Z,-11012.005,59.999039,-0.000961,0.000140,0.000000,0.000000,0.000000,1.000000,77.014343,14.637620,77.003281,13.620262,76.960098,13.851383,76.987579,14.708846,0,10,true,0
1338,2026-09-07T04:58:52.48Z,pmu-5,1,1788757132,480000,2026-09-07T04:58:40.9479947Z,-11532.005,59.998272,-0.001728,0.000144,0.000000,0.000000,0.000000,1.000000,50.000000,-180.000000,50.000000,-180.000000,50.000000,-180.000000,50.000000,-180.000000,0,2,true,0
1339,2026-09-07T04:58:52.42Z,pmu-2,1,1788757132,420000,2026-09-07T04:58:40.9479947Z,-11472.005,59.991928,-0.008072,-0.000154,0.000000,0.000000,0.000000,1.000000,95.016479,144.194107,95.000710,145.146393,94.989746,145.529785,94.979233,143.075943,0,7,true,0
1340,2026-09-07T04:58:51.98Z,pmu-4,1,1788757131,980000,2026-09-07T04:58:40.9485052Z,-11031.495,59.992619,-0.007381,-0.000128,0.000000,0.000000,0.000000,1.000000,80.011955,35.665924,80.000832,35.594162,79.969742,35.572159,79.985130,35.854164,0,11,true,0
1341,2026-09-07T04:58:52.5Z,pmu-5,1,1788757132,500000,2026-09-07T04:58:40.9485052Z,-11551.495,59.999165,-0.000835,0.000018,0.000000,0.000000,0.000000,1.000000,53.004349,-158.710876,52.991364,-158.686127,53.003906,-158.392471,52.992985,-158.917603,0,3,true,0
1342,2026-09-07T04:58:53.16Z,pmu-1,1,1788757133,160000,2026-09-07T04:58:40.9485052Z,-12211.495,59.992195,-0.007805,-0.000112,0.000000,0.000000,0.000000,1.000000,55.992554,-136.391953,56.012856,-136.683228,56.006168,-136.517197,56.005177,-137.605225,0,8,true,0
1343,2026-09-07T04:58:53Z,pmu-4,1,1788757133,0,2026-09-07T04:58:40.9485052Z,-12051.495,59.998936,-0.001064,0.000126,0.000000,0.000000,0.000000,1.000000,83.019753,57.203899,83.005760,57.401321,82.971329,57.631321,82.978264,57.351185,0,12,true,0
1344,2026-09-07T04:58:52.52Z,pmu-5,1,1788757132,520000,2026-09-07T04:58:41.0036737Z,-11516.326,60.000679,0.000679,0.000030,0.000000,0.000000,0.000000,1.000000,56.009487,-137.034546,55.995983,-136.986542,56.001831,-136.444809,55.995487,-137.862747,0,4,true,0
1345,2026-09-07T04:58:52.54Z,pmu-5,1,1788757132,540000,2026-09-07T04:58:41.0036737Z,-11536.326,59.997337,-0.002663,-0.000067,0.000000,0.000000,0.000000,1.000000,59.007195,-115.592110,59.001461,-115.926765,59.004925,-115.023079,58.995609,-116.218452,0,5,true,0
1346,2026-09-07T04:58:53.02Z,pmu-4,1,1788757133,20000,2026-09-07T04:58:41.0036737Z,-12016.326,59.999451,-0.000549,0.000010,0.000000,0.000000,0.000000,1.000000,86.016449,78.931808,85.998116,78.906425,85.969391,78.988426,85.982643,78.773369,0,13,true,0
1347,2026-09-07T04:58:53.18Z,pmu-1,1,1788757133,180000,2026-09-07T04:58:41.0036737Z,-12176.326,59.999249,-0.000751,0.000141,0.000000,0.000000,0.000000,1.000000,58.999023,-115.013023,59.004189,-114.556328,58.998959,-114.427330,59.004940,-116.516319,0,9,true,0
1348,2026-09-07T04:58:52.44Z,pmu-2,1,1788757132,440000,2026-09-07T04:58:41.0036737Z,-11436.326,60.007801,0.007801,0.000317,0.000000,0.000000,0.000000,1.000000,98.020699,165.587448,98.007309,166.603485,97.999084,167.108521,97.982361,164.108765,0,8,true,0
1349,2026-09-07T04:58:52.32Z,pmu-3,1,1788757132,320000,2026-09-07T04:58:41.0036737Z,-11316.326,60.000103,0.000103,-0.000044,0.000000,0.000000,0.000000,1.000000,97.969284,168.308487,98.011787,165.534515,97.973106,165.376877,98.019409,167.711075,0,2,true,0
1350,2026-09-07T04:58:53.04Z,pmu-4,1,1788757133,40000,2026-09-07T04:58:41.0036737Z,-12036.326,59.996284,-0.003716,-0.000063,0.000000,0.000000,0.000000,1.000000,89.012085,100.274155,88.996750,100.235725,88.969337,100.096954,88.978378,100.471344,0,14,true,0
1351,2026-09-07T04:58:52.46Z,pmu-2,1,1788757132,460000,2026-09-07T04:58:41.0036737Z,-11456.326,59.995159,-0.004841,-0.000253,0.000000,0.000000,0.000000,1.000000,50.000000,-180.000000,50.000000,-180.000000,50.000000,-180.000000,50.000000,-180.000000,0,9,true,0
1352,2026-09-07T04:58:52.34Z,pmu-3,1,1788757132,340000,2026-09-07T04:58:41.0036737Z,-11336.326,59.991470,-0.008530,-0.000173,0.000000,0.000000,0.000000,1.000000,50.000000,-180.000000,50.000000,-180.000000,50.000000,-180.000000,50.000000,-180.000000,0,3,true,0
1353,2026-09-07T04:58:53.2Z,pmu-1,1,1788757133,200000,2026-09-07T04:58:41.0036737Z,-12196.326,60.001320,0.001320,0.000041,0.000000,0.000000,0.000000,1.000000,62.004589,-93.630280,62.002323,-93.120323,62.003101,-92.681374,61.999474,-95.338028,0,10,true,0
1354,2026-09-07T04:58:52.36Z,pmu-3,1,1788757132,360000,2026-09-07T04:58:41.0489604Z,-11311.040,60.008442,0.008442,0.000339,0.000000,0.000000,0.000000,1.000000,53.003071,-157.998611,53.004009,-158.812820,52.996643,-157.886505,53.002327,-157.970673,0,4,true,0
1355,2026-09-07T04:58:52.48Z,pmu-2,1,1788757132,480000,2026-09-07T04:58:41.0489604Z,-11431.040,59.995472,-0.004528,0.000006,0.000000,0.000000,0.000000,1.000000,52.992916,-158.562958,52.996819,-158.775620,52.995163,-158.772430,53.008232,-158.682388,0,10,true,0
1356,2026-09-07T04:58:53.22Z,pmu-1,1,1788757133,220000,2026-09-07T04:58:41.0489604Z,-12171.040,60.008957,0.008957,0.000153,0.000000,0.000000,0.000000,1.000000,65.001152,-72.442093,65.004753,-71.835091,65.007896,-70.782066,65.000954,-73.382347,0,11,true,0
1357,2026-09-07T04:58:53.06Z,pmu-4,1,1788757133,60000,2026-09-07T04:58:41.0489604Z,-12011.040,60.007763,0.007763,0.000230,0.000000,0.000000,0.000000,1.000000,92.010681,122.083511,91.996880,122.368492,91.961861,122.196785,91.978920,121.559830,0,15,true,0
1358,2026-09-07T04:58:52.56Z,pmu-5,1,1788757132,560000,2026-09-07T04:58:41.0489604Z,-11511.040,59.996578,-0.003422,-0.000015,0.000000,0.000000,0.000000,1.000000,62.009739,-94.389725,62.006844,-94.746758,62.007774,-92.959129,62.004105,-94.992912,0,6,true,0
1359,2026-09-07T04:58:52.58Z,pmu-5,1,1788757132,580000,2026-09-07T04:58:41.1144636Z,-11465.536,60.007290,0.007290,0.000214,0.000000,0.000000,0.000000,1.000000,65.011993,-72.307449,65.012711,-72.638214,65.011559,-71.328018,65.013351,-73.705544,0,7,true,0
1360,2026-09-07T04:58:52.38Z,pmu-3,1,1788757132,380000,2026-09-07T04:58:41.1144636Z,-11265.536,60.002342,0.002342,-0.000122,0.000000,0.000000,0.000000,1.000000,56.006542,-136.546829,56.005459,-137.256516,55.989067,-135.865875,56.009033,-136.730057,0,5,true,0
1361,2026-09-07T04:58:53.08Z,pmu-4,1,1788757133,80000,2026-09-07T04:58:41.1144636Z,-11965.536,60.001255,0.001255,-0.000130,0.000000,0.000000,0.000000,1.000000,95.010056,143.499649,94.998398,144.461685,94.960770,143.446014,94.979416,143.410904,0,0,true,0
1362,2026-09-07T04:58:53.24Z,pmu-1,1,1788757133,240000,2026-09-07T04:58:41.1144636Z,-12125.536,60.001331,0.001331,-0.000153,0.000000,0.000000,0.000000,1.000000,68.004044,-51.073132,68.000099,-49.740608,68.002411,-49.539173,67.993790,-52.035492,0,12,true,0
1363,2026-09-07T04:58:52.5Z,pmu-2,1,1788757132,500000,2026-09-07T04:58:41.1144636Z,-11385.536,60.004833,0.004833,0.000187,0.000000,0.000000,0.000000,1.000000,55.997829,-137.527863,56.001240,-137.602005,55.991940,-137.311371,56.009041,-137.401123,0,11,true,0
1364,2026-09-07T04:58:52.6Z,pmu-5,1,1788757132,600000,2026-09-07T04:58:41.1144636Z,-11485.536,59.997921,-0.002079,-0.000187,0.000000,0.000000,0.000000,1.000000,68.007675,-50.326031,68.022011,-50.961994,68.017410,-49.394268,68.014915,-51.624416,0,8,true,0
1365,2026-09-07T04:58:52.52Z,pmu-2,1,1788757132,520000,2026-09-07T04:58:41.1144636Z,-11405.536,59.992161,-0.007839,-0.000253,0.000000,0.000000,0.000000,1.000000,58.988590,-116.125786,58.994865,-116.433701,58.985741,-115.331696,59.002014,-116.249794,0,12,true,0
1366,2026-09-07T04:58:53.1Z,pmu-4,1,1788757133,100000,2026-09-07T04:58:41.1144636Z,-11985.536,60.008190,0.008190,0.000139,0.000000,0.000000,0.000000,1.000000,98.006889,165.392029,98.004669,165.522995,97.956764,165.307098,97.976906,164.893616,0,1,true,0
1367,2026-09-07T04:58:52.4Z,pmu-3,1,1788757132,400000,2026-09-07T04:58:41.1144636Z,-11285.536,59.994629,-0.005371,-0.000154,0.000000,0.000000,0.000000,1.000000,59.004070,-114.376083,59.011684,-116.083710,58.997482,-114.382416,59.018257,-114.585983,0,6,true,0
1368,2026-09-07T04:58:53.26Z,pmu-1,1,1788757133,260000,2026-09-07T04:58:41.1144636Z,-12145.536,59.999310,-0.000690,-0.000040,0.000000,0.000000,0.000000,1.000000,70.998909,-29.677698,71.004082,-28.214937,71.010582,-28.307966,70.992172,-30.959455,0,13,true,0
1369,2026-09-07T04:58:52.42Z,pmu-3,1,1788757132,420000,2026-09-07T04:58:41.1687151Z,-11251.285,60.002895,0.002895,0.000165,0.000000,0.000000,0.000000,1.000000,62.010864,-92.248131,62.020302,-94.472328,61.992874,-93.225075,62.008350,-93.381187,0,7,true,0
1370,2026-09-07T04:58:52.62Z,pmu-5,1,1788757132,620000,2026-09-07T04:58:41.1687151Z,-11451.285,59.999683,-0.000317,0.000035,0.000000,0.000000,0.000000,1.000000,70.999611,-28.571997,71.026360,-28.927244,71.009361,-27.785507,71.012329,-29.669683,0,9,true,0
1371,2026-09-07T04:58:52.44Z,pmu-3,1,1788757132,440000,2026-09-07T04:58:41.1687151Z,-11271.285,59.999680,-0.000320,-0.000064,0.000000,0.000000,0.000000,1.000000,65.005287,-70.355400,65.017334,-72.589180,64.985191,-71.184898,64.999283,-71.440575,0,8,true,0
1372,2026-09-07T04:58:52.64Z,pmu-5,1,1788757132,640000,2026-09-07T04:58:41.1687151Z,-11471.285,59.990131,-0.009869,-0.000191,0.000000,0.000000,0.000000,1.000000,73.992172,-6.510947,74.032753,-7.480263,74.010071,-6.091380,74.012314,-8.155590,0,10,true,0
1373,2026-09-07T04:58:53.28Z,pmu-1,1,1788757133,280000,2026-09-07T04:58:41.1687151Z,-12111.285,60.002815,0.002815,0.000070,0.000000,0.000000,0.000000,1.000000,73.993973,-8.212320,74.011658,-6.407153,74.008263,-7.119320,73.995567,-9.591614,0,14,true,0
1374,2026-09-07T04:58:53.12Z,pmu-4,1,1788757133,120000,2026-09-07T04:58:41.1687151Z,-11951.285,60.003857,0.003857,-0.000087,0.000000,0.000000,0.000000,1.000000,50.000000,-180.000000,50.000000,-180.000000,50.000000,-180.000000,50.000000,-180.000000,0,2,true,0
1375,2026-09-07T04:58:52.54Z,pmu-2,1,1788757132,540000,2026-09-07T04:58:41.1687151Z,-11371.285,60.003830,0.003830,0.000233,0.000000,0.000000,0.000000,1.000000,61.987724,-94.542694,61.991615,-94.350410,61.988735,-93.791405,61.995014,-94.662857,0,13,true,0
1376,2026-09-07T04:58:53.14Z,pmu-4,1,1788757133,140000,2026-09-07T04:58:41.1693305Z,-11970.669,59.998539,-0.001461,-0.000106,0.000000,0.000000,0.000000,1.000000,52.995331,-158.871506,53.000080,-158.257416,53.005367,-158.222687,53.006828,-158.874405,0,3,true,0
1377,2026-09-07T04:58:52.56Z,pmu-2,1,1788757132,560000,2026-09-07T04:58:41.1693305Z,-11390.669,60.004532,0.004532,0.000014,0.000000,0.000000,0.000000,1.000000,64.988914,-72.885323,64.989159,-73.194633,64.984985,-72.266579,64.991776,-72.614571,0,14,true,0
1378,2026-09-07T04:58:53.3Z,pmu-1,1,1788757133,300000,2026-09-07T04:58:41.1693305Z,-12130.669,59.991749,-0.008251,-0.000221,0.000000,0.000000,0.000000,1.000000,76.998779,13.253756,77.012505,15.429029,77.015785,14.167912,77.000732,11.738284,0,15,true,0
1379,2026-09-07T04:58:52.66Z,pmu-5,1,1788757132,660000,2026-09-07T04:58:41.2160881Z,-11443.912,59.999367,-0.000633,0.000185,0.000000,0.000000,0.000000,1.000000,76.984840,15.180943,77.038521,14.593935,77.006454,15.882729,77.011581,13.027777,0,11,true,0
1380,2026-09-07T04:58:53.32Z,pmu-1,1,1788757133,320000,2026-09-07T04:58:41.2160881Z,-12103.912,60.001701,0.001701,0.000199,0.000000,0.000000,0.000000,1.000000,79.992935,34.817226,80.016830,37.174423,80.022362,35.572964,80.003227,33.434090,0,0,true,0
1381,2026-09-07T04:58:52.58Z,pmu-2,1,1788757132,580000,2026-09-07T04:58:41.2160881Z,-11363.912,60.006248,0.006248,0.000034,0.000000,0.000000,0.000000,1.000000,67.992477,-50.893032,67.980698,-51.986824,67.984016,-50.743183,68.001648,-50.546841,0,15,true,0
1382,2026-09-07T04:58:52.46Z,pmu-3,1,1788757132,460000,2026-09-07T04:58:41.2160881Z,-11243.912,60.005016,0.005016,0.000107,0.000000,0.000000,0.000000,1.000000,68.005753,-48.805637,68.022972,-51.442223,67.982925,-49.558620,67.996132,-50.209263,0,9,true,0
1383,2026-09-07T04:58:52.68Z,pmu-5,1,1788757132,680000,2026-09-07T04:58:41.2160881Z,-11463.912,59.998260,-0.001740,-0.000022,0.000000,0.000000,0.000000,1.000000,79.991425,36.489052,80.047142,36.160553,80.012062,37.657711,80.002701,34.324028,0,12,true,0
1384,2026-09-07T04:58:53.16Z,pmu-4,1,1788757133,160000,2026-09-07T04:58:41.2160881Z,-11943.912,59.995911,-0.004089,-0.000053,0.000000,0.000000,0.000000,1.000000,55.989822,-136.874176,56.001404,-136.520477,56.014446,-136.576294,56.015469,-137.727737,0,4,true,0
1385,2026-09-07T04:58:53.34Z,pmu-1,1,1788757133,340000,2026-09-07T04:58:41.2160881Z,-12123.912,60.005154,0.005154,0.000069,0.000000,0.000000,0.000000,1.000000,82.983597,56.332615,83.017639,58.602489,83.021172,57.031979,82.996231,54.628017,0,1,true,0
1386,2026-09-07T04:58:53.18Z,pmu-4,1,1788757133,180000,2026-09-07T04:58:41.2160881Z,-11963.912,59.992062,-0.007938,-0.000077,0.000000,0.000000,0.000000,1.000000,58.994797,-115.393517,59.001575,-114.997261,59.021038,-114.805305,59.019341,-116.256622,0,5,true,0
1387,2026-09-07T04:58:52.48Z,pmu-3,1,1788757132,480000,2026-09-07T04:58:41.2160881Z,-11263.912,59.994659,-0.005341,-0.000207,0.000000,0.000000,0.000000,1.000000,70.999718,-27.732958,71.026199,-29.867769,70.981949,-28.098558,71.003738,-28.736473,0,10,true,0
1388,2026-09-07T04:58:52.6Z,pmu-2,1,1788757132,600000,2026-09-07T04:58:41.2160881Z,-11383.912,59.991341,-0.008659,-0.000298,0.000000,0.000000,0.000000,1.000000,70.987366,-29.266817,70.982170,-30.492628,70.979881,-28.829224,71.011627,-29.428417,0,0,true,0
1389,2026-09-07T04:58:52.5Z,pmu-3,1,1788757132,500000,2026-09-07T04:58:41.2624772Z,-11237.523,60.005272,0.005272,0.000212,0.000000,0.000000,0.000000,1.000000,74.001694,-6.232715,74.030846,-8.545216,73.983528,-7.028745,73.998062,-6.838917,0,11,true,0
1390,2026-09-07T04:58:53.2Z,pmu-4,1,1788757133,200000,2026-09-07T04:58:41.2624772Z,-11937.523,59.997978,-0.002022,0.000118,0.000000,0.000000,0.000000,1.000000,61.988647,-93.337852,61.999554,-93.381119,62.012962,-92.899078,62.016174,-94.874336,0,6,true,0
1391,2026-09-07T04:58:53.36Z,pmu-1,1,1788757133,360000,2026-09-07T04:58:41.2624772Z,-12097.523,60.000832,0.000832,-0.000086,0.000000,0.000000,0.000000,1.000000,85.977119,77.875137,86.007935,79.886475,86.030731,78.978493,85.992462,75.948997,0,2,true,0
1392,2026-09-07T04:58:52.62Z,pmu-2,1,1788757132,620000,2026-09-07T04:58:41.2624772Z,-11357.523,59.996655,-0.003345,0.000106,0.000000,0.000000,0.000000,1.000000,73.995972,-7.683795,73.980545,-8.342681,73.988266,-7.775114,74.007172,-7.256752,0,1,true,0
1393,2026-09-07T04:58:52.7Z,pmu-5,1,1788757132,700000,2026-09-07T04:58:41.2624772Z,-11437.523,59.999851,-0.000149,0.000032,0.000000,0.000000,0.000000,1.000000,82.982590,58.028706,83.041290,58.104870,83.021584,59.555412,82.998436,56.318211,0,13,true,0
1394,2026-09-07T04:58:52.52Z,pmu-3,1,1788757132,520000,2026-09-07T04:58:41.3043138Z,-11215.686,60.007965,0.007965,0.000054,0.000000,0.000000,0.000000,1.000000,76.992645,15.015314,77.026344,13.253860,76.980919,14.869302,77.001907,15.158519,0,12,true,0
1395,2026-09-07T04:58:53.22Z,pmu-4,1,1788757133,220000,2026-09-07T04:58:41.3043138Z,-11915.686,59.991272,-0.008728,-0.000134,0.000000,0.000000,0.000000,1.000000,64.989342,-71.918922,65.000175,-72.055763,65.003601,-70.793999,65.022118,-73.225853,0,7,true,0
1396,2026-09-07T04:58:52.54Z,pmu-3,1,1788757132,540000,2026-09-07T04:58:41.3043138Z,-11235.686,59.991047,-0.008953,-0.000338,0.000000,0.000000,0.000000,1.000000,80.001854,37.077587,80.018150,35.168236,79.978439,36.991760,79.994293,36.583923,0,13,true,0
1397,2026-09-07T04:58:52.64Z,pmu-2,1,1788757132,640000,2026-09-07T04:58:41.3043138Z,-11335.686,59.995853,-0.004147,-0.000016,0.000000,0.000000,0.000000,1.000000,76.990982,14.332595,76.985252,13.655174,76.982483,14.096145,77.012062,14.200301,0,2,true,0
1398,2026-09-07T04:58:52.72Z,pmu-5,1,1788757132,720000,2026-09-07T04:58:41.3043138Z,-11415.686,59.993706,-0.006294,-0.000123,0.000000,0.000000,0.000000,1.000000,85.976921,79.290970,86.038376,79.470093,86.014107,80.820396,86.006371,78.279312,0,14,true,0
1399,2026-09-07T04:58:53.38Z,pmu-1,1,1788757133,380000,2026-09-07T04:58:41.3043138Z,-12075.686,59.999760,-0.000240,-0.000021,0.000000,0.000000,0.000000,1.000000,88.968987,99.296562,89.006401,102.038200,89.036835,100.073875,88.997482,97.151421,0,3,true,0
1400,2026-09-07T04:58:53.24Z,pmu-4,1,1788757133,240000,2026-09-07T04:58:41.3043138Z,-11935.686,60.002266,0.002266,0.000220,0.000000,0.000000,0.000000,1.000000,67.992729,-49.795551,68.008705,-50.597450,68.007965,-48.878220,68.019409,-51.853008,0,8,true,0
1401,2026-09-07T04:58:53.4Z,pmu-1,1,1788757133,400000,2026-09-07T04:58:41.3043138Z,-12095.686,59.997997,-0.002003,-0.000035,0.000000,0.000000,0.000000,1.000000,91.975883,120.368393,92.010147,123.497879,92.027740,121.526909,91.996689,119.057236,0,4,true,0
1402,2026-09-07T04:58:52.66Z,pmu-2,1,1788757132,660000,2026-09-07T04:58:41.3043138Z,-11355.686,60.003170,0.003170,0.000146,0.000000,0.000000,0.000000,1.000000,79.985130,35.390762,79.992355,35.117931,79.990677,35.817516,80.011581,35.366287,0,3,true,0
1403,2026-09-07T04:58:52.74Z,pmu-5,1,1788757132,740000,2026-09-07T04:58:41.3043138Z,-11435.686,60.009113,0.009113,0.000308,0.000000,0.000000,0.000000,1.000000,88.981201,100.970863,89.034538,100.719238,89.021652,102.345825,88.996719,99.805573,0,15,true,0
1404,2026-09-07T04:58:52.56Z,pmu-3,1,1788757132,560000,2026-09-07T04:58:41.3501806Z,-11209.819,59.995670,-0.004330,0.000092,0.000000,0.000000,0.000000,1.000000,82.992058,59.202183,83.024704,57.010715,82.970444,59.069279,82.999603,58.284485,0,14,true,0
1405,2026-09-07T04:58:52.68Z,pmu-2,1,1788757132,680000,2026-09-07T04:58:41.3501806Z,-11329.819,60.003902,0.003902,0.000015,0.000000,0.000000,0.000000,1.000000,82.984985,56.542095,82.987625,57.007130,82.997803,57.458447,83.008583,56.865517,0,4,true,0
1406,2026-09-07T04:58:52.76Z,pmu-5,1,1788757132,760000,2026-09-07T04:58:41.3501806Z,-11409.819,59.996223,-0.003777,-0.000258,0.000000,0.000000,0.000000,1.000000,91.982719,122.231033,92.028267,122.381538,92.026199,123.523941,91.990112,121.549461,0,0,true,0
1407,2026-09-07T04:58:53.42Z,pmu-1,1,1788757133,420000,2026-09-07T04:58:41.3507458Z,-12069.254,59.996342,-0.003658,-0.000033,0.000000,0.000000,0.000000,1.000000,94.983521,142.067215,95.003166,144.664810,95.024612,142.589645,95.003555,140.973404,0,5,true,0
1408,2026-09-07T04:58:53.26Z,pmu-4,1,1788757133,260000,2026-09-07T04:58:41.3507458Z,-11909.254,60.007229,0.007229,0.000099,0.000000,0.000000,0.000000,1.000000,71.002693,-27.718906,71.011665,-28.774067,71.003677,-27.207769,71.026375,-30.750774,0,9,true,0
1409,2026-09-07T04:58:52.78Z,pmu-5,1,1788757132,780000,2026-09-07T04:58:41.3969926Z,-11383.007,60.008347,0.008347,0.000242,0.000000,0.000000,0.000000,1.000000,94.982971,144.134415,95.038239,143.597122,95.019249,145.280319,94.994133,143.642654,0,1,true,0
1410,2026-09-07T04:58:53.44Z,pmu-1,1,1788757133,440000,2026-09-07T04:58:41.3969926Z,-12043.007,60.004356,0.004356,0.000160,0.000000,0.000000,0.000000,1.000000,97.983345,164.213928,98.012337,165.707626,98.033279,163.946335,97.997986,162.343048,0,6,true,0
1411,2026-09-07T04:58:52.7Z,pmu-2,1,1788757132,700000,2026-09-07T04:58:41.3969926Z,-11303.007,60.007042,0.007042,0.000063,0.000000,0.000000,0.000000,1.000000,85.977837,78.433258,85.992973,78.426414,85.992363,79.193703,86.015823,78.133446,0,5,true,0
1412,2026-09-07T04:58:53.28Z,pmu-4,1,1788757133,280000,2026-09-07T04:58:41.3969926Z,-11883.007,60.006062,0.006062,-0.000023,0.000000,0.000000,0.000000,1.000000,74.006798,-6.254437,74.016136,-6.775617,73.998047,-5.965267,74.027969,-9.652355,0,10,true,0
1413,2026-09-07T04:58:52.58Z,pmu-3,1,1788757132,580000,2026-09-07T04:58:41.3969926Z,-11183.007,60.008705,0.008705,0.000261,0.000000,0.000000,0.000000,1.000000,85.995277,80.554604,86.023041,78.142357,85.963196,80.775963,86.003502,79.930840,0,15,true,0
1414,2026-09-07T04:58:52.8Z,pmu-5,1,1788757132,800000,2026-09-07T04:58:41.4558011Z,-11344.199,60.003082,0.003082,-0.000105,0.000000,0.000000,0.000000,1.000000,97.973152,166.184875,98.037590,165.028564,98.018387,166.501984,97.997002,165.763214,0,2,true,0
1415,2026-09-07T04:58:52.82Z,pmu-5,1,1788757132,820000,2026-09-07T04:58:41.4558011Z,-11364.199,59.996918,-0.003082,-0.000123,0.000000,0.000000,0.000000,1.000000,50.000000,-180.000000,50.000000,-180.000000,50.000000,-180.000000,50.000000,-180.000000,0,3,true,0
1416,2026-09-07T04:58:53.46Z,pmu-1,1,1788757133,460000,2026-09-07T04:58:41.4558011Z,-12004.199,60.008820,0.008820,0.000089,0.000000,0.000000,0.000000,1.000000,50.000000,-180.000000,50.000000,-180.000000,50.000000,-180.000000,50.000000,-180.000000,0,7,true,0
1417,2026-09-07T04:58:53.3Z,pmu-4,1,1788757133,300000,2026-09-07T04:58:41.4558011Z,-11844.199,59.997089,-0.002911,-0.000179,0.000000,0.000000,0.000000,1.000000,76.998177,15.510752,77.023514,15.101235,76.996353,15.486053,77.027893,12.488325,0,11,true,0
1418,2026-09-07T04:58:52.72Z,pmu-2,1,1788757132,720000,2026-09-07T04:58:41.4558011Z,-11264.199,59.992069,-0.007931,-0.000299,0.000000,0.000000,0.000000,1.000000,88.970985,100.136574,88.983727,100.350021,88.987106,100.279884,89.019485,100.142380,0,6,true,0
1419,2026-09-07T04:58:53.48Z,pmu-1,1,1788757133,480000,2026-09-07T04:58:41.4558011Z,-12024.199,59.992210,-0.007790,-0.000332,0.000000,0.000000,0.000000,1.000000,52.998627,-158.323669,52.998066,-157.916412,52.991028,-158.267136,52.994823,-158.224503,0,8,true,0
1420,2026-09-07T04:58:52.6Z,pmu-3,1,1788757132,600000,2026-09-07T04:58:41.4558011Z,-11144.199,59.990528,-0.009472,-0.000364,0.000000,0.000000,0.000000,1.000000,88.992279,101.784966,89.026581,99.676353,88.965614,101.867455,88.994484,102.096878,0,0,true,0
1421,2026-09-07T04:58:52.74Z,pmu-2,1,1788757132,740000,2026-09-07T04:58:41.4558011Z,-11284.199,59.995178,-0.004822,0.000062,0.000000,0.000000,0.000000,1.000000,91.972023,122.086021,91.978241,122.028831,91.982109,121.511604,92.028908,121.482498,0,7,true,0
1422,2026-09-07T04:58:53.32Z,pmu-4,1,1788757133,320000,2026-09-07T04:58:41.4558011Z,-11864.199,59.992016,-0.007984,-0.000101,0.000000,0.000000,0.000000,1.000000,79.991936,36.793156,80.025070,36.694191,79.997704,37.247707,80.033875,34.594730,0,12,true,0
1423,2026-09-07T04:58:52.62Z,pmu-3,1,1788757132,620000,2026-09-07T04:58:41.4558011Z,-11164.199,59.997650,-0.002350,0.000142,0.000000,0.000000,0.000000,1.000000,91.982803,123.529915,92.031746,120.900139,91.964409,122.985672,91.987999,123.567986,0,1,true,0
1424,2026-09-07T04:58:52.84Z,pmu-5,1,1788757132,840000,2026-09-07T04:58:41.5008754Z,-11339.125,60.002800,0.002800,0.000118,0.000000,0.000000,0.000000,1.000000,52.996632,-158.786484,53.004528,-158.617615,52.993690,-158.139908,52.999836,-157.845062,0,4,true,0
1425,2026-09-07T04:58:52.86Z,pmu-5,1,1788757132,860000,2026-09-07T04:58:41.5008754Z,-11359.125,60.008171,0.008171,0.000107,0.000000,0.000000,0.000000,1.000000,56.004047,-136.748306,56.007492,-136.559464,55.999889,-136.630646,55.996445,-136.455368,0,5,true,0
1426,2026-09-07T04:58:53.5Z,pmu-1,1,1788757133,500000,2026-09-07T04:58:41.5008754Z,-11999.125,60.001720,0.001720,0.000190,0.000000,0.000000,0.000000,1.000000,55.995338,-136.836472,55.996346,-136.273727,55.981091,-136.773438,55.998516,-136.711456,0,9,true,0
1427,2026-09-07T04:58:53.34Z,pmu-4,1,1788757133,340000,2026-09-07T04:58:41.5008754Z,-11839.125,59.995342,-0.004658,0.000067,0.000000,0.000000,0.000000,1.000000,82.998512,58.842632,83.031837,58.421154,83.002556,58.948345,83.026978,56.507080,0,13,true,0
1428,2026-09-07T04:58:52.76Z,pmu-2,1,1788757132,760000,2026-09-07T04:58:41.5008754Z,-11259.125,59.990635,-0.009365,-0.000091,0.000000,0.000000,0.000000,1.000000,94.970039,143.946503,94.970200,143.443665,94.979462,143.447006,95.024780,142.787766,0,8,true,0
1429,2026-09-07T04:58:52.64Z,pmu-3,1,1788757132,640000,2026-09-07T04:58:41.5008754Z,-11139.125,59.999989,-0.000011,0.000047,0.000000,0.000000,0.000000,1.000000,94.974297,145.258728,95.029556,142.244171,94.957352,144.767517,94.992645,145.322510,0,2,true,0
1430,2026-09-07T04:58:53.52Z,pmu-1,1,1788757133,520000,2026-09-07T04:58:41.5008754Z,-12019.125,60.006901,0.006901,0.000104,0.000000,0.000000,0.000000,1.000000,58.997284,-115.172600,58.990120,-115.027611,58.979248,-114.603691,59.005466,-115.390297,0,10,true,0
1431,2026-09-07T04:58:52.66Z,pmu-3,1,1788757132,660000,2026-09-07T04:58:41.5008754Z,-11159.125,59.993210,-0.006790,-0.000136,0.000000,0.000000,0.000000,1.000000,97.984222,167.225525,98.037964,163.404739,97.957726,166.756195,97.991562,167.400299,0,3,true,0
1432,2026-09-07T04:58:52.78Z,pmu-2,1,1788757132,780000,2026-09-07T04:58:41.5008754Z,-11279.125,60.000065,0.000065,0.000189,0.000000,0.000000,0.000000,1.000000,97.970200,165.374146,97.976555,164.705170,97.980202,165.426682,98.016426,164.044678,0,9,true,0
1433,2026-09-07T04:58:53.36Z,pmu-4,1,1788757133,360000,2026-09-07T04:58:41.5008754Z,-11859.125,60.009426,0.009426,0.000282,0.000000,0.000000,0.000000,1.000000,86.002480,80.670769,86.036064,80.289787,86.011940,80.300026,86.034485,78.380119,0,14,true,0
1434,2026-09-07T04:58:52.68Z,pmu-3,1,1788757132,680000,2026-09-07T04:58:41.5448015Z,-11135.199,60.006523,0.006523,0.000266,0.000000,0.000000,0.000000,1.000000,50.000000,-180.000000,50.000000,-180.000000,50.000000,-180.000000,50.000000,-180.000000,0,4,true,0
1435,2026-09-07T04:58:53.54Z,pmu-1,1,1788757133,540000,2026-09-07T04:58:41.5448015Z,-11995.199,59.999405,-0.000595,-0.000150,0.000000,0.000000,0.000000,1.000000,61.996399,-93.664597,61.985508,-93.474144,61.984386,-93.557098,61.998623,-94.318626,0,11,true,0
1436,2026-09-07T04:58:52.88Z,pmu-5,1,1788757132,880000,2026-09-07T04:58:41.5448015Z,-11335.199,60.002384,0.002384,-0.000116,0.000000,0.000000,0.000000,1.000000,59.013855,-115.370567,59.000492,-114.925667,59.006542,-115.535393,59.002274,-114.645164,0,6,true,0
1437,2026-09-07T04:58:52.8Z,pmu-2,1,1788757132,800000,2026-09-07T04:58:41.5448015Z,-11255.199,60.006668,0.006668,0.000132,0.000000,0.000000,0.000000,1.000000,50.000000,-180.000000,50.000000,-180.000000,50.000000,-180.000000,50.000000,-180.000000,0,10,true,0
1438,2026-09-07T04:58:53.38Z,pmu-4,1,1788757133,380000,2026-09-07T04:58:41.5448015Z,-11835.199,59.993973,-0.006027,-0.000309,0.000000,0.000000,0.000000,1.000000,89.000847,101.786606,89.043694,102.274498,89.016357,101.907600,89.027206,99.523933,0,15,true,0
1439,2026-09-07T04:58:52.7Z,pmu-3,1,1788757132,700000,2026-09-07T04:58:41.5876995Z,-11112.300,60.000179,0.000179,-0.000127,0.000000,0.000000,0.000000,1.000000,52.999779,-158.180481,53.009563,-158.214432,53.002300,-157.872025,52.999447,-158.506927,0,5,true,0
1440,2026-09-07T04:58:53.56Z,pmu-1,1,1788757133,560000,2026-09-07T04:58:41.5876995Z,-11972.300,59.992046,-0.007954,-0.000147,0.000000,0.000000,0.000000,1.000000,64.991066,-72.504982,64.985504,-72.366493,64.978455,-71.520386,64.990059,-72.264816,0,12,true,0
1441,2026-09-07T04:58:52.82Z,pmu-2,1,1788757132,820000,2026-09-07T04:58:41.5876995Z,-11232.300,59.992153,-0.007847,-0.000290,0.000000,0.000000,0.000000,1.000000,53.007214,-158.081909,52.998268,-158.279785,52.996090,-158.318405,53.002769,-158.012329,0,11,true,0
1442,2026-09-07T04:58:53.4Z,pmu-4,1,1788757133,400000,2026-09-07T04:58:41.5876995Z,-11812.300,60.001781,0.001781,0.000156,0.000000,0.000000,0.000000,1.000000,92.002991,123.872559,92.043732,124.178139,92.012604,123.355171,92.022606,120.810883,0,0,true,0
1443,2026-09-07T04:58:52.9Z,pmu-5,1,1788757132,900000,2026-09-07T04:58:41.5876995Z,-11312.300,59.999317,-0.000683,-0.000061,0.000000,0.000000,0.000000,1.000000,62.019009,-93.822136,61.995537,-92.891609,62.010174,-94.228302,61.993065,-93.024681,0,7,true,0
1444,2026-09-07T04:58:52.72Z,pmu-3,1,1788757132,720000,2026-09-07T04:58:41.6337566Z,-11086.243,59.992725,-0.007275,-0.000149,0.000000,0.000000,0.000000,1.000000,55.994297,-136.849213,56.003387,-137.099716,56.003288,-136.032211,55.990891,-137.057495,0,6,true,0
1445,2026-09-07T04:58:53.42Z,pmu-4,1,1788757133,420000,2026-09-07T04:58:41.6337566Z,-11786.243,59.991234,-0.008766,-0.000211,0.000000,0.000000,0.000000,1.000000,95.012589,145.316452,95.042580,145.539612,95.011848,145.103439,95.013771,142.829193,0,1,true,0
1446,2026-09-07T04:58:52.92Z,pmu-5,1,1788757132,920000,2026-09-07T04:58:41.6337566Z,-11286.243,59.992062,-0.007938,-0.000145,0.000000,0.000000,0.000000,1.000000,65.019363,-72.173820,64.991791,-71.447639,65.010307,-72.392990,64.983215,-71.474846,0,8,true,0
1447,2026-09-07T04:58:53.58Z,pmu-1,1,1788757133,580000,2026-09-07T04:58:41.6337566Z,-11946.243,59.999001,-0.000999,0.000139,0.000000,0.000000,0.000000,1.000000,67.992088,-51.216976,67.990959,-50.868553,67.987198,-49.542816,67.989929,-51.003986,0,13,true,0
1448,2026-09-07T04:58:52.84Z,pmu-2,1,1788757132,840000,2026-09-07T04:58:41.6337566Z,-11206.243,59.992062,-0.007938,-0.000002,0.000000,0.000000,0.000000,1.000000,56.012138,-136.801712,56.002560,-136.933426,56.004250,-136.713730,56.004524,-136.895264,0,12,true,0
1449,2026-09-07T04:58:52.74Z,pmu-3,1,1788757132,740000,2026-09-07T04:58:41.6337566Z,-11106.243,60.004906,0.004906,0.000244,0.000000,0.000000,0.000000,1.000000,59.001862,-115.098129,58.994099,-115.762756,58.999603,-113.954300,58.990650,-114.908531,0,7,true,0
1450,2026-09-07T04:58:53.6Z,pmu-1,1,1788757133,600000,2026-09-07T04:58:41.6337566Z,-11966.243,60.007484,0.007484,0.000170,0.000000,0.000000,0.000000,1.000000,70.985275,-29.791782,70.985245,-28.924660,70.985565,-27.946085,70.989014,-29.904413,0,14,true,0
1451,2026-09-07T04:58:53.44Z,pmu-4,1,1788757133,440000,2026-09-07T04:58:41.6337566Z,-11806.243,60.008141,0.008141,0.000338,0.000000,0.000000,0.000000,1.000000,98.004440,167.006348,98.038895,166.960953,98.018761,166.578262,98.007156,164.448212,0,2,true,0
1452,2026-09-07T04:58:52.94Z,pmu-5,1,1788757132,940000,2026-09-07T04:58:41.6337566Z,-11306.243,59.991772,-0.008228,-0.000006,0.000000,0.000000,0.000000,1.000000,68.013824,-50.837807,67.986412,-49.599846,68.007370,-50.427063,67.974197,-49.383236,0,9,true,0
1453,2026-09-07T04:58:52.86Z,pmu-2,1,1788757132,860000,2026-09-07T04:58:41.6337566Z,-11226.243,59.999832,-0.000168,0.000155,0.000000,0.000000,0.000000,1.000000,59.016640,-115.698326,59.005722,-115.324203,59.003075,-114.748589,59.007492,-114.753571,0,13,true,0
1454,2026-09-07T04:58:52.76Z,pmu-3,1,1788757132,760000,2026-09-07T04:58:41.6847698Z,-11075.230,60.005989,0.005989,0.000022,0.000000,0.000000,0.000000,1.000000,62.008739,-93.954460,62.001659,-94.332245,61.999420,-91.832512,61.984779,-92.783455,0,8,true,0
1455,2026-09-07T04:58:53.46Z,pmu-4,1,1788757133,460000,2026-09-07T04:58:41.6847698Z,-11775.230,60.005508,0.005508,-0.000053,0.000000,0.000000,0.000000,1.000000,50.000000,-180.000000,50.000000,-180.000000,50.000000,-180.000000,50.000000,-180.000000,0,3,true,0
1456,2026-09-07T04:58:53.62Z,pmu-1,1,1788757133,620000,2026-09-07T04:58:41.6847698Z,-11935.230,60.001369,0.001369,-0.000122,0.000000,0.000000,0.000000,1.000000,73.994606,-8.162389,73.988861,-6.799367,73.993706,-5.927561,73.981285,-8.705520,0,15,true,0
1457,2026-09-07T04:58:52.96Z,pmu-5,1,1788757132,960000,2026-09-07T04:58:41.6847698Z,-11275.230,60.007275,0.007275,0.000310,0.000000,0.000000,0.000000,1.000000,71.004135,-29.617298,70.986725,-27.930864,71.003624,-29.314865,70.979149,-27.833679,0,10,true,0
1458,2026-09-07T04:58:52.78Z,pmu-3,1,1788757132,780000,2026-09-07T04:58:41.6847698Z,-11095.230,59.994564,-0.005436,-0.000229,0.000000,0.000000,0.000000,1.000000,65.000092,-72.898003,65.000198,-72.167191,64.991623,-69.960449,64.983932,-70.949509,0,9,true,0
1459,2026-09-07T04:58:53.48Z,pmu-4,1,1788757133,480000,2026-09-07T04:58:41.6847698Z,-11795.230,59.996307,-0.003693,-0.000184,0.000000,0.000000,0.000000,1.000000,53.006905,-157.829590,53.001392,-157.974945,53.003536,-158.121368,52.998661,-158.845108,0,4,true,0
1460,2026-09-07T04:58:53.64Z,pmu-1,1,1788757133,640000,2026-09-07T04:58:41.6847698Z,-11955.230,60.003094,0.003094,0.000034,0.000000,0.000000,0.000000,1.000000,76.984940,13.787941,76.994514,14.568300,76.993011,15.204328,76.976044,13.294924,0,0,true,0
1461,2026-09-07T04:58:52.88Z,pmu-2,1,1788757132,880000,2026-09-07T04:58:41.6847698Z,-11195.230,59.996571,-0.003429,-0.000065,0.000000,0.000000,0.000000,1.000000,62.007462,-93.761879,62.012421,-93.462738,62.001659,-92.645676,62.012611,-93.130333,0,14,true,0
1462,2026-09-07T04:58:52.98Z,pmu-5,1,1788757132,980000,2026-09-07T04:58:41.6847698Z,-11295.230,59.993912,-0.006088,-0.000267,0.000000,0.000000,0.000000,1.000000,73.994720,-7.730583,73.981842,-6.605479,74.002846,-7.683792,73.978683,-6.137315,0,11,true,0
1463,2026-09-07T04:58:52.9Z,pmu-2,1,1788757132,900000,2026-09-07T04:58:41.6847698Z,-11215.230,59.999302,-0.000698,0.000055,0.000000,0.000000,0.000000,1.000000,65.003906,-71.644630,65.009865,-71.483559,65.003441,-70.988937,65.018661,-71.239769,0,15,true,0
1464,2026-09-07T04:58:54Z,pmu-5,1,1788757134,0,2026-09-07T04:58:41.6847698Z,-12315.230,60.002083,0.002083,0.000163,0.000000,0.000000,0.000000,1.000000,77.003159,13.687163,76.991219,15.404965,76.999435,13.969172,76.983765,15.346422,0,12,true,0
1465,2026-09-07T04:58:54.02Z,pmu-5,1,1788757134,20000,2026-09-07T04:58:41.7311455Z,-12288.854,60.003132,0.003132,0.000021,0.000000,0.000000,0.000000,1.000000,79.997459,35.076164,79.995277,36.881954,80.007248,36.010601,79.986198,36.997078,0,13,true,0
1466,2026-09-07T04:58:52.8Z,pmu-3,1,1788757132,800000,2026-09-07T04:58:41.7311455Z,-11068.855,59.991074,-0.008926,-0.000070,0.000000,0.000000,0.000000,1.000000,68.007347,-51.322357,68.003792,-50.212841,67.997581,-47.857712,67.979233,-49.641472,0,10,true,0
1467,2026-09-07T04:58:52.92Z,pmu-2,1,1788757132,920000,2026-09-07T04:58:41.7311455Z,-11188.854,59.994637,-0.005363,-0.000093,0.000000,0.000000,0.000000,1.000000,68.002022,-49.827969,68.017494,-49.910465,68.006516,-49.655682,68.014214,-49.287762,0,0,true,0
1468,2026-09-07T04:58:53.66Z,pmu-1,1,1788757133,660000,2026-09-07T04:58:41.7311455Z,-11928.854,60.001354,0.001354,-0.000035,0.000000,0.000000,0.000000,1.000000,79.980049,35.582893,79.993690,35.915752,79.984711,36.455433,79.981560,34.400093,0,1,true,0
1469,2026-09-07T04:58:53.5Z,pmu-4,1,1788757133,500000,2026-09-07T04:58:41.7311455Z,-11768.854,60.006927,0.006927,0.000212,0.000000,0.000000,0.000000,1.000000,56.003304,-135.867447,56.009083,-136.227615,56.012379,-136.418488,55.999142,-136.779785,0,5,true,0
1470,2026-09-07T04:58:54.04Z,pmu-5,1,1788757134,40000,2026-09-07T04:58:41.7770072Z,-12262.993,59.998466,-0.001534,-0.000093,0.000000,0.000000,0.000000,1.000000,83.002335,56.285725,82.987732,58.872536,83.006828,57.708820,82.982971,58.049969,0,14,true,0
1471,2026-09-07T04:58:53.52Z,pmu-4,1,1788757133,520000,2026-09-07T04:58:41.7770072Z,-11742.993,60.002438,0.002438,-0.000090,0.000000,0.000000,0.000000,1.000000,59.002594,-114.382942,58.999702,-114.666351,59.018055,-114.795403,58.993584,-114.693520,0,6,true,0
1472,2026-09-07T04:58:52.94Z,pmu-2,1,1788757132,940000,2026-09-07T04:58:41.7770072Z,-11162.993,60.008900,0.008900,0.000285,0.000000,0.000000,0.000000,1.000000,71.012016,-28.647015,71.013031,-28.214312,71.016014,-28.332113,71.019165,-27.117287,0,1,true,0
1473,2026-09-07T04:58:53.68Z,pmu-1,1,1788757133,680000,2026-09-07T04:58:41.7770072Z,-11902.993,60.006290,0.006290,0.000099,0.000000,0.000000,0.000000,1.000000,82.976494,56.971050,83.000275,57.967815,82.989365,58.304626,82.981850,55.955521,0,2,true,0
1474,2026-09-07T04:58:52.82Z,pmu-3,1,1788757132,820000,2026-09-07T04:58:41.7770072Z,-11042.993,59.995140,-0.004860,0.000081,0.000000,0.000000,0.000000,1.000000,71.007881,-30.134935,71.003029,-28.564699,71.002037,-26.039190,70.975853,-28.123569,0,11,true,0
1475,2026-09-07T04:58:54.06Z,pmu-5,1,1788757134,60000,2026-09-07T04:58:41.7770072Z,-12282.993,60.006584,0.006584,0.000162,0.000000,0.000000,0.000000,1.000000,86.003632,77.494339,85.990303,80.582886,86.015129,79.878281,85.975929,79.796585,0,15,true,0
1476,2026-09-07T04:58:53.54Z,pmu-4,1,1788757133,540000,2026-09-07T04:58:41.7770072Z,-11762.993,60.003166,0.003166,0.000015,0.000000,0.000000,0.000000,1.000000,61.993389,-93.150238,62.007248,-93.107491,62.023018,-93.111450,62.001457,-93.296692,0,7,true,0
1477,2026-09-07T04:58:52.96Z,pmu-2,1,1788757132,960000,2026-09-07T04:58:41.7770072Z,-11182.993,59.994331,-0.005669,-0.000291,0.000000,0.000000,0.000000,1.000000,74.017128,-7.350901,74.017029,-6.888926,74.007530,-6.681141,74.016876,-5.252848,0,2,true,0
1478,2026-09-07T04:58:52.84Z,pmu-3,1,1788757132,840000,2026-09-07T04:58:41.7770072Z,-11062.993,59.990604,-0.009396,-0.000091,0.000000,0.000000,0.000000,1.000000,74.009483,-8.661409,73.993767,-6.995037,73.993149,-4.583151,73.980217,-6.353518,0,12,true,0
1479,2026-09-07T04:58:53.7Z,pmu-1,1,1788757133,700000,2026-09-07T04:58:41.7770072Z,-11922.993,59.997829,-0.002171,-0.000169,0.000000,0.000000,0.000000,1.000000,85.977539,78.786736,86.005013,79.246513,85.994614,79.675194,85.976135,78.025002,0,3,true,0
1480,2026-09-07T04:58:52.86Z,pmu-3,1,1788757132,860000,2026-09-07T04:58:41.8221991Z,-11037.801,59.992352,-0.007648,0.000035,0.000000,0.000000,0.000000,1.000000,77.007355,13.402438,77.000557,15.120953,76.998138,17.199768,76.986679,15.669762,0,13,true,0
1481,2026-09-07T04:58:53.56Z,pmu-4,1,1788757133,560000,2026-09-07T04:58:41.8221991Z,-11737.801,59.991642,-0.008358,-0.000230,0.000000,0.000000,0.000000,1.000000,65.000443,-72.022194,65.008644,-71.890770,65.015503,-71.483177,65.003365,-72.170921,0,8,true,0
1482,2026-09-07T04:58:54.08Z,pmu-5,1,1788757134,80000,2026-09-07T04:58:41.8221991Z,-12257.801,59.999584,-0.000416,-0.000140,0.000000,0.000000,0.000000,1.000000,89.002304,99.447014,88.987648,101.805351,89.017586,101.655853,88.968193,101.255287,0,0,true,0
1483,2026-09-07T04:58:53.72Z,pmu-1,1,1788757133,720000,2026-09-07T04:58:41.8221991Z,-11897.801,60.004036,0.004036,0.000124,0.000000,0.000000,0.000000,1.000000,88.984718,100.101143,88.996979,100.288307,88.997253,101.254402,88.986061,99.132828,0,4,true,0
1484,2026-09-07T04:58:52.98Z,pmu-2,1,1788757132,980000,2026-09-07T04:58:41.8221991Z,-11157.801,60.006355,0.006355,0.000240,0.000000,0.000000,0.000000,1.000000,77.021477,14.194877,77.025719,15.258992,77.009621,15.144934,77.026855,16.531330,0,3,true,0
1485,2026-09-07T04:58:54Z,pmu-2,1,1788757134,0,2026-09-07T04:58:41.8229001Z,-12177.100,60.005051,0.005051,-0.000026,0.000000,0.000000,0.000000,1.000000,80.016373,36.019798,80.019554,36.758820,80.008240,36.787933,80.030647,38.235214,0,4,true,0
1486,2026-09-07T04:58:54.1Z,pmu-5,1,1788757134,100000,2026-09-07T04:58:41.8701369Z,-12229.863,60.006828,0.006828,0.000145,0.000000,0.000000,0.000000,1.000000,91.994949,120.988739,91.982712,122.939064,92.020554,122.865334,91.975861,123.002922,0,1,true,0
1487,2026-09-07T04:58:52.88Z,pmu-3,1,1788757132,880000,2026-09-07T04:58:41.8701369Z,-11009.863,60.001404,0.001404,0.000181,0.000000,0.000000,0.000000,1.000000,80.002357,34.522190,80.005058,36.611755,80.006721,39.168739,79.978577,37.681606,0,14,true,0
1488,2026-09-07T04:58:54.12Z,pmu-5,1,1788757134,120000,2026-09-07T04:58:41.8701369Z,-12249.863,60.009857,0.009857,0.000061,0.000000,0.000000,0.000000,1.000000,94.994522,142.318527,94.989784,144.722672,95.029617,144.421158,94.982353,144.330902,0,2,true,0
1489,2026-09-07T04:58:52.9Z,pmu-3,1,1788757132,900000,2026-09-07T04:58:41.8701369Z,-11029.863,60.009426,0.009426,0.000160,0.000000,0.000000,0.000000,1.000000,83.006859,55.661140,83.002319,58.413559,82.997856,60.833382,82.974342,58.728584,0,15,true,0
1490,2026-09-07T04:58:54.02Z,pmu-2,1,1788757134,20000,2026-09-07T04:58:41.8701369Z,-12149.863,59.991489,-0.008511,-0.000271,0.000000,0.000000,0.000000,1.000000,83.007904,57.625690,83.027298,58.411438,83.006882,58.110729,83.036133,59.719021,0,5,true,0
1491,2026-09-07T04:58:53.58Z,pmu-4,1,1788757133,580000,2026-09-07T04:58:41.8701369Z,-11709.863,59.993916,-0.006084,0.000045,0.000000,0.000000,0.000000,1.000000,67.995422,-50.593430,67.998749,-50.182095,68.024620,-49.735508,68.002213,-50.183975,0,9,true,0
1492,2026-09-07T04:58:54.04Z,pmu-2,1,1788757134,40000,2026-09-07T04:58:41.8701369Z,-12169.863,59.994350,-0.005650,0.000057,0.000000,0.000000,0.000000,1.000000,86.010323,79.102470,86.036217,80.234924,86.016273,79.716942,86.043999,81.525757,0,6,true,0
1493,2026-09-07T04:58:53.74Z,pmu-1,1,1788757133,740000,2026-09-07T04:58:41.8701369Z,-11869.863,60.002819,0.002819,-0.000024,0.000000,0.000000,0.000000,1.000000,91.979904,121.608978,91.998070,121.991737,92.004570,122.484810,91.982346,120.632301,0,5,true,0
1494,2026-09-07T04:58:53.6Z,pmu-4,1,1788757133,600000,2026-09-07T04:58:41.8701369Z,-11729.863,59.994972,-0.005028,0.000021,0.000000,0.000000,0.000000,1.000000,70.987907,-28.612503,71.007736,-28.908537,71.034203,-27.822073,71.005157,-28.458235,0,10,true,0
1495,2026-09-07T04:58:53.76Z,pmu-1,1,1788757133,760000,2026-09-07T04:58:41.8701369Z,-11889.863,60.009312,0.009312,0.000130,0.000000,0.000000,0.000000,1.000000,94.985886,143.592346,95.006050,143.085831,95.004166,144.656235,94.977692,141.885468,0,6,true,0
1496,2026-09-07T04:58:54.14Z,pmu-5,1,1788757134,140000,2026-09-07T04:58:41.915739Z,-12224.261,59.997875,-0.002125,-0.000240,0.000000,0.000000,0.000000,1.000000,97.988350,164.040192,97.988602,166.713333,98.019760,166.349487,97.983826,166.245209,0,3,true,0
1497,2026-09-07T04:58:54.06Z,pmu-2,1,1788757134,60000,2026-09-07T04:58:41.915739Z,-12144.261,60.007847,0.007847,0.000270,0.000000,0.000000,0.000000,1.000000,89.010551,100.854019,89.026772,102.282753,89.019180,101.167702,89.052277,103.078529,0,7,true,0
1498,2026-09-07T04:58:52.92Z,pmu-3,1,1788757132,920000,2026-09-07T04:58:41.915739Z,-11004.261,59.995701,-0.004299,-0.000275,0.000000,0.000000,0.000000,1.000000,86.008957,77.265289,86.007568,79.494492,85.988380,81.917290,85.982430,80.110695,0,0,true,0
1499,2026-09-07T04:58:53.62Z,pmu-4,1,1788757133,620000,2026-09-07T04:58:41.915739Z,-11704.261,60.009037,0.009037,0.000281,0.000000,0.000000,0.000000,1.000000,73.992165,-6.904947,74.000366,-7.855755,74.034767,-6.638498,73.997963,-7.040663,0,11,true,0
1500,2026-09-07T04:58:53.78Z,pmu-1,1,1788757133,780000,2026-09-07T04:58:41.915739Z,-11864.261,59.995110,-0.004890,-0.000284,0.000000,0.000000,0.000000,1.000000,97.976410,165.362503,98.001526,165.028290,98.006989,165.731445,97.969589,163.267838,0,7,true,0
