index,time,entity_id,idcode,soc,fracsec_count,captured_at,lag_ms,freq,freq_dev,rocof,mw,mvar,mva,power_factor,va_mag,va_ang,vb_mag,vb_ang,vc_mag,vc_ang,ia_mag,ia_ang,stat,digital,crc_valid,time_quality
1,2026-09-03T09:48:01.12Z,pmu-5,1,1788428881,120000,2026-09-03T09:48:00.4045049Z,-715.495,59.993958,-0.006042,-0.000004,0.000000,0.000000,0.000000,1.000000,85.974442,79.306839,85.983597,78.927956,86.008095,79.612114,86.009209,78.290642,0,8,true,0
2,2026-09-03T09:48:00.76Z,pmu-1,1,1788428880,760000,2026-09-03T09:48:00.4045049Z,-355.495,60.006481,0.006481,0.000273,0.000000,0.000000,0.000000,1.000000,79.999084,36.014278,79.970932,36.173073,80.003464,37.804222,80.017380,35.107258,0,14,true,0
3,2026-09-03T09:48:01.28Z,pmu-4,1,1788428881,280000,2026-09-03T09:48:00.4045049Z,-875.495,60.009628,0.009628,0.000389,0.000000,0.000000,0.000000,1.000000,77.015030,13.694051,76.998337,14.051371,77.024551,12.274889,76.977234,14.319085,0,6,true,0
4,2026-09-03T09:48:01.4Z,pmu-3,1,1788428881,400000,2026-09-03T09:48:00.4045049Z,-995.495,59.996895,-0.003105,0.000032,0.000000,0.000000,0.000000,1.000000,50.000000,-180.000000,50.000000,-180.000000,50.000000,-180.000000,50.000000,-180.000000,0,10,true,0
5,2026-09-03T09:48:01.24Z,pmu-2,1,1788428881,240000,2026-09-03T09:48:00.4050177Z,-834.982,60.005650,0.005650,0.000123,0.000000,0.000000,0.000000,1.000000,77.014748,14.521050,77.029106,15.421371,76.992149,15.996861,76.993744,15.323094,0,2,true,0
6,2026-09-03T09:48:01.14Z,pmu-5,1,1788428881,140000,2026-09-03T09:48:00.4561974Z,-683.803,60.008602,0.008602,0.000293,0.000000,0.000000,0.000000,1.000000,88.965385,100.362976,88.991325,100.197212,89.003418,101.708687,88.999359,99.861214,0,9,true,0
7,2026-09-03T09:48:00.78Z,pmu-1,1,1788428880,780000,2026-09-03T09:48:00.4561974Z,-323.803,59.997070,-0.002930,-0.000188,0.000000,0.000000,0.000000,1.000000,83.006226,58.118591,82.967819,57.618267,83.003830,59.327271,83.008339,56.747143,0,15,true,0
8,2026-09-03T09:48:01.42Z,pmu-3,1,1788428881,420000,2026-09-03T09:48:00.4561974Z,-963.803,59.990749,-0.009251,-0.000123,0.000000,0.000000,0.000000,1.000000,53.007679,-158.220688,52.997288,-158.229507,52.991375,-158.469971,53.005856,-158.384308,0,11,true,0
9,2026-09-03T09:48:01.3Z,pmu-4,1,1788428881,300000,2026-09-03T09:48:00.4561974Z,-843.803,60.008621,0.008621,-0.000020,0.000000,0.000000,0.000000,1.000000,80.016243,35.213844,79.993164,35.437572,80.026924,34.268059,79.971367,35.521580,0,7,true,0
10,2026-09-03T09:48:01.26Z,pmu-2,1,1788428881,260000,2026-09-03T09:48:00.4561974Z,-803.803,60.009464,0.009464,0.000076,0.000000,0.000000,0.000000,1.000000,80.013847,35.971462,80.024712,36.579559,79.984726,37.188900,79.989784,36.876564,0,3,true,0
11,2026-09-03T09:48:01.16Z,pmu-5,1,1788428881,160000,2026-09-03T09:48:00.4561974Z,-703.803,59.999546,-0.000454,-0.000181,0.000000,0.000000,0.000000,1.000000,91.957153,122.301491,91.995316,121.614372,91.997169,123.186134,91.998283,121.313187,0,10,true,0
12,2026-09-03T09:48:01.44Z,pmu-3,1,1788428881,440000,2026-09-03T09:48:00.4561974Z,-983.803,59.992607,-0.007393,0.000037,0.000000,0.000000,0.000000,1.000000,56.006222,-136.338165,56.005623,-136.170898,55.984020,-136.357712,55.998920,-136.830490,0,12,true,0
13,2026-09-03T09:48:01.28Z,pmu-2,1,1788428881,280000,2026-09-03T09:48:00.4561974Z,-823.803,59.997944,-0.002056,-0.000230,0.000000,0.000000,0.000000,1.000000,83.019264,58.113819,83.034592,58.598400,82.981972,59.010811,82.981232,58.919533,0,4,true,0
14,2026-09-03T09:48:00.8Z,pmu-1,1,1788428880,800000,2026-09-03T09:48:00.4561974Z,-343.803,60.002934,0.002934,0.000117,0.000000,0.000000,0.000000,1.000000,86.013359,79.271324,85.966011,78.910637,86.000862,80.901825,86.004990,78.317749,0,0,true,0
15,2026-09-03T09:48:01.32Z,pmu-4,1,1788428881,320000,2026-09-03T09:48:00.4561974Z,-863.803,60.007854,0.007854,-0.000015,0.000000,0.000000,0.000000,1.000000,83.026184,57.301189,83.000061,56.931767,83.024368,55.448242,82.968391,57.279076,0,8,true,0
16,2026-09-03T09:48:01.18Z,pmu-5,1,1788428881,180000,2026-09-03T09:48:00.5005987Z,-679.401,59.990318,-0.009682,-0.000185,0.000000,0.000000,0.000000,1.000000,94.947174,143.543945,95.005150,142.980988,95.006058,145.153778,95.002907,142.477493,0,11,true,0
17,2026-09-03T09:48:01.46Z,pmu-3,1,1788428881,460000,2026-09-03T09:48:00.5011288Z,-958.871,59.998367,-0.001633,0.000115,0.000000,0.000000,0.000000,1.000000,59.013908,-114.682266,58.999016,-114.422188,58.988998,-114.785042,58.996693,-115.101006,0,13,true,0
18,2026-09-03T09:48:01.34Z,pmu-4,1,1788428881,340000,2026-09-03T09:48:00.5011288Z,-838.871,59.999607,-0.000393,-0.000165,0.000000,0.000000,0.000000,1.000000,86.018234,79.381645,86.006927,79.103363,86.033096,77.039238,85.958633,78.742531,0,9,true,0
19,2026-09-03T09:48:00.82Z,pmu-1,1,1788428880,820000,2026-09-03T09:48:00.5011288Z,-318.871,59.999561,-0.000439,-0.000067,0.000000,0.000000,0.000000,1.000000,89.019165,100.694420,88.968506,100.693726,89.009148,103.037994,89.004593,99.937073,0,1,true,0
20,2026-09-03T09:48:01.3Z,pmu-2,1,1788428881,300000,2026-09-03T09:48:00.5011288Z,-798.871,60.005779,0.005779,0.000157,0.000000,0.000000,0.000000,1.000000,86.026169,79.682472,86.037674,80.479309,85.990967,80.308502,85.983597,80.153366,0,5,true,0
21,2026-09-03T09:48:01.2Z,pmu-5,1,1788428881,200000,2026-09-03T09:48:00.5011288Z,-698.871,59.998322,-0.001678,0.000160,0.000000,0.000000,0.000000,1.000000,97.941154,165.130188,98.002914,164.741180,98.015732,166.259735,98.000900,164.089294,0,12,true,0
22,2026-09-03T09:48:01.22Z,pmu-5,1,1788428881,220000,2026-09-03T09:48:00.5011288Z,-718.871,59.990414,-0.009586,-0.000158,0.000000,0.000000,0.000000,1.000000,50.000000,-180.000000,50.000000,-180.000000,50.000000,-180.000000,50.000000,-180.000000,0,13,true,0
23,2026-09-03T09:48:01.24Z,pmu-5,1,1788428881,240000,2026-09-03T09:48:00.5525833Z,-687.417,59.996483,-0.003517,0.000121,0.000000,0.000000,0.000000,1.000000,52.990051,-158.776489,53.003094,-157.980301,53.004990,-158.218384,52.998154,-157.957138,0,14,true,0
24,2026-09-03T09:48:01.26Z,pmu-5,1,1788428881,260000,2026-09-03T09:48:00.5525833Z,-707.417,59.991611,-0.008389,-0.000097,0.000000,0.000000,0.000000,1.000000,55.987057,-137.035507,55.999687,-136.081482,55.995918,-136.359955,56.003479,-136.048004,0,15,true,0
25,2026-09-03T09:48:00.84Z,pmu-1,1,1788428880,840000,2026-09-03T09:48:00.5525833Z,-287.417,59.998806,-0.001194,-0.000015,0.000000,0.000000,0.000000,1.000000,92.024261,121.735756,91.969803,122.452408,92.009659,124.617661,91.996147,122.062477,0,2,true,0
26,2026-09-03T09:48:01.48Z,pmu-3,1,1788428881,480000,2026-09-03T09:48:00.5525833Z,-927.417,59.996750,-0.003250,-0.000032,0.000000,0.000000,0.000000,1.000000,62.011627,-92.694344,61.992870,-93.330757,61.979038,-93.510231,61.993813,-93.679489,0,14,true,0
27,2026-09-03T09:48:00.86Z,pmu-1,1,1788428880,860000,2026-09-03T09:48:00.5525833Z,-307.417,60.004330,0.004330,0.000110,0.000000,0.000000,0.000000,1.000000,95.026062,142.816803,94.966721,144.439590,95.007019,146.378967,94.996574,143.775970,0,3,true,0
28,2026-09-03T09:48:01.36Z,pmu-4,1,1788428881,360000,2026-09-03T09:48:00.5525833Z,-807.417,59.990116,-0.009884,-0.000190,0.000000,0.000000,0.000000,1.000000,89.021034,100.773659,89.008942,100.993538,89.038643,98.965538,88.954689,100.591446,0,10,true,0
29,2026-09-03T09:48:01.32Z,pmu-2,1,1788428881,320000,2026-09-03T09:48:00.5525833Z,-767.417,60.001431,0.001431,-0.000087,0.000000,0.000000,0.000000,1.000000,89.023506,100.759415,89.044937,102.614738,88.994209,102.356087,88.975128,101.557991,0,6,true,0
30,2026-09-03T09:48:01.34Z,pmu-2,1,1788428881,340000,2026-09-03T09:48:00.5530948Z,-786.905,59.995049,-0.004951,-0.000128,0.000000,0.000000,0.000000,1.000000,92.020020,122.356949,92.047607,124.160583,91.987762,124.432808,91.977669,122.674911,0,7,true,0
31,2026-09-03T09:48:01.5Z,pmu-3,1,1788428881,500000,2026-09-03T09:48:00.5530948Z,-946.905,60.002281,0.002281,0.000111,0.000000,0.000000,0.000000,1.000000,65.016510,-70.941109,64.999847,-71.339478,64.971855,-72.397995,64.999184,-72.271637,0,15,true,0
32,2026-09-03T09:48:01.38Z,pmu-4,1,1788428881,380000,2026-09-03T09:48:00.5530948Z,-826.905,59.995434,-0.004566,0.000106,0.000000,0.000000,0.000000,1.000000,92.027710,122.026329,92.006157,123.083191,92.035027,120.514603,91.954140,122.308754,0,11,true,0
33,2026-09-03T09:48:01.28Z,pmu-5,1,1788428881,280000,2026-09-03T09:48:00.597664Z,-682.336,59.991203,-0.008797,-0.000008,0.000000,0.000000,0.000000,1.000000,58.981693,-115.508469,59.005749,-113.913033,59.004639,-115.000130,59.006138,-114.749939,0,0,true,0
34,2026-09-03T09:48:01.36Z,pmu-2,1,1788428881,360000,2026-09-03T09:48:00.597664Z,-762.336,59.997429,-0.002571,0.000048,0.000000,0.000000,0.000000,1.000000,95.020157,144.477982,95.049507,145.824951,94.997444,145.712585,94.975662,144.338470,0,8,true,0
35,2026-09-03T09:48:01.52Z,pmu-3,1,1788428881,520000,2026-09-03T09:48:00.597664Z,-922.336,60.003277,0.003277,0.000020,0.000000,0.000000,0.000000,1.000000,68.008812,-49.752953,67.994125,-50.138062,67.971626,-50.490089,68.006439,-50.848648,0,0,true,0
36,2026-09-03T09:48:00.88Z,pmu-1,1,1788428880,880000,2026-09-03T09:48:00.597664Z,-282.336,59.990948,-0.009052,-0.000268,0.000000,0.000000,0.000000,1.000000,98.030251,164.861053,97.961456,166.122360,98.013123,168.532944,97.996887,165.272934,0,4,true,0
37,2026-09-03T09:48:01.4Z,pmu-4,1,1788428881,400000,2026-09-03T09:48:00.597664Z,-802.336,59.996021,-0.003979,0.000012,0.000000,0.000000,0.000000,1.000000,95.020126,143.059418,95.009399,144.702072,95.029556,141.547379,94.960945,143.910172,0,12,true,0
38,2026-09-03T09:48:01.54Z,pmu-3,1,1788428881,540000,2026-09-03T09:48:00.5984263Z,-941.574,60.008057,0.008057,0.000096,0.000000,0.000000,0.000000,1.000000,71.016068,-27.580692,70.991211,-29.096016,70.969620,-28.763231,71.012093,-29.275595,0,1,true,0
39,2026-09-03T09:48:00.9Z,pmu-1,1,1788428880,900000,2026-09-03T09:48:00.5984263Z,-301.574,60.007591,0.007591,0.000333,0.000000,0.000000,0.000000,1.000000,50.000000,-180.000000,50.000000,-180.000000,50.000000,-180.000000,50.000000,-180.000000,0,5,true,0
40,2026-09-03T09:48:01.42Z,pmu-4,1,1788428881,420000,2026-09-03T09:48:00.5984263Z,-821.574,60.008289,0.008289,0.000245,0.000000,0.000000,0.000000,1.000000,98.024063,165.174637,98.002434,166.390640,98.019798,163.246155,97.965759,165.245285,0,13,true,0
41,2026-09-03T09:48:01.38Z,pmu-2,1,1788428881,380000,2026-09-03T09:48:00.5984263Z,-781.574,59.995312,-0.004688,-0.000042,0.000000,0.000000,0.000000,1.000000,98.024490,166.263947,98.054283,167.712845,98.001060,166.991989,97.982323,166.184830,0,9,true,0
42,2026-09-03T09:48:01.3Z,pmu-5,1,1788428881,300000,2026-09-03T09:48:00.5984263Z,-701.574,59.997463,-0.002537,0.000125,0.000000,0.000000,0.000000,1.000000,61.984352,-93.575348,62.014248,-91.863525,62.003254,-93.424347,61.997055,-93.351776,0,1,true,0
43,2026-09-03T09:48:01.32Z,pmu-5,1,1788428881,320000,2026-09-03T09:48:00.6436751Z,-676.325,60.009548,0.009548,0.000242,0.000000,0.000000,0.000000,1.000000,64.991684,-71.837433,65.024185,-70.310089,65.013046,-71.327278,64.992653,-72.124626,0,2,true,0
44,2026-09-03T09:48:01.44Z,pmu-4,1,1788428881,440000,2026-09-03T09:48:00.6443753Z,-795.625,60.006290,0.006290,-0.000040,0.000000,0.000000,0.000000,1.000000,50.000000,-180.000000,50.000000,-180.000000,50.000000,-180.000000,50.000000,-180.000000,0,14,true,0
45,2026-09-03T09:48:01.4Z,pmu-2,1,1788428881,400000,2026-09-03T09:48:00.6443753Z,-755.625,59.996895,-0.003105,0.000032,0.000000,0.000000,0.000000,1.000000,50.000000,-180.000000,50.000000,-180.000000,50.000000,-180.000000,50.000000,-180.000000,0,10,true,0
46,2026-09-03T09:48:01.34Z,pmu-5,1,1788428881,340000,2026-09-03T09:48:00.6443753Z,-695.625,59.997192,-0.002808,-0.000247,0.000000,0.000000,0.000000,1.000000,67.997704,-50.253014,68.019844,-48.214279,68.008484,-49.717464,68.002045,-50.098549,0,3,true,0
47,2026-09-03T09:48:00.92Z,pmu-1,1,1788428880,920000,2026-09-03T09:48:00.6443753Z,-275.625,59.992641,-0.007359,-0.000299,0.000000,0.000000,0.000000,1.000000,52.994629,-158.500000,52.998432,-158.928940,53.008423,-158.241562,52.991192,-158.410309,0,6,true,0
48,2026-09-03T09:48:01.56Z,pmu-3,1,1788428881,560000,2026-09-03T09:48:00.6443753Z,-915.625,59.999084,-0.000916,-0.000179,0.000000,0.000000,0.000000,1.000000,74.006485,-5.676456,73.990036,-7.253294,73.959648,-6.823499,74.018066,-7.507957,0,2,true,0
49,2026-09-03T09:48:00.94Z,pmu-1,1,1788428880,940000,2026-09-03T09:48:00.6909459Z,-249.054,59.996357,-0.003643,0.000074,0.000000,0.000000,0.000000,1.000000,56.000095,-136.897781,56.001595,-136.790787,56.003345,-136.892090,55.989384,-136.566299,0,7,true,0
50,2026-09-03T09:48:01.42Z,pmu-2,1,1788428881,420000,2026-09-03T09:48:00.6909459Z,-729.054,59.990749,-0.009251,-0.000123,0.000000,0.000000,0.000000,1.000000,53.007679,-158.220688,52.997288,-158.229507,52.991375,-158.469971,53.005856,-158.384308,0,11,true,0
51,2026-09-03T09:48:01.58Z,pmu-3,1,1788428881,580000,2026-09-03T09:48:00.6909459Z,-889.054,59.998837,-0.001163,-0.000005,0.000000,0.000000,0.000000,1.000000,77.010994,15.931430,76.987495,14.303394,76.952759,14.989568,77.009476,14.430656,0,3,true,0
52,2026-09-03T09:48:01.46Z,pmu-4,1,1788428881,460000,2026-09-03T09:48:00.6909459Z,-769.054,59.999340,-0.000660,-0.000139,0.000000,0.000000,0.000000,1.000000,52.996513,-158.660843,52.999176,-158.533096,53.000263,-158.170258,53.008915,-157.862930,0,15,true,0
53,2026-09-03T09:48:00.96Z,pmu-1,1,1788428880,960000,2026-09-03T09:48:00.6909459Z,-269.054,59.992954,-0.007046,-0.000068,0.000000,0.000000,0.000000,1.000000,59.005497,-114.999283,58.991600,-114.706581,58.998840,-115.806633,58.981266,-114.765404,0,8,true,0
54,2026-09-03T09:48:01.36Z,pmu-5,1,1788428881,360000,2026-09-03T09:48:00.691319Z,-668.681,59.997391,-0.002609,0.000004,0.000000,0.000000,0.000000,1.000000,70.993317,-28.570602,71.018814,-26.234432,71.010574,-27.796513,71.009933,-28.830202,0,4,true,0
55,2026-09-03T09:48:01.6Z,pmu-3,1,1788428881,600000,2026-09-03T09:48:00.691319Z,-908.681,60.001137,0.001137,0.000046,0.000000,0.000000,0.000000,1.000000,80.013168,38.099667,79.977829,36.239353,79.945053,36.297432,80.009483,36.317162,0,4,true,0
56,2026-09-03T09:48:01.48Z,pmu-4,1,1788428881,480000,2026-09-03T09:48:00.691319Z,-788.681,59.992859,-0.007141,-0.000130,0.000000,0.000000,0.000000,1.000000,55.990913,-136.631226,55.994965,-136.938278,56.001785,-136.267273,56.003475,-136.689713,0,0,true,0
57,2026-09-03T09:48:01.38Z,pmu-5,1,1788428881,380000,2026-09-03T09:48:00.691319Z,-688.681,60.003975,0.003975,0.000132,0.000000,0.000000,0.000000,1.000000,73.995888,-6.957156,74.024628,-4.303827,74.010780,-5.872133,74.019745,-7.525168,0,5,true,0
58,2026-09-03T09:48:01.4Z,pmu-5,1,1788428881,400000,2026-09-03T09:48:00.691319Z,-708.681,59.997837,-0.002163,-0.000123,0.000000,0.000000,0.000000,1.000000,76.995598,14.453001,77.029716,17.649195,77.008667,15.247199,77.029610,14.362735,0,6,true,0
59,2026-09-03T09:48:01.44Z,pmu-2,1,1788428881,440000,2026-09-03T09:48:00.691319Z,-748.681,59.992607,-0.007393,0.000037,0.000000,0.000000,0.000000,1.000000,56.006222,-136.338165,56.005623,-136.170898,55.984020,-136.357712,55.998920,-136.830490,0,12,true,0
60,2026-09-03T09:48:01.42Z,pmu-5,1,1788428881,420000,2026-09-03T09:48:00.7377307Z,-682.269,60.007996,0.007996,0.000203,0.000000,0.000000,0.000000,1.000000,79.997070,36.072639,80.025337,39.028786,80.004189,36.956711,80.026703,35.677944,0,7,true,0
61,2026-09-03T09:48:01.46Z,pmu-2,1,1788428881,460000,2026-09-03T09:48:00.7377307Z,-722.269,59.998367,-0.001633,0.000115,0.000000,0.000000,0.000000,1.000000,59.013908,-114.682266,58.999016,-114.422188,58.988998,-114.785042,58.996693,-115.101006,0,13,true,0
62,2026-09-03T09:48:01.5Z,pmu-4,1,1788428881,500000,2026-09-03T09:48:00.7377307Z,-762.269,60.001778,0.001778,0.000178,0.000000,0.000000,0.000000,1.000000,58.987728,-115.256958,58.993408,-115.863617,59.006443,-114.309044,58.997879,-114.838799,0,1,true,0
63,2026-09-03T09:48:01.44Z,pmu-5,1,1788428881,440000,2026-09-03T09:48:00.7377307Z,-702.269,59.998768,-0.001232,-0.000185,0.000000,0.000000,0.000000,1.000000,82.987648,58.062489,83.032120,61.000694,83.010544,58.781284,83.028145,56.912090,0,8,true,0
64,2026-09-03T09:48:00.98Z,pmu-1,1,1788428880,980000,2026-09-03T09:48:00.7377307Z,-242.269,60.007099,0.007099,0.000283,0.000000,0.000000,0.000000,1.000000,61.999996,-92.921722,61.988960,-93.647888,62.007774,-94.738747,61.982811,-93.005173,0,9,true,0
65,2026-09-03T09:48:01.62Z,pmu-3,1,1788428881,620000,2026-09-03T09:48:00.7377307Z,-882.269,60.003883,0.003883,0.000055,0.000000,0.000000,0.000000,1.000000,83.016502,59.950291,82.971558,57.884834,82.936119,58.371037,83.018913,58.267593,0,5,true,0
66,2026-09-03T09:48:02Z,pmu-1,1,1788428882,0,2026-09-03T09:48:00.7377307Z,-1262.269,60.002251,0.002251,-0.000097,0.000000,0.000000,0.000000,1.000000,64.990097,-71.523743,64.986427,-72.331177,65.004364,-72.980896,64.992493,-71.064987,0,10,true,0
67,2026-09-03T09:48:01.46Z,pmu-5,1,1788428881,460000,2026-09-03T09:48:00.7901017Z,-669.898,60.003792,0.003792,0.000100,0.000000,0.000000,0.000000,1.000000,85.993996,79.416061,86.034988,82.796028,86.013657,80.783684,86.035889,78.608978,0,9,true,0
68,2026-09-03T09:48:01.48Z,pmu-5,1,1788428881,480000,2026-09-03T09:48:00.7901017Z,-689.898,60.009918,0.009918,0.000123,0.000000,0.000000,0.000000,1.000000,88.990257,100.506516,89.031837,104.463081,89.018578,102.883163,89.032059,100.006752,0,10,true,0
69,2026-09-03T09:48:01.52Z,pmu-4,1,1788428881,520000,2026-09-03T09:48:00.7901017Z,-729.898,60.001846,0.001846,0.000001,0.000000,0.000000,0.000000,1.000000,61.988716,-93.453827,61.997837,-94.136757,61.996845,-93.109970,61.991261,-93.428535,0,2,true,0
70,2026-09-03T09:48:01.64Z,pmu-3,1,1788428881,640000,2026-09-03T09:48:00.7901017Z,-849.898,59.995667,-0.004333,-0.000164,0.000000,0.000000,0.000000,1.000000,86.022865,82.074181,85.962029,79.408195,85.932114,80.224281,86.026039,79.970947,0,6,true,0
71,2026-09-03T09:48:02.02Z,pmu-1,1,1788428882,20000,2026-09-03T09:48:00.7901017Z,-1229.898,60.007572,0.007572,0.000106,0.000000,0.000000,0.000000,1.000000,67.985741,-50.163769,67.994560,-51.302456,67.995407,-51.797813,67.983871,-49.096756,0,11,true,0
72,2026-09-03T09:48:01.48Z,pmu-2,1,1788428881,480000,2026-09-03T09:48:00.7901017Z,-689.898,59.996750,-0.003250,-0.000032,0.000000,0.000000,0.000000,1.000000,62.011627,-92.694344,61.992870,-93.330757,61.979038,-93.510231,61.993813,-93.679489,0,14,true,0
73,2026-09-03T09:48:01.54Z,pmu-4,1,1788428881,540000,2026-09-03T09:48:00.7901017Z,-749.898,60.006741,0.006741,0.000098,0.000000,0.000000,0.000000,1.000000,64.998627,-72.246323,65.006073,-72.892921,64.990379,-71.917648,64.996658,-72.146065,0,3,true,0
74,2026-09-03T09:48:01.66Z,pmu-3,1,1788428881,660000,2026-09-03T09:48:00.790616Z,-869.384,60.006119,0.006119,0.000209,0.000000,0.000000,0.000000,1.000000,89.016968,104.189575,88.959366,101.479942,88.934547,101.304901,89.027916,101.844940,0,7,true,0
75,2026-09-03T09:48:02.04Z,pmu-1,1,1788428882,40000,2026-09-03T09:48:00.790616Z,-1249.384,60.004314,0.004314,-0.000065,0.000000,0.000000,0.000000,1.000000,70.995598,-28.731228,71.002167,-30.182667,70.992477,-30.297182,70.977982,-27.554056,0,12,true,0
76,2026-09-03T09:48:01.5Z,pmu-2,1,1788428881,500000,2026-09-03T09:48:00.790616Z,-709.384,60.002281,0.002281,0.000111,0.000000,0.000000,0.000000,1.000000,65.016510,-70.941109,64.999847,-71.339478,64.971855,-72.397995,64.999184,-72.271637,0,15,true,0
77,2026-09-03T09:48:01.5Z,pmu-5,1,1788428881,500000,2026-09-03T09:48:00.8341888Z,-665.811,59.991970,-0.008030,-0.000359,0.000000,0.000000,0.000000,1.000000,91.992096,122.097893,92.035957,126.400192,92.021736,124.603699,92.028450,121.221634,0,11,true,0
78,2026-09-03T09:48:01.68Z,pmu-3,1,1788428881,680000,2026-09-03T09:48:00.8341888Z,-845.811,59.998093,-0.001907,-0.000161,0.000000,0.000000,0.000000,1.000000,92.015213,125.303497,91.961533,123.629402,91.943993,123.385185,92.035782,123.598724,0,8,true,0
79,2026-09-03T09:48:01.52Z,pmu-5,1,1788428881,520000,2026-09-03T09:48:00.8341888Z,-685.811,60.009281,0.009281,0.000346,0.000000,0.000000,0.000000,1.000000,94.984589,144.237488,95.040161,147.767151,95.015221,146.708115,95.022705,143.151505,0,12,true,0
80,2026-09-03T09:48:01.52Z,pmu-2,1,1788428881,520000,2026-09-03T09:48:00.8341888Z,-685.811,60.003277,0.003277,0.000020,0.000000,0.000000,0.000000,1.000000,68.008812,-49.752953,67.994125,-50.138062,67.971626,-50.490089,68.006439,-50.848648,0,0,true,0
81,2026-09-03T09:48:01.56Z,pmu-4,1,1788428881,560000,2026-09-03T09:48:00.8341888Z,-725.811,60.009899,0.009899,0.000063,0.000000,0.000000,0.000000,1.000000,68.006256,-50.401192,68.006950,-51.365993,67.987381,-49.929691,68.006584,-50.844669,0,4,true,0
82,2026-09-03T09:48:02.06Z,pmu-1,1,1788428882,60000,2026-09-03T09:48:00.8341888Z,-1225.811,60.000004,0.000004,-0.000086,0.000000,0.000000,0.000000,1.000000,73.989746,-7.402485,74.009956,-8.359950,73.989403,-8.644463,73.979073,-5.698465,0,13,true,0
83,2026-09-03T09:48:01.54Z,pmu-5,1,1788428881,540000,2026-09-03T09:48:00.8341888Z,-705.811,60.005283,0.005283,-0.000080,0.000000,0.000000,0.000000,1.000000,97.976059,166.265518,98.049065,169.781616,98.021622,168.041656,98.031349,164.631104,0,13,true,0
84,2026-09-03T09:48:01.56Z,pmu-5,1,1788428881,560000,2026-09-03T09:48:00.8796439Z,-680.356,59.993874,-0.006126,-0.000228,0.000000,0.000000,0.000000,1.000000,50.000000,-180.000000,50.000000,-180.000000,50.000000,-180.000000,50.000000,-180.000000,0,14,true,0
85,2026-09-03T09:48:02.08Z,pmu-1,1,1788428882,80000,2026-09-03T09:48:00.8796439Z,-1200.356,59.995728,-0.004272,-0.000086,0.000000,0.000000,0.000000,1.000000,76.983017,13.924579,77.012589,13.631961,76.990776,12.692743,76.981300,16.417873,0,14,true,0
86,2026-09-03T09:48:01.7Z,pmu-3,1,1788428881,700000,2026-09-03T09:48:00.8796439Z,-820.356,60.006046,0.006046,0.000159,0.000000,0.000000,0.000000,1.000000,95.012718,147.392426,94.960320,144.703934,94.946724,145.263062,95.045708,145.190170,0,9,true,0
87,2026-09-03T09:48:01.54Z,pmu-2,1,1788428881,540000,2026-09-03T09:48:00.8796439Z,-660.356,60.008057,0.008057,0.000096,0.000000,0.000000,0.000000,1.000000,71.016068,-27.580692,70.991211,-29.096016,70.969620,-28.763231,71.012093,-29.275595,0,1,true,0
88,2026-09-03T09:48:01.58Z,pmu-4,1,1788428881,580000,2026-09-03T09:48:00.8796439Z,-700.356,59.997307,-0.002693,-0.000252,0.000000,0.000000,0.000000,1.000000,70.996582,-28.945154,71.010406,-29.479418,70.993225,-28.056543,71.009583,-28.847967,0,5,true,0
89,2026-09-03T09:48:01.58Z,pmu-5,1,1788428881,580000,2026-09-03T09:48:00.8796439Z,-700.356,59.996620,-0.003380,0.000055,0.000000,0.000000,0.000000,1.000000,53.009350,-158.802612,53.008865,-157.894684,53.004478,-158.478256,52.990299,-158.320801,0,15,true,0
90,2026-09-03T09:48:02.1Z,pmu-1,1,1788428882,100000,2026-09-03T09:48:00.8796439Z,-1220.356,59.996201,-0.003799,0.000009,0.000000,0.000000,0.000000,1.000000,79.986626,35.931492,80.010445,35.571621,80.000206,34.321579,79.980507,37.463627,0,15,true,0
91,2026-09-03T09:48:01.56Z,pmu-2,1,1788428881,560000,2026-09-03T09:48:00.8796439Z,-680.356,59.999084,-0.000916,-0.000179,0.000000,0.000000,0.000000,1.000000,74.006485,-5.676456,73.990036,-7.253294,73.959648,-6.823499,74.018066,-7.507957,0,2,true,0
92,2026-09-03T09:48:01.72Z,pmu-3,1,1788428881,720000,2026-09-03T09:48:00.8796439Z,-840.356,59.995621,-0.004379,-0.000209,0.000000,0.000000,0.000000,1.000000,98.010880,168.595200,97.965431,166.523788,97.950806,167.190964,98.050575,166.562592,0,10,true,0
93,2026-09-03T09:48:01.6Z,pmu-4,1,1788428881,600000,2026-09-03T09:48:00.8796439Z,-720.356,59.991024,-0.008976,-0.000126,0.000000,0.000000,0.000000,1.000000,73.993156,-7.408784,74.015556,-7.679537,73.997620,-6.249983,74.011261,-7.080574,0,6,true,0
94,2026-09-03T09:48:01.74Z,pmu-3,1,1788428881,740000,2026-09-03T09:48:00.9279037Z,-812.096,59.992386,-0.007614,-0.000065,0.000000,0.000000,0.000000,1.000000,50.000000,-180.000000,50.000000,-180.000000,50.000000,-180.000000,50.000000,-180.000000,0,11,true,0
95,2026-09-03T09:48:01.62Z,pmu-4,1,1788428881,620000,2026-09-03T09:48:00.9279037Z,-692.096,59.999504,-0.000496,0.000170,0.000000,0.000000,0.000000,1.000000,76.996094,14.294331,77.024963,13.488267,76.992592,14.907225,77.010033,14.519374,0,7,true,0
96,2026-09-03T09:48:02.12Z,pmu-1,1,1788428882,120000,2026-09-03T09:48:00.9279037Z,-1192.096,60.006893,0.006893,0.000214,0.000000,0.000000,0.000000,1.000000,82.989708,57.968094,83.015854,57.615673,83.007126,55.461300,82.970619,58.606392,0,0,true,0
97,2026-09-03T09:48:01.6Z,pmu-5,1,1788428881,600000,2026-09-03T09:48:00.9279037Z,-672.096,59.998657,-0.001343,0.000041,0.000000,0.000000,0.000000,1.000000,56.019264,-136.729507,56.003487,-136.356949,56.002987,-136.432724,55.980640,-136.202332,0,0,true,0
98,2026-09-03T09:48:01.58Z,pmu-2,1,1788428881,580000,2026-09-03T09:48:00.9279037Z,-652.096,59.998837,-0.001163,-0.000005,0.000000,0.000000,0.000000,1.000000,77.010994,15.931430,76.987495,14.303394,76.952759,14.989568,77.009476,14.430656,0,3,true,0
99,2026-09-03T09:48:01.64Z,pmu-4,1,1788428881,640000,2026-09-03T09:48:00.9279037Z,-712.096,59.990982,-0.009018,-0.000170,0.000000,0.000000,0.000000,1.000000,79.987244,35.794506,80.033585,35.425690,79.984802,37.006916,80.002922,36.124779,0,8,true,0
100,2026-09-03T09:48:01.6Z,pmu-2,1,1788428881,600000,2026-09-03T09:48:00.9279037Z,-672.096,60.001137,0.001137,0.000046,0.000000,0.000000,0.000000,1.000000,80.013168,38.099667,79.977829,36.239353,79.945053,36.297432,80.009483,36.317162,0,4,true,0
101,2026-09-03T09:48:01.76Z,pmu-3,1,1788428881,760000,2026-09-03T09:48:00.9279037Z,-832.096,59.996410,-0.003590,0.000080,0.000000,0.000000,0.000000,1.000000,53.002964,-158.434753,52.990856,-158.564667,53.003414,-157.896149,52.994019,-158.016525,0,12,true,0
102,2026-09-03T09:48:02.14Z,pmu-1,1,1788428882,140000,2026-09-03T09:48:00.9279037Z,-1212.096,59.992146,-0.007854,-0.000295,0.000000,0.000000,0.000000,1.000000,85.988388,79.386993,86.025223,79.129761,86.013557,76.972916,85.972733,79.960350,0,1,true,0
103,2026-09-03T09:48:01.62Z,pmu-5,1,1788428881,620000,2026-09-03T09:48:00.9279037Z,-692.096,59.998211,-0.001789,-0.000009,0.000000,0.000000,0.000000,1.000000,59.016621,-114.880829,59.008823,-114.249329,59.010082,-114.538071,58.977077,-114.467918,0,1,true,0
104,2026-09-03T09:48:01.64Z,pmu-5,1,1788428881,640000,2026-09-03T09:48:00.9718698Z,-668.130,60.007004,0.007004,0.000176,0.000000,0.000000,0.000000,1.000000,62.019188,-93.250847,62.009815,-93.180000,62.015015,-92.656738,61.986698,-93.049194,0,2,true,0
105,2026-09-03T09:48:01.66Z,pmu-4,1,1788428881,660000,2026-09-03T09:48:00.9718698Z,-688.130,59.997265,-0.002735,0.000126,0.000000,0.000000,0.000000,1.000000,82.980812,57.223194,83.042938,56.748383,82.983078,58.520802,83.012917,57.841286,0,9,true,0
106,2026-09-03T09:48:01.78Z,pmu-3,1,1788428881,780000,2026-09-03T09:48:00.9718698Z,-808.130,59.992348,-0.007652,-0.000081,0.000000,0.000000,0.000000,1.000000,56.011753,-137.046692,55.994576,-137.346573,56.000820,-136.255249,55.990768,-136.830460,0,13,true,0
107,2026-09-03T09:48:01.62Z,pmu-2,1,1788428881,620000,2026-09-03T09:48:00.9718698Z,-648.130,60.003883,0.003883,0.000055,0.000000,0.000000,0.000000,1.000000,83.016502,59.950291,82.971558,57.884834,82.936119,58.371037,83.018913,58.267593,0,5,true,0
108,2026-09-03T09:48:02.16Z,pmu-1,1,1788428882,160000,2026-09-03T09:48:00.9718698Z,-1188.130,60.003773,0.003773,0.000233,0.000000,0.000000,0.000000,1.000000,88.985657,100.735886,89.020218,100.966713,89.010071,98.381775,88.975479,101.731728,0,2,true,0
109,2026-09-03T09:48:01.66Z,pmu-5,1,1788428881,660000,2026-09-03T09:48:00.9718698Z,-688.130,60.005699,0.005699,-0.000026,0.000000,0.000000,0.000000,1.000000,65.027756,-71.339409,65.017906,-71.304230,65.008308,-70.951355,64.991959,-71.737030,0,3,true,0
110,2026-09-03T09:48:01.68Z,pmu-5,1,1788428881,680000,2026-09-03T09:48:01.016781Z,-663.219,60.004204,0.004204,-0.000030,0.000000,0.000000,0.000000,1.000000,68.029984,-49.835979,68.019447,-49.695576,68.016312,-48.793297,67.996140,-50.546532,0,4,true,0
111,2026-09-03T09:48:01.8Z,pmu-3,1,1788428881,800000,2026-09-03T09:48:01.016781Z,-783.219,60.006893,0.006893,0.000291,0.000000,0.000000,0.000000,1.000000,59.010620,-114.990509,58.988277,-116.021408,58.992142,-114.198051,58.994385,-114.725700,0,14,true,0
112,2026-09-03T09:48:01.68Z,pmu-4,1,1788428881,680000,2026-09-03T09:48:01.016781Z,-663.219,60.007126,0.007126,0.000197,0.000000,0.000000,0.000000,1.000000,85.984177,78.490837,86.039093,78.215935,85.989166,80.009789,86.008736,79.789062,0,10,true,0
113,2026-09-03T09:48:02.18Z,pmu-1,1,1788428882,180000,2026-09-03T09:48:01.016781Z,-1163.219,59.998749,-0.001251,-0.000100,0.000000,0.000000,0.000000,1.000000,91.988960,121.920723,92.027878,122.963127,92.018417,119.817299,91.979652,123.025146,0,3,true,0
114,2026-09-03T09:48:01.64Z,pmu-2,1,1788428881,640000,2026-09-03T09:48:01.016781Z,-623.219,59.995667,-0.004333,-0.000164,0.000000,0.000000,0.000000,1.000000,86.022865,82.074181,85.962029,79.408195,85.932114,80.224281,86.026039,79.970947,0,6,true,0
115,2026-09-03T09:48:01.7Z,pmu-5,1,1788428881,700000,2026-09-03T09:48:01.016781Z,-683.219,60.004494,0.004494,0.000006,0.000000,0.000000,0.000000,1.000000,71.023338,-28.699547,71.019287,-28.645906,71.020470,-26.660206,70.993301,-29.346413,0,5,true,0
116,2026-09-03T09:48:01.82Z,pmu-3,1,1788428881,820000,2026-09-03T09:48:01.016781Z,-803.219,59.994228,-0.005772,-0.000253,0.000000,0.000000,0.000000,1.000000,62.017788,-93.060257,61.979698,-94.571312,61.985146,-92.626709,61.985229,-92.847656,0,15,true,0
117,2026-09-03T09:48:02.2Z,pmu-1,1,1788428882,200000,2026-09-03T09:48:01.016781Z,-1183.219,60.002415,0.002415,0.000073,0.000000,0.000000,0.000000,1.000000,94.985367,143.078873,95.033882,144.592880,95.021362,141.606522,94.986984,144.585831,0,4,true,0
118,2026-09-03T09:48:01.7Z,pmu-4,1,1788428881,700000,2026-09-03T09:48:01.016781Z,-683.219,59.998936,-0.001064,-0.000164,0.000000,0.000000,0.000000,1.000000,88.974220,100.321602,89.046432,99.581116,88.979416,102.092514,89.006523,101.605026,0,11,true,0
119,2026-09-03T09:48:01.66Z,pmu-2,1,1788428881,660000,2026-09-03T09:48:01.016781Z,-643.219,60.006119,0.006119,0.000209,0.000000,0.000000,0.000000,1.000000,89.016968,104.189575,88.959366,101.479942,88.934547,101.304901,89.027916,101.844940,0,7,true,0
120,2026-09-03T09:48:01.72Z,pmu-5,1,1788428881,720000,2026-09-03T09:48:01.0640601Z,-655.940,59.999565,-0.000435,-0.000099,0.000000,0.000000,0.000000,1.000000,74.023285,-6.904212,74.012527,-7.587843,74.013672,-4.499942,73.993378,-7.699288,0,6,true,0
121,2026-09-03T09:48:01.68Z,pmu-2,1,1788428881,680000,2026-09-03T09:48:01.0640601Z,-615.940,59.998093,-0.001907,-0.000161,0.000000,0.000000,0.000000,1.000000,92.015213,125.303497,91.961533,123.629402,91.943993,123.385185,92.035782,123.598724,0,8,true,0
122,2026-09-03T09:48:01.74Z,pmu-5,1,1788428881,740000,2026-09-03T09:48:01.0640601Z,-675.940,60.006962,0.006962,0.000148,0.000000,0.000000,0.000000,1.000000,77.018974,14.325492,77.014938,13.700823,77.008385,16.589001,76.990829,13.596442,0,7,true,0
123,2026-09-03T09:48:01.84Z,pmu-3,1,1788428881,840000,2026-09-03T09:48:01.0640601Z,-775.940,59.990086,-0.009914,-0.000083,0.000000,0.000000,0.000000,1.000000,65.019096,-70.954330,64.978302,-73.451843,64.978592,-70.647980,64.983536,-71.331261,0,0,true,0
124,2026-09-03T09:48:02.22Z,pmu-1,1,1788428882,220000,2026-09-03T09:48:01.0640601Z,-1155.940,59.994347,-0.005653,-0.000161,0.000000,0.000000,0.000000,1.000000,97.989693,165.215530,98.033043,166.166321,98.017380,163.703476,97.990631,166.002563,0,5,true,0
125,2026-09-03T09:48:01.72Z,pmu-4,1,1788428881,720000,2026-09-03T09:48:01.0640601Z,-655.940,59.991016,-0.008984,-0.000158,0.000000,0.000000,0.000000,1.000000,91.970871,122.085175,92.044579,121.727875,91.975311,123.340897,92.015831,122.716629,0,12,true,0
126,2026-09-03T09:48:01.76Z,pmu-5,1,1788428881,760000,2026-09-03T09:48:01.0640601Z,-695.940,60.000053,0.000053,-0.000138,0.000000,0.000000,0.000000,1.000000,80.017372,35.468571,80.016457,35.517700,80.012314,37.676826,79.995773,35.330399,0,8,true,0
127,2026-09-03T09:48:01.78Z,pmu-5,1,1788428881,780000,2026-09-03T09:48:01.1224053Z,-657.595,59.994678,-0.005322,-0.000107,0.000000,0.000000,0.000000,1.000000,83.017197,56.901249,83.025391,57.354198,83.022087,58.864353,83.004501,57.235615,0,9,true,0
128,2026-09-03T09:48:01.8Z,pmu-5,1,1788428881,800000,2026-09-03T09:48:01.1224053Z,-677.595,59.996887,-0.003113,0.000044,0.000000,0.000000,0.000000,1.000000,86.022415,78.031219,86.016693,78.691086,86.019333,80.278748,86.006950,78.264160,0,10,true,0
129,2026-09-03T09:48:02.24Z,pmu-1,1,1788428882,240000,2026-09-03T09:48:01.1224053Z,-1117.595,60.007477,0.007477,0.000263,0.000000,0.000000,0.000000,1.000000,50.000000,-180.000000,50.000000,-180.000000,50.000000,-180.000000,50.000000,-180.000000,0,6,true,0
130,2026-09-03T09:48:01.86Z,pmu-3,1,1788428881,860000,2026-09-03T09:48:01.1224053Z,-737.595,59.999622,-0.000378,0.000191,0.000000,0.000000,0.000000,1.000000,68.010529,-49.064682,67.969872,-51.957924,67.975792,-49.150394,67.985176,-49.821503,0,1,true,0
131,2026-09-03T09:48:01.7Z,pmu-2,1,1788428881,700000,2026-09-03T09:48:01.1224053Z,-577.595,60.006046,0.006046,0.000159,0.000000,0.000000,0.000000,1.000000,95.012718,147.392426,94.960320,144.703934,94.946724,145.263062,95.045708,145.190170,0,9,true,0
132,2026-09-03T09:48:01.74Z,pmu-4,1,1788428881,740000,2026-09-03T09:48:01.1224053Z,-617.595,59.992870,-0.007130,0.000037,0.000000,0.000000,0.000000,1.000000,94.977577,143.509644,95.049232,143.608887,94.971069,145.505081,95.007286,144.842682,0,13,true,0
133,2026-09-03T09:48:01.88Z,pmu-3,1,1788428881,880000,2026-09-03T09:48:01.1224053Z,-757.595,59.999874,-0.000126,0.000005,0.000000,0.000000,0.000000,1.000000,71.013466,-27.736742,70.975990,-30.431593,70.983467,-27.960592,70.976364,-28.692310,0,2,true,0
134,2026-09-03T09:48:01.76Z,pmu-4,1,1788428881,760000,2026-09-03T09:48:01.1224053Z,-637.595,60.006336,0.006336,0.000269,0.000000,0.000000,0.000000,1.000000,97.968033,165.485184,98.051300,165.413635,97.971855,166.764893,98.004166,166.943542,0,14,true,0
135,2026-09-03T09:48:01.72Z,pmu-2,1,1788428881,720000,2026-09-03T09:48:01.1229165Z,-597.083,59.995621,-0.004379,-0.000209,0.000000,0.000000,0.000000,1.000000,98.010880,168.595200,97.965431,166.523788,97.950806,167.190964,98.050575,166.562592,0,10,true,0
136,2026-09-03T09:48:02.26Z,pmu-1,1,1788428882,260000,2026-09-03T09:48:01.1229165Z,-1137.083,60.000614,0.000614,-0.000137,0.000000,0.000000,0.000000,1.000000,52.995937,-158.671783,53.004322,-158.604401,53.004616,-157.931854,53.006199,-158.397339,0,7,true,0
137,2026-09-03T09:48:01.78Z,pmu-4,1,1788428881,780000,2026-09-03T09:48:01.1784421Z,-601.558,59.997066,-0.002934,-0.000185,0.000000,0.000000,0.000000,1.000000,50.000000,-180.000000,50.000000,-180.000000,50.000000,-180.000000,50.000000,-180.000000,0,15,true,0
138,2026-09-03T09:48:01.82Z,pmu-5,1,1788428881,820000,2026-09-03T09:48:01.1784421Z,-641.558,60.007889,0.007889,0.000220,0.000000,0.000000,0.000000,1.000000,89.012863,99.396263,89.026581,100.398399,89.020134,101.612282,89.010864,99.879990,0,11,true,0
139,2026-09-03T09:48:01.74Z,pmu-2,1,1788428881,740000,2026-09-03T09:48:01.1784421Z,-561.558,59.992386,-0.007614,-0.000065,0.000000,0.000000,0.000000,1.000000,50.000000,-180.000000,50.000000,-180.000000,50.000000,-180.000000,50.000000,-180.000000,0,11,true,0
140,2026-09-03T09:48:01.9Z,pmu-3,1,1788428881,900000,2026-09-03T09:48:01.1784421Z,-721.558,59.999073,-0.000927,-0.000016,0.000000,0.000000,0.000000,1.000000,74.007042,-6.597756,73.971649,-8.696410,73.989906,-6.442932,73.977562,-6.522674,0,3,true,0
141,2026-09-03T09:48:02.28Z,pmu-1,1,1788428882,280000,2026-09-03T09:48:01.1784421Z,-1101.558,60.008286,0.008286,0.000153,0.000000,0.000000,0.000000,1.000000,55.990658,-137.532059,55.998070,-136.606339,56.007370,-136.448441,55.999489,-136.957657,0,8,true,0
142,2026-09-03T09:48:01.8Z,pmu-4,1,1788428881,800000,2026-09-03T09:48:01.1784421Z,-621.558,60.003407,0.003407,0.000127,0.000000,0.000000,0.000000,1.000000,52.998501,-158.712738,52.995636,-158.384003,52.995697,-158.009003,53.004623,-158.509903,0,0,true,0
143,2026-09-03T09:48:01.84Z,pmu-5,1,1788428881,840000,2026-09-03T09:48:01.1784421Z,-661.558,60.003265,0.003265,-0.000092,0.000000,0.000000,0.000000,1.000000,92.006233,121.419373,92.029602,121.674057,92.027229,123.367188,92.007744,121.175797,0,12,true,0
144,2026-09-03T09:48:01.76Z,pmu-2,1,1788428881,760000,2026-09-03T09:48:01.1784421Z,-581.558,59.996410,-0.003590,0.000080,0.000000,0.000000,0.000000,1.000000,53.002964,-158.434753,52.990856,-158.564667,53.003414,-157.896149,52.994019,-158.016525,0,12,true,0
145,2026-09-03T09:48:01.92Z,pmu-3,1,1788428881,920000,2026-09-03T09:48:01.1784421Z,-741.558,59.996803,-0.003197,-0.000045,0.000000,0.000000,0.000000,1.000000,76.999535,14.487130,76.975716,12.785543,76.993164,15.442665,76.974884,15.187155,0,4,true,0
146,2026-09-03T09:48:02.3Z,pmu-1,1,1788428882,300000,2026-09-03T09:48:01.1784421Z,-1121.558,59.994217,-0.005783,-0.000281,0.000000,0.000000,0.000000,1.000000,58.989090,-115.363190,58.992268,-114.492165,58.999081,-114.489227,58.999508,-115.640594,0,9,true,0
147,2026-09-03T09:48:01.86Z,pmu-5,1,1788428881,860000,2026-09-03T09:48:01.2333961Z,-626.604,60.002071,0.002071,-0.000024,0.000000,0.000000,0.000000,1.000000,95.015099,142.625473,95.035599,143.040146,95.032021,144.611969,95.007843,142.884995,0,13,true,0
148,2026-09-03T09:48:01.78Z,pmu-2,1,1788428881,780000,2026-09-03T09:48:01.2333961Z,-546.604,59.992348,-0.007652,-0.000081,0.000000,0.000000,0.000000,1.000000,56.011753,-137.046692,55.994576,-137.346573,56.000820,-136.255249,55.990768,-136.830460,0,13,true,0
149,2026-09-03T09:48:01.88Z,pmu-5,1,1788428881,880000,2026-09-03T09:48:01.2333961Z,-646.604,59.994278,-0.005722,-0.000156,0.000000,0.000000,0.000000,1.000000,98.006203,164.296692,98.039543,164.125839,98.036079,166.085739,98.011269,164.177322,0,14,true,0
150,2026-09-03T09:48:02.32Z,pmu-1,1,1788428882,320000,2026-09-03T09:48:01.2333961Z,-1086.604,60.009510,0.009510,0.000306,0.000000,0.000000,0.000000,1.000000,61.992290,-93.422935,61.995041,-92.455879,61.994583,-92.457733,61.990078,-93.709534,0,10,true,0
151,2026-09-03T09:48:01.82Z,pmu-4,1,1788428881,820000,2026-09-03T09:48:01.2333961Z,-586.604,59.999775,-0.000225,-0.000073,0.000000,0.000000,0.000000,1.000000,55.990192,-137.494354,55.991894,-136.528580,55.999451,-136.235916,55.999882,-137.459045,0,1,true,0
152,2026-09-03T09:48:01.94Z,pmu-3,1,1788428881,940000,2026-09-03T09:48:01.2333961Z,-706.604,60.001511,0.001511,0.000094,0.000000,0.000000,0.000000,1.000000,80.000786,36.324814,79.982567,34.957836,79.999855,37.417789,79.975029,36.465294,0,5,true,0
153,2026-09-03T09:48:01.8Z,pmu-2,1,1788428881,800000,2026-09-03T09:48:01.2333961Z,-566.604,60.006893,0.006893,0.000291,0.000000,0.000000,0.000000,1.000000,59.010620,-114.990509,58.988277,-116.021408,58.992142,-114.198051,58.994385,-114.725700,0,14,true,0
154,2026-09-03T09:48:02.34Z,pmu-1,1,1788428882,340000,2026-09-03T09:48:01.2333961Z,-1106.604,59.999565,-0.000435,-0.000199,0.000000,0.000000,0.000000,1.000000,64.994522,-72.307281,64.991531,-70.408295,64.989067,-71.357979,64.996643,-71.832542,0,11,true,0
155,2026-09-03T09:48:01.84Z,pmu-4,1,1788428881,840000,2026-09-03T09:48:01.2333961Z,-606.604,59.991165,-0.008835,-0.000172,0.000000,0.000000,0.000000,1.000000,58.995197,-115.683258,58.982029,-114.388466,58.993271,-114.549515,59.002960,-116.389168,0,2,true,0
156,2026-09-03T09:48:01.96Z,pmu-3,1,1788428881,960000,2026-09-03T09:48:01.2333961Z,-726.604,60.007519,0.007519,0.000120,0.000000,0.000000,0.000000,1.000000,82.993042,58.296410,82.976196,56.619160,83.009811,59.089954,82.967964,58.067413,0,6,true,0
157,2026-09-03T09:48:01.9Z,pmu-5,1,1788428881,900000,2026-09-03T09:48:01.2878858Z,-612.114,60.006134,0.006134,0.000237,0.000000,0.000000,0.000000,1.000000,50.000000,-180.000000,50.000000,-180.000000,50.000000,-180.000000,50.000000,-180.000000,0,15,true,0
158,2026-09-03T09:48:01.92Z,pmu-5,1,1788428881,920000,2026-09-03T09:48:01.2885586Z,-631.441,60.006126,0.006126,-0.000000,0.000000,0.000000,0.000000,1.000000,53.006741,-157.849243,53.005527,-158.579468,52.994591,-158.669479,52.995392,-157.908188,0,0,true,0
159,2026-09-03T09:48:02.36Z,pmu-1,1,1788428882,360000,2026-09-03T09:48:01.2885586Z,-1071.441,59.995235,-0.004765,-0.000087,0.000000,0.000000,0.000000,1.000000,68.001503,-50.770279,67.994171,-49.313686,67.995232,-49.407822,67.989243,-49.767887,0,12,true,0
160,2026-09-03T09:48:01.98Z,pmu-3,1,1788428881,980000,2026-09-03T09:48:01.2885586Z,-691.441,59.991219,-0.008781,-0.000326,0.000000,0.000000,0.000000,1.000000,85.983299,79.770981,85.969421,78.041000,86.011810,80.510422,85.971397,79.445358,0,7,true,0
161,2026-09-03T09:48:01.94Z,pmu-5,1,1788428881,940000,2026-09-03T09:48:01.2885586Z,-651.441,59.996330,-0.003670,-0.000196,0.000000,0.000000,0.000000,1.000000,56.008621,-136.551132,56.007187,-137.456116,55.999844,-137.548874,55.987309,-136.402344,0,1,true,0
162,2026-09-03T09:48:02Z,pmu-3,1,1788428882,0,2026-09-03T09:48:01.2885586Z,-711.441,60.009823,0.009823,0.000372,0.000000,0.000000,0.000000,1.000000,88.990860,101.241394,88.971123,99.765968,89.008057,101.630005,88.965134,100.590576,0,8,true,0
163,2026-09-03T09:48:01.86Z,pmu-4,1,1788428881,860000,2026-09-03T09:48:01.2885586Z,-571.441,59.992096,-0.007904,0.000019,0.000000,0.000000,0.000000,1.000000,61.990829,-93.768112,61.980030,-92.769104,61.995373,-93.387970,62.002628,-94.511963,0,3,true,0
164,2026-09-03T09:48:01.82Z,pmu-2,1,1788428881,820000,2026-09-03T09:48:01.2885586Z,-531.441,59.994228,-0.005772,-0.000253,0.000000,0.000000,0.000000,1.000000,62.017788,-93.060257,61.979698,-94.571312,61.985146,-92.626709,61.985229,-92.847656,0,15,true,0
165,2026-09-03T09:48:01.96Z,pmu-5,1,1788428881,960000,2026-09-03T09:48:01.3402312Z,-619.769,60.009071,0.009071,0.000255,0.000000,0.000000,0.000000,1.000000,59.012314,-114.833717,58.998337,-116.036827,59.000069,-115.463448,58.988400,-114.277504,0,2,true,0
166,2026-09-03T09:48:01.98Z,pmu-5,1,1788428881,980000,2026-09-03T09:48:01.3402312Z,-639.769,59.991745,-0.008255,-0.000347,0.000000,0.000000,0.000000,1.000000,62.006756,-92.664680,62.000439,-95.001038,61.992802,-93.297905,61.985920,-93.097916,0,3,true,0
167,2026-09-03T09:48:01.88Z,pmu-4,1,1788428881,880000,2026-09-03T09:48:01.3402312Z,-539.769,59.995636,-0.004364,0.000071,0.000000,0.000000,0.000000,1.000000,64.993629,-71.983192,64.979515,-71.563042,64.995827,-71.513908,65.007599,-72.378555,0,4,true,0
168,2026-09-03T09:48:02.38Z,pmu-1,1,1788428882,380000,2026-09-03T09:48:01.3402312Z,-1039.769,59.990559,-0.009441,-0.000094,0.000000,0.000000,0.000000,1.000000,70.994637,-28.997395,71.001503,-27.393431,70.995483,-27.636444,70.994675,-28.240679,0,13,true,0
169,2026-09-03T09:48:02Z,pmu-5,1,1788428882,0,2026-09-03T09:48:01.3402312Z,-659.769,59.994022,-0.005978,0.000046,0.000000,0.000000,0.000000,1.000000,65.004608,-70.878372,65.003754,-73.220459,64.988518,-71.181885,64.993874,-71.569626,0,4,true,0
170,2026-09-03T09:48:01.84Z,pmu-2,1,1788428881,840000,2026-09-03T09:48:01.3402312Z,-499.769,59.990086,-0.009914,-0.000083,0.000000,0.000000,0.000000,1.000000,65.019096,-70.954330,64.978302,-73.451843,64.978592,-70.647980,64.983536,-71.331261,0,0,true,0
171,2026-09-03T09:48:02.02Z,pmu-3,1,1788428882,20000,2026-09-03T09:48:01.3402312Z,-679.769,60.004482,0.004482,-0.000107,0.000000,0.000000,0.000000,1.000000,91.998306,123.245476,91.977524,121.554420,92.005524,122.977173,91.958542,122.447563,0,9,true,0
172,2026-09-03T09:48:02.4Z,pmu-1,1,1788428882,400000,2026-09-03T09:48:01.3402312Z,-1059.769,60.003086,0.003086,0.000251,0.000000,0.000000,0.000000,1.000000,73.995323,-7.864527,73.999680,-5.763023,73.990082,-5.753156,73.996010,-6.866053,0,14,true,0
173,2026-09-03T09:48:01.86Z,pmu-2,1,1788428881,860000,2026-09-03T09:48:01.3407714Z,-519.229,59.999622,-0.000378,0.000191,0.000000,0.000000,0.000000,1.000000,68.010529,-49.064682,67.969872,-51.957924,67.975792,-49.150394,67.985176,-49.821503,0,1,true,0
174,2026-09-03T09:48:01.9Z,pmu-4,1,1788428881,900000,2026-09-03T09:48:01.3407714Z,-559.229,59.997589,-0.002411,0.000039,0.000000,0.000000,0.000000,1.000000,67.992783,-50.206390,67.981720,-49.976135,67.997910,-49.721584,67.999535,-50.476875,0,5,true,0
175,2026-09-03T09:48:02.04Z,pmu-3,1,1788428882,40000,2026-09-03T09:48:01.3407714Z,-699.229,60.006378,0.006378,0.000038,0.000000,0.000000,0.000000,1.000000,95.004715,145.412842,94.976242,143.015915,95.012474,144.327530,94.949745,143.549957,0,10,true,0
176,2026-09-03T09:48:02.42Z,pmu-1,1,1788428882,420000,2026-09-03T09:48:01.3867957Z,-1033.204,60.009064,0.009064,0.000120,0.000000,0.000000,0.000000,1.000000,76.999451,13.467958,77.004837,15.851752,76.993584,15.514491,76.994514,14.771420,0,15,true,0
177,2026-09-03T09:48:02.02Z,pmu-5,1,1788428882,20000,2026-09-03T09:48:01.3867957Z,-633.204,60.008427,0.008427,0.000288,0.000000,0.000000,0.000000,1.000000,67.995178,-49.142769,67.997017,-51.830448,67.985344,-50.099232,67.994209,-50.013809,0,5,true,0
178,2026-09-03T09:48:02.06Z,pmu-3,1,1788428882,60000,2026-09-03T09:48:01.3867957Z,-673.204,59.998314,-0.001686,-0.000161,0.000000,0.000000,0.000000,1.000000,98.014343,167.129105,97.967201,164.993652,98.014099,166.035538,97.956291,164.602356,0,11,true,0
179,2026-09-03T09:48:01.92Z,pmu-4,1,1788428881,920000,2026-09-03T09:48:01.3867957Z,-533.204,60.007938,0.007938,0.000207,0.000000,0.000000,0.000000,1.000000,70.992081,-28.590952,70.987923,-28.232103,70.990997,-28.550285,70.998291,-28.899797,0,6,true,0
180,2026-09-03T09:48:01.88Z,pmu-2,1,1788428881,880000,2026-09-03T09:48:01.3867957Z,-493.204,59.999874,-0.000126,0.000005,0.000000,0.000000,0.000000,1.000000,71.013466,-27.736742,70.975990,-30.431593,70.983467,-27.960592,70.976364,-28.692310,0,2,true,0
181,2026-09-03T09:48:02.44Z,pmu-1,1,1788428882,440000,2026-09-03T09:48:01.3867957Z,-1053.204,59.996201,-0.003799,-0.000257,0.000000,0.000000,0.000000,1.000000,80.003349,35.135052,80.014359,37.591553,79.990326,36.841488,79.999023,36.677231,0,0,true,0
182,2026-09-03T09:48:01.9Z,pmu-2,1,1788428881,900000,2026-09-03T09:48:01.3867957Z,-513.204,59.999073,-0.000927,-0.000016,0.000000,0.000000,0.000000,1.000000,74.007042,-6.597756,73.971649,-8.696410,73.989906,-6.442932,73.977562,-6.522674,0,3,true,0
183,2026-09-03T09:48:01.94Z,pmu-4,1,1788428881,940000,2026-09-03T09:48:01.3867957Z,-553.204,59.994904,-0.005096,-0.000261,0.000000,0.000000,0.000000,1.000000,73.999123,-6.977504,73.992966,-6.316641,73.994987,-6.914421,73.989601,-6.731770,0,7,true,0
184,2026-09-03T09:48:02.08Z,pmu-3,1,1788428882,80000,2026-09-03T09:48:01.3867957Z,-693.204,60.009254,0.009254,0.000219,0.000000,0.000000,0.000000,1.000000,50.000000,-180.000000,50.000000,-180.000000,50.000000,-180.000000,50.000000,-180.000000,0,12,true,0
185,2026-09-03T09:48:02.04Z,pmu-5,1,1788428882,40000,2026-09-03T09:48:01.3867957Z,-653.204,60.004192,0.004192,-0.000085,0.000000,0.000000,0.000000,1.000000,71.004547,-27.770483,70.989441,-30.314747,70.987061,-28.728558,70.991776,-28.860907,0,6,true,0
186,2026-09-03T09:48:02.06Z,pmu-5,1,1788428882,60000,2026-09-03T09:48:01.4313069Z,-628.693,60.007874,0.007874,0.000074,0.000000,0.000000,0.000000,1.000000,73.996895,-5.962419,73.988373,-8.961488,73.980576,-6.812746,73.989693,-7.400635,0,7,true,0
187,2026-09-03T09:48:01.92Z,pmu-2,1,1788428881,920000,2026-09-03T09:48:01.4313069Z,-488.693,59.996803,-0.003197,-0.000045,0.000000,0.000000,0.000000,1.000000,76.999535,14.487130,76.975716,12.785543,76.993164,15.442665,76.974884,15.187155,0,4,true,0
188,2026-09-03T09:48:02.1Z,pmu-3,1,1788428882,100000,2026-09-03T09:48:01.4319485Z,-668.052,59.993977,-0.006023,-0.000306,0.000000,0.000000,0.000000,1.000000,52.996655,-158.022217,53.008209,-158.213348,53.009369,-158.419281,52.991867,-158.683502,0,13,true,0
189,2026-09-03T09:48:02.08Z,pmu-5,1,1788428882,80000,2026-09-03T09:48:01.4319485Z,-648.052,59.998314,-0.001686,-0.000191,0.000000,0.000000,0.000000,1.000000,76.998718,15.727652,76.996613,12.685951,76.981171,15.078341,76.989151,14.058728,0,8,true,0
190,2026-09-03T09:48:02.46Z,pmu-1,1,1788428882,460000,2026-09-03T09:48:01.4319485Z,-1028.051,59.992317,-0.007683,-0.000078,0.000000,0.000000,0.000000,1.000000,83.003990,56.857300,83.014702,58.790623,82.988762,58.851757,83.003853,57.805099,0,1,true,0
191,2026-09-03T09:48:01.96Z,pmu-4,1,1788428881,960000,2026-09-03T09:48:01.4319485Z,-528.052,60.002243,0.002243,0.000147,0.000000,0.000000,0.000000,1.000000,76.998932,14.189110,76.999977,15.566893,76.992706,14.817579,76.994751,15.349876,0,8,true,0
192,2026-09-03T09:48:02.1Z,pmu-5,1,1788428882,100000,2026-09-03T09:48:01.4717434Z,-628.257,60.008862,0.008862,0.000211,0.000000,0.000000,0.000000,1.000000,79.997147,37.635208,79.987106,34.547871,79.985222,36.769493,79.985115,36.155239,0,9,true,0
193,2026-09-03T09:48:02.12Z,pmu-3,1,1788428882,120000,2026-09-03T09:48:01.472522Z,-647.478,59.992928,-0.007072,-0.000021,0.000000,0.000000,0.000000,1.000000,56.003384,-136.658752,56.000057,-136.640778,56.004459,-137.377792,55.986244,-137.296463,0,14,true,0
194,2026-09-03T09:48:01.94Z,pmu-2,1,1788428881,940000,2026-09-03T09:48:01.472522Z,-467.478,60.001511,0.001511,0.000094,0.000000,0.000000,0.000000,1.000000,80.000786,36.324814,79.982567,34.957836,79.999855,37.417789,79.975029,36.465294,0,5,true,0
195,2026-09-03T09:48:02.48Z,pmu-1,1,1788428882,480000,2026-09-03T09:48:01.472522Z,-1007.478,60.003071,0.003071,0.000215,0.000000,0.000000,0.000000,1.000000,85.995544,78.571426,86.020416,79.964264,85.980019,79.965881,86.005836,78.845787,0,2,true,0
196,2026-09-03T09:48:01.98Z,pmu-4,1,1788428881,980000,2026-09-03T09:48:01.472522Z,-507.478,59.995106,-0.004894,-0.000143,0.000000,0.000000,0.000000,1.000000,80.007019,35.334919,79.993050,36.935364,79.987663,36.116386,79.987915,37.109119,0,9,true,0
197,2026-09-03T09:48:02.12Z,pmu-5,1,1788428882,120000,2026-09-03T09:48:01.472522Z,-647.478,60.007645,0.007645,-0.000024,0.000000,0.000000,0.000000,1.000000,82.998161,58.962975,82.984772,55.745331,82.995201,58.859428,82.976952,58.057415,0,10,true,0
198,2026-09-03T09:48:02.14Z,pmu-3,1,1788428882,140000,2026-09-03T09:48:01.472522Z,-667.478,60.005127,0.005127,0.000244,0.000000,0.000000,0.000000,1.000000,58.996967,-114.750839,59.005260,-114.953194,59.007835,-115.734909,58.979645,-115.836922,0,15,true,0
199,2026-09-03T09:48:01.96Z,pmu-2,1,1788428881,960000,2026-09-03T09:48:01.472522Z,-487.478,60.007519,0.007519,0.000120,0.000000,0.000000,0.000000,1.000000,82.993042,58.296410,82.976196,56.619160,83.009811,59.089954,82.967964,58.067413,0,6,true,0
200,2026-09-03T09:48:02.5Z,pmu-1,1,1788428882,500000,2026-09-03T09:48:01.472522Z,-1027.478,59.998241,-0.001759,-0.000097,0.000000,0.000000,0.000000,1.000000,89.003456,99.902344,89.016624,102.069374,88.987061,101.606636,88.997231,100.873787,0,3,true,0
201,2026-09-03T09:48:02Z,pmu-4,1,1788428882,0,2026-09-03T09:48:01.472522Z,-527.478,60.002663,0.002663,0.000151,0.000000,0.000000,0.000000,1.000000,83.006691,57.434891,82.988785,58.745003,82.987869,58.020485,82.994072,58.289867,0,10,true,0
202,2026-09-03T09:48:02.02Z,pmu-4,1,1788428882,20000,2026-09-03T09:48:01.472522Z,-547.478,60.003498,0.003498,0.000017,0.000000,0.000000,0.000000,1.000000,86.003807,78.940277,85.990662,80.661026,85.995010,79.125832,85.995171,79.830536,0,11,true,0
203,2026-09-03T09:48:02.14Z,pmu-5,1,1788428882,140000,2026-09-03T09:48:01.5194798Z,-620.520,60.006920,0.006920,-0.000014,0.000000,0.000000,0.000000,1.000000,86.005547,80.228668,85.980736,77.020042,85.989258,80.822067,85.981934,79.766785,0,11,true,0
204,2026-09-03T09:48:02.04Z,pmu-4,1,1788428882,40000,2026-09-03T09:48:01.5194798Z,-520.520,59.994675,-0.005325,-0.000176,0.000000,0.000000,0.000000,1.000000,88.997955,100.894028,88.997711,101.927345,88.986015,100.566582,88.987968,101.283775,0,12,true,0
205,2026-09-03T09:48:01.98Z,pmu-2,1,1788428881,980000,2026-09-03T09:48:01.5194798Z,-460.520,59.991219,-0.008781,-0.000326,0.000000,0.000000,0.000000,1.000000,85.983299,79.770981,85.969421,78.041000,86.011810,80.510422,85.971397,79.445358,0,7,true,0
206,2026-09-03T09:48:02.16Z,pmu-5,1,1788428882,160000,2026-09-03T09:48:01.5194798Z,-640.520,60.003506,0.003506,-0.000068,0.000000,0.000000,0.000000,1.000000,89.006447,101.264137,88.976646,98.180183,88.995247,102.763649,88.973145,101.103363,0,12,true,0
207,2026-09-03T09:48:02.18Z,pmu-5,1,1788428882,180000,2026-09-03T09:48:01.5194798Z,-660.520,59.990993,-0.009007,-0.000250,0.000000,0.000000,0.000000,1.000000,92.015930,123.042152,91.970467,119.370613,91.986511,124.541290,91.972954,122.134399,0,13,true,0
208,2026-09-03T09:48:03Z,pmu-2,1,1788428883,0,2026-09-03T09:48:01.5194798Z,-1480.520,60.009823,0.009823,0.000372,0.000000,0.000000,0.000000,1.000000,88.990860,101.241394,88.971123,99.765968,89.008057,101.630005,88.965134,100.590576,0,8,true,0
209,2026-09-03T09:48:02.16Z,pmu-3,1,1788428882,160000,2026-09-03T09:48:01.5194798Z,-640.520,60.001995,0.001995,-0.000063,0.000000,0.000000,0.000000,1.000000,62.001404,-92.888672,62.004864,-93.822701,62.012241,-93.786636,61.986164,-94.428513,0,0,true,0
210,2026-09-03T09:48:02.52Z,pmu-1,1,1788428882,520000,2026-09-03T09:48:01.5194798Z,-1000.520,60.005764,0.005764,0.000150,0.000000,0.000000,0.000000,1.000000,92.000595,121.651901,92.013535,123.901123,91.993797,122.797348,91.987709,122.929527,0,4,true,0
211,2026-09-03T09:48:02.2Z,pmu-5,1,1788428882,200000,2026-09-03T09:48:01.5711884Z,-628.812,60.002228,0.002228,0.000225,0.000000,0.000000,0.000000,1.000000,95.008957,144.337723,94.970230,141.421463,94.980042,146.591766,94.970253,143.609695,0,14,true,0
212,2026-09-03T09:48:02.54Z,pmu-1,1,1788428882,540000,2026-09-03T09:48:01.5711884Z,-968.812,59.993820,-0.006180,-0.000239,0.000000,0.000000,0.000000,1.000000,94.997673,143.579697,95.004868,145.797760,94.989159,144.650177,94.980751,144.751541,0,5,true,0
213,2026-09-03T09:48:02.18Z,pmu-3,1,1788428882,180000,2026-09-03T09:48:01.5711884Z,-608.812,59.992542,-0.007458,-0.000189,0.000000,0.000000,0.000000,1.000000,65.007660,-71.137192,65.009888,-72.651787,65.007523,-72.720428,64.979111,-72.283676,0,1,true,0
214,2026-09-03T09:48:02.22Z,pmu-5,1,1788428882,220000,2026-09-03T09:48:01.5711884Z,-648.812,60.009033,0.009033,0.000136,0.000000,0.000000,0.000000,1.000000,98.007683,165.893402,97.979805,163.294632,97.986671,168.511505,97.966545,165.492294,0,15,true,0
215,2026-09-03T09:48:03.02Z,pmu-2,1,1788428883,20000,2026-09-03T09:48:01.5711884Z,-1448.812,60.004482,0.004482,-0.000107,0.000000,0.000000,0.000000,1.000000,91.998306,123.245476,91.977524,121.554420,92.005524,122.977173,91.958542,122.447563,0,9,true,0
216,2026-09-03T09:48:02.56Z,pmu-1,1,1788428882,560000,2026-09-03T09:48:01.5711884Z,-988.812,59.993626,-0.006374,-0.000004,0.000000,0.000000,0.000000,1.000000,97.988968,165.010773,98.012787,167.773697,97.994904,166.697647,97.986542,166.902817,0,6,true,0
217,2026-09-03T09:48:02.2Z,pmu-3,1,1788428882,200000,2026-09-03T09:48:01.5711884Z,-628.812,59.999489,-0.000511,0.000139,0.000000,0.000000,0.000000,1.000000,68.001060,-49.361130,68.014252,-51.462337,68.001671,-51.022072,67.969131,-50.871941,0,2,true,0
218,2026-09-03T09:48:02.06Z,pmu-4,1,1788428882,60000,2026-09-03T09:48:01.5711884Z,-488.812,59.993153,-0.006847,-0.000030,0.000000,0.000000,0.000000,1.000000,92.003410,122.726707,91.996445,123.781960,91.991188,122.424553,91.987709,123.176369,0,13,true,0
219,2026-09-03T09:48:03.04Z,pmu-2,1,1788428883,40000,2026-09-03T09:48:01.5711884Z,-1468.812,60.006378,0.006378,0.000038,0.000000,0.000000,0.000000,1.000000,95.004715,145.412842,94.976242,143.015915,95.012474,144.327530,94.949745,143.549957,0,10,true,0
220,2026-09-03T09:48:02.08Z,pmu-4,1,1788428882,80000,2026-09-03T09:48:01.5711884Z,-508.812,60.009686,0.009686,0.000331,0.000000,0.000000,0.000000,1.000000,95.010002,144.118332,95.005516,145.887192,95.001060,144.242447,94.992073,144.661011,0,14,true,0
221,2026-09-03T09:48:02.24Z,pmu-5,1,1788428882,240000,2026-09-03T09:48:01.6164761Z,-623.524,59.998146,-0.001854,-0.000218,0.000000,0.000000,0.000000,1.000000,50.000000,-180.000000,50.000000,-180.000000,50.000000,-180.000000,50.000000,-180.000000,0,0,true,0
222,2026-09-03T09:48:02.26Z,pmu-5,1,1788428882,260000,2026-09-03T09:48:01.6164761Z,-643.524,60.001358,0.001358,0.000064,0.000000,0.000000,0.000000,1.000000,53.001320,-158.765366,52.992867,-158.859543,53.002064,-158.744141,53.008102,-158.447723,0,1,true,0
223,2026-09-03T09:48:02.58Z,pmu-1,1,1788428882,580000,2026-09-03T09:48:01.6164761Z,-963.524,59.995453,-0.004547,0.000037,0.000000,0.000000,0.000000,1.000000,50.000000,-180.000000,50.000000,-180.000000,50.000000,-180.000000,50.000000,-180.000000,0,7,true,0
224,2026-09-03T09:48:02.1Z,pmu-4,1,1788428882,100000,2026-09-03T09:48:01.6164761Z,-483.524,59.992268,-0.007732,-0.000348,0.000000,0.000000,0.000000,1.000000,98.004265,166.172318,98.010719,167.844086,97.996307,165.362442,97.989685,166.336426,0,15,true,0
225,2026-09-03T09:48:03.06Z,pmu-2,1,1788428883,60000,2026-09-03T09:48:01.6164761Z,-1443.524,59.998314,-0.001686,-0.000161,0.000000,0.000000,0.000000,1.000000,98.014343,167.129105,97.967201,164.993652,98.014099,166.035538,97.956291,164.602356,0,11,true,0
226,2026-09-03T09:48:02.22Z,pmu-3,1,1788428882,220000,2026-09-03T09:48:01.6164761Z,-603.524,59.991508,-0.008492,-0.000160,0.000000,0.000000,0.000000,1.000000,71.004349,-27.260002,71.017784,-29.946671,71.007843,-29.798698,70.959488,-29.369390,0,3,true,0
227,2026-09-03T09:48:02.28Z,pmu-5,1,1788428882,280000,2026-09-03T09:48:01.663126Z,-616.874,60.009956,0.009956,0.000172,0.000000,0.000000,0.000000,1.000000,56.005630,-137.132996,55.991375,-136.824966,56.006683,-137.320755,56.006374,-137.130981,0,2,true,0
228,2026-09-03T09:48:02.3Z,pmu-5,1,1788428882,300000,2026-09-03T09:48:01.663126Z,-636.874,59.999718,-0.000282,-0.000205,0.000000,0.000000,0.000000,1.000000,59.006191,-114.996834,58.988575,-115.050056,59.007740,-115.763016,59.009296,-115.982513,0,3,true,0
229,2026-09-03T09:48:02.32Z,pmu-5,1,1788428882,320000,2026-09-03T09:48:01.663126Z,-656.874,60.008801,0.008801,0.000182,0.000000,0.000000,0.000000,1.000000,62.014660,-92.959114,61.995327,-93.011459,62.006107,-93.969780,62.007244,-94.380325,0,4,true,0
230,2026-09-03T09:48:02.12Z,pmu-4,1,1788428882,120000,2026-09-03T09:48:01.663126Z,-456.874,59.997337,-0.002663,0.000101,0.000000,0.000000,0.000000,1.000000,50.000000,-180.000000,50.000000,-180.000000,50.000000,-180.000000,50.000000,-180.000000,0,0,true,0
231,2026-09-03T09:48:02.24Z,pmu-3,1,1788428882,240000,2026-09-03T09:48:01.663126Z,-576.874,60.009792,0.009792,0.000366,0.000000,0.000000,0.000000,1.000000,74.010231,-6.027571,74.013580,-7.844390,74.015877,-8.210256,73.950775,-7.815219,0,4,true,0
232,2026-09-03T09:48:02.6Z,pmu-1,1,1788428882,600000,2026-09-03T09:48:01.663126Z,-936.874,59.999561,-0.000439,0.000082,0.000000,0.000000,0.000000,1.000000,53.004414,-158.112732,52.999840,-158.953491,52.999817,-158.635986,52.991032,-157.960144,0,8,true,0
233,2026-09-03T09:48:03.08Z,pmu-2,1,1788428883,80000,2026-09-03T09:48:01.663126Z,-1416.874,60.009254,0.009254,0.000219,0.000000,0.000000,0.000000,1.000000,50.000000,-180.000000,50.000000,-180.000000,50.000000,-180.000000,50.000000,-180.000000,0,12,true,0
234,2026-09-03T09:48:02.14Z,pmu-4,1,1788428882,140000,2026-09-03T09:48:01.663126Z,-476.874,60.006977,0.006977,0.000193,0.000000,0.000000,0.000000,1.000000,53.002411,-158.431381,53.007458,-158.790344,52.999397,-158.680527,52.990952,-158.001144,0,1,true,0
235,2026-09-03T09:48:02.26Z,pmu-3,1,1788428882,260000,2026-09-03T09:48:01.663126Z,-596.874,60.001820,0.001820,-0.000159,0.000000,0.000000,0.000000,1.000000,77.003891,15.666941,77.013260,13.335898,77.022247,13.961164,76.945137,13.543634,0,5,true,0
236,2026-09-03T09:48:02.62Z,pmu-1,1,1788428882,620000,2026-09-03T09:48:01.663126Z,-956.874,60.008324,0.008324,0.000175,0.000000,0.000000,0.000000,1.000000,55.996193,-136.695328,56.002903,-136.851196,55.994289,-137.091949,55.985119,-136.344772,0,9,true,0
237,2026-09-03T09:48:03.1Z,pmu-2,1,1788428883,100000,2026-09-03T09:48:01.663126Z,-1436.874,59.993977,-0.006023,-0.000306,0.000000,0.000000,0.000000,1.000000,52.996655,-158.022217,53.008209,-158.213348,53.009369,-158.419281,52.991867,-158.683502,0,13,true,0
238,2026-09-03T09:48:02.34Z,pmu-5,1,1788428882,340000,2026-09-03T09:48:01.7103872Z,-629.613,60.008858,0.008858,0.000001,0.000000,0.000000,0.000000,1.000000,65.023674,-70.838264,64.996681,-70.859200,65.000359,-72.689163,65.015076,-72.502914,0,5,true,0
239,2026-09-03T09:48:02.36Z,pmu-5,1,1788428882,360000,2026-09-03T09:48:01.7103872Z,-649.613,60.005455,0.005455,-0.000068,0.000000,0.000000,0.000000,1.000000,68.022484,-48.874397,67.991714,-48.838791,67.990456,-50.822624,68.025040,-51.152527,0,6,true,0
240,2026-09-03T09:48:02.64Z,pmu-1,1,1788428882,640000,2026-09-03T09:48:01.7103872Z,-929.613,59.996723,-0.003277,-0.000232,0.000000,0.000000,0.000000,1.000000,59.002300,-115.353729,58.996941,-114.815468,58.995075,-115.239044,58.989853,-115.143326,0,10,true,0
241,2026-09-03T09:48:02.28Z,pmu-3,1,1788428882,280000,2026-09-03T09:48:01.7103872Z,-569.613,60.004230,0.004230,0.000048,0.000000,0.000000,0.000000,1.000000,80.008904,37.111546,80.010284,34.369308,80.024452,35.649452,79.951492,35.056992,0,6,true,0
242,2026-09-03T09:48:03.12Z,pmu-2,1,1788428883,120000,2026-09-03T09:48:01.7103872Z,-1409.613,59.992928,-0.007072,-0.000021,0.000000,0.000000,0.000000,1.000000,56.003384,-136.658752,56.000057,-136.640778,56.004459,-137.377792,55.986244,-137.296463,0,14,true,0
243,2026-09-03T09:48:02.16Z,pmu-4,1,1788428882,160000,2026-09-03T09:48:01.7103872Z,-449.613,59.997490,-0.002510,-0.000190,0.000000,0.000000,0.000000,1.000000,56.007805,-137.359512,56.007961,-136.645370,56.005947,-136.801224,56.000683,-136.958817,0,2,true,0
244,2026-09-03T09:48:02.38Z,pmu-5,1,1788428882,380000,2026-09-03T09:48:01.7580132Z,-621.987,59.993561,-0.006439,-0.000238,0.000000,0.000000,0.000000,1.000000,71.027367,-26.860317,70.999313,-27.287207,70.987282,-29.372635,71.031723,-30.070297,0,7,true,0
245,2026-09-03T09:48:02.3Z,pmu-3,1,1788428882,300000,2026-09-03T09:48:01.7580132Z,-541.987,60.001396,0.001396,-0.000057,0.000000,0.000000,0.000000,1.000000,83.008644,58.655396,83.018127,55.935543,83.029160,56.994808,82.946342,56.345135,0,7,true,0
246,2026-09-03T09:48:03.14Z,pmu-2,1,1788428883,140000,2026-09-03T09:48:01.7580132Z,-1381.987,60.005127,0.005127,0.000244,0.000000,0.000000,0.000000,1.000000,58.996967,-114.750839,59.005260,-114.953194,59.007835,-115.734909,58.979645,-115.836922,0,15,true,0
247,2026-09-03T09:48:02.66Z,pmu-1,1,1788428882,660000,2026-09-03T09:48:01.7580132Z,-901.987,59.992241,-0.007759,-0.000090,0.000000,0.000000,0.000000,1.000000,62.003315,-93.802734,62.004299,-93.405693,61.986946,-93.995735,61.992889,-93.205765,0,11,true,0
248,2026-09-03T09:48:02.18Z,pmu-4,1,1788428882,180000,2026-09-03T09:48:01.7580132Z,-421.987,59.992882,-0.007118,-0.000092,0.000000,0.000000,0.000000,1.000000,59.004242,-115.966911,59.007587,-115.030067,59.010189,-115.361038,59.008820,-114.961166,0,3,true,0
249,2026-09-03T09:48:02.4Z,pmu-5,1,1788428882,400000,2026-09-03T09:48:01.7580132Z,-641.987,60.006512,0.006512,0.000259,0.000000,0.000000,0.000000,1.000000,74.037346,-4.831301,74.000099,-5.374717,73.989090,-7.832907,74.030052,-8.838146,0,8,true,0
250,2026-09-03T09:48:02.32Z,pmu-3,1,1788428882,320000,2026-09-03T09:48:01.7580132Z,-561.987,59.994732,-0.005268,-0.000133,0.000000,0.000000,0.000000,1.000000,86.005592,80.284370,86.011002,77.030464,86.025726,78.252945,85.950661,77.797119,0,8,true,0
251,2026-09-03T09:48:02.68Z,pmu-1,1,1788428882,680000,2026-09-03T09:48:01.7580132Z,-921.987,59.993038,-0.006962,0.000016,0.000000,0.000000,0.000000,1.000000,64.998146,-71.656502,65.005409,-71.894325,64.982841,-72.767014,64.994209,-71.627327,0,12,true,0
252,2026-09-03T09:48:03.16Z,pmu-2,1,1788428883,160000,2026-09-03T09:48:01.7580132Z,-1401.987,60.001995,0.001995,-0.000063,0.000000,0.000000,0.000000,1.000000,62.001404,-92.888672,62.004864,-93.822701,62.012241,-93.786636,61.986164,-94.428513,0,0,true,0
253,2026-09-03T09:48:02.2Z,pmu-4,1,1788428882,200000,2026-09-03T09:48:01.7580132Z,-441.987,60.009239,0.009239,0.000327,0.000000,0.000000,0.000000,1.000000,62.000099,-94.447540,62.006969,-93.100693,62.015320,-94.068352,62.017647,-93.243431,0,4,true,0
254,2026-09-03T09:48:02.42Z,pmu-5,1,1788428882,420000,2026-09-03T09:48:01.8054573Z,-614.543,59.994686,-0.005314,-0.000237,0.000000,0.000000,0.000000,1.000000,77.034485,17.197889,76.995758,16.355011,76.986122,13.885665,77.024994,12.883678,0,9,true,0
255,2026-09-03T09:48:02.44Z,pmu-5,1,1788428882,440000,2026-09-03T09:48:01.8054573Z,-634.543,60.002785,0.002785,0.000162,0.000000,0.000000,0.000000,1.000000,80.037338,38.696384,80.001961,38.381405,79.992226,35.457809,80.021164,34.259178,0,10,true,0
256,2026-09-03T09:48:02.34Z,pmu-3,1,1788428882,340000,2026-09-03T09:48:01.8054573Z,-534.543,59.990295,-0.009705,-0.000089,0.000000,0.000000,0.000000,1.000000,89.004181,101.733772,89.019936,98.648666,89.030312,99.749023,88.945816,98.875046,0,9,true,0
257,2026-09-03T09:48:02.36Z,pmu-3,1,1788428882,360000,2026-09-03T09:48:01.8054573Z,-554.543,59.999538,-0.000462,0.000185,0.000000,0.000000,0.000000,1.000000,92.004143,123.602684,92.013374,120.687202,92.029694,121.491241,91.942345,120.261108,0,10,true,0
258,2026-09-03T09:48:03.18Z,pmu-2,1,1788428883,180000,2026-09-03T09:48:01.8054573Z,-1374.543,59.992542,-0.007458,-0.000189,0.000000,0.000000,0.000000,1.000000,65.007660,-71.137192,65.009888,-72.651787,65.007523,-72.720428,64.979111,-72.283676,0,1,true,0
259,2026-09-03T09:48:02.22Z,pmu-4,1,1788428882,220000,2026-09-03T09:48:01.8054573Z,-414.543,59.999920,-0.000080,-0.000186,0.000000,0.000000,0.000000,1.000000,64.994186,-72.651718,65.001137,-70.962875,65.016647,-72.921318,65.014763,-71.335701,0,5,true,0
260,2026-09-03T09:48:02.7Z,pmu-1,1,1788428882,700000,2026-09-03T09:48:01.8054573Z,-894.543,59.991650,-0.008350,-0.000028,0.000000,0.000000,0.000000,1.000000,68.007027,-49.726173,68.014709,-50.772087,67.975166,-50.869385,67.996605,-49.721622,0,13,true,0
261,2026-09-03T09:48:03.2Z,pmu-2,1,1788428883,200000,2026-09-03T09:48:01.8054573Z,-1394.543,59.999489,-0.000511,0.000139,0.000000,0.000000,0.000000,1.000000,68.001060,-49.361130,68.014252,-51.462337,68.001671,-51.022072,67.969131,-50.871941,0,2,true,0
262,2026-09-03T09:48:02.72Z,pmu-1,1,1788428882,720000,2026-09-03T09:48:01.8054573Z,-914.543,59.995972,-0.004028,0.000086,0.000000,0.000000,0.000000,1.000000,71.011406,-28.326929,71.018951,-28.724606,70.979889,-28.703245,71.002670,-27.858162,0,14,true,0
263,2026-09-03T09:48:02.24Z,pmu-4,1,1788428882,240000,2026-09-03T09:48:01.8054573Z,-434.543,60.006008,0.006008,0.000122,0.000000,0.000000,0.000000,1.000000,67.991104,-50.742832,68.001480,-49.706215,68.014755,-51.604118,68.016991,-49.190994,0,6,true,0
264,2026-09-03T09:48:02.46Z,pmu-5,1,1788428882,460000,2026-09-03T09:48:01.8634911Z,-596.509,60.000847,0.000847,-0.000039,0.000000,0.000000,0.000000,1.000000,83.039154,59.955536,83.011360,59.920464,82.994377,56.727837,83.018341,56.276409,0,11,true,0
265,2026-09-03T09:48:02.38Z,pmu-3,1,1788428882,380000,2026-09-03T09:48:01.8634911Z,-516.509,59.999763,-0.000237,0.000005,0.000000,0.000000,0.000000,1.000000,95.011093,145.605362,95.014084,142.257324,95.026024,143.394424,94.950104,141.836929,0,11,true,0
266,2026-09-03T09:48:02.26Z,pmu-4,1,1788428882,260000,2026-09-03T09:48:01.8634911Z,-396.509,59.993797,-0.006203,-0.000244,0.000000,0.000000,0.000000,1.000000,70.982002,-29.219017,71.003952,-28.101999,71.008667,-29.695337,71.021179,-27.742754,0,7,true,0
267,2026-09-03T09:48:02.74Z,pmu-1,1,1788428882,740000,2026-09-03T09:48:01.8634911Z,-876.509,59.994617,-0.005383,-0.000027,0.000000,0.000000,0.000000,1.000000,74.010406,-6.760938,74.010498,-6.614108,73.975838,-6.727771,73.998642,-6.131023,0,15,true,0
268,2026-09-03T09:48:02.48Z,pmu-5,1,1788428882,480000,2026-09-03T09:48:01.8634911Z,-616.509,60.005062,0.005062,0.000084,0.000000,0.000000,0.000000,1.000000,86.031303,81.319008,86.016815,81.606270,85.994698,78.758354,86.012108,78.028549,0,12,true,0
269,2026-09-03T09:48:02.4Z,pmu-3,1,1788428882,400000,2026-09-03T09:48:01.8634911Z,-536.509,60.001595,0.001595,0.000037,0.000000,0.000000,0.000000,1.000000,98.015511,166.796799,98.015770,163.942215,98.034348,164.546036,97.952484,163.209946,0,12,true,0
270,2026-09-03T09:48:02.5Z,pmu-5,1,1788428882,500000,2026-09-03T09:48:01.8634911Z,-636.509,59.994873,-0.005127,-0.000204,0.000000,0.000000,0.000000,1.000000,89.037773,102.912109,89.010605,103.528755,89.002083,99.810089,89.009079,99.153381,0,13,true,0
271,2026-09-03T09:48:03.22Z,pmu-2,1,1788428883,220000,2026-09-03T09:48:01.8634911Z,-1356.509,59.991508,-0.008492,-0.000160,0.000000,0.000000,0.000000,1.000000,71.004349,-27.260002,71.017784,-29.946671,71.007843,-29.798698,70.959488,-29.369390,0,3,true,0
272,2026-09-03T09:48:02.76Z,pmu-1,1,1788428882,760000,2026-09-03T09:48:01.9148842Z,-845.116,60.008915,0.008915,0.000286,0.000000,0.000000,0.000000,1.000000,77.009354,15.075523,77.019814,14.510891,76.968384,14.908478,77.003487,15.400277,0,0,true,0
273,2026-09-03T09:48:02.78Z,pmu-1,1,1788428882,780000,2026-09-03T09:48:01.9156762Z,-864.324,59.997818,-0.002182,-0.000222,0.000000,0.000000,0.000000,1.000000,80.007446,36.987595,80.025719,35.946754,79.969254,36.948402,80.001419,37.275173,0,1,true,0
274,2026-09-03T09:48:03.24Z,pmu-2,1,1788428883,240000,2026-09-03T09:48:01.9156762Z,-1324.324,60.009792,0.009792,0.000366,0.000000,0.000000,0.000000,1.000000,74.010231,-6.027571,74.013580,-7.844390,74.015877,-8.210256,73.950775,-7.815219,0,4,true,0
275,2026-09-03T09:48:02.28Z,pmu-4,1,1788428882,280000,2026-09-03T09:48:01.9156762Z,-364.324,60.000568,0.000568,0.000135,0.000000,0.000000,0.000000,1.000000,73.984581,-8.165256,74.004288,-5.933342,74.008766,-7.843243,74.019928,-5.729021,0,8,true,0
276,2026-09-03T09:48:02.42Z,pmu-3,1,1788428882,420000,2026-09-03T09:48:01.9156762Z,-504.324,59.998665,-0.001335,-0.000059,0.000000,0.000000,0.000000,1.000000,50.000000,-180.000000,50.000000,-180.000000,50.000000,-180.000000,50.000000,-180.000000,0,13,true,0
277,2026-09-03T09:48:02.3Z,pmu-4,1,1788428882,300000,2026-09-03T09:48:01.9156762Z,-384.324,59.990414,-0.009586,-0.000203,0.000000,0.000000,0.000000,1.000000,76.984413,13.018180,77.009071,15.322764,77.008499,14.192801,77.027237,16.103733,0,9,true,0
278,2026-09-03T09:48:02.52Z,pmu-5,1,1788428882,520000,2026-09-03T09:48:01.9156762Z,-604.324,59.990028,-0.009972,-0.000097,0.000000,0.000000,0.000000,1.000000,92.046448,124.623573,92.008980,125.677376,91.997879,121.053040,92.018211,121.246567,0,14,true,0
279,2026-09-03T09:48:02.54Z,pmu-5,1,1788428882,540000,2026-09-03T09:48:01.9156762Z,-624.324,60.003994,0.003994,0.000279,0.000000,0.000000,0.000000,1.000000,95.045929,146.082809,95.018715,147.032410,94.989784,142.775101,95.023766,142.359955,0,15,true,0
280,2026-09-03T09:48:02.56Z,pmu-5,1,1788428882,560000,2026-09-03T09:48:01.9156762Z,-644.324,60.000477,0.000477,-0.000070,0.000000,0.000000,0.000000,1.000000,98.049019,167.176392,98.011971,168.665039,97.987030,164.358093,98.032921,164.314209,0,0,true,0
281,2026-09-03T09:48:03.26Z,pmu-2,1,1788428883,260000,2026-09-03T09:48:01.9156762Z,-1344.324,60.001820,0.001820,-0.000159,0.000000,0.000000,0.000000,1.000000,77.003891,15.666941,77.013260,13.335898,77.022247,13.961164,76.945137,13.543634,0,5,true,0
282,2026-09-03T09:48:02.58Z,pmu-5,1,1788428882,580000,2026-09-03T09:48:01.9576531Z,-622.347,59.997326,-0.002674,-0.000063,0.000000,0.000000,0.000000,1.000000,50.000000,-180.000000,50.000000,-180.000000,50.000000,-180.000000,50.000000,-180.000000,0,1,true,0
283,2026-09-03T09:48:02.44Z,pmu-3,1,1788428882,440000,2026-09-03T09:48:01.9576531Z,-482.347,59.993172,-0.006828,-0.000110,0.000000,0.000000,0.000000,1.000000,53.009098,-158.886169,52.997932,-157.852722,52.999634,-158.362045,52.990059,-158.587921,0,14,true,0
284,2026-09-03T09:48:03.28Z,pmu-2,1,1788428883,280000,2026-09-03T09:48:01.9576531Z,-1322.347,60.004230,0.004230,0.000048,0.000000,0.000000,0.000000,1.000000,80.008904,37.111546,80.010284,34.369308,80.024452,35.649452,79.951492,35.056992,0,6,true,0
285,2026-09-03T09:48:02.8Z,pmu-1,1,1788428882,800000,2026-09-03T09:48:01.9576531Z,-842.347,60.000053,0.000053,0.000045,0.000000,0.000000,0.000000,1.000000,83.008751,58.797234,83.015785,57.693897,82.963943,58.475086,82.994339,59.409771,0,2,true,0
286,2026-09-03T09:48:02.32Z,pmu-4,1,1788428882,320000,2026-09-03T09:48:01.9576531Z,-362.347,59.999851,-0.000149,0.000189,0.000000,0.000000,0.000000,1.000000,79.991920,35.014008,80.018570,36.986816,80.004120,36.289978,80.019318,37.621254,0,10,true,0
287,2026-09-03T09:48:02.6Z,pmu-5,1,1788428882,600000,2026-09-03T09:48:01.9576531Z,-642.347,59.996017,-0.003983,-0.000026,0.000000,0.000000,0.000000,1.000000,53.003601,-158.807205,53.009884,-158.004807,52.999512,-158.949081,53.005939,-157.853027,0,2,true,0
288,2026-09-03T09:48:03.3Z,pmu-2,1,1788428883,300000,2026-09-03T09:48:01.9576531Z,-1342.347,60.001396,0.001396,-0.000057,0.000000,0.000000,0.000000,1.000000,83.008644,58.655396,83.018127,55.935543,83.029160,56.994808,82.946342,56.345135,0,7,true,0
289,2026-09-03T09:48:02.82Z,pmu-1,1,1788428882,820000,2026-09-03T09:48:01.9576531Z,-862.347,59.998512,-0.001488,-0.000031,0.000000,0.000000,0.000000,1.000000,86.010727,80.762421,86.011063,78.790672,85.970375,79.585327,85.985756,80.685005,0,3,true,0
290,2026-09-03T09:48:02.34Z,pmu-4,1,1788428882,340000,2026-09-03T09:48:01.9576531Z,-382.347,59.995159,-0.004841,-0.000094,0.000000,0.000000,0.000000,1.000000,82.996048,56.333065,83.017899,58.515385,83.003090,58.408520,83.018661,59.197803,0,11,true,0
291,2026-09-03T09:48:02.46Z,pmu-3,1,1788428882,460000,2026-09-03T09:48:01.9576531Z,-502.347,60.004364,0.004364,0.000224,0.000000,0.000000,0.000000,1.000000,56.008675,-137.740570,56.004745,-136.787933,55.991405,-136.844315,55.997513,-136.795319,0,15,true,0
292,2026-09-03T09:48:03.32Z,pmu-2,1,1788428883,320000,2026-09-03T09:48:02.0038593Z,-1316.141,59.994732,-0.005268,-0.000133,0.000000,0.000000,0.000000,1.000000,86.005592,80.284370,86.011002,77.030464,86.025726,78.252945,85.950661,77.797119,0,8,true,0
293,2026-09-03T09:48:02.36Z,pmu-4,1,1788428882,360000,2026-09-03T09:48:02.0038593Z,-356.141,60.003666,0.003666,0.000170,0.000000,0.000000,0.000000,1.000000,85.996201,78.147217,86.025475,80.156982,86.004402,79.735970,86.009705,80.854790,0,12,true,0
294,2026-09-03T09:48:02.84Z,pmu-1,1,1788428882,840000,2026-09-03T09:48:02.0038593Z,-836.141,59.992710,-0.007290,-0.000116,0.000000,0.000000,0.000000,1.000000,89.008499,102.014999,89.015106,100.483612,88.977638,101.665611,88.980278,101.953598,0,4,true,0
295,2026-09-03T09:48:02.48Z,pmu-3,1,1788428882,480000,2026-09-03T09:48:02.0045856Z,-475.414,60.006397,0.006397,0.000041,0.000000,0.000000,0.000000,1.000000,59.010002,-116.111359,58.999203,-115.678787,58.982231,-115.324249,59.003120,-114.938354,0,0,true,0
296,2026-09-03T09:48:02.62Z,pmu-5,1,1788428882,620000,2026-09-03T09:48:02.0045856Z,-615.414,60.000664,0.000664,0.000093,0.000000,0.000000,0.000000,1.000000,55.998798,-136.877472,56.014755,-136.065979,56.005802,-137.189240,56.007713,-136.579132,0,3,true,0
297,2026-09-03T09:48:02.64Z,pmu-5,1,1788428882,640000,2026-09-03T09:48:02.0045856Z,-635.414,59.991085,-0.008915,-0.000192,0.000000,0.000000,0.000000,1.000000,58.990398,-114.802147,59.008698,-114.079903,59.008289,-116.012276,59.000576,-114.693710,0,4,true,0
298,2026-09-03T09:48:02.66Z,pmu-5,1,1788428882,660000,2026-09-03T09:48:02.0507311Z,-609.269,60.005241,0.005241,0.000283,0.000000,0.000000,0.000000,1.000000,61.992439,-93.551567,62.012257,-92.261284,62.003681,-94.719139,62.006969,-92.721245,0,5,true,0
299,2026-09-03T09:48:02.5Z,pmu-3,1,1788428882,500000,2026-09-03T09:48:02.0507311Z,-449.269,60.004673,0.004673,-0.000034,0.000000,0.000000,0.000000,1.000000,62.010448,-94.024879,61.995064,-94.079056,61.977695,-94.194107,62.004879,-93.733482,0,1,true,0
300,2026-09-03T09:48:02.86Z,pmu-1,1,1788428882,860000,2026-09-03T09:48:02.0507311Z,-809.269,59.998543,-0.001457,0.000117,0.000000,0.000000,0.000000,1.000000,92.010002,123.515915,92.018776,121.678772,91.967781,123.328995,91.977379,123.588173,0,5,true,0
301,2026-09-03T09:48:02.38Z,pmu-4,1,1788428882,380000,2026-09-03T09:48:02.0507311Z,-329.269,60.004040,0.004040,0.000007,0.000000,0.000000,0.000000,1.000000,88.986908,99.786331,89.018929,101.612747,89.012466,101.843002,89.003761,102.849144,0,13,true,0
302,2026-09-03T09:48:03.34Z,pmu-2,1,1788428883,340000,2026-09-03T09:48:02.0507311Z,-1289.269,59.990295,-0.009705,-0.000089,0.000000,0.000000,0.000000,1.000000,89.004181,101.733772,89.019936,98.648666,89.030312,99.749023,88.945816,98.875046,0,9,true,0
303,2026-09-03T09:48:02.68Z,pmu-5,1,1788428882,680000,2026-09-03T09:48:02.0507311Z,-629.269,60.003601,0.003601,-0.000033,0.000000,0.000000,0.000000,1.000000,64.986542,-71.876289,65.013794,-70.092758,65.000519,-73.427742,65.012756,-70.836800,0,6,true,0
304,2026-09-03T09:48:02.52Z,pmu-3,1,1788428882,520000,2026-09-03T09:48:02.0507311Z,-469.269,60.006546,0.006546,0.000037,0.000000,0.000000,0.000000,1.000000,65.009331,-72.887535,65.002075,-73.016586,64.977669,-72.290047,65.010658,-72.294327,0,2,true,0
305,2026-09-03T09:48:02.4Z,pmu-4,1,1788428882,400000,2026-09-03T09:48:02.0507311Z,-349.269,59.991806,-0.008194,-0.000245,0.000000,0.000000,0.000000,1.000000,91.994652,121.199715,92.014824,123.698799,92.011177,123.965462,91.994774,124.842102,0,14,true,0
306,2026-09-03T09:48:03.36Z,pmu-2,1,1788428883,360000,2026-09-03T09:48:02.0507311Z,-1309.269,59.999538,-0.000462,0.000185,0.000000,0.000000,0.000000,1.000000,92.004143,123.602684,92.013374,120.687202,92.029694,121.491241,91.942345,120.261108,0,10,true,0
307,2026-09-03T09:48:02.88Z,pmu-1,1,1788428882,880000,2026-09-03T09:48:02.0507311Z,-829.269,60.000214,0.000214,0.000033,0.000000,0.000000,0.000000,1.000000,95.015991,145.188522,95.009193,143.278992,94.966904,145.009964,94.970688,145.402191,0,6,true,0
308,2026-09-03T09:48:02.7Z,pmu-5,1,1788428882,700000,2026-09-03T09:48:02.0965757Z,-603.424,60.000431,0.000431,-0.000063,0.000000,0.000000,0.000000,1.000000,67.986504,-50.207687,68.008499,-48.895756,68.002686,-51.769463,68.005112,-49.183731,0,7,true,0
309,2026-09-03T09:48:02.72Z,pmu-5,1,1788428882,720000,2026-09-03T09:48:02.0965757Z,-623.424,60.007572,0.007572,0.000143,0.000000,0.000000,0.000000,1.000000,70.994370,-28.944693,71.015526,-27.099407,71.003502,-30.036867,70.999344,-27.195423,0,8,true,0
310,2026-09-03T09:48:02.42Z,pmu-4,1,1788428882,420000,2026-09-03T09:48:02.0965757Z,-323.424,60.006001,0.006001,0.000284,0.000000,0.000000,0.000000,1.000000,94.998322,142.408508,95.017044,145.473877,95.002739,145.383041,94.991035,146.021835,0,15,true,0
311,2026-09-03T09:48:02.9Z,pmu-1,1,1788428882,900000,2026-09-03T09:48:02.0965757Z,-803.424,59.996296,-0.003704,-0.000078,0.000000,0.000000,0.000000,1.000000,98.019333,166.770279,98.006592,165.142166,97.970291,166.493500,97.968277,167.104080,0,7,true,0
312,2026-09-03T09:48:02.54Z,pmu-3,1,1788428882,540000,2026-09-03T09:48:02.0965757Z,-443.424,60.009148,0.009148,0.000052,0.000000,0.000000,0.000000,1.000000,68.016327,-51.441078,67.993462,-51.779400,67.969345,-50.283272,68.003059,-51.133518,0,3,true,0
313,2026-09-03T09:48:03.38Z,pmu-2,1,1788428883,380000,2026-09-03T09:48:02.0965757Z,-1283.424,59.999763,-0.000237,0.000005,0.000000,0.000000,0.000000,1.000000,95.011093,145.605362,95.014084,142.257324,95.026024,143.394424,94.950104,141.836929,0,11,true,0
314,2026-09-03T09:48:02.74Z,pmu-5,1,1788428882,740000,2026-09-03T09:48:02.1440662Z,-595.934,60.008747,0.008747,0.000023,0.000000,0.000000,0.000000,1.000000,74.000755,-7.110504,74.019135,-5.409722,74.013069,-8.809402,74.000603,-5.264468,0,9,true,0
315,2026-09-03T09:48:02.76Z,pmu-5,1,1788428882,760000,2026-09-03T09:48:02.1440662Z,-615.934,59.993805,-0.006195,-0.000299,0.000000,0.000000,0.000000,1.000000,77.005020,14.173930,77.023781,16.190155,77.022896,12.873360,77.003151,15.791183,0,10,true,0
316,2026-09-03T09:48:02.78Z,pmu-5,1,1788428882,780000,2026-09-03T09:48:02.1440662Z,-635.934,59.991882,-0.008118,-0.000038,0.000000,0.000000,0.000000,1.000000,80.013039,35.751495,80.026779,37.457241,80.021690,34.175873,80.008560,37.596764,0,11,true,0
317,2026-09-03T09:48:02.44Z,pmu-4,1,1788428882,440000,2026-09-03T09:48:02.1440662Z,-295.934,60.007637,0.007637,0.000033,0.000000,0.000000,0.000000,1.000000,98.004906,164.168518,98.026176,167.188110,98.006714,167.430725,97.994904,167.803146,0,0,true,0
318,2026-09-03T09:48:03.4Z,pmu-2,1,1788428883,400000,2026-09-03T09:48:02.1440662Z,-1255.934,60.001595,0.001595,0.000037,0.000000,0.000000,0.000000,1.000000,98.015511,166.796799,98.015770,163.942215,98.034348,164.546036,97.952484,163.209946,0,12,true,0
319,2026-09-03T09:48:02.46Z,pmu-4,1,1788428882,460000,2026-09-03T09:48:02.1440662Z,-315.934,59.992603,-0.007397,-0.000301,0.000000,0.000000,0.000000,1.000000,50.000000,-180.000000,50.000000,-180.000000,50.000000,-180.000000,50.000000,-180.000000,0,1,true,0
320,2026-09-03T09:48:02.56Z,pmu-3,1,1788428882,560000,2026-09-03T09:48:02.14461Z,-415.390,59.990536,-0.009464,-0.000372,0.000000,0.000000,0.000000,1.000000,71.024704,-29.330336,70.988335,-29.628056,70.972267,-28.120420,70.997803,-29.379591,0,4,true,0
321,2026-09-03T09:48:02.92Z,pmu-1,1,1788428882,920000,2026-09-03T09:48:02.14461Z,-775.390,60.005760,0.005760,0.000189,0.000000,0.000000,0.000000,1.000000,50.000000,-180.000000,50.000000,-180.000000,50.000000,-180.000000,50.000000,-180.000000,0,8,true,0
322,2026-09-03T09:48:02.58Z,pmu-3,1,1788428882,580000,2026-09-03T09:48:02.14461Z,-435.390,59.999336,-0.000664,0.000176,0.000000,0.000000,0.000000,1.000000,74.021820,-7.209449,73.986961,-7.941798,73.980789,-6.797866,73.992950,-7.894350,0,5,true,0
323,2026-09-03T09:48:03.42Z,pmu-2,1,1788428883,420000,2026-09-03T09:48:02.14461Z,-1275.390,59.998665,-0.001335,-0.000059,0.000000,0.000000,0.000000,1.000000,50.000000,-180.000000,50.000000,-180.000000,50.000000,-180.000000,50.000000,-180.000000,0,13,true,0
324,2026-09-03T09:48:02.94Z,pmu-1,1,1788428882,940000,2026-09-03T09:48:02.14461Z,-795.390,60.008469,0.008469,0.000054,0.000000,0.000000,0.000000,1.000000,52.993359,-158.145950,53.009651,-158.702530,52.998356,-157.975006,52.991188,-158.229507,0,9,true,0
325,2026-09-03T09:48:02.8Z,pmu-5,1,1788428882,800000,2026-09-03T09:48:02.191652Z,-608.348,59.992336,-0.007664,0.000009,0.000000,0.000000,0.000000,1.000000,83.007507,56.887581,83.019417,58.958714,83.014069,55.767464,83.018372,59.487743,0,12,true,0
326,2026-09-03T09:48:02.82Z,pmu-5,1,1788428882,820000,2026-09-03T09:48:02.191652Z,-628.348,59.996658,-0.003342,0.000086,0.000000,0.000000,0.000000,1.000000,86.002777,78.430000,86.014694,80.446991,86.015472,77.535690,86.011124,81.096611,0,13,true,0
327,2026-09-03T09:48:02.6Z,pmu-3,1,1788428882,600000,2026-09-03T09:48:02.191652Z,-408.348,60.004570,0.004570,0.000105,0.000000,0.000000,0.000000,1.000000,77.016403,14.164862,76.980980,13.662137,76.987404,14.685592,76.983612,14.087314,0,6,true,0
328,2026-09-03T09:48:03.44Z,pmu-2,1,1788428883,440000,2026-09-03T09:48:02.191652Z,-1248.348,59.993172,-0.006828,-0.000110,0.000000,0.000000,0.000000,1.000000,53.009098,-158.886169,52.997932,-157.852722,52.999634,-158.362045,52.990059,-158.587921,0,14,true,0
329,2026-09-03T09:48:02.96Z,pmu-1,1,1788428882,960000,2026-09-03T09:48:02.191652Z,-768.348,60.006134,0.006134,-0.000047,0.000000,0.000000,0.000000,1.000000,55.983658,-136.253815,56.002193,-137.357391,56.007305,-135.900360,55.983089,-136.747971,0,10,true,0
330,2026-09-03T09:48:02.48Z,pmu-4,1,1788428882,480000,2026-09-03T09:48:02.191652Z,-288.348,60.000969,0.000969,0.000167,0.000000,0.000000,0.000000,1.000000,52.999195,-157.935425,53.002075,-157.985748,52.995972,-158.093704,53.002533,-158.570435,0,2,true,0
331,2026-09-03T09:48:02.84Z,pmu-5,1,1788428882,840000,2026-09-03T09:48:02.2373358Z,-602.664,59.995255,-0.004745,-0.000028,0.000000,0.000000,0.000000,1.000000,89.000687,100.478104,89.020569,101.604866,89.022301,99.247337,89.008087,102.252457,0,14,true,0
332,2026-09-03T09:48:02.86Z,pmu-5,1,1788428882,860000,2026-09-03T09:48:02.2373358Z,-622.664,60.007015,0.007015,0.000235,0.000000,0.000000,0.000000,1.000000,91.994110,122.521774,92.015839,122.898804,92.012337,121.213089,92.007874,123.932304,0,15,true,0
333,2026-09-03T09:48:02.62Z,pmu-3,1,1788428882,620000,2026-09-03T09:48:02.2373358Z,-382.664,60.006248,0.006248,0.000034,0.000000,0.000000,0.000000,1.000000,80.011948,35.221279,79.988525,35.467056,79.988068,36.491489,79.992805,35.271835,0,7,true,0
334,2026-09-03T09:48:02.5Z,pmu-4,1,1788428882,500000,2026-09-03T09:48:02.2373358Z,-262.664,60.000664,0.000664,-0.000006,0.000000,0.000000,0.000000,1.000000,56.003120,-136.457489,55.994366,-136.793274,55.992908,-136.871201,56.012280,-136.636520,0,3,true,0
335,2026-09-03T09:48:03.46Z,pmu-2,1,1788428883,460000,2026-09-03T09:48:02.2373358Z,-1222.664,60.004364,0.004364,0.000224,0.000000,0.000000,0.000000,1.000000,56.008675,-137.740570,56.004745,-136.787933,55.991405,-136.844315,55.997513,-136.795319,0,15,true,0
336,2026-09-03T09:48:02.64Z,pmu-3,1,1788428882,640000,2026-09-03T09:48:02.2373358Z,-402.664,60.009884,0.009884,0.000073,0.000000,0.000000,0.000000,1.000000,83.008148,57.386757,82.995598,56.598209,82.997742,58.506340,82.985512,56.522800,0,8,true,0
337,2026-09-03T09:48:02.98Z,pmu-1,1,1788428882,980000,2026-09-03T09:48:02.2378528Z,-742.147,59.991211,-0.008789,-0.000298,0.000000,0.000000,0.000000,1.000000,58.976768,-114.530838,59.005695,-115.457832,58.997948,-114.596542,58.976559,-115.522217,0,11,true,0
338,2026-09-03T09:48:02.52Z,pmu-4,1,1788428882,520000,2026-09-03T09:48:02.2378528Z,-282.147,59.996098,-0.003902,-0.000091,0.000000,0.000000,0.000000,1.000000,58.996853,-114.917656,59.003326,-115.719978,58.993023,-114.784622,59.010963,-114.701088,0,4,true,0
339,2026-09-03T09:48:03.48Z,pmu-2,1,1788428883,480000,2026-09-03T09:48:02.2378528Z,-1242.147,60.006397,0.006397,0.000041,0.000000,0.000000,0.000000,1.000000,59.010002,-116.111359,58.999203,-115.678787,58.982231,-115.324249,59.003120,-114.938354,0,0,true,0
340,2026-09-03T09:48:03Z,pmu-1,1,1788428883,0,2026-09-03T09:48:02.2378528Z,-762.147,59.995060,-0.004940,0.000077,0.000000,0.000000,0.000000,1.000000,61.985146,-93.304878,61.997940,-93.563805,62.003498,-92.881470,61.971897,-94.337166,0,12,true,0
341,2026-09-03T09:48:03.02Z,pmu-1,1,1788428883,20000,2026-09-03T09:48:02.2378528Z,-782.147,60.008053,0.008053,0.000260,0.000000,0.000000,0.000000,1.000000,64.984749,-72.235451,64.991898,-72.352776,65.009529,-71.239761,64.966255,-73.081863,0,13,true,0
342,2026-09-03T09:48:02.88Z,pmu-5,1,1788428882,880000,2026-09-03T09:48:02.2835302Z,-596.470,59.997585,-0.002415,-0.000189,0.000000,0.000000,0.000000,1.000000,94.986115,144.232208,95.011024,145.055603,95.012016,143.257874,95.005478,145.176559,0,0,true,0
343,2026-09-03T09:48:02.9Z,pmu-5,1,1788428882,900000,2026-09-03T09:48:02.2835302Z,-616.470,59.990257,-0.009743,-0.000147,0.000000,0.000000,0.000000,1.000000,97.977257,166.162003,98.016602,166.403900,98.017326,164.444748,98.000343,167.109467,0,1,true,0
344,2026-09-03T09:48:02.54Z,pmu-4,1,1788428882,540000,2026-09-03T09:48:02.2835302Z,-256.470,59.992065,-0.007935,-0.000081,0.000000,0.000000,0.000000,1.000000,61.988979,-92.778725,62.005135,-94.215530,61.989830,-93.002258,62.007690,-92.554184,0,5,true,0
345,2026-09-03T09:48:03.5Z,pmu-2,1,1788428883,500000,2026-09-03T09:48:02.2835302Z,-1216.470,60.004673,0.004673,-0.000034,0.000000,0.000000,0.000000,1.000000,62.010448,-94.024879,61.995064,-94.079056,61.977695,-94.194107,62.004879,-93.733482,0,1,true,0
346,2026-09-03T09:48:03.04Z,pmu-1,1,1788428883,40000,2026-09-03T09:48:02.2835302Z,-756.470,59.994587,-0.005413,-0.000269,0.000000,0.000000,0.000000,1.000000,67.993752,-50.660091,67.989235,-51.123699,68.006424,-49.117405,67.975204,-51.688351,0,14,true,0
347,2026-09-03T09:48:02.66Z,pmu-3,1,1788428882,660000,2026-09-03T09:48:02.2835302Z,-376.470,59.996403,-0.003597,-0.000270,0.000000,0.000000,0.000000,1.000000,86.003960,78.801704,85.999359,77.720726,85.993401,80.094749,85.993881,78.489143,0,9,true,0
348,2026-09-03T09:48:02.92Z,pmu-5,1,1788428882,920000,2026-09-03T09:48:02.331299Z,-588.701,60.003258,0.003258,0.000260,0.000000,0.000000,0.000000,1.000000,50.000000,-180.000000,50.000000,-180.000000,50.000000,-180.000000,50.000000,-180.000000,0,2,true,0
349,2026-09-03T09:48:02.94Z,pmu-5,1,1788428882,940000,2026-09-03T09:48:02.331299Z,-608.701,59.999825,-0.000175,-0.000069,0.000000,0.000000,0.000000,1.000000,53.005497,-158.138641,52.996101,-158.247543,53.004715,-157.913147,53.005432,-157.997330,0,3,true,0
350,2026-09-03T09:48:03.06Z,pmu-1,1,1788428883,60000,2026-09-03T09:48:02.331299Z,-728.701,60.006626,0.006626,0.000241,0.000000,0.000000,0.000000,1.000000,70.996803,-29.531698,70.994133,-29.801321,71.010422,-27.931837,70.975594,-30.058327,0,15,true,0
351,2026-09-03T09:48:02.68Z,pmu-3,1,1788428882,680000,2026-09-03T09:48:02.331299Z,-348.701,60.001358,0.001358,0.000099,0.000000,0.000000,0.000000,1.000000,89.006721,100.403183,88.995514,99.195648,89.000618,101.300041,88.992844,100.426186,0,10,true,0
352,2026-09-03T09:48:03.52Z,pmu-2,1,1788428883,520000,2026-09-03T09:48:02.331299Z,-1188.701,60.006546,0.006546,0.000037,0.000000,0.000000,0.000000,1.000000,65.009331,-72.887535,65.002075,-73.016586,64.977669,-72.290047,65.010658,-72.294327,0,2,true,0
353,2026-09-03T09:48:02.56Z,pmu-4,1,1788428882,560000,2026-09-03T09:48:02.331299Z,-228.701,59.999905,-0.000095,0.000157,0.000000,0.000000,0.000000,1.000000,64.987701,-71.708466,65.008514,-72.336304,64.989410,-71.097816,65.003357,-70.878311,0,6,true,0
354,2026-09-03T09:48:02.96Z,pmu-5,1,1788428882,960000,2026-09-03T09:48:02.331299Z,-628.701,60.001503,0.001503,0.000034,0.000000,0.000000,0.000000,1.000000,55.999290,-136.827011,56.000240,-136.531006,56.010227,-136.094193,56.014301,-135.855637,0,4,true,0
355,2026-09-03T09:48:03.54Z,pmu-2,1,1788428883,540000,2026-09-03T09:48:02.331299Z,-1208.701,60.009148,0.009148,0.000052,0.000000,0.000000,0.000000,1.000000,68.016327,-51.441078,67.993462,-51.779400,67.969345,-50.283272,68.003059,-51.133518,0,3,true,0
356,2026-09-03T09:48:02.58Z,pmu-4,1,1788428882,580000,2026-09-03T09:48:02.331299Z,-248.701,60.001221,0.001221,0.000026,0.000000,0.000000,0.000000,1.000000,67.985321,-49.842346,68.007317,-51.210953,67.983719,-49.229847,68.006142,-49.388947,0,7,true,0
357,2026-09-03T09:48:03.08Z,pmu-1,1,1788428883,80000,2026-09-03T09:48:02.331299Z,-748.701,60.009312,0.009312,0.000054,0.000000,0.000000,0.000000,1.000000,73.996536,-7.855793,73.997993,-7.757268,74.004807,-6.483141,73.967300,-8.170948,0,0,true,0
358,2026-09-03T09:48:02.7Z,pmu-3,1,1788428882,700000,2026-09-03T09:48:02.331299Z,-368.701,60.003399,0.003399,0.000041,0.000000,0.000000,0.000000,1.000000,92.007645,121.674683,91.989838,120.975945,92.001602,123.381889,91.985756,121.863556,0,11,true,0
359,2026-09-03T09:48:03.56Z,pmu-2,1,1788428883,560000,2026-09-03T09:48:02.3852274Z,-1174.773,59.990536,-0.009464,-0.000372,0.000000,0.000000,0.000000,1.000000,71.024704,-29.330336,70.988335,-29.628056,70.972267,-28.120420,70.997803,-29.379591,0,4,true,0
360,2026-09-03T09:48:02.6Z,pmu-4,1,1788428882,600000,2026-09-03T09:48:02.3852274Z,-214.773,59.997364,-0.002636,-0.000077,0.000000,0.000000,0.000000,1.000000,70.989815,-28.438379,71.010681,-29.276464,70.979485,-27.906733,71.006607,-28.329348,0,8,true,0
361,2026-09-03T09:48:02.98Z,pmu-5,1,1788428882,980000,2026-09-03T09:48:02.3852274Z,-594.773,59.990891,-0.009109,-0.000212,0.000000,0.000000,0.000000,1.000000,59.008339,-115.200829,58.991261,-115.083527,59.019878,-114.762764,59.022812,-114.048332,0,5,true,0
362,2026-09-03T09:48:03.58Z,pmu-2,1,1788428883,580000,2026-09-03T09:48:02.3852274Z,-1194.773,59.999336,-0.000664,0.000176,0.000000,0.000000,0.000000,1.000000,74.021820,-7.209449,73.986961,-7.941798,73.980789,-6.797866,73.992950,-7.894350,0,5,true,0
363,2026-09-03T09:48:03Z,pmu-5,1,1788428883,0,2026-09-03T09:48:02.3852274Z,-614.773,60.002911,0.002911,0.000240,0.000000,0.000000,0.000000,1.000000,62.001862,-94.147240,61.989246,-93.341278,62.029659,-93.348930,62.014774,-92.519203,0,6,true,0
364,2026-09-03T09:48:02.62Z,pmu-4,1,1788428882,620000,2026-09-03T09:48:02.3852274Z,-234.773,60.001232,0.001232,0.000077,0.000000,0.000000,0.000000,1.000000,73.990799,-7.162373,74.005463,-7.662878,73.975327,-5.778957,74.009209,-6.601018,0,9,true,0
365,2026-09-03T09:48:03.02Z,pmu-5,1,1788428883,20000,2026-09-03T09:48:02.3852274Z,-634.773,60.005936,0.005936,0.000061,0.000000,0.000000,0.000000,1.000000,65.006851,-72.536308,64.987137,-72.254471,65.036819,-72.299469,65.006264,-70.364006,0,7,true,0
366,2026-09-03T09:48:03.1Z,pmu-1,1,1788428883,100000,2026-09-03T09:48:02.3852274Z,-714.773,60.005878,0.005878,-0.000069,0.000000,0.000000,0.000000,1.000000,76.990654,14.282229,77.006828,14.095910,77.006134,15.062777,76.960289,13.831034,0,1,true,0
367,2026-09-03T09:48:02.72Z,pmu-3,1,1788428882,720000,2026-09-03T09:48:02.3852274Z,-334.773,59.998222,-0.001778,-0.000104,0.000000,0.000000,0.000000,1.000000,95.010536,143.635635,94.997932,142.641953,94.996040,144.898056,94.985619,143.259277,0,12,true,0
368,2026-09-03T09:48:03.12Z,pmu-1,1,1788428883,120000,2026-09-03T09:48:02.3852274Z,-734.773,59.995213,-0.004787,-0.000213,0.000000,0.000000,0.000000,1.000000,79.981140,36.062351,80.005219,36.128983,80.000366,36.685246,79.961021,35.093960,0,2,true,0
369,2026-09-03T09:48:02.74Z,pmu-3,1,1788428882,740000,2026-09-03T09:48:02.3852274Z,-354.773,60.006935,0.006935,0.000174,0.000000,0.000000,0.000000,1.000000,98.005890,164.753708,97.994057,164.173111,97.993675,166.560638,97.985199,164.586304,0,13,true,0
370,2026-09-03T09:48:03.04Z,pmu-5,1,1788428883,40000,2026-09-03T09:48:02.4376391Z,-602.361,59.991875,-0.008125,-0.000281,0.000000,0.000000,0.000000,1.000000,68.000748,-50.614483,67.993507,-50.314175,68.032959,-50.183270,68.002960,-48.594204,0,8,true,0
371,2026-09-03T09:48:03.6Z,pmu-2,1,1788428883,600000,2026-09-03T09:48:02.4376391Z,-1162.361,60.004570,0.004570,0.000105,0.000000,0.000000,0.000000,1.000000,77.016403,14.164862,76.980980,13.662137,76.987404,14.685592,76.983612,14.087314,0,6,true,0
372,2026-09-03T09:48:03.06Z,pmu-5,1,1788428883,60000,2026-09-03T09:48:02.4376391Z,-622.361,60.003368,0.003368,0.000230,0.000000,0.000000,0.000000,1.000000,71.000237,-28.612953,70.985573,-29.220093,71.032799,-28.398462,71.011101,-26.602749,0,9,true,0
373,2026-09-03T09:48:02.64Z,pmu-4,1,1788428882,640000,2026-09-03T09:48:02.4376391Z,-202.361,59.995232,-0.004768,-0.000120,0.000000,0.000000,0.000000,1.000000,76.990326,14.735534,77.011627,14.414083,76.979065,15.722790,77.005569,15.271708,0,10,true,0
374,2026-09-03T09:48:03.08Z,pmu-5,1,1788428883,80000,2026-09-03T09:48:02.4376391Z,-642.361,60.000595,0.000595,-0.000055,0.000000,0.000000,0.000000,1.000000,73.990875,-6.881792,73.981255,-7.221957,74.036842,-7.371280,74.001953,-5.102784,0,10,true,0
375,2026-09-03T09:48:02.76Z,pmu-3,1,1788428882,760000,2026-09-03T09:48:02.4376391Z,-322.361,59.996223,-0.003777,-0.000214,0.000000,0.000000,0.000000,1.000000,50.000000,-180.000000,50.000000,-180.000000,50.000000,-180.000000,50.000000,-180.000000,0,14,true,0
376,2026-09-03T09:48:03.14Z,pmu-1,1,1788428883,140000,2026-09-03T09:48:02.4376391Z,-702.361,60.006950,0.006950,0.000235,0.000000,0.000000,0.000000,1.000000,82.989372,57.928501,82.999786,57.838814,83.005623,57.713165,82.963150,56.892479,0,3,true,0
377,2026-09-03T09:48:03.1Z,pmu-5,1,1788428883,100000,2026-09-03T09:48:02.4898627Z,-610.137,60.000160,0.000160,-0.000009,0.000000,0.000000,0.000000,1.000000,76.983749,14.548510,76.984055,14.311126,77.036537,14.101232,77.011314,16.130766,0,11,true,0
378,2026-09-03T09:48:03.12Z,pmu-5,1,1788428883,120000,2026-09-03T09:48:02.4898627Z,-630.137,59.996555,-0.003445,-0.000072,0.000000,0.000000,0.000000,1.000000,79.986717,36.278481,79.978409,35.418045,80.030647,36.075169,80.002106,37.310703,0,12,true,0
379,2026-09-03T09:48:03.16Z,pmu-1,1,1788428883,160000,2026-09-03T09:48:02.4898627Z,-670.137,60.000568,0.000568,-0.000128,0.000000,0.000000,0.000000,1.000000,85.995575,79.065140,86.008423,79.949242,85.998322,79.584389,85.972336,78.109314,0,4,true,0
380,2026-09-03T09:48:03.62Z,pmu-2,1,1788428883,620000,2026-09-03T09:48:02.4898627Z,-1130.137,60.006248,0.006248,0.000034,0.000000,0.000000,0.000000,1.000000,80.011948,35.221279,79.988525,35.467056,79.988068,36.491489,79.992805,35.271835,0,7,true,0
381,2026-09-03T09:48:02.66Z,pmu-4,1,1788428882,660000,2026-09-03T09:48:02.4898627Z,-170.137,60.002880,0.002880,0.000153,0.000000,0.000000,0.000000,1.000000,79.995232,36.313274,80.008072,36.143322,79.983719,37.414993,80.007889,36.768070,0,11,true,0
382,2026-09-03T09:48:02.78Z,pmu-3,1,1788428882,780000,2026-09-03T09:48:02.4898627Z,-290.137,60.003632,0.003632,0.000148,0.000000,0.000000,0.000000,1.000000,52.992573,-158.374802,52.997356,-157.923325,52.997417,-158.275452,52.996601,-158.206390,0,15,true,0
383,2026-09-03T09:48:03.18Z,pmu-1,1,1788428883,180000,2026-09-03T09:48:02.4898627Z,-690.137,59.992416,-0.007584,-0.000163,0.000000,0.000000,0.000000,1.000000,88.994102,101.014732,89.005379,101.109947,88.991493,100.740089,88.970596,99.509819,0,5,true,0
384,2026-09-03T09:48:02.68Z,pmu-4,1,1788428882,680000,2026-09-03T09:48:02.490372Z,-189.628,60.006489,0.006489,0.000072,0.000000,0.000000,0.000000,1.000000,82.997902,57.964737,83.006325,57.341862,82.986603,58.960911,83.016914,57.886459,0,12,true,0
385,2026-09-03T09:48:02.8Z,pmu-3,1,1788428882,800000,2026-09-03T09:48:02.490372Z,-309.628,59.994404,-0.005596,-0.000185,0.000000,0.000000,0.000000,1.000000,55.983837,-136.880905,55.995487,-136.610336,55.999832,-136.420700,55.998966,-136.835648,0,0,true,0
386,2026-09-03T09:48:03.64Z,pmu-2,1,1788428883,640000,2026-09-03T09:48:02.490372Z,-1149.628,60.009884,0.009884,0.000073,0.000000,0.000000,0.000000,1.000000,83.008148,57.386757,82.995598,56.598209,82.997742,58.506340,82.985512,56.522800,0,8,true,0
387,2026-09-03T09:48:03.14Z,pmu-5,1,1788428883,140000,2026-09-03T09:48:02.5352123Z,-604.788,60.006916,0.006916,0.000207,0.000000,0.000000,0.000000,1.000000,82.987831,58.256092,82.981461,57.455345,83.026382,57.974159,83.009933,58.353626,0,13,true,0
388,2026-09-03T09:48:02.7Z,pmu-4,1,1788428882,700000,2026-09-03T09:48:02.5352123Z,-164.788,59.993050,-0.006950,-0.000269,0.000000,0.000000,0.000000,1.000000,86.005699,79.146706,86.013756,78.944710,85.979774,81.048401,86.020187,79.759399,0,13,true,0
389,2026-09-03T09:48:03.16Z,pmu-5,1,1788428883,160000,2026-09-03T09:48:02.5352123Z,-624.788,59.998260,-0.001740,-0.000173,0.000000,0.000000,0.000000,1.000000,85.989624,79.482574,85.984131,79.578224,86.027077,79.836426,86.005913,80.100624,0,14,true,0
390,2026-09-03T09:48:02.82Z,pmu-3,1,1788428882,820000,2026-09-03T09:48:02.5352123Z,-284.788,60.000870,0.000870,0.000129,0.000000,0.000000,0.000000,1.000000,58.990738,-115.522079,58.997776,-114.561600,58.999371,-114.931374,58.998096,-115.067825,0,1,true,0
391,2026-09-03T09:48:03.2Z,pmu-1,1,1788428883,200000,2026-09-03T09:48:02.5352123Z,-664.788,60.007885,0.007885,0.000309,0.000000,0.000000,0.000000,1.000000,92.001480,122.261436,91.999428,122.811661,91.995880,122.455307,91.976494,120.826851,0,6,true,0
392,2026-09-03T09:48:03.66Z,pmu-2,1,1788428883,660000,2026-09-03T09:48:02.5352123Z,-1124.788,59.996403,-0.003597,-0.000270,0.000000,0.000000,0.000000,1.000000,86.003960,78.801704,85.999359,77.720726,85.993401,80.094749,85.993881,78.489143,0,9,true,0
393,2026-09-03T09:48:03.18Z,pmu-5,1,1788428883,180000,2026-09-03T09:48:02.5352123Z,-644.788,59.998886,-0.001114,0.000013,0.000000,0.000000,0.000000,1.000000,88.983269,101.507988,88.993950,101.034790,89.026108,100.932121,89.013237,101.786499,0,15,true,0
394,2026-09-03T09:48:02.72Z,pmu-4,1,1788428882,720000,2026-09-03T09:48:02.5352123Z,-184.788,59.995941,-0.004059,0.000058,0.000000,0.000000,0.000000,1.000000,89.004189,100.650200,89.018990,101.054893,88.985916,103.100319,89.021324,101.459816,0,14,true,0
395,2026-09-03T09:48:03.68Z,pmu-2,1,1788428883,680000,2026-09-03T09:48:02.5352123Z,-1144.788,60.001358,0.001358,0.000099,0.000000,0.000000,0.000000,1.000000,89.006721,100.403183,88.995514,99.195648,89.000618,101.300041,88.992844,100.426186,0,10,true,0
396,2026-09-03T09:48:02.84Z,pmu-3,1,1788428882,840000,2026-09-03T09:48:02.5352123Z,-304.788,60.004326,0.004326,0.000069,0.000000,0.000000,0.000000,1.000000,61.995281,-93.881836,61.996498,-92.821068,61.990044,-93.819557,61.998882,-93.718559,0,2,true,0
397,2026-09-03T09:48:03.22Z,pmu-1,1,1788428883,220000,2026-09-03T09:48:02.5352123Z,-684.788,59.997120,-0.002880,-0.000215,0.000000,0.000000,0.000000,1.000000,95.008255,144.041672,94.991348,143.932114,94.989677,144.342056,94.966911,142.604599,0,7,true,0
398,2026-09-03T09:48:03.2Z,pmu-5,1,1788428883,200000,2026-09-03T09:48:02.5822742Z,-617.726,59.990150,-0.009850,-0.000175,0.000000,0.000000,0.000000,1.000000,91.979530,123.145607,91.998650,123.186699,92.021225,123.032196,92.011124,123.426910,0,0,true,0
399,2026-09-03T09:48:03.22Z,pmu-5,1,1788428883,220000,2026-09-03T09:48:02.5822742Z,-637.726,59.995663,-0.004337,0.000110,0.000000,0.000000,0.000000,1.000000,94.979614,145.150742,95.003059,144.254028,95.031212,144.534531,95.009880,145.339203,0,1,true,0
400,2026-09-03T09:48:02.86Z,pmu-3,1,1788428882,860000,2026-09-03T09:48:02.5822742Z,-277.726,60.004181,0.004181,-0.000003,0.000000,0.000000,0.000000,1.000000,64.997208,-72.689796,64.990540,-71.208496,64.985603,-72.297356,64.995773,-71.818550,0,3,true,0
401,2026-09-03T09:48:03.24Z,pmu-1,1,1788428883,240000,2026-09-03T09:48:02.5822742Z,-657.726,60.000824,0.000824,0.000074,0.000000,0.000000,0.000000,1.000000,98.017082,165.399017,97.986389,165.612030,97.999237,166.142715,97.969185,163.983322,0,8,true,0
402,2026-09-03T09:48:03.7Z,pmu-2,1,1788428883,700000,2026-09-03T09:48:02.5822742Z,-1117.726,60.003399,0.003399,0.000041,0.000000,0.000000,0.000000,1.000000,92.007645,121.674683,91.989838,120.975945,92.001602,123.381889,91.985756,121.863556,0,11,true,0
403,2026-09-03T09:48:02.74Z,pmu-4,1,1788428882,740000,2026-09-03T09:48:02.5822742Z,-157.726,60.009140,0.009140,0.000264,0.000000,0.000000,0.000000,1.000000,92.006172,122.321213,92.011665,122.184586,91.983330,125.147415,92.013077,122.764427,0,15,true,0
404,2026-09-03T09:48:03.24Z,pmu-5,1,1788428883,240000,2026-09-03T09:48:02.6346109Z,-605.389,59.994835,-0.005165,-0.000017,0.000000,0.000000,0.000000,1.000000,97.987488,167.180038,98.003532,165.931335,98.024910,165.639557,98.009392,167.027481,0,2,true,0
405,2026-09-03T09:48:03.26Z,pmu-5,1,1788428883,260000,2026-09-03T09:48:02.6346109Z,-625.389,60.004116,0.004116,0.000186,0.000000,0.000000,0.000000,1.000000,50.000000,-180.000000,50.000000,-180.000000,50.000000,-180.000000,50.000000,-180.000000,0,3,true,0
406,2026-09-03T09:48:02.88Z,pmu-3,1,1788428882,880000,2026-09-03T09:48:02.6346109Z,-245.389,59.992554,-0.007446,-0.000233,0.000000,0.000000,0.000000,1.000000,67.997246,-50.734711,67.983360,-49.302200,67.985710,-50.820889,67.998764,-50.743946,0,4,true,0
407,2026-09-03T09:48:03.26Z,pmu-1,1,1788428883,260000,2026-09-03T09:48:02.6346109Z,-625.389,60.006950,0.006950,0.000123,0.000000,0.000000,0.000000,1.000000,50.000000,-180.000000,50.000000,-180.000000,50.000000,-180.000000,50.000000,-180.000000,0,9,true,0
408,2026-09-03T09:48:02.76Z,pmu-4,1,1788428882,760000,2026-09-03T09:48:02.6346109Z,-125.389,60.008495,0.008495,-0.000013,0.000000,0.000000,0.000000,1.000000,95.006203,143.596588,95.013390,144.085754,94.983597,146.716370,95.014061,144.802811,0,0,true,0
409,2026-09-03T09:48:03.72Z,pmu-2,1,1788428883,720000,2026-09-03T09:48:02.6346109Z,-1085.389,59.998222,-0.001778,-0.000104,0.000000,0.000000,0.000000,1.000000,95.010536,143.635635,94.997932,142.641953,94.996040,144.898056,94.985619,143.259277,0,12,true,0
410,2026-09-03T09:48:02.9Z,pmu-3,1,1788428882,900000,2026-09-03T09:48:02.6346109Z,-265.389,60.007462,0.007462,0.000298,0.000000,0.000000,0.000000,1.000000,70.996468,-28.818514,70.990128,-27.754255,70.992699,-29.654659,70.995071,-29.348480,0,5,true,0
411,2026-09-03T09:48:03.74Z,pmu-2,1,1788428883,740000,2026-09-03T09:48:02.6346109Z,-1105.389,60.006935,0.006935,0.000174,0.000000,0.000000,0.000000,1.000000,98.005890,164.753708,97.994057,164.173111,97.993675,166.560638,97.985199,164.586304,0,13,true,0
412,2026-09-03T09:48:02.78Z,pmu-4,1,1788428882,780000,2026-09-03T09:48:02.6346109Z,-145.389,60.000374,0.000374,-0.000162,0.000000,0.000000,0.000000,1.000000,97.998322,165.393066,98.021072,165.139542,97.974625,168.349747,98.018997,166.681091,0,1,true,0
413,2026-09-03T09:48:03.28Z,pmu-1,1,1788428883,280000,2026-09-03T09:48:02.6346109Z,-645.389,59.995872,-0.004128,-0.000222,0.000000,0.000000,0.000000,1.000000,53.006573,-158.587814,53.002033,-158.136612,53.002697,-158.664291,52.992073,-157.837372,0,10,true,0
414,2026-09-03T09:48:03.76Z,pmu-2,1,1788428883,760000,2026-09-03T09:48:02.6753586Z,-1084.641,59.996223,-0.003777,-0.000214,0.000000,0.000000,0.000000,1.000000,50.000000,-180.000000,50.000000,-180.000000,50.000000,-180.000000,50.000000,-180.000000,0,14,true,0
415,2026-09-03T09:48:02.8Z,pmu-4,1,1788428882,800000,2026-09-03T09:48:02.6753586Z,-124.641,59.993893,-0.006107,-0.000130,0.000000,0.000000,0.000000,1.000000,50.000000,-180.000000,50.000000,-180.000000,50.000000,-180.000000,50.000000,-180.000000,0,2,true,0
416,2026-09-03T09:48:02.92Z,pmu-3,1,1788428882,920000,2026-09-03T09:48:02.6753586Z,-244.641,59.996334,-0.003666,-0.000223,0.000000,0.000000,0.000000,1.000000,74.004868,-6.936066,73.998680,-6.528433,73.984116,-8.041562,73.987633,-7.527020,0,6,true,0
417,2026-09-03T09:48:03.3Z,pmu-1,1,1788428883,300000,2026-09-03T09:48:02.6753586Z,-624.641,59.997513,-0.002487,0.000033,0.000000,0.000000,0.000000,1.000000,56.016323,-137.346115,56.000450,-135.973862,56.000404,-137.605789,55.994900,-136.551178,0,11,true,0
418,2026-09-03T09:48:03.28Z,pmu-5,1,1788428883,280000,2026-09-03T09:48:02.6897757Z,-590.224,59.996273,-0.003727,-0.000157,0.000000,0.000000,0.000000,1.000000,53.008114,-158.524170,52.991234,-158.902496,52.993263,-158.464676,52.997093,-158.145111,0,4,true,0
419,2026-09-03T09:48:03.3Z,pmu-5,1,1788428883,300000,2026-09-03T09:48:02.6897757Z,-610.224,60.000496,0.000496,0.000084,0.000000,0.000000,0.000000,1.000000,56.011116,-137.396927,55.985283,-137.810333,55.997612,-136.502151,55.997005,-136.781082,0,5,true,0
420,2026-09-03T09:48:03.32Z,pmu-5,1,1788428883,320000,2026-09-03T09:48:02.6897757Z,-630.224,60.009182,0.009182,0.000174,0.000000,0.000000,0.000000,1.000000,59.016411,-116.171425,58.978821,-116.671104,59.001202,-114.820755,58.988323,-114.725555,0,6,true,0
421,2026-09-03T09:48:03.78Z,pmu-2,1,1788428883,780000,2026-09-03T09:48:02.7211225Z,-1058.877,60.003632,0.003632,0.000148,0.000000,0.000000,0.000000,1.000000,52.992573,-158.374802,52.997356,-157.923325,52.997417,-158.275452,52.996601,-158.206390,0,15,true,0
422,2026-09-03T09:48:02.94Z,pmu-3,1,1788428882,940000,2026-09-03T09:48:02.7211225Z,-218.877,60.001434,0.001434,0.000102,0.000000,0.000000,0.000000,1.000000,77.001274,14.260170,76.993744,15.533875,76.989204,13.685647,76.980103,14.335495,0,7,true,0
423,2026-09-03T09:48:02.82Z,pmu-4,1,1788428882,820000,2026-09-03T09:48:02.7211225Z,-98.877,59.993679,-0.006321,-0.000004,0.000000,0.000000,0.000000,1.000000,53.001057,-157.944702,53.007172,-158.311859,52.997902,-158.133011,53.006985,-158.634933,0,3,true,0
424,2026-09-03T09:48:03.32Z,pmu-1,1,1788428883,320000,2026-09-03T09:48:02.7211225Z,-598.877,59.992954,-0.007046,-0.000091,0.000000,0.000000,0.000000,1.000000,59.014172,-115.208199,59.009132,-114.791550,58.991970,-115.911453,58.998310,-114.630615,0,12,true,0
425,2026-09-03T09:48:03.8Z,pmu-2,1,1788428883,800000,2026-09-03T09:48:02.7211225Z,-1078.877,59.994404,-0.005596,-0.000185,0.000000,0.000000,0.000000,1.000000,55.983837,-136.880905,55.995487,-136.610336,55.999832,-136.420700,55.998966,-136.835648,0,0,true,0
426,2026-09-03T09:48:02.84Z,pmu-4,1,1788428882,840000,2026-09-03T09:48:02.7211225Z,-118.877,60.002193,0.002193,0.000170,0.000000,0.000000,0.000000,1.000000,55.995934,-136.441803,56.003426,-136.507462,56.005775,-136.629593,55.998669,-137.398544,0,4,true,0
427,2026-09-03T09:48:03.34Z,pmu-1,1,1788428883,340000,2026-09-03T09:48:02.7211225Z,-618.877,60.009666,0.009666,0.000334,0.000000,0.000000,0.000000,1.000000,62.004982,-93.421471,62.003624,-93.044998,61.997917,-93.867401,61.999016,-92.835487,0,13,true,0
428,2026-09-03T09:48:02.96Z,pmu-3,1,1788428882,960000,2026-09-03T09:48:02.7211225Z,-238.877,60.004799,0.004799,0.000067,0.000000,0.000000,0.000000,1.000000,79.994751,35.899319,79.985939,37.691132,79.994293,34.828377,79.973892,35.430874,0,8,true,0
429,2026-09-03T09:48:03.34Z,pmu-5,1,1788428883,340000,2026-09-03T09:48:02.7355513Z,-604.449,59.996078,-0.003922,-0.000262,0.000000,0.000000,0.000000,1.000000,62.012028,-94.907837,61.972511,-95.603951,61.998268,-93.414024,61.984379,-93.514870,0,7,true,0
430,2026-09-03T09:48:03.36Z,pmu-5,1,1788428883,360000,2026-09-03T09:48:02.7355513Z,-624.449,59.994774,-0.005226,-0.000026,0.000000,0.000000,0.000000,1.000000,65.009392,-73.683693,64.979729,-74.169312,65.007324,-71.553787,64.993935,-71.630783,0,8,true,0
431,2026-09-03T09:48:03.82Z,pmu-2,1,1788428883,820000,2026-09-03T09:48:02.7667073Z,-1053.293,60.000870,0.000870,0.000129,0.000000,0.000000,0.000000,1.000000,58.990738,-115.522079,58.997776,-114.561600,58.999371,-114.931374,58.998096,-115.067825,0,1,true,0
432,2026-09-03T09:48:02.98Z,pmu-3,1,1788428882,980000,2026-09-03T09:48:02.7667073Z,-213.293,59.996468,-0.003532,-0.000167,0.000000,0.000000,0.000000,1.000000,82.986649,57.427090,82.977745,59.086075,82.998871,56.466270,82.982719,56.485542,0,9,true,0
433,2026-09-03T09:48:03.36Z,pmu-1,1,1788428883,360000,2026-09-03T09:48:02.7667073Z,-593.293,60.009392,0.009392,-0.000005,0.000000,0.000000,0.000000,1.000000,65.012932,-71.516357,64.999428,-71.615570,64.999786,-71.993095,65.006180,-71.275337,0,14,true,0
434,2026-09-03T09:48:04Z,pmu-3,1,1788428884,0,2026-09-03T09:48:02.7667073Z,-1233.293,59.991489,-0.008511,-0.000100,0.000000,0.000000,0.000000,1.000000,85.982224,79.484123,85.971428,80.225166,85.998863,78.253632,85.977135,78.191238,0,10,true,0
435,2026-09-03T09:48:02.86Z,pmu-4,1,1788428882,860000,2026-09-03T09:48:02.7667073Z,-93.293,60.008163,0.008163,0.000119,0.000000,0.000000,0.000000,1.000000,59.004734,-115.053291,58.995190,-114.990089,59.010448,-115.027679,59.005882,-115.491119,0,5,true,0
436,2026-09-03T09:48:03.38Z,pmu-5,1,1788428883,380000,2026-09-03T09:48:02.7816328Z,-598.367,59.994129,-0.005871,-0.000013,0.000000,0.000000,0.000000,1.000000,68.009621,-52.266296,67.984535,-52.476967,67.998161,-49.714005,67.987854,-50.193626,0,9,true,0
437,2026-09-03T09:48:03.4Z,pmu-5,1,1788428883,400000,2026-09-03T09:48:02.7816328Z,-618.367,60.008949,0.008949,0.000296,0.000000,0.000000,0.000000,1.000000,71.006294,-31.132692,70.978996,-30.463514,71.006035,-28.559942,70.979103,-28.693590,0,10,true,0
438,2026-09-03T09:48:03.38Z,pmu-1,1,1788428883,380000,2026-09-03T09:48:02.8109726Z,-569.027,60.001156,0.001156,-0.000165,0.000000,0.000000,0.000000,1.000000,68.016014,-49.407394,67.995125,-50.335754,67.996017,-50.739998,68.015923,-50.045952,0,15,true,0
439,2026-09-03T09:48:03.84Z,pmu-2,1,1788428883,840000,2026-09-03T09:48:02.8109726Z,-1029.027,60.004326,0.004326,0.000069,0.000000,0.000000,0.000000,1.000000,61.995281,-93.881836,61.996498,-92.821068,61.990044,-93.819557,61.998882,-93.718559,0,2,true,0
440,2026-09-03T09:48:02.88Z,pmu-4,1,1788428882,880000,2026-09-03T09:48:02.8109726Z,-69.027,59.990818,-0.009182,-0.000347,0.000000,0.000000,0.000000,1.000000,62.013699,-92.996124,61.994427,-93.518867,62.019871,-93.322960,62.009399,-93.831444,0,6,true,0
441,2026-09-03T09:48:03.4Z,pmu-1,1,1788428883,400000,2026-09-03T09:48:02.8109726Z,-589.027,60.005371,0.005371,0.000084,0.000000,0.000000,0.000000,1.000000,71.013451,-27.884489,71.005104,-28.195530,70.989868,-29.137287,71.014694,-28.599073,0,0,true,0
442,2026-09-03T09:48:04.02Z,pmu-3,1,1788428884,20000,2026-09-03T09:48:02.8109726Z,-1209.027,59.998806,-0.001194,0.000146,0.000000,0.000000,0.000000,1.000000,88.973251,100.637932,88.975594,101.674042,88.988983,100.111496,88.979538,100.012558,0,11,true,0
443,2026-09-03T09:48:03.86Z,pmu-2,1,1788428883,860000,2026-09-03T09:48:02.8109726Z,-1049.027,60.004181,0.004181,-0.000003,0.000000,0.000000,0.000000,1.000000,64.997208,-72.689796,64.990540,-71.208496,64.985603,-72.297356,64.995773,-71.818550,0,3,true,0
444,2026-09-03T09:48:04.04Z,pmu-3,1,1788428884,40000,2026-09-03T09:48:02.8109726Z,-1229.027,59.995762,-0.004238,-0.000061,0.000000,0.000000,0.000000,1.000000,91.977043,121.756783,91.966003,123.232964,91.979370,121.997749,91.979469,121.915642,0,12,true,0
445,2026-09-03T09:48:02.9Z,pmu-4,1,1788428882,900000,2026-09-03T09:48:02.8109726Z,-89.027,59.995754,-0.004246,0.000099,0.000000,0.000000,0.000000,1.000000,65.017250,-71.054047,64.989441,-71.667473,65.027260,-71.794456,65.002289,-71.857086,0,7,true,0
446,2026-09-03T09:48:03.42Z,pmu-5,1,1788428883,420000,2026-09-03T09:48:02.8257785Z,-594.221,59.991245,-0.008755,-0.000354,0.000000,0.000000,0.000000,1.000000,74.009682,-9.980206,73.974586,-8.325703,73.996101,-6.707184,73.970146,-7.483506,0,11,true,0
447,2026-09-03T09:48:03.44Z,pmu-5,1,1788428883,440000,2026-09-03T09:48:02.8257785Z,-614.221,59.993301,-0.006699,0.000041,0.000000,0.000000,0.000000,1.000000,77.007721,11.343047,76.975464,13.810955,77.000702,15.444827,76.962029,14.362363,0,12,true,0
448,2026-09-03T09:48:04.06Z,pmu-3,1,1788428884,60000,2026-09-03T09:48:02.8578303Z,-1202.170,59.991928,-0.008072,-0.000077,0.000000,0.000000,0.000000,1.000000,94.980316,143.285812,94.963600,144.490021,94.972885,144.090454,94.976151,143.136108,0,13,true,0
449,2026-09-03T09:48:03.88Z,pmu-2,1,1788428883,880000,2026-09-03T09:48:02.8578303Z,-1022.170,59.992554,-0.007446,-0.000233,0.000000,0.000000,0.000000,1.000000,67.997246,-50.734711,67.983360,-49.302200,67.985710,-50.820889,67.998764,-50.743946,0,4,true,0
450,2026-09-03T09:48:02.92Z,pmu-4,1,1788428882,920000,2026-09-03T09:48:02.8578303Z,-62.170,59.993988,-0.006012,-0.000035,0.000000,0.000000,0.000000,1.000000,68.023758,-49.035316,67.994347,-50.317326,68.036140,-50.684669,67.998711,-50.573807,0,8,true,0
451,2026-09-03T09:48:03.42Z,pmu-1,1,1788428883,420000,2026-09-03T09:48:02.8578303Z,-562.170,60.000729,0.000729,-0.000093,0.000000,0.000000,0.000000,1.000000,74.009438,-6.053205,73.996834,-6.082268,73.995850,-7.269141,74.005112,-6.769326,0,1,true,0
452,2026-09-03T09:48:03.46Z,pmu-5,1,1788428883,460000,2026-09-03T09:48:02.8709747Z,-589.025,59.991322,-0.008678,-0.000040,0.000000,0.000000,0.000000,1.000000,80.014282,32.764709,79.980301,35.588490,79.995193,36.863937,79.971893,35.730938,0,13,true,0
453,2026-09-03T09:48:03.48Z,pmu-5,1,1788428883,480000,2026-09-03T09:48:02.8709747Z,-609.025,59.999668,-0.000332,0.000167,0.000000,0.000000,0.000000,1.000000,83.014389,54.591801,82.981316,57.058167,83.002243,58.869064,82.967911,57.871517,0,14,true,0
454,2026-09-03T09:48:03.5Z,pmu-5,1,1788428883,500000,2026-09-03T09:48:02.8709747Z,-629.025,59.992702,-0.007298,-0.000139,0.000000,0.000000,0.000000,1.000000,86.009613,76.662041,85.990974,78.790794,86.000504,80.774811,85.963562,79.539803,0,15,true,0
455,2026-09-03T09:48:04.08Z,pmu-3,1,1788428884,80000,2026-09-03T09:48:02.9017539Z,-1178.246,59.998444,-0.001556,0.000130,0.000000,0.000000,0.000000,1.000000,97.989861,165.280212,97.962723,166.583649,97.982498,166.130493,97.975693,164.960373,0,14,true,0
456,2026-09-03T09:48:03.9Z,pmu-2,1,1788428883,900000,2026-09-03T09:48:02.9017539Z,-998.246,60.007462,0.007462,0.000298,0.000000,0.000000,0.000000,1.000000,70.996468,-28.818514,70.990128,-27.754255,70.992699,-29.654659,70.995071,-29.348480,0,5,true,0
457,2026-09-03T09:48:02.94Z,pmu-4,1,1788428882,940000,2026-09-03T09:48:02.9017539Z,-38.246,59.993835,-0.006165,-0.000003,0.000000,0.000000,0.000000,1.000000,71.022896,-27.091736,70.998787,-29.148474,71.032501,-28.955956,70.998047,-28.783791,0,9,true,0
458,2026-09-03T09:48:03.44Z,pmu-1,1,1788428883,440000,2026-09-03T09:48:02.9017539Z,-538.246,60.003700,0.003700,0.000059,0.000000,0.000000,0.000000,1.000000,77.000557,15.473164,76.989037,15.935591,76.988121,13.974307,77.014732,14.909588,0,2,true,0
459,2026-09-03T09:48:04.1Z,pmu-3,1,1788428884,100000,2026-09-03T09:48:02.9017539Z,-1198.246,60.004421,0.004421,0.000120,0.000000,0.000000,0.000000,1.000000,50.000000,-180.000000,50.000000,-180.000000,50.000000,-180.000000,50.000000,-180.000000,0,15,true,0
460,2026-09-03T09:48:03.92Z,pmu-2,1,1788428883,920000,2026-09-03T09:48:02.9017539Z,-1018.246,59.996334,-0.003666,-0.000223,0.000000,0.000000,0.000000,1.000000,74.004868,-6.936066,73.998680,-6.528433,73.984116,-8.041562,73.987633,-7.527020,0,6,true,0
461,2026-09-03T09:48:02.96Z,pmu-4,1,1788428882,960000,2026-09-03T09:48:02.9017539Z,-58.246,59.996231,-0.003769,0.000048,0.000000,0.000000,0.000000,1.000000,74.025597,-5.661190,73.990669,-8.055335,74.029694,-7.320826,73.995079,-6.810415,0,10,true,0
462,2026-09-03T09:48:03.46Z,pmu-1,1,1788428883,460000,2026-09-03T09:48:02.9023133Z,-557.687,59.990112,-0.009888,-0.000272,0.000000,0.000000,0.000000,1.000000,79.993835,36.912594,79.997284,37.262272,79.983612,35.421776,80.012192,36.219025,0,3,true,0
463,2026-09-03T09:48:03.52Z,pmu-5,1,1788428883,520000,2026-09-03T09:48:02.9168907Z,-603.109,59.992561,-0.007439,-0.000003,0.000000,0.000000,0.000000,1.000000,89.009277,97.991173,88.989754,100.317093,89.000816,102.475578,88.956161,100.770447,0,0,true,0
464,2026-09-03T09:48:03.54Z,pmu-5,1,1788428883,540000,2026-09-03T09:48:02.9168907Z,-623.109,60.006050,0.006050,0.000270,0.000000,0.000000,0.000000,1.000000,92.005333,120.051666,91.997536,122.020699,92.005569,123.663879,91.961143,121.940979,0,1,true,0
465,2026-09-03T09:48:03.94Z,pmu-2,1,1788428883,940000,2026-09-03T09:48:02.9556026Z,-984.397,60.001434,0.001434,0.000102,0.000000,0.000000,0.000000,1.000000,77.001274,14.260170,76.993744,15.533875,76.989204,13.685647,76.980103,14.335495,0,7,true,0
466,2026-09-03T09:48:04.12Z,pmu-3,1,1788428884,120000,2026-09-03T09:48:02.9556026Z,-1164.397,59.998329,-0.001671,-0.000122,0.000000,0.000000,0.000000,1.000000,52.990685,-157.966736,53.000854,-158.334076,52.997902,-158.584152,52.994186,-158.777496,0,0,true,0
467,2026-09-03T09:48:03.48Z,pmu-1,1,1788428883,480000,2026-09-03T09:48:02.9556026Z,-524.397,60.009731,0.009731,0.000392,0.000000,0.000000,0.000000,1.000000,82.998215,58.519222,82.991364,58.582272,82.990715,57.541542,83.018829,57.422119,0,4,true,0
468,2026-09-03T09:48:03.96Z,pmu-2,1,1788428883,960000,2026-09-03T09:48:02.9560519Z,-1003.948,60.004799,0.004799,0.000067,0.000000,0.000000,0.000000,1.000000,79.994751,35.899319,79.985939,37.691132,79.994293,34.828377,79.973892,35.430874,0,8,true,0
469,2026-09-03T09:48:02.98Z,pmu-4,1,1788428882,980000,2026-09-03T09:48:02.9560519Z,-23.948,60.006058,0.006058,0.000197,0.000000,0.000000,0.000000,1.000000,77.024017,16.046715,76.986374,13.856071,77.027283,14.606107,77.002174,15.098717,0,11,true,0
470,2026-09-03T09:48:04.14Z,pmu-3,1,1788428884,140000,2026-09-03T09:48:02.9560519Z,-1183.948,60.000469,0.000469,0.000043,0.000000,0.000000,0.000000,1.000000,55.980865,-136.211716,56.010689,-136.657471,55.993248,-136.535278,55.986664,-136.971039,0,1,true,0
471,2026-09-03T09:48:03.5Z,pmu-1,1,1788428883,500000,2026-09-03T09:48:02.9560519Z,-543.948,59.998219,-0.001781,-0.000230,0.000000,0.000000,0.000000,1.000000,85.998344,79.840523,86.000015,80.346169,85.983383,79.429832,86.028549,79.533455,0,5,true,0
472,2026-09-03T09:48:04Z,pmu-4,1,1788428884,0,2026-09-03T09:48:02.9560519Z,-1043.948,60.000980,0.000980,-0.000102,0.000000,0.000000,0.000000,1.000000,80.023994,37.199165,79.982376,35.432171,80.031235,36.397385,80.002594,36.272148,0,12,true,0
473,2026-09-03T09:48:04.02Z,pmu-4,1,1788428884,20000,2026-09-03T09:48:02.9560519Z,-1063.948,60.007809,0.007809,0.000137,0.000000,0.000000,0.000000,1.000000,83.028336,58.748405,82.989578,57.283531,83.027176,58.516380,83.010857,57.472511,0,13,true,0
474,2026-09-03T09:48:03.56Z,pmu-5,1,1788428883,560000,2026-09-03T09:48:02.9705993Z,-589.401,59.998547,-0.001453,-0.000150,0.000000,0.000000,0.000000,1.000000,95.001976,142.059631,94.991898,143.689972,95.001175,145.248749,94.956238,144.041580,0,2,true,0
475,2026-09-03T09:48:03.58Z,pmu-5,1,1788428883,580000,2026-09-03T09:48:02.9705993Z,-609.401,60.009632,0.009632,0.000222,0.000000,0.000000,0.000000,1.000000,98.002991,163.267227,97.987526,165.641312,97.993622,166.849121,97.949120,165.321991,0,3,true,0
476,2026-09-03T09:48:04.04Z,pmu-4,1,1788428884,40000,2026-09-03T09:48:03.0008362Z,-1039.164,59.990604,-0.009396,-0.000344,0.000000,0.000000,0.000000,1.000000,86.035469,80.381088,85.986160,79.222038,86.018745,79.900383,86.009575,78.506653,0,14,true,0
477,2026-09-03T09:48:03.98Z,pmu-2,1,1788428883,980000,2026-09-03T09:48:03.0008362Z,-979.164,59.996468,-0.003532,-0.000167,0.000000,0.000000,0.000000,1.000000,82.986649,57.427090,82.977745,59.086075,82.998871,56.466270,82.982719,56.485542,0,9,true,0
478,2026-09-03T09:48:04.16Z,pmu-3,1,1788428884,160000,2026-09-03T09:48:03.0008362Z,-1159.164,60.008240,0.008240,0.000155,0.000000,0.000000,0.000000,1.000000,58.981995,-115.096512,59.003555,-115.481941,58.997448,-115.466927,58.980549,-115.093658,0,2,true,0
479,2026-09-03T09:48:03.52Z,pmu-1,1,1788428883,520000,2026-09-03T09:48:03.0008362Z,-519.164,60.006298,0.006298,0.000162,0.000000,0.000000,0.000000,1.000000,88.998093,101.798752,89.009644,101.589577,88.980011,100.953613,89.030655,101.550751,0,6,true,0
480,2026-09-03T09:48:04Z,pmu-2,1,1788428884,0,2026-09-03T09:48:03.0008362Z,-999.164,59.991489,-0.008511,-0.000100,0.000000,0.000000,0.000000,1.000000,85.982224,79.484123,85.971428,80.225166,85.998863,78.253632,85.977135,78.191238,0,10,true,0
481,2026-09-03T09:48:03.6Z,pmu-5,1,1788428883,600000,2026-09-03T09:48:03.0200492Z,-579.951,60.004696,0.004696,-0.000099,0.000000,0.000000,0.000000,1.000000,50.000000,-180.000000,50.000000,-180.000000,50.000000,-180.000000,50.000000,-180.000000,0,4,true,0
482,2026-09-03T09:48:03.62Z,pmu-5,1,1788428883,620000,2026-09-03T09:48:03.0200492Z,-599.951,59.997601,-0.002399,-0.000142,0.000000,0.000000,0.000000,1.000000,52.997921,-157.964203,53.009640,-158.050171,52.992241,-158.325775,53.007069,-158.356964,0,5,true,0
483,2026-09-03T09:48:03.64Z,pmu-5,1,1788428883,640000,2026-09-03T09:48:03.0200492Z,-619.951,60.007240,0.007240,0.000193,0.000000,0.000000,0.000000,1.000000,56.003048,-135.928818,56.007557,-136.247803,55.989521,-136.383530,56.007133,-136.571289,0,6,true,0
484,2026-09-03T09:48:03.54Z,pmu-1,1,1788428883,540000,2026-09-03T09:48:03.0514706Z,-488.529,59.997955,-0.002045,-0.000167,0.000000,0.000000,0.000000,1.000000,91.997017,123.202225,92.012100,123.442513,91.989304,122.710510,92.034859,122.692467,0,7,true,0
485,2026-09-03T09:48:03.56Z,pmu-1,1,1788428883,560000,2026-09-03T09:48:03.0514706Z,-508.529,59.991150,-0.008850,-0.000136,0.000000,0.000000,0.000000,1.000000,95.002258,145.210464,95.019302,144.966293,94.984085,143.986282,95.032372,144.160294,0,8,true,0
486,2026-09-03T09:48:04.06Z,pmu-4,1,1788428884,60000,2026-09-03T09:48:03.0514706Z,-1008.529,60.009865,0.009865,0.000385,0.000000,0.000000,0.000000,1.000000,89.042969,101.644958,88.985954,101.375031,89.010368,101.212936,89.017494,100.578751,0,15,true,0
487,2026-09-03T09:48:04.02Z,pmu-2,1,1788428884,20000,2026-09-03T09:48:03.0514706Z,-968.529,59.998806,-0.001194,0.000146,0.000000,0.000000,0.000000,1.000000,88.973251,100.637932,88.975594,101.674042,88.988983,100.111496,88.979538,100.012558,0,11,true,0
488,2026-09-03T09:48:04.18Z,pmu-3,1,1788428884,180000,2026-09-03T09:48:03.0514706Z,-1128.529,59.995480,-0.004520,-0.000255,0.000000,0.000000,0.000000,1.000000,61.978668,-93.695381,62.001854,-94.188622,61.988609,-93.586685,61.977489,-93.520813,0,3,true,0
489,2026-09-03T09:48:04.08Z,pmu-4,1,1788428884,80000,2026-09-03T09:48:03.0514706Z,-1028.529,59.992817,-0.007183,-0.000341,0.000000,0.000000,0.000000,1.000000,92.048454,123.214508,91.986427,123.502167,92.002357,122.949265,92.014366,121.680000,0,0,true,0
490,2026-09-03T09:48:04.04Z,pmu-2,1,1788428884,40000,2026-09-03T09:48:03.0514706Z,-988.529,59.995762,-0.004238,-0.000061,0.000000,0.000000,0.000000,1.000000,91.977043,121.756783,91.966003,123.232964,91.979370,121.997749,91.979469,121.915642,0,12,true,0
491,2026-09-03T09:48:04.2Z,pmu-3,1,1788428884,200000,2026-09-03T09:48:03.0514706Z,-1148.529,60.009956,0.009956,0.000290,0.000000,0.000000,0.000000,1.000000,64.971107,-72.091553,65.002655,-72.484001,64.993805,-71.617088,64.968803,-71.794586,0,4,true,0
492,2026-09-03T09:48:03.66Z,pmu-5,1,1788428883,660000,2026-09-03T09:48:03.0672986Z,-592.701,59.992924,-0.007076,-0.000286,0.000000,0.000000,0.000000,1.000000,59.006287,-114.001892,59.012543,-115.212234,58.981773,-114.468689,59.008087,-115.049469,0,7,true,0
493,2026-09-03T09:48:03.68Z,pmu-5,1,1788428883,680000,2026-09-03T09:48:03.0672986Z,-612.701,59.994072,-0.005928,0.000023,0.000000,0.000000,0.000000,1.000000,62.002274,-92.181274,62.017059,-93.526047,61.982903,-93.235245,62.016602,-93.445290,0,8,true,0
494,2026-09-03T09:48:04.22Z,pmu-3,1,1788428884,220000,2026-09-03T09:48:03.0978016Z,-1122.198,60.005955,0.005955,-0.000080,0.000000,0.000000,0.000000,1.000000,67.977264,-50.817265,67.994034,-51.141518,67.992363,-49.826580,67.978714,-50.664864,0,5,true,0
495,2026-09-03T09:48:04.06Z,pmu-2,1,1788428884,60000,2026-09-03T09:48:03.0978016Z,-962.198,59.991928,-0.008072,-0.000077,0.000000,0.000000,0.000000,1.000000,94.980316,143.285812,94.963600,144.490021,94.972885,144.090454,94.976151,143.136108,0,13,true,0
496,2026-09-03T09:48:03.58Z,pmu-1,1,1788428883,580000,2026-09-03T09:48:03.0978016Z,-482.198,59.996792,-0.003208,0.000113,0.000000,0.000000,0.000000,1.000000,98.008347,166.507416,98.025848,166.620667,97.979683,165.604614,98.039688,166.326111,0,9,true,0
497,2026-09-03T09:48:04.1Z,pmu-4,1,1788428884,100000,2026-09-03T09:48:03.0978016Z,-1002.198,59.996006,-0.003994,0.000064,0.000000,0.000000,0.000000,1.000000,95.046638,145.033478,94.987724,145.617111,94.997360,144.191284,95.005043,143.142029,0,1,true,0
498,2026-09-03T09:48:03.7Z,pmu-5,1,1788428883,700000,2026-09-03T09:48:03.1121056Z,-587.894,60.007343,0.007343,0.000265,0.000000,0.000000,0.000000,1.000000,64.992584,-70.565475,65.016235,-71.768097,64.980736,-72.070938,65.026154,-72.374283,0,9,true,0
499,2026-09-03T09:48:03.72Z,pmu-5,1,1788428883,720000,2026-09-03T09:48:03.1127131Z,-607.287,60.008049,0.008049,0.000014,0.000000,0.000000,0.000000,1.000000,67.996506,-49.370117,68.022339,-49.604267,67.974876,-50.815708,68.027817,-50.425388,0,10,true,0
500,2026-09-03T09:48:04.12Z,pmu-4,1,1788428884,120000,2026-09-03T09:48:03.1472491Z,-972.751,59.998211,-0.001789,0.000044,0.000000,0.000000,0.000000,1.000000,98.047241,166.073364,97.993752,166.727661,97.991562,166.201508,98.008545,164.686234,0,2,true,0
501,2026-09-03T09:48:04.14Z,pmu-4,1,1788428884,140000,2026-09-03T09:48:03.1472491Z,-992.751,60.004360,0.004360,0.000123,0.000000,0.000000,0.000000,1.000000,50.000000,-180.000000,50.000000,-180.000000,50.000000,-180.000000,50.000000,-180.000000,0,3,true,0
502,2026-09-03T09:48:03.6Z,pmu-1,1,1788428883,600000,2026-09-03T09:48:03.1472491Z,-452.751,59.997471,-0.002529,0.000014,0.000000,0.000000,0.000000,1.000000,50.000000,-180.000000,50.000000,-180.000000,50.000000,-180.000000,50.000000,-180.000000,0,10,true,0
503,2026-09-03T09:48:04.24Z,pmu-3,1,1788428884,240000,2026-09-03T09:48:03.1472491Z,-1092.751,59.993835,-0.006165,-0.000242,0.000000,0.000000,0.000000,1.000000,70.986092,-29.152128,70.986710,-29.049795,70.989044,-28.082476,70.978348,-28.680265,0,6,true,0
504,2026-09-03T09:48:04.08Z,pmu-2,1,1788428884,80000,2026-09-03T09:48:03.1472491Z,-932.751,59.998444,-0.001556,0.000130,0.000000,0.000000,0.000000,1.000000,97.989861,165.280212,97.962723,166.583649,97.982498,166.130493,97.975693,164.960373,0,14,true,0
505,2026-09-03T09:48:03.62Z,pmu-1,1,1788428883,620000,2026-09-03T09:48:03.1472491Z,-472.751,59.995110,-0.004890,-0.000047,0.000000,0.000000,0.000000,1.000000,52.999771,-158.727417,53.003857,-158.852554,53.006989,-158.625336,52.995888,-158.594894,0,11,true,0
506,2026-09-03T09:48:04.26Z,pmu-3,1,1788428884,260000,2026-09-03T09:48:03.1472491Z,-1112.751,59.996166,-0.003834,0.000047,0.000000,0.000000,0.000000,1.000000,73.980400,-7.135143,73.983704,-7.451701,73.994843,-6.779053,73.969444,-6.928540,0,7,true,0
507,2026-09-03T09:48:04.1Z,pmu-2,1,1788428884,100000,2026-09-03T09:48:03.1477582Z,-952.242,60.004421,0.004421,0.000120,0.000000,0.000000,0.000000,1.000000,50.000000,-180.000000,50.000000,-180.000000,50.000000,-180.000000,50.000000,-180.000000,0,15,true,0
508,2026-09-03T09:48:03.74Z,pmu-5,1,1788428883,740000,2026-09-03T09:48:03.1576128Z,-582.387,60.003643,0.003643,-0.000088,0.000000,0.000000,0.000000,1.000000,70.990707,-27.308332,71.018730,-28.138992,70.966972,-28.928713,71.030075,-28.320694,0,11,true,0
509,2026-09-03T09:48:03.76Z,pmu-5,1,1788428883,760000,2026-09-03T09:48:03.1576128Z,-602.387,59.999969,-0.000031,-0.000073,0.000000,0.000000,0.000000,1.000000,73.993553,-6.252997,74.012123,-6.078993,73.974571,-7.481486,74.039543,-6.997128,0,12,true,0
510,2026-09-03T09:48:04.16Z,pmu-4,1,1788428884,160000,2026-09-03T09:48:03.1897826Z,-970.217,59.991596,-0.008404,-0.000255,0.000000,0.000000,0.000000,1.000000,53.006775,-158.194107,53.006451,-157.950394,53.001770,-158.206772,53.002430,-158.055283,0,4,true,0
511,2026-09-03T09:48:03.64Z,pmu-1,1,1788428883,640000,2026-09-03T09:48:03.1897826Z,-450.217,59.990231,-0.009769,-0.000098,0.000000,0.000000,0.000000,1.000000,56.006023,-137.262863,56.007793,-137.253067,56.012009,-137.107956,56.001400,-136.846802,0,12,true,0
512,2026-09-03T09:48:04.28Z,pmu-3,1,1788428884,280000,2026-09-03T09:48:03.1897826Z,-1090.217,59.998970,-0.001030,0.000056,0.000000,0.000000,0.000000,1.000000,76.973251,14.471134,76.973885,14.634459,76.994965,15.155190,76.971260,14.724111,0,8,true,0
513,2026-09-03T09:48:04.12Z,pmu-2,1,1788428884,120000,2026-09-03T09:48:03.1897826Z,-930.217,59.998329,-0.001671,-0.000122,0.000000,0.000000,0.000000,1.000000,52.990685,-157.966736,53.000854,-158.334076,52.997902,-158.584152,52.994186,-158.777496,0,0,true,0
514,2026-09-03T09:48:03.78Z,pmu-5,1,1788428883,780000,2026-09-03T09:48:03.204213Z,-575.787,59.998177,-0.001823,-0.000036,0.000000,0.000000,0.000000,1.000000,76.992523,15.902615,77.010910,15.629018,76.965523,14.682099,77.040558,15.039127,0,13,true,0
515,2026-09-03T09:48:03.8Z,pmu-5,1,1788428883,800000,2026-09-03T09:48:03.2047222Z,-595.278,59.997875,-0.002125,-0.000006,0.000000,0.000000,0.000000,1.000000,80.001373,37.254475,80.013397,37.670132,79.974159,36.029308,80.039604,36.999214,0,14,true,0
516,2026-09-03T09:48:03.82Z,pmu-5,1,1788428883,820000,2026-09-03T09:48:03.2047222Z,-615.278,60.001366,0.001366,0.000070,0.000000,0.000000,0.000000,1.000000,83.004112,58.466827,83.004562,59.661831,82.970123,57.110943,83.038567,59.160980,0,15,true,0
517,2026-09-03T09:48:04.18Z,pmu-4,1,1788428884,180000,2026-09-03T09:48:03.2376856Z,-942.314,59.996220,-0.003780,0.000092,0.000000,0.000000,0.000000,1.000000,56.012482,-136.524139,56.008808,-135.950974,55.993275,-136.906464,55.993164,-136.272919,0,5,true,0
518,2026-09-03T09:48:04.3Z,pmu-3,1,1788428884,300000,2026-09-03T09:48:03.2376856Z,-1062.314,59.992386,-0.007614,-0.000132,0.000000,0.000000,0.000000,1.000000,79.968323,35.525665,79.978951,36.263329,79.989975,36.273930,79.973709,35.882088,0,9,true,0
519,2026-09-03T09:48:03.66Z,pmu-1,1,1788428883,660000,2026-09-03T09:48:03.2376856Z,-422.314,59.999008,-0.000992,0.000176,0.000000,0.000000,0.000000,1.000000,59.008854,-115.420799,59.012310,-116.184265,59.007828,-115.113785,59.006718,-115.312500,0,13,true,0
520,2026-09-03T09:48:04.2Z,pmu-4,1,1788428884,200000,2026-09-03T09:48:03.2376856Z,-962.314,60.003963,0.003963,0.000155,0.000000,0.000000,0.000000,1.000000,59.016842,-115.422752,59.006210,-114.435097,59.002193,-115.583832,59.001816,-114.704338,0,6,true,0
521,2026-09-03T09:48:04.14Z,pmu-2,1,1788428884,140000,2026-09-03T09:48:03.2376856Z,-902.314,60.000469,0.000469,0.000043,0.000000,0.000000,0.000000,1.000000,55.980865,-136.211716,56.010689,-136.657471,55.993248,-136.535278,55.986664,-136.971039,0,1,true,0
522,2026-09-03T09:48:04.32Z,pmu-3,1,1788428884,320000,2026-09-03T09:48:03.2376856Z,-1082.314,60.000496,0.000496,0.000162,0.000000,0.000000,0.000000,1.000000,82.961815,56.988979,82.969269,57.953362,82.998451,58.164143,82.967751,57.482948,0,10,true,0
523,2026-09-03T09:48:04.16Z,pmu-2,1,1788428884,160000,2026-09-03T09:48:03.2376856Z,-922.314,60.008240,0.008240,0.000155,0.000000,0.000000,0.000000,1.000000,58.981995,-115.096512,59.003555,-115.481941,58.997448,-115.466927,58.980549,-115.093658,0,2,true,0
524,2026-09-03T09:48:03.68Z,pmu-1,1,1788428883,680000,2026-09-03T09:48:03.2376856Z,-442.314,59.998631,-0.001369,-0.000008,0.000000,0.000000,0.000000,1.000000,62.009636,-93.856239,62.009636,-94.605118,62.001305,-92.953934,62.006756,-94.015022,0,14,true,0
525,2026-09-03T09:48:03.84Z,pmu-5,1,1788428883,840000,2026-09-03T09:48:03.2519239Z,-588.076,59.990417,-0.009583,-0.000219,0.000000,0.000000,0.000000,1.000000,85.997307,79.622849,86.004265,81.235550,85.961143,79.223679,86.043480,80.600861,0,0,true,0
526,2026-09-03T09:48:03.86Z,pmu-5,1,1788428883,860000,2026-09-03T09:48:03.2525521Z,-607.448,59.998425,-0.001575,0.000160,0.000000,0.000000,0.000000,1.000000,88.994843,101.514633,89.006889,102.263718,88.965027,100.564240,89.044594,101.692291,0,1,true,0
527,2026-09-03T09:48:04.18Z,pmu-2,1,1788428884,180000,2026-09-03T09:48:03.2836839Z,-896.316,59.995480,-0.004520,-0.000255,0.000000,0.000000,0.000000,1.000000,61.978668,-93.695381,62.001854,-94.188622,61.988609,-93.586685,61.977489,-93.520813,0,3,true,0
528,2026-09-03T09:48:03.7Z,pmu-1,1,1788428883,700000,2026-09-03T09:48:03.2836839Z,-416.316,60.004074,0.004074,0.000109,0.000000,0.000000,0.000000,1.000000,65.015022,-71.755737,65.014168,-73.477814,65.001419,-71.663940,65.005417,-71.889763,0,15,true,0
529,2026-09-03T09:48:04.22Z,pmu-4,1,1788428884,220000,2026-09-03T09:48:03.2836839Z,-936.316,59.997044,-0.002956,-0.000138,0.000000,0.000000,0.000000,1.000000,62.022636,-93.351105,62.009644,-92.380058,61.997669,-93.552612,62.010067,-93.481216,0,7,true,0
530,2026-09-03T09:48:04.34Z,pmu-3,1,1788428884,340000,2026-09-03T09:48:03.2836839Z,-1056.316,60.006012,0.006012,0.000110,0.000000,0.000000,0.000000,1.000000,85.963661,78.244041,85.977631,79.820595,85.991234,79.956017,85.971687,78.993225,0,11,true,0
531,2026-09-03T09:48:03.88Z,pmu-5,1,1788428883,880000,2026-09-03T09:48:03.2964128Z,-583.587,60.004345,0.004345,0.000118,0.000000,0.000000,0.000000,1.000000,92.001534,122.557419,92.003510,123.524719,91.973244,121.592926,92.040138,123.229782,0,2,true,0
532,2026-09-03T09:48:03.9Z,pmu-5,1,1788428883,900000,2026-09-03T09:48:03.2964128Z,-603.587,60.009151,0.009151,0.000096,0.000000,0.000000,0.000000,1.000000,95.003891,144.633301,94.994362,145.458405,94.976257,142.950424,95.042305,144.621933,0,3,true,0
533,2026-09-03T09:48:04.24Z,pmu-4,1,1788428884,240000,2026-09-03T09:48:03.3289802Z,-911.020,59.999264,-0.000736,0.000044,0.000000,0.000000,0.000000,1.000000,65.025604,-71.808754,65.014946,-70.338280,65.006577,-72.282204,65.019638,-71.626457,0,8,true,0
534,2026-09-03T09:48:04.26Z,pmu-4,1,1788428884,260000,2026-09-03T09:48:03.3289802Z,-931.020,59.990234,-0.009766,-0.000181,0.000000,0.000000,0.000000,1.000000,68.030426,-49.752045,68.008598,-49.148270,67.998222,-50.825432,68.015053,-50.000839,0,9,true,0
535,2026-09-03T09:48:04.36Z,pmu-3,1,1788428884,360000,2026-09-03T09:48:03.3289802Z,-1031.020,60.000175,0.000175,-0.000117,0.000000,0.000000,0.000000,1.000000,88.962173,100.069588,88.986305,101.140175,88.998764,101.375893,88.966095,100.108887,0,12,true,0
536,2026-09-03T09:48:03.72Z,pmu-1,1,1788428883,720000,2026-09-03T09:48:03.3289802Z,-391.020,60.006283,0.006283,0.000044,0.000000,0.000000,0.000000,1.000000,68.015366,-50.696560,68.013962,-51.316643,67.992958,-50.278477,67.995720,-50.442955,0,0,true,0
537,2026-09-03T09:48:04.2Z,pmu-2,1,1788428884,200000,2026-09-03T09:48:03.3289802Z,-871.020,60.009956,0.009956,0.000290,0.000000,0.000000,0.000000,1.000000,64.971107,-72.091553,65.002655,-72.484001,64.993805,-71.617088,64.968803,-71.794586,0,4,true,0
538,2026-09-03T09:48:04.38Z,pmu-3,1,1788428884,380000,2026-09-03T09:48:03.3289802Z,-1051.020,60.006901,0.006901,0.000135,0.000000,0.000000,0.000000,1.000000,91.969322,121.717690,91.990646,122.889801,92.001839,122.914116,91.960030,121.636856,0,13,true,0
539,2026-09-03T09:48:04.22Z,pmu-2,1,1788428884,220000,2026-09-03T09:48:03.3289802Z,-891.020,60.005955,0.005955,-0.000080,0.000000,0.000000,0.000000,1.000000,67.977264,-50.817265,67.994034,-51.141518,67.992363,-49.826580,67.978714,-50.664864,0,5,true,0
540,2026-09-03T09:48:03.74Z,pmu-1,1,1788428883,740000,2026-09-03T09:48:03.3289802Z,-411.020,60.001083,0.001083,-0.000104,0.000000,0.000000,0.000000,1.000000,71.018013,-28.843346,71.018440,-29.547853,71.000008,-28.118843,71.002731,-29.285748,0,1,true,0
541,2026-09-03T09:48:03.92Z,pmu-5,1,1788428883,920000,2026-09-03T09:48:03.3417992Z,-578.201,60.006653,0.006653,-0.000050,0.000000,0.000000,0.000000,1.000000,98.006897,166.233597,98.004311,167.479340,97.969528,164.956070,98.036819,165.681229,0,4,true,0
542,2026-09-03T09:48:03.94Z,pmu-5,1,1788428883,940000,2026-09-03T09:48:03.3417992Z,-598.201,60.002129,0.002129,-0.000090,0.000000,0.000000,0.000000,1.000000,50.000000,-180.000000,50.000000,-180.000000,50.000000,-180.000000,50.000000,-180.000000,0,5,true,0
543,2026-09-03T09:48:03.76Z,pmu-1,1,1788428883,760000,2026-09-03T09:48:03.3738017Z,-386.198,59.992809,-0.007191,-0.000165,0.000000,0.000000,0.000000,1.000000,74.018845,-7.708451,74.020203,-8.211381,74.003632,-6.591287,74.003029,-7.782006,0,2,true,0
544,2026-09-03T09:48:04.28Z,pmu-4,1,1788428884,280000,2026-09-03T09:48:03.3738017Z,-906.198,59.998676,-0.001324,0.000169,0.000000,0.000000,0.000000,1.000000,71.026276,-28.130552,71.016388,-28.086920,71.005562,-28.881083,71.019981,-28.358053,0,10,true,0
545,2026-09-03T09:48:04.24Z,pmu-2,1,1788428884,240000,2026-09-03T09:48:03.3738017Z,-866.198,59.993835,-0.006165,-0.000242,0.000000,0.000000,0.000000,1.000000,70.986092,-29.152128,70.986710,-29.049795,70.989044,-28.082476,70.978348,-28.680265,0,6,true,0
546,2026-09-03T09:48:04.4Z,pmu-3,1,1788428884,400000,2026-09-03T09:48:03.3738017Z,-1026.198,60.001476,0.001476,-0.000108,0.000000,0.000000,0.000000,1.000000,94.966072,143.774338,94.983315,143.977585,95.011391,145.060394,94.967918,143.567566,0,14,true,0
547,2026-09-03T09:48:03.96Z,pmu-5,1,1788428883,960000,2026-09-03T09:48:03.3877345Z,-572.265,59.998432,-0.001568,-0.000074,0.000000,0.000000,0.000000,1.000000,52.993671,-158.671295,52.998943,-157.934341,52.991695,-158.271011,53.005322,-158.247925,0,6,true,0
548,2026-09-03T09:48:03.98Z,pmu-5,1,1788428883,980000,2026-09-03T09:48:03.3884283Z,-591.572,60.002090,0.002090,0.000073,0.000000,0.000000,0.000000,1.000000,55.996162,-136.619232,56.007477,-135.990494,55.987396,-136.962402,55.996845,-136.541672,0,7,true,0
549,2026-09-03T09:48:04Z,pmu-5,1,1788428884,0,2026-09-03T09:48:03.3884283Z,-611.572,60.007542,0.007542,0.000109,0.000000,0.000000,0.000000,1.000000,58.989525,-114.709053,59.004707,-114.872238,58.979095,-114.929268,58.995434,-114.505585,0,8,true,0
550,2026-09-03T09:48:03.78Z,pmu-1,1,1788428883,780000,2026-09-03T09:48:03.4245621Z,-355.438,60.001251,0.001251,0.000169,0.000000,0.000000,0.000000,1.000000,77.013931,13.720206,77.022713,13.932621,77.013489,14.557737,76.997940,13.710579,0,3,true,0
551,2026-09-03T09:48:03.8Z,pmu-1,1,1788428883,800000,2026-09-03T09:48:03.4245621Z,-375.438,60.001179,0.001179,-0.000001,0.000000,0.000000,0.000000,1.000000,80.019676,35.752823,80.026131,34.988480,80.021446,36.636761,79.996971,35.393234,0,4,true,0
552,2026-09-03T09:48:04.26Z,pmu-2,1,1788428884,260000,2026-09-03T09:48:03.4245621Z,-835.438,59.996166,-0.003834,0.000047,0.000000,0.000000,0.000000,1.000000,73.980400,-7.135143,73.983704,-7.451701,73.994843,-6.779053,73.969444,-6.928540,0,7,true,0
553,2026-09-03T09:48:04.3Z,pmu-4,1,1788428884,300000,2026-09-03T09:48:03.4245621Z,-875.438,60.002022,0.002022,0.000067,0.000000,0.000000,0.000000,1.000000,74.022530,-6.871508,74.009232,-6.602727,73.998749,-7.738249,74.025543,-6.333024,0,11,true,0
554,2026-09-03T09:48:04.42Z,pmu-3,1,1788428884,420000,2026-09-03T09:48:03.4245621Z,-995.438,60.005539,0.005539,0.000081,0.000000,0.000000,0.000000,1.000000,97.960327,165.699768,97.991096,166.101822,98.010529,166.556046,97.973373,165.035110,0,15,true,0
555,2026-09-03T09:48:04.28Z,pmu-2,1,1788428884,280000,2026-09-03T09:48:03.4245621Z,-855.438,59.998970,-0.001030,0.000056,0.000000,0.000000,0.000000,1.000000,76.973251,14.471134,76.973885,14.634459,76.994965,15.155190,76.971260,14.724111,0,8,true,0
556,2026-09-03T09:48:04.32Z,pmu-4,1,1788428884,320000,2026-09-03T09:48:03.4245621Z,-895.438,59.991810,-0.008190,-0.000204,0.000000,0.000000,0.000000,1.000000,77.020668,15.234060,77.002876,15.077724,77.001160,13.507891,77.030678,15.757506,0,12,true,0
557,2026-09-03T09:48:04.44Z,pmu-3,1,1788428884,440000,2026-09-03T09:48:03.4245621Z,-1015.438,60.009205,0.009205,0.000073,0.000000,0.000000,0.000000,1.000000,50.000000,-180.000000,50.000000,-180.000000,50.000000,-180.000000,50.000000,-180.000000,0,0,true,0
558,2026-09-03T09:48:04.02Z,pmu-5,1,1788428884,20000,2026-09-03T09:48:03.4353689Z,-584.631,60.007568,0.007568,0.000001,0.000000,0.000000,0.000000,1.000000,61.986382,-92.657692,61.998268,-93.197273,61.975021,-93.073402,62.001545,-92.829819,0,9,true,0
559,2026-09-03T09:48:04.04Z,pmu-5,1,1788428884,40000,2026-09-03T09:48:03.4353689Z,-604.631,60.007988,0.007988,0.000008,0.000000,0.000000,0.000000,1.000000,64.984650,-70.928841,65.001442,-71.512527,64.981903,-71.040054,65.006836,-71.142479,0,10,true,0
560,2026-09-03T09:48:04.06Z,pmu-5,1,1788428884,60000,2026-09-03T09:48:03.4353689Z,-624.631,59.996277,-0.003723,-0.000234,0.000000,0.000000,0.000000,1.000000,67.979691,-49.197430,67.997414,-49.443359,67.974365,-49.647274,67.998970,-49.830032,0,11,true,0
561,2026-09-03T09:48:04.3Z,pmu-2,1,1788428884,300000,2026-09-03T09:48:03.4656906Z,-834.309,59.992386,-0.007614,-0.000132,0.000000,0.000000,0.000000,1.000000,79.968323,35.525665,79.978951,36.263329,79.989975,36.273930,79.973709,35.882088,0,9,true,0
562,2026-09-03T09:48:04.32Z,pmu-2,1,1788428884,320000,2026-09-03T09:48:03.4656906Z,-854.309,60.000496,0.000496,0.000162,0.000000,0.000000,0.000000,1.000000,82.961815,56.988979,82.969269,57.953362,82.998451,58.164143,82.967751,57.482948,0,10,true,0
563,2026-09-03T09:48:03.82Z,pmu-1,1,1788428883,820000,2026-09-03T09:48:03.4656906Z,-354.309,60.005081,0.005081,0.000078,0.000000,0.000000,0.000000,1.000000,83.016533,57.102516,83.026527,56.099350,83.021233,58.115116,82.999870,57.016018,0,5,true,0
564,2026-09-03T09:48:04.34Z,pmu-4,1,1788428884,340000,2026-09-03T09:48:03.4656906Z,-874.309,60.003571,0.003571,0.000235,0.000000,0.000000,0.000000,1.000000,80.018448,37.377644,79.997635,36.474033,80.007133,34.737804,80.040054,37.785400,0,13,true,0
565,2026-09-03T09:48:04.46Z,pmu-3,1,1788428884,460000,2026-09-03T09:48:03.4656906Z,-994.309,60.004810,0.004810,-0.000088,0.000000,0.000000,0.000000,1.000000,52.994049,-157.835480,52.998817,-158.318985,53.004288,-158.470108,52.993088,-157.933395,0,1,true,0
566,2026-09-03T09:48:03.84Z,pmu-1,1,1788428883,840000,2026-09-03T09:48:03.4656906Z,-374.309,59.991657,-0.008343,-0.000268,0.000000,0.000000,0.000000,1.000000,86.018883,78.997032,86.022591,77.335632,86.024033,79.998924,86.001289,78.695595,0,6,true,0
567,2026-09-03T09:48:04.48Z,pmu-3,1,1788428884,480000,2026-09-03T09:48:03.4656906Z,-1014.309,60.003361,0.003361,-0.000029,0.000000,0.000000,0.000000,1.000000,55.996521,-136.389374,56.007851,-136.337509,56.012768,-136.661942,55.991035,-136.585037,0,2,true,0
568,2026-09-03T09:48:04.36Z,pmu-4,1,1788428884,360000,2026-09-03T09:48:03.4656906Z,-894.309,60.007084,0.007084,0.000070,0.000000,0.000000,0.000000,1.000000,83.021622,58.941151,83.001450,57.633690,82.999641,56.109070,83.044937,59.842606,0,14,true,0
569,2026-09-03T09:48:04.08Z,pmu-5,1,1788428884,80000,2026-09-03T09:48:03.4799494Z,-600.051,59.993313,-0.006687,-0.000059,0.000000,0.000000,0.000000,1.000000,70.980522,-27.178905,70.998894,-27.956964,70.983353,-28.543783,70.997612,-27.976643,0,12,true,0
570,2026-09-03T09:48:04.1Z,pmu-5,1,1788428884,100000,2026-09-03T09:48:03.4799494Z,-620.051,60.005894,0.005894,0.000252,0.000000,0.000000,0.000000,1.000000,73.978523,-5.125550,73.999863,-5.919277,73.978439,-6.589433,74.003044,-5.822569,0,13,true,0
571,2026-09-03T09:48:04.38Z,pmu-4,1,1788428884,380000,2026-09-03T09:48:03.5210379Z,-858.962,60.001148,0.001148,-0.000119,0.000000,0.000000,0.000000,1.000000,86.014626,79.990578,85.993347,79.147781,86.006531,78.119026,86.045204,81.339279,0,15,true,0
572,2026-09-03T09:48:03.86Z,pmu-1,1,1788428883,860000,2026-09-03T09:48:03.5210379Z,-338.962,59.992386,-0.007614,0.000015,0.000000,0.000000,0.000000,1.000000,89.010033,100.755577,89.027565,99.044441,89.031120,101.967438,89.001022,100.177864,0,7,true,0
573,2026-09-03T09:48:04.5Z,pmu-3,1,1788428884,500000,2026-09-03T09:48:03.5210379Z,-978.962,59.996086,-0.003914,-0.000145,0.000000,0.000000,0.000000,1.000000,58.995213,-115.203697,58.998306,-115.027458,59.012840,-115.179146,58.987762,-114.723434,0,3,true,0
574,2026-09-03T09:48:04.34Z,pmu-2,1,1788428884,340000,2026-09-03T09:48:03.5210379Z,-818.962,60.006012,0.006012,0.000110,0.000000,0.000000,0.000000,1.000000,85.963661,78.244041,85.977631,79.820595,85.991234,79.956017,85.971687,78.993225,0,11,true,0
575,2026-09-03T09:48:04.12Z,pmu-5,1,1788428884,120000,2026-09-03T09:48:03.5359622Z,-584.038,60.006557,0.006557,0.000013,0.000000,0.000000,0.000000,1.000000,76.976234,16.696257,76.995377,16.147928,76.977219,15.270215,76.999748,15.639906,0,14,true,0
576,2026-09-03T09:48:04.14Z,pmu-5,1,1788428884,140000,2026-09-03T09:48:03.5359622Z,-604.038,60.005085,0.005085,-0.000029,0.000000,0.000000,0.000000,1.000000,79.974007,37.991146,79.993729,38.087940,79.973969,36.933563,80.005356,36.903393,0,15,true,0
577,2026-09-03T09:48:04.16Z,pmu-5,1,1788428884,160000,2026-09-03T09:48:03.5359622Z,-624.038,59.998028,-0.001972,-0.000141,0.000000,0.000000,0.000000,1.000000,82.966461,59.827438,82.986229,60.053204,82.973488,58.695011,83.001419,58.633678,0,0,true,0
578,2026-09-03T09:48:04.36Z,pmu-2,1,1788428884,360000,2026-09-03T09:48:03.5673367Z,-792.663,60.000175,0.000175,-0.000117,0.000000,0.000000,0.000000,1.000000,88.962173,100.069588,88.986305,101.140175,88.998764,101.375893,88.966095,100.108887,0,12,true,0
579,2026-09-03T09:48:04.38Z,pmu-2,1,1788428884,380000,2026-09-03T09:48:03.5673367Z,-812.663,60.006901,0.006901,0.000135,0.000000,0.000000,0.000000,1.000000,91.969322,121.717690,91.990646,122.889801,92.001839,122.914116,91.960030,121.636856,0,13,true,0
580,2026-09-03T09:48:04.52Z,pmu-3,1,1788428884,520000,2026-09-03T09:48:03.5673367Z,-952.663,59.994930,-0.005070,-0.000023,0.000000,0.000000,0.000000,1.000000,62.001400,-93.713554,62.005432,-93.799438,62.007519,-93.261871,61.980190,-92.951958,0,4,true,0
581,2026-09-03T09:48:03.88Z,pmu-1,1,1788428883,880000,2026-09-03T09:48:03.5673367Z,-312.663,59.993107,-0.006893,0.000014,0.000000,0.000000,0.000000,1.000000,92.010460,122.761612,92.030365,120.361786,92.041000,123.190674,92.008553,121.672623,0,8,true,0
582,2026-09-03T09:48:04.4Z,pmu-4,1,1788428884,400000,2026-09-03T09:48:03.5673367Z,-832.663,60.009720,0.009720,0.000171,0.000000,0.000000,0.000000,1.000000,89.017677,101.433052,88.998871,100.904396,89.001823,99.575661,89.039665,102.920456,0,0,true,0
583,2026-09-03T09:48:04.54Z,pmu-3,1,1788428884,540000,2026-09-03T09:48:03.5673367Z,-972.663,60.008450,0.008450,0.000270,0.000000,0.000000,0.000000,1.000000,64.991516,-72.073357,64.996841,-71.868210,64.997948,-71.771172,64.973946,-70.918816,0,5,true,0
584,2026-09-03T09:48:04.42Z,pmu-4,1,1788428884,420000,2026-09-03T09:48:03.5673367Z,-852.663,59.994690,-0.005310,-0.000301,0.000000,0.000000,0.000000,1.000000,92.026917,122.637894,91.991364,122.363998,92.008339,120.991447,92.040840,124.440636,0,1,true,0
585,2026-09-03T09:48:03.9Z,pmu-1,1,1788428883,900000,2026-09-03T09:48:03.5673367Z,-332.663,59.999279,-0.000721,0.000123,0.000000,0.000000,0.000000,1.000000,95.017471,143.892395,95.028885,141.960785,95.036270,145.343170,95.015358,143.640991,0,9,true,0
586,2026-09-03T09:48:04.18Z,pmu-5,1,1788428884,180000,2026-09-03T09:48:03.5813661Z,-598.634,60.001766,0.001766,0.000075,0.000000,0.000000,0.000000,1.000000,85.958641,81.836555,85.986900,81.769119,85.978661,79.992981,86.010010,80.454575,0,1,true,0
587,2026-09-03T09:48:04.2Z,pmu-5,1,1788428884,200000,2026-09-03T09:48:03.5819778Z,-618.022,60.001831,0.001831,0.000001,0.000000,0.000000,0.000000,1.000000,88.966255,103.579292,88.987015,103.698601,88.976410,102.051308,89.000771,101.580551,0,2,true,0
588,2026-09-03T09:48:04.4Z,pmu-2,1,1788428884,400000,2026-09-03T09:48:03.612536Z,-787.464,60.001476,0.001476,-0.000108,0.000000,0.000000,0.000000,1.000000,94.966072,143.774338,94.983315,143.977585,95.011391,145.060394,94.967918,143.567566,0,14,true,0
589,2026-09-03T09:48:03.92Z,pmu-1,1,1788428883,920000,2026-09-03T09:48:03.612536Z,-307.464,59.993362,-0.006638,-0.000118,0.000000,0.000000,0.000000,1.000000,98.017754,165.997574,98.035133,163.940765,98.030113,166.720871,98.013145,164.839783,0,10,true,0
590,2026-09-03T09:48:04.56Z,pmu-3,1,1788428884,560000,2026-09-03T09:48:03.612536Z,-947.464,59.995415,-0.004585,-0.000261,0.000000,0.000000,0.000000,1.000000,67.982216,-50.213047,68.000839,-49.871925,67.989754,-50.686600,67.971809,-49.512367,0,6,true,0
591,2026-09-03T09:48:04.44Z,pmu-4,1,1788428884,440000,2026-09-03T09:48:03.612536Z,-827.464,60.003010,0.003010,0.000166,0.000000,0.000000,0.000000,1.000000,95.027122,144.682709,94.986397,144.355179,94.998405,142.366501,95.043526,146.039185,0,2,true,0
592,2026-09-03T09:48:04.22Z,pmu-5,1,1788428884,220000,2026-09-03T09:48:03.6319191Z,-588.081,59.999622,-0.000378,-0.000044,0.000000,0.000000,0.000000,1.000000,91.972870,124.698494,91.985512,125.317894,91.980713,124.145752,92.003006,123.088875,0,3,true,0
593,2026-09-03T09:48:04.24Z,pmu-5,1,1788428884,240000,2026-09-03T09:48:03.6319191Z,-608.081,59.990124,-0.009876,-0.000190,0.000000,0.000000,0.000000,1.000000,94.972694,146.832214,94.985611,146.769775,94.977386,146.062881,95.001274,145.075928,0,4,true,0
594,2026-09-03T09:48:04.46Z,pmu-4,1,1788428884,460000,2026-09-03T09:48:03.6627615Z,-797.238,60.006805,0.006805,0.000076,0.000000,0.000000,0.000000,1.000000,98.025085,166.297867,97.979668,166.264908,98.002670,164.024185,98.044624,167.574585,0,3,true,0
595,2026-09-03T09:48:04.48Z,pmu-4,1,1788428884,480000,2026-09-03T09:48:03.6627615Z,-817.238,60.003960,0.003960,-0.000057,0.000000,0.000000,0.000000,1.000000,50.000000,-180.000000,50.000000,-180.000000,50.000000,-180.000000,50.000000,-180.000000,0,4,true,0
596,2026-09-03T09:48:03.94Z,pmu-1,1,1788428883,940000,2026-09-03T09:48:03.6627615Z,-277.238,59.998402,-0.001598,0.000101,0.000000,0.000000,0.000000,1.000000,50.000000,-180.000000,50.000000,-180.000000,50.000000,-180.000000,50.000000,-180.000000,0,11,true,0
597,2026-09-03T09:48:04.42Z,pmu-2,1,1788428884,420000,2026-09-03T09:48:03.6627615Z,-757.239,60.005539,0.005539,0.000081,0.000000,0.000000,0.000000,1.000000,97.960327,165.699768,97.991096,166.101822,98.010529,166.556046,97.973373,165.035110,0,15,true,0
598,2026-09-03T09:48:04.44Z,pmu-2,1,1788428884,440000,2026-09-03T09:48:03.6627615Z,-777.239,60.009205,0.009205,0.000073,0.000000,0.000000,0.000000,1.000000,50.000000,-180.000000,50.000000,-180.000000,50.000000,-180.000000,50.000000,-180.000000,0,0,true,0
599,2026-09-03T09:48:04.58Z,pmu-3,1,1788428884,580000,2026-09-03T09:48:03.6627615Z,-917.238,60.000706,0.000706,0.000106,0.000000,0.000000,0.000000,1.000000,70.984192,-29.060177,70.992149,-28.716011,70.980492,-28.832161,70.971245,-28.155891,0,7,true,0
600,2026-09-03T09:48:04.6Z,pmu-3,1,1788428884,600000,2026-09-03T09:48:03.6627615Z,-937.238,59.999340,-0.000660,-0.000027,0.000000,0.000000,0.000000,1.000000,73.975990,-7.740317,73.986641,-7.282073,73.977844,-7.786584,73.979111,-6.313869,0,8,true,0
601,2026-09-03T09:48:03.96Z,pmu-1,1,1788428883,960000,2026-09-03T09:48:03.6627615Z,-297.239,59.999718,-0.000282,0.000026,0.000000,0.000000,0.000000,1.000000,53.006870,-157.955948,53.009933,-158.939835,53.009148,-158.261108,52.990326,-158.282837,0,12,true,0
602,2026-09-03T09:48:04.26Z,pmu-5,1,1788428884,260000,2026-09-03T09:48:03.6775456Z,-582.454,59.997864,-0.002136,0.000155,0.000000,0.000000,0.000000,1.000000,97.969673,168.518677,97.990494,168.824142,97.968178,167.724762,98.004517,166.218521,0,5,true,0
603,2026-09-03T09:48:04.28Z,pmu-5,1,1788428884,280000,2026-09-03T09:48:03.6775456Z,-602.454,59.998127,-0.001873,0.000005,0.000000,0.000000,0.000000,1.000000,50.000000,-180.000000,50.000000,-180.000000,50.000000,-180.000000,50.000000,-180.000000,0,6,true,0
604,2026-09-03T09:48:04.46Z,pmu-2,1,1788428884,460000,2026-09-03T09:48:03.7088281Z,-751.172,60.004810,0.004810,-0.000088,0.000000,0.000000,0.000000,1.000000,52.994049,-157.835480,52.998817,-158.318985,53.004288,-158.470108,52.993088,-157.933395,0,1,true,0
605,2026-09-03T09:48:04.48Z,pmu-2,1,1788428884,480000,2026-09-03T09:48:03.7088281Z,-771.172,60.003361,0.003361,-0.000029,0.000000,0.000000,0.000000,1.000000,55.996521,-136.389374,56.007851,-136.337509,56.012768,-136.661942,55.991035,-136.585037,0,2,true,0
606,2026-09-03T09:48:04.62Z,pmu-3,1,1788428884,620000,2026-09-03T09:48:03.7088281Z,-911.172,60.001801,0.001801,0.000049,0.000000,0.000000,0.000000,1.000000,76.972481,13.309947,76.980705,13.984071,76.985802,13.327923,76.971893,15.749139,0,9,true,0
607,2026-09-03T09:48:03.98Z,pmu-1,1,1788428883,980000,2026-09-03T09:48:03.7088281Z,-271.172,59.998711,-0.001289,-0.000020,0.000000,0.000000,0.000000,1.000000,56.005165,-135.919037,56.015507,-137.055222,56.015228,-136.735733,55.994385,-136.132523,0,13,true,0
608,2026-09-03T09:48:04.5Z,pmu-4,1,1788428884,500000,2026-09-03T09:48:03.7088281Z,-791.172,60.005604,0.005604,0.000033,0.000000,0.000000,0.000000,1.000000,52.997993,-158.367249,52.991096,-158.231461,53.001820,-158.071915,53.002720,-158.765472,0,5,true,0
609,2026-09-03T09:48:04.64Z,pmu-3,1,1788428884,640000,2026-09-03T09:48:03.7088281Z,-931.172,60.007324,0.007324,0.000110,0.000000,0.000000,0.000000,1.000000,79.975945,35.053246,79.986015,35.199085,79.987930,34.611027,79.973694,37.230778,0,10,true,0
610,2026-09-03T09:48:05Z,pmu-1,1,1788428885,0,2026-09-03T09:48:03.7088281Z,-1291.172,60.005821,0.005821,0.000142,0.000000,0.000000,0.000000,1.000000,58.995975,-114.535065,59.011917,-115.902695,59.021358,-115.411499,59.000923,-114.240463,0,14,true,0
611,2026-09-03T09:48:04.52Z,pmu-4,1,1788428884,520000,2026-09-03T09:48:03.7088281Z,-811.172,60.006081,0.006081,0.000010,0.000000,0.000000,0.000000,1.000000,55.989574,-136.477005,55.981560,-136.411545,56.007992,-136.738068,56.012550,-137.185471,0,6,true,0
612,2026-09-03T09:48:05.02Z,pmu-1,1,1788428885,20000,2026-09-03T09:48:03.7093374Z,-1310.663,59.998562,-0.001438,-0.000145,0.000000,0.000000,0.000000,1.000000,61.999229,-92.457336,62.021557,-94.337997,62.030827,-93.805847,62.006916,-92.479149,0,15,true,0
613,2026-09-03T09:48:04.3Z,pmu-5,1,1788428884,300000,2026-09-03T09:48:03.7230864Z,-576.914,60.000248,0.000248,0.000042,0.000000,0.000000,0.000000,1.000000,52.998753,-158.318466,53.002449,-158.929169,53.000515,-158.832443,52.991024,-158.116653,0,7,true,0
614,2026-09-03T09:48:04.32Z,pmu-5,1,1788428884,320000,2026-09-03T09:48:03.7237624Z,-596.238,59.990402,-0.009598,-0.000197,0.000000,0.000000,0.000000,1.000000,55.995243,-136.919006,56.008297,-137.599060,55.995892,-137.693039,55.982658,-136.151779,0,8,true,0
615,2026-09-03T09:48:04.34Z,pmu-5,1,1788428884,340000,2026-09-03T09:48:03.7237624Z,-616.238,60.005100,0.005100,0.000294,0.000000,0.000000,0.000000,1.000000,58.995178,-115.816772,59.003201,-116.096130,59.003399,-116.374649,58.984936,-114.572876,0,9,true,0
616,2026-09-03T09:48:04.54Z,pmu-4,1,1788428884,540000,2026-09-03T09:48:03.7545016Z,-785.498,59.993279,-0.006721,-0.000256,0.000000,0.000000,0.000000,1.000000,58.999264,-115.318848,58.976841,-115.062019,59.016499,-114.676323,59.010567,-115.406357,0,7,true,0
617,2026-09-03T09:48:05.04Z,pmu-1,1,1788428885,40000,2026-09-03T09:48:03.7545016Z,-1285.498,59.999962,-0.000038,0.000028,0.000000,0.000000,0.000000,1.000000,64.990662,-70.425026,65.019730,-72.533119,65.025406,-72.551003,65.005569,-70.744980,0,0,true,0
618,2026-09-03T09:48:04.5Z,pmu-2,1,1788428884,500000,2026-09-03T09:48:03.7545016Z,-745.498,59.996086,-0.003914,-0.000145,0.000000,0.000000,0.000000,1.000000,58.995213,-115.203697,58.998306,-115.027458,59.012840,-115.179146,58.987762,-114.723434,0,3,true,0
619,2026-09-03T09:48:04.66Z,pmu-3,1,1788428884,660000,2026-09-03T09:48:03.7545016Z,-905.498,60.002968,0.002968,-0.000087,0.000000,0.000000,0.000000,1.000000,82.966530,56.357052,82.984268,57.249645,82.987907,56.713062,82.973732,58.556755,0,11,true,0
620,2026-09-03T09:48:04.36Z,pmu-5,1,1788428884,360000,2026-09-03T09:48:03.7722104Z,-587.790,59.997246,-0.002754,-0.000157,0.000000,0.000000,0.000000,1.000000,62.002605,-94.731888,62.006405,-94.845261,62.002247,-94.826942,61.993050,-93.201614,0,10,true,0
621,2026-09-03T09:48:04.38Z,pmu-5,1,1788428884,380000,2026-09-03T09:48:03.7722104Z,-607.790,59.996006,-0.003994,-0.000025,0.000000,0.000000,0.000000,1.000000,65.000885,-72.863327,65.014755,-73.483086,65.012108,-73.262772,64.987625,-72.069443,0,11,true,0
622,2026-09-03T09:48:04.68Z,pmu-3,1,1788428884,680000,2026-09-03T09:48:03.8033139Z,-876.686,60.004257,0.004257,0.000026,0.000000,0.000000,0.000000,1.000000,85.972763,77.678520,85.983101,78.858543,85.994774,77.767418,85.975044,80.472809,0,12,true,0
623,2026-09-03T09:48:04.56Z,pmu-4,1,1788428884,560000,2026-09-03T09:48:03.8033139Z,-756.686,60.006977,0.006977,0.000274,0.000000,0.000000,0.000000,1.000000,61.998375,-93.989235,61.970749,-93.269447,62.024570,-93.289734,62.007771,-93.634598,0,8,true,0
624,2026-09-03T09:48:04.7Z,pmu-3,1,1788428884,700000,2026-09-03T09:48:03.8033139Z,-896.686,59.992733,-0.007267,-0.000230,0.000000,0.000000,0.000000,1.000000,88.967796,99.022018,88.982048,100.955055,88.991333,98.979294,88.982368,102.087830,0,13,true,0
625,2026-09-03T09:48:05.06Z,pmu-1,1,1788428885,60000,2026-09-03T09:48:03.8033139Z,-1256.686,60.007656,0.007656,0.000154,0.000000,0.000000,0.000000,1.000000,67.982880,-48.364750,68.011513,-51.267746,68.015701,-51.015575,68.009010,-49.334335,0,1,true,0
626,2026-09-03T09:48:04.58Z,pmu-4,1,1788428884,580000,2026-09-03T09:48:03.8033139Z,-776.686,59.995701,-0.004299,-0.000226,0.000000,0.000000,0.000000,1.000000,64.997375,-71.858276,64.979156,-71.364975,65.021431,-72.185654,65.001633,-72.525513,0,9,true,0
627,2026-09-03T09:48:05.08Z,pmu-1,1,1788428885,80000,2026-09-03T09:48:03.8033139Z,-1276.686,59.999477,-0.000523,-0.000164,0.000000,0.000000,0.000000,1.000000,70.983215,-27.056921,71.015045,-29.273596,71.008812,-29.114975,71.016533,-28.302502,0,2,true,0
628,2026-09-03T09:48:04.52Z,pmu-2,1,1788428884,520000,2026-09-03T09:48:03.8033139Z,-716.686,59.994930,-0.005070,-0.000023,0.000000,0.000000,0.000000,1.000000,62.001400,-93.713554,62.005432,-93.799438,62.007519,-93.261871,61.980190,-92.951958,0,4,true,0
629,2026-09-03T09:48:04.54Z,pmu-2,1,1788428884,540000,2026-09-03T09:48:03.8033139Z,-736.686,60.008450,0.008450,0.000270,0.000000,0.000000,0.000000,1.000000,64.991516,-72.073357,64.996841,-71.868210,64.997948,-71.771172,64.973946,-70.918816,0,5,true,0
630,2026-09-03T09:48:04.4Z,pmu-5,1,1788428884,400000,2026-09-03T09:48:03.8180609Z,-581.939,60.006901,0.006901,0.000218,0.000000,0.000000,0.000000,1.000000,67.994080,-51.759205,68.015373,-52.325775,68.006416,-51.983448,67.978317,-50.326462,0,12,true,0
631,2026-09-03T09:48:04.42Z,pmu-5,1,1788428884,420000,2026-09-03T09:48:03.8180609Z,-601.939,59.990505,-0.009495,-0.000328,0.000000,0.000000,0.000000,1.000000,70.997192,-30.444799,71.008263,-30.283543,71.007439,-30.650751,70.975060,-28.836117,0,13,true,0
632,2026-09-03T09:48:04.6Z,pmu-4,1,1788428884,600000,2026-09-03T09:48:03.8486833Z,-751.317,60.004299,0.004299,0.000172,0.000000,0.000000,0.000000,1.000000,68.004486,-49.964600,67.986633,-50.322403,68.023140,-50.803928,68.002769,-51.295319,0,10,true,0
633,2026-09-03T09:48:04.72Z,pmu-3,1,1788428884,720000,2026-09-03T09:48:03.8486833Z,-871.317,60.009731,0.009731,0.000340,0.000000,0.000000,0.000000,1.000000,91.959518,120.307472,91.988098,122.614807,91.985596,120.866989,91.987633,124.019913,0,14,true,0
634,2026-09-03T09:48:05.1Z,pmu-1,1,1788428885,100000,2026-09-03T09:48:03.8486833Z,-1251.317,60.007786,0.007786,0.000166,0.000000,0.000000,0.000000,1.000000,73.973701,-5.430778,74.018066,-7.411501,74.018143,-7.035147,74.019554,-6.170391,0,3,true,0
635,2026-09-03T09:48:04.56Z,pmu-2,1,1788428884,560000,2026-09-03T09:48:03.8486833Z,-711.317,59.995415,-0.004585,-0.000261,0.000000,0.000000,0.000000,1.000000,67.982216,-50.213047,68.000839,-49.871925,67.989754,-50.686600,67.971809,-49.512367,0,6,true,0
636,2026-09-03T09:48:04.44Z,pmu-5,1,1788428884,440000,2026-09-03T09:48:03.8752382Z,-564.762,59.992153,-0.007847,0.000033,0.000000,0.000000,0.000000,1.000000,74.004799,-9.406041,74.001122,-8.959031,74.006317,-8.819080,73.982826,-6.868266,0,14,true,0
637,2026-09-03T09:48:04.46Z,pmu-5,1,1788428884,460000,2026-09-03T09:48:03.8752382Z,-584.762,59.998871,-0.001129,0.000134,0.000000,0.000000,0.000000,1.000000,77.011162,11.690804,76.991447,13.164058,77.015411,12.623251,76.988472,14.497512,0,15,true,0
638,2026-09-03T09:48:04.48Z,pmu-5,1,1788428884,480000,2026-09-03T09:48:03.8752382Z,-604.762,59.995918,-0.004082,-0.000059,0.000000,0.000000,0.000000,1.000000,80.006378,33.117538,79.993927,34.343159,80.007538,33.869007,79.991379,35.674232,0,0,true,0
639,2026-09-03T09:48:04.62Z,pmu-4,1,1788428884,620000,2026-09-03T09:48:03.8930491Z,-726.951,59.993530,-0.006470,-0.000215,0.000000,0.000000,0.000000,1.000000,70.994583,-27.912117,70.990967,-28.301359,71.019470,-29.045630,70.994675,-29.491274,0,11,true,0
640,2026-09-03T09:48:04.64Z,pmu-4,1,1788428884,640000,2026-09-03T09:48:03.8937997Z,-746.200,60.007992,0.007992,0.000289,0.000000,0.000000,0.000000,1.000000,74.003044,-5.957243,73.988365,-6.748764,74.022743,-7.743429,74.001450,-8.282974,0,12,true,0
641,2026-09-03T09:48:04.58Z,pmu-2,1,1788428884,580000,2026-09-03T09:48:03.8937997Z,-686.200,60.000706,0.000706,0.000106,0.000000,0.000000,0.000000,1.000000,70.984192,-29.060177,70.992149,-28.716011,70.980492,-28.832161,70.971245,-28.155891,0,7,true,0
642,2026-09-03T09:48:05.12Z,pmu-1,1,1788428885,120000,2026-09-03T09:48:03.8937997Z,-1226.200,59.993977,-0.006023,-0.000276,0.000000,0.000000,0.000000,1.000000,76.966492,15.948814,77.014885,13.838870,77.021759,14.385502,77.015518,15.084982,0,4,true,0
643,2026-09-03T09:48:04.74Z,pmu-3,1,1788428884,740000,2026-09-03T09:48:03.8937997Z,-846.200,59.990589,-0.009411,-0.000383,0.000000,0.000000,0.000000,1.000000,94.964775,142.442902,94.978577,144.080170,94.983582,142.239120,94.993378,145.273895,0,15,true,0
644,2026-09-03T09:48:04.6Z,pmu-2,1,1788428884,600000,2026-09-03T09:48:03.8937997Z,-706.200,59.999340,-0.000660,-0.000027,0.000000,0.000000,0.000000,1.000000,73.975990,-7.740317,73.986641,-7.282073,73.977844,-7.786584,73.979111,-6.313869,0,8,true,0
645,2026-09-03T09:48:04.76Z,pmu-3,1,1788428884,760000,2026-09-03T09:48:03.8937997Z,-866.200,59.994274,-0.005726,0.000074,0.000000,0.000000,0.000000,1.000000,97.959236,164.602417,97.984329,165.214676,97.989182,164.031464,97.983871,166.931259,0,0,true,0
646,2026-09-03T09:48:05.14Z,pmu-1,1,1788428885,140000,2026-09-03T09:48:03.8937997Z,-1246.200,59.996010,-0.003990,0.000041,0.000000,0.000000,0.000000,1.000000,79.971794,37.530647,80.020401,34.868816,80.017860,35.865463,80.010498,36.472374,0,5,true,0
647,2026-09-03T09:48:04.5Z,pmu-5,1,1788428884,500000,2026-09-03T09:48:03.9243544Z,-575.646,60.004570,0.004570,0.000173,0.000000,0.000000,0.000000,1.000000,83.010696,54.318771,82.999878,56.377838,83.005013,55.806011,82.981598,57.798298,0,1,true,0
648,2026-09-03T09:48:04.52Z,pmu-5,1,1788428884,520000,2026-09-03T09:48:03.9243544Z,-595.646,59.997753,-0.002247,-0.000136,0.000000,0.000000,0.000000,1.000000,86.010323,75.778099,85.991287,78.026886,86.012878,77.808342,85.973770,79.529526,0,2,true,0
649,2026-09-03T09:48:04.62Z,pmu-2,1,1788428884,620000,2026-09-03T09:48:03.9403007Z,-679.699,60.001801,0.001801,0.000049,0.000000,0.000000,0.000000,1.000000,76.972481,13.309947,76.980705,13.984071,76.985802,13.327923,76.971893,15.749139,0,9,true,0
650,2026-09-03T09:48:05.16Z,pmu-1,1,1788428885,160000,2026-09-03T09:48:03.9403007Z,-1219.699,60.004166,0.004166,0.000163,0.000000,0.000000,0.000000,1.000000,82.978699,59.115349,83.018265,56.599838,83.017029,57.832928,83.012177,58.254105,0,6,true,0
651,2026-09-03T09:48:04.78Z,pmu-3,1,1788428884,780000,2026-09-03T09:48:03.9403007Z,-839.699,60.004719,0.004719,0.000209,0.000000,0.000000,0.000000,1.000000,50.000000,-180.000000,50.000000,-180.000000,50.000000,-180.000000,50.000000,-180.000000,0,1,true,0
652,2026-09-03T09:48:04.66Z,pmu-4,1,1788428884,660000,2026-09-03T09:48:03.9403007Z,-719.699,59.990707,-0.009293,-0.000346,0.000000,0.000000,0.000000,1.000000,77.005890,15.727757,76.983345,14.472301,77.017311,13.854212,76.995415,13.484104,0,13,true,0
653,2026-09-03T09:48:04.54Z,pmu-5,1,1788428884,540000,2026-09-03T09:48:03.9720393Z,-567.961,60.009686,0.009686,0.000239,0.000000,0.000000,0.000000,1.000000,89.018089,97.836006,88.990776,99.839668,89.019173,99.723732,88.966003,101.415016,0,3,true,0
654,2026-09-03T09:48:04.56Z,pmu-5,1,1788428884,560000,2026-09-03T09:48:03.9720393Z,-587.961,60.008663,0.008663,-0.000020,0.000000,0.000000,0.000000,1.000000,92.014359,119.998993,91.989998,121.593170,92.021286,120.947281,91.964363,122.935577,0,4,true,0
655,2026-09-03T09:48:04.58Z,pmu-5,1,1788428884,580000,2026-09-03T09:48:03.9720393Z,-607.961,59.999962,-0.000038,-0.000174,0.000000,0.000000,0.000000,1.000000,95.016281,141.650070,94.989426,142.842239,95.022896,143.072510,94.960785,144.518463,0,5,true,0
656,2026-09-03T09:48:04.68Z,pmu-4,1,1788428884,680000,2026-09-03T09:48:03.9878986Z,-692.101,59.996937,-0.003063,0.000125,0.000000,0.000000,0.000000,1.000000,80.000725,37.007893,79.975945,36.383675,80.019356,35.587471,79.990814,35.507069,0,14,true,0
657,2026-09-03T09:48:04.7Z,pmu-4,1,1788428884,700000,2026-09-03T09:48:03.9878986Z,-712.101,60.008282,0.008282,0.000227,0.000000,0.000000,0.000000,1.000000,82.993980,58.755104,82.985893,58.118435,83.016624,57.703987,82.994293,56.678616,0,15,true,0
658,2026-09-03T09:48:05.18Z,pmu-1,1,1788428885,180000,2026-09-03T09:48:03.9878986Z,-1192.101,59.995056,-0.004944,-0.000182,0.000000,0.000000,0.000000,1.000000,85.974243,80.848434,86.025085,78.711983,86.021523,78.916977,86.017921,80.232903,0,7,true,0
659,2026-09-03T09:48:04.64Z,pmu-2,1,1788428884,640000,2026-09-03T09:48:03.9878986Z,-652.101,60.007324,0.007324,0.000110,0.000000,0.000000,0.000000,1.000000,79.975945,35.053246,79.986015,35.199085,79.987930,34.611027,79.973694,37.230778,0,10,true,0
660,2026-09-03T09:48:04.8Z,pmu-3,1,1788428884,800000,2026-09-03T09:48:03.9878986Z,-812.101,60.001904,0.001904,-0.000056,0.000000,0.000000,0.000000,1.000000,53.002991,-157.875946,52.990517,-158.449234,52.998894,-157.916672,52.997372,-158.164062,0,2,true,0
661,2026-09-03T09:48:05.2Z,pmu-1,1,1788428885,200000,2026-09-03T09:48:03.9878986Z,-1212.101,59.990509,-0.009491,-0.000091,0.000000,0.000000,0.000000,1.000000,88.977974,102.848877,89.022255,99.966339,89.020836,100.331856,89.008209,101.721886,0,8,true,0
662,2026-09-03T09:48:04.66Z,pmu-2,1,1788428884,660000,2026-09-03T09:48:03.9878986Z,-672.101,60.002968,0.002968,-0.000087,0.000000,0.000000,0.000000,1.000000,82.966530,56.357052,82.984268,57.249645,82.987907,56.713062,82.973732,58.556755,0,11,true,0
663,2026-09-03T09:48:04.82Z,pmu-3,1,1788428884,820000,2026-09-03T09:48:03.9878986Z,-832.101,60.000740,0.000740,-0.000023,0.000000,0.000000,0.000000,1.000000,56.004795,-135.874939,55.994316,-136.957718,55.998524,-136.161148,55.996346,-136.904999,0,3,true,0
664,2026-09-03T09:48:04.6Z,pmu-5,1,1788428884,600000,2026-09-03T09:48:04.0177027Z,-582.297,59.993217,-0.006783,-0.000135,0.000000,0.000000,0.000000,1.000000,98.025627,162.756119,97.987053,164.086777,98.023148,164.375534,97.954132,166.545334,0,6,true,0
665,2026-09-03T09:48:04.62Z,pmu-5,1,1788428884,620000,2026-09-03T09:48:04.0177027Z,-602.297,60.002625,0.002625,0.000188,0.000000,0.000000,0.000000,1.000000,50.000000,-180.000000,50.000000,-180.000000,50.000000,-180.000000,50.000000,-180.000000,0,7,true,0
666,2026-09-03T09:48:05.22Z,pmu-1,1,1788428885,220000,2026-09-03T09:48:04.0329773Z,-1187.023,59.991428,-0.008572,0.000018,0.000000,0.000000,0.000000,1.000000,91.968674,124.078133,92.028793,121.434204,92.024529,121.887802,92.013466,123.333862,0,9,true,0
667,2026-09-03T09:48:04.84Z,pmu-3,1,1788428884,840000,2026-09-03T09:48:04.0329773Z,-807.023,59.995255,-0.004745,-0.000110,0.000000,0.000000,0.000000,1.000000,59.013214,-113.803154,58.989063,-115.879555,58.991974,-114.572418,58.990372,-115.619827,0,4,true,0
668,2026-09-03T09:48:04.68Z,pmu-2,1,1788428884,680000,2026-09-03T09:48:04.0329773Z,-647.023,60.004257,0.004257,0.000026,0.000000,0.000000,0.000000,1.000000,85.972763,77.678520,85.983101,78.858543,85.994774,77.767418,85.975044,80.472809,0,12,true,0
669,2026-09-03T09:48:04.72Z,pmu-4,1,1788428884,720000,2026-09-03T09:48:04.0329773Z,-687.023,60.002029,0.002029,-0.000125,0.000000,0.000000,0.000000,1.000000,85.996460,80.228386,85.990700,79.228218,86.024483,79.370552,85.994064,78.799606,0,0,true,0
670,2026-09-03T09:48:04.64Z,pmu-5,1,1788428884,640000,2026-09-03T09:48:04.0639461Z,-576.054,59.992855,-0.007145,-0.000195,0.000000,0.000000,0.000000,1.000000,52.993275,-158.813339,53.009880,-158.202988,52.999535,-158.741653,53.003857,-158.277832,0,8,true,0
671,2026-09-03T09:48:04.66Z,pmu-5,1,1788428884,660000,2026-09-03T09:48:04.0639461Z,-596.054,60.003483,0.003483,0.000213,0.000000,0.000000,0.000000,1.000000,55.993305,-137.156876,56.016087,-136.223358,56.009308,-137.454941,55.995720,-137.184662,0,9,true,0
672,2026-09-03T09:48:04.7Z,pmu-2,1,1788428884,700000,2026-09-03T09:48:04.0789151Z,-621.085,59.992733,-0.007267,-0.000230,0.000000,0.000000,0.000000,1.000000,88.967796,99.022018,88.982048,100.955055,88.991333,98.979294,88.982368,102.087830,0,13,true,0
673,2026-09-03T09:48:05.24Z,pmu-1,1,1788428885,240000,2026-09-03T09:48:04.0789151Z,-1161.085,59.994373,-0.005627,0.000059,0.000000,0.000000,0.000000,1.000000,94.962173,145.143478,95.027061,142.833176,95.029739,143.291763,95.015656,145.302902,0,10,true,0
674,2026-09-03T09:48:04.86Z,pmu-3,1,1788428884,860000,2026-09-03T09:48:04.0789151Z,-781.085,60.009937,0.009937,0.000294,0.000000,0.000000,0.000000,1.000000,62.010109,-91.674217,61.994041,-93.854836,61.999725,-93.362511,61.989254,-93.591164,0,5,true,0
675,2026-09-03T09:48:04.74Z,pmu-4,1,1788428884,740000,2026-09-03T09:48:04.0789151Z,-661.085,60.008629,0.008629,0.000132,0.000000,0.000000,0.000000,1.000000,89.005730,101.323692,88.993767,100.404449,89.030418,100.420921,88.986374,100.805855,0,1,true,0
676,2026-09-03T09:48:04.72Z,pmu-2,1,1788428884,720000,2026-09-03T09:48:04.0789151Z,-641.085,60.009731,0.009731,0.000340,0.000000,0.000000,0.000000,1.000000,91.959518,120.307472,91.988098,122.614807,91.985596,120.866989,91.987633,124.019913,0,14,true,0
677,2026-09-03T09:48:05.26Z,pmu-1,1,1788428885,260000,2026-09-03T09:48:04.0789151Z,-1181.085,59.999714,-0.000286,0.000107,0.000000,0.000000,0.000000,1.000000,97.970604,166.989136,98.036545,164.871353,98.037537,164.729065,98.011925,167.012726,0,11,true,0
678,2026-09-03T09:48:04.76Z,pmu-4,1,1788428884,760000,2026-09-03T09:48:04.0789151Z,-681.085,60.002029,0.002029,-0.000132,0.000000,0.000000,0.000000,1.000000,91.997948,122.695930,91.997276,121.577774,92.022163,121.576096,91.991425,122.095039,0,2,true,0
679,2026-09-03T09:48:04.88Z,pmu-3,1,1788428884,880000,2026-09-03T09:48:04.0789151Z,-801.085,60.000935,0.000935,-0.000180,0.000000,0.000000,0.000000,1.000000,65.008942,-69.780548,64.997276,-72.213310,64.992737,-72.257133,64.998390,-71.572052,0,6,true,0
680,2026-09-03T09:48:04.68Z,pmu-5,1,1788428884,680000,2026-09-03T09:48:04.1181964Z,-561.804,60.000214,0.000214,-0.000065,0.000000,0.000000,0.000000,1.000000,58.991760,-115.990547,59.022278,-115.109589,59.018303,-116.081154,58.992100,-115.575134,0,10,true,0
681,2026-09-03T09:48:04.7Z,pmu-5,1,1788428884,700000,2026-09-03T09:48:04.1181964Z,-581.804,60.005112,0.005112,0.000098,0.000000,0.000000,0.000000,1.000000,61.998154,-94.695236,62.020546,-93.323517,62.020748,-94.690582,61.987907,-93.827538,0,11,true,0
682,2026-09-03T09:48:04.9Z,pmu-3,1,1788428884,900000,2026-09-03T09:48:04.1343831Z,-765.617,59.993877,-0.006123,-0.000141,0.000000,0.000000,0.000000,1.000000,68.009300,-48.083553,67.992119,-50.539291,67.988213,-51.158150,68.005661,-49.605217,0,7,true,0
683,2026-09-03T09:48:05.28Z,pmu-1,1,1788428885,280000,2026-09-03T09:48:04.1343831Z,-1145.617,60.001095,0.001095,0.000028,0.000000,0.000000,0.000000,1.000000,50.000000,-180.000000,50.000000,-180.000000,50.000000,-180.000000,50.000000,-180.000000,0,12,true,0
684,2026-09-03T09:48:04.78Z,pmu-4,1,1788428884,780000,2026-09-03T09:48:04.1343831Z,-645.617,60.004303,0.004303,0.000045,0.000000,0.000000,0.000000,1.000000,95.005959,144.608459,94.991577,143.459564,95.018471,143.169998,94.999649,143.967209,0,3,true,0
685,2026-09-03T09:48:04.74Z,pmu-2,1,1788428884,740000,2026-09-03T09:48:04.1343831Z,-605.617,59.990589,-0.009411,-0.000383,0.000000,0.000000,0.000000,1.000000,94.964775,142.442902,94.978577,144.080170,94.983582,142.239120,94.993378,145.273895,0,15,true,0
686,2026-09-03T09:48:04.92Z,pmu-3,1,1788428884,920000,2026-09-03T09:48:04.1343831Z,-785.617,59.997818,-0.002182,0.000079,0.000000,0.000000,0.000000,1.000000,71.007988,-26.485947,70.999718,-29.081924,70.990334,-29.626081,71.003014,-28.048668,0,8,true,0
687,2026-09-03T09:48:05.3Z,pmu-1,1,1788428885,300000,2026-09-03T09:48:04.1343831Z,-1165.617,59.999031,-0.000969,-0.000041,0.000000,0.000000,0.000000,1.000000,53.009636,-158.512527,52.994640,-158.043427,53.001343,-158.328613,52.992283,-158.029999,0,13,true,0
688,2026-09-03T09:48:04.8Z,pmu-4,1,1788428884,800000,2026-09-03T09:48:04.1343831Z,-665.617,59.992016,-0.007984,-0.000246,0.000000,0.000000,0.000000,1.000000,98.008827,166.744736,97.998604,164.717026,98.019432,164.643845,98.007530,166.127151,0,4,true,0
689,2026-09-03T09:48:04.76Z,pmu-2,1,1788428884,760000,2026-09-03T09:48:04.1343831Z,-625.617,59.994274,-0.005726,0.000074,0.000000,0.000000,0.000000,1.000000,97.959236,164.602417,97.984329,165.214676,97.989182,164.031464,97.983871,166.931259,0,0,true,0
690,2026-09-03T09:48:04.72Z,pmu-5,1,1788428884,720000,2026-09-03T09:48:04.1710849Z,-548.915,60.008656,0.008656,0.000071,0.000000,0.000000,0.000000,1.000000,64.994583,-72.949669,65.030220,-72.093353,65.026985,-73.213211,64.978561,-72.300369,0,12,true,0
691,2026-09-03T09:48:04.74Z,pmu-5,1,1788428884,740000,2026-09-03T09:48:04.1715959Z,-568.404,59.993160,-0.006840,-0.000310,0.000000,0.000000,0.000000,1.000000,67.995659,-51.775257,68.039200,-51.026730,68.021584,-52.088978,67.984146,-50.824043,0,13,true,0
692,2026-09-03T09:48:04.76Z,pmu-5,1,1788428884,760000,2026-09-03T09:48:04.1715959Z,-588.404,59.991383,-0.008617,-0.000036,0.000000,0.000000,0.000000,1.000000,71.003822,-30.738142,71.048309,-29.460842,71.017525,-30.058668,70.979813,-29.118725,0,14,true,0
693,2026-09-03T09:48:04.94Z,pmu-3,1,1788428884,940000,2026-09-03T09:48:04.1872283Z,-752.772,60.005600,0.005600,0.000156,0.000000,0.000000,0.000000,1.000000,74.005730,-4.562861,73.995125,-6.936244,73.999535,-7.743214,74.011467,-6.517648,0,9,true,0
694,2026-09-03T09:48:05.32Z,pmu-1,1,1788428885,320000,2026-09-03T09:48:04.1872283Z,-1132.772,59.997250,-0.002750,-0.000036,0.000000,0.000000,0.000000,1.000000,56.012173,-136.527191,55.996559,-136.299820,55.993683,-136.848999,55.995071,-136.347336,0,14,true,0
695,2026-09-03T09:48:04.82Z,pmu-4,1,1788428884,820000,2026-09-03T09:48:04.1872283Z,-632.772,59.994556,-0.005444,0.000051,0.000000,0.000000,0.000000,1.000000,50.000000,-180.000000,50.000000,-180.000000,50.000000,-180.000000,50.000000,-180.000000,0,5,true,0
696,2026-09-03T09:48:04.78Z,pmu-2,1,1788428884,780000,2026-09-03T09:48:04.1872283Z,-592.772,60.004719,0.004719,0.000209,0.000000,0.000000,0.000000,1.000000,50.000000,-180.000000,50.000000,-180.000000,50.000000,-180.000000,50.000000,-180.000000,0,1,true,0
697,2026-09-03T09:48:04.78Z,pmu-5,1,1788428884,780000,2026-09-03T09:48:04.2169472Z,-563.053,60.000042,0.000042,0.000173,0.000000,0.000000,0.000000,1.000000,74.010406,-8.818449,74.057129,-7.970251,74.010353,-8.072844,73.978088,-6.981648,0,15,true,0
698,2026-09-03T09:48:04.8Z,pmu-5,1,1788428884,800000,2026-09-03T09:48:04.2175319Z,-582.468,60.008320,0.008320,0.000166,0.000000,0.000000,0.000000,1.000000,77.009293,12.664030,77.049866,13.543701,77.017021,13.402745,76.973450,14.206860,0,0,true,0
699,2026-09-03T09:48:04.96Z,pmu-3,1,1788428884,960000,2026-09-03T09:48:04.2393666Z,-720.633,59.996834,-0.003166,-0.000175,0.000000,0.000000,0.000000,1.000000,77.007484,17.506407,76.985512,14.452966,77.006157,13.789379,77.003372,15.215472,0,10,true,0
700,2026-09-03T09:48:04.84Z,pmu-4,1,1788428884,840000,2026-09-03T09:48:04.2393666Z,-600.633,60.002926,0.002926,0.000167,0.000000,0.000000,0.000000,1.000000,53.004765,-158.901352,52.991589,-157.910522,52.993637,-158.431381,52.999203,-158.139694,0,6,true,0
701,2026-09-03T09:48:05.34Z,pmu-1,1,1788428885,340000,2026-09-03T09:48:04.2393666Z,-1100.633,59.992592,-0.007408,-0.000093,0.000000,0.000000,0.000000,1.000000,59.016636,-114.857018,58.990906,-115.033325,58.985668,-115.577263,58.997314,-115.044060,0,15,true,0
702,2026-09-03T09:48:04.8Z,pmu-2,1,1788428884,800000,2026-09-03T09:48:04.2393666Z,-560.633,60.001904,0.001904,-0.000056,0.000000,0.000000,0.000000,1.000000,53.002991,-157.875946,52.990517,-158.449234,52.998894,-157.916672,52.997372,-158.164062,0,2,true,0
703,2026-09-03T09:48:04.98Z,pmu-3,1,1788428884,980000,2026-09-03T09:48:04.2393666Z,-740.633,59.993050,-0.006950,-0.000076,0.000000,0.000000,0.000000,1.000000,80.002052,39.660900,79.991447,36.485302,79.998390,35.164288,79.998886,36.909317,0,11,true,0
704,2026-09-03T09:48:04.82Z,pmu-2,1,1788428884,820000,2026-09-03T09:48:04.2393666Z,-580.633,60.000740,0.000740,-0.000023,0.000000,0.000000,0.000000,1.000000,56.004795,-135.874939,55.994316,-136.957718,55.998524,-136.161148,55.996346,-136.904999,0,3,true,0
705,2026-09-03T09:48:05Z,pmu-3,1,1788428885,0,2026-09-03T09:48:04.2393666Z,-760.633,60.005142,0.005142,0.000242,0.000000,0.000000,0.000000,1.000000,82.993469,61.331211,82.981682,58.415977,82.994949,56.808506,83.001259,58.874439,0,12,true,0
706,2026-09-03T09:48:05.36Z,pmu-1,1,1788428885,360000,2026-09-03T09:48:04.2393666Z,-1120.633,59.990513,-0.009487,-0.000042,0.000000,0.000000,0.000000,1.000000,62.022438,-93.047279,61.991192,-93.738083,61.979786,-93.454315,61.999062,-93.848137,0,0,true,0
707,2026-09-03T09:48:04.86Z,pmu-4,1,1788428884,860000,2026-09-03T09:48:04.2393666Z,-620.633,60.008717,0.008717,0.000116,0.000000,0.000000,0.000000,1.000000,56.001080,-137.772781,55.999718,-136.218948,55.985176,-137.286423,55.993488,-137.041489,0,7,true,0
708,2026-09-03T09:48:04.82Z,pmu-5,1,1788428884,820000,2026-09-03T09:48:04.2689033Z,-551.097,60.002304,0.002304,-0.000120,0.000000,0.000000,0.000000,1.000000,80.011780,34.786385,80.052162,34.975613,80.025238,35.493484,79.971138,35.740501,0,1,true,0
709,2026-09-03T09:48:04.84Z,pmu-5,1,1788428884,840000,2026-09-03T09:48:04.2689033Z,-571.097,59.993500,-0.006500,-0.000176,0.000000,0.000000,0.000000,1.000000,83.002785,56.670303,83.060471,56.026264,83.022430,56.840797,82.961357,57.834881,0,2,true,0
710,2026-09-03T09:48:04.86Z,pmu-5,1,1788428884,860000,2026-09-03T09:48:04.2689033Z,-591.097,60.007153,0.007153,0.000273,0.000000,0.000000,0.000000,1.000000,86.006462,77.742317,86.059746,77.426872,86.014641,78.072983,85.968704,79.001289,0,3,true,0
711,2026-09-03T09:48:04.84Z,pmu-2,1,1788428884,840000,2026-09-03T09:48:04.2839517Z,-556.048,59.995255,-0.004745,-0.000110,0.000000,0.000000,0.000000,1.000000,59.013214,-113.803154,58.989063,-115.879555,58.991974,-114.572418,58.990372,-115.619827,0,4,true,0
712,2026-09-03T09:48:05.02Z,pmu-3,1,1788428885,20000,2026-09-03T09:48:04.2839517Z,-736.048,60.005413,0.005413,0.000005,0.000000,0.000000,0.000000,1.000000,85.985756,83.423912,85.988625,80.443665,86.000816,78.846191,86.001083,80.811447,0,13,true,0
713,2026-09-03T09:48:05.38Z,pmu-1,1,1788428885,380000,2026-09-03T09:48:04.2839517Z,-1096.048,59.990639,-0.009361,0.000003,0.000000,0.000000,0.000000,1.000000,65.031960,-71.886536,64.991837,-71.939674,64.982346,-72.233109,64.990799,-71.785728,0,1,true,0
714,2026-09-03T09:48:04.88Z,pmu-4,1,1788428884,880000,2026-09-03T09:48:04.2839517Z,-596.048,59.993366,-0.006634,-0.000307,0.000000,0.000000,0.000000,1.000000,59.009666,-116.481117,59.006310,-114.370766,58.984043,-115.147591,59.001934,-115.606255,0,8,true,0
715,2026-09-03T09:48:04.86Z,pmu-2,1,1788428884,860000,2026-09-03T09:48:04.2839517Z,-576.048,60.009937,0.009937,0.000294,0.000000,0.000000,0.000000,1.000000,62.010109,-91.674217,61.994041,-93.854836,61.999725,-93.362511,61.989254,-93.591164,0,5,true,0
716,2026-09-03T09:48:05.04Z,pmu-3,1,1788428885,40000,2026-09-03T09:48:04.2839517Z,-756.048,60.007900,0.007900,0.000050,0.000000,0.000000,0.000000,1.000000,88.986557,104.557167,88.981697,101.556534,89.005783,100.725288,88.991631,102.793770,0,14,true,0
717,2026-09-03T09:48:05.4Z,pmu-1,1,1788428885,400000,2026-09-03T09:48:04.2839517Z,-1116.048,60.007801,0.007801,0.000343,0.000000,0.000000,0.000000,1.000000,68.022873,-50.386017,67.989517,-50.019279,67.975327,-50.581402,67.988350,-49.771049,0,2,true,0
718,2026-09-03T09:48:04.9Z,pmu-4,1,1788428884,900000,2026-09-03T09:48:04.2839517Z,-616.048,60.006229,0.006229,0.000257,0.000000,0.000000,0.000000,1.000000,62.010223,-94.589294,62.014523,-93.160995,61.983524,-93.362083,61.992260,-94.222603,0,9,true,0
719,2026-09-03T09:48:04.88Z,pmu-5,1,1788428884,880000,2026-09-03T09:48:04.3210076Z,-558.992,59.998917,-0.001083,-0.000165,0.000000,0.000000,0.000000,1.000000,89.006981,99.706955,89.056694,98.660255,89.014542,99.625687,88.971924,100.900238,0,4,true,0
720,2026-09-03T09:48:04.9Z,pmu-5,1,1788428884,900000,2026-09-03T09:48:04.3210076Z,-578.992,60.002438,0.002438,0.000070,0.000000,0.000000,0.000000,1.000000,92.011414,121.450951,92.047997,119.926323,92.015488,121.383118,91.980583,122.360832,0,5,true,0
721,2026-09-03T09:48:05.42Z,pmu-1,1,1788428885,420000,2026-09-03T09:48:04.3363046Z,-1083.695,59.998817,-0.001183,-0.000180,0.000000,0.000000,0.000000,1.000000,71.025543,-28.510210,70.991959,-28.456190,70.965927,-29.392267,70.997238,-27.656179,0,3,true,0
722,2026-09-03T09:48:04.92Z,pmu-4,1,1788428884,920000,2026-09-03T09:48:04.3363046Z,-583.695,59.998230,-0.001770,-0.000160,0.000000,0.000000,0.000000,1.000000,65.001694,-72.948395,65.009010,-71.337723,64.985115,-72.235474,64.986786,-72.182014,0,10,true,0
723,2026-09-03T09:48:04.88Z,pmu-2,1,1788428884,880000,2026-09-03T09:48:04.3363046Z,-543.695,60.000935,0.000935,-0.000180,0.000000,0.000000,0.000000,1.000000,65.008942,-69.780548,64.997276,-72.213310,64.992737,-72.257133,64.998390,-71.572052,0,6,true,0
724,2026-09-03T09:48:05.06Z,pmu-3,1,1788428885,60000,2026-09-03T09:48:04.3363046Z,-723.695,59.995483,-0.004517,-0.000248,0.000000,0.000000,0.000000,1.000000,91.989449,126.344910,91.984413,123.176163,92.000389,122.643684,91.988937,124.588646,0,15,true,0
725,2026-09-03T09:48:04.92Z,pmu-5,1,1788428884,920000,2026-09-03T09:48:04.3656751Z,-554.325,59.999626,-0.000374,-0.000056,0.000000,0.000000,0.000000,1.000000,95.011513,142.919830,95.046844,141.121185,95.018250,142.682343,94.982925,143.553741,0,6,true,0
726,2026-09-03T09:48:04.94Z,pmu-5,1,1788428884,940000,2026-09-03T09:48:04.3656751Z,-574.325,59.990501,-0.009499,-0.000182,0.000000,0.000000,0.000000,1.000000,98.014030,165.056610,98.052574,162.810318,98.020485,164.018814,97.987450,164.875183,0,7,true,0
727,2026-09-03T09:48:04.9Z,pmu-2,1,1788428884,900000,2026-09-03T09:48:04.3814335Z,-518.567,59.993877,-0.006123,-0.000141,0.000000,0.000000,0.000000,1.000000,68.009300,-48.083553,67.992119,-50.539291,67.988213,-51.158150,68.005661,-49.605217,0,7,true,0
728,2026-09-03T09:48:05.44Z,pmu-1,1,1788428885,440000,2026-09-03T09:48:04.3814335Z,-1058.566,60.002785,0.002785,0.000079,0.000000,0.000000,0.000000,1.000000,74.020058,-6.435312,74.001091,-6.846310,73.956795,-7.581790,73.999252,-5.977055,0,4,true,0
729,2026-09-03T09:48:05.08Z,pmu-3,1,1788428885,80000,2026-09-03T09:48:04.3814335Z,-698.567,59.994484,-0.005516,-0.000020,0.000000,0.000000,0.000000,1.000000,94.984375,147.542084,94.986679,144.328445,94.998283,144.020508,94.989120,146.435913,0,0,true,0
730,2026-09-03T09:48:04.94Z,pmu-4,1,1788428884,940000,2026-09-03T09:48:04.3814335Z,-558.567,59.996262,-0.003738,-0.000039,0.000000,0.000000,0.000000,1.000000,68.000961,-51.786114,68.003899,-49.951099,67.994011,-50.110603,67.976913,-50.369400,0,11,true,0
731,2026-09-03T09:48:04.92Z,pmu-2,1,1788428884,920000,2026-09-03T09:48:04.3814335Z,-538.566,59.997818,-0.002182,0.000079,0.000000,0.000000,0.000000,1.000000,71.007988,-26.485947,70.999718,-29.081924,70.990334,-29.626081,71.003014,-28.048668,0,8,true,0
732,2026-09-03T09:48:05.46Z,pmu-1,1,1788428885,460000,2026-09-03T09:48:04.3814335Z,-1078.566,59.995380,-0.004620,-0.000148,0.000000,0.000000,0.000000,1.000000,77.015663,15.091335,76.997604,14.352198,76.957932,13.929399,76.995636,15.750435,0,5,true,0
733,2026-09-03T09:48:04.96Z,pmu-4,1,1788428884,960000,2026-09-03T09:48:04.3814335Z,-578.567,60.000362,0.000362,0.000082,0.000000,0.000000,0.000000,1.000000,71.006027,-30.680492,71.008278,-28.299078,70.990242,-28.704430,70.967064,-28.982395,0,12,true,0
734,2026-09-03T09:48:05.1Z,pmu-3,1,1788428885,100000,2026-09-03T09:48:04.3814335Z,-718.567,60.008015,0.008015,0.000271,0.000000,0.000000,0.000000,1.000000,97.983810,169.407318,97.988106,166.376694,97.998222,165.425308,97.994698,168.487518,0,1,true,0
735,2026-09-03T09:48:04.96Z,pmu-5,1,1788428884,960000,2026-09-03T09:48:04.4126426Z,-547.357,59.997543,-0.002457,0.000141,0.000000,0.000000,0.000000,1.000000,50.000000,-180.000000,50.000000,-180.000000,50.000000,-180.000000,50.000000,-180.000000,0,8,true,0
736,2026-09-03T09:48:04.98Z,pmu-5,1,1788428884,980000,2026-09-03T09:48:04.4126426Z,-567.357,60.007004,0.007004,0.000189,0.000000,0.000000,0.000000,1.000000,53.005566,-158.198761,52.994026,-157.914230,53.002232,-158.046494,52.991291,-158.772614,0,9,true,0
737,2026-09-03T09:48:05Z,pmu-5,1,1788428885,0,2026-09-03T09:48:04.4126426Z,-587.357,59.994671,-0.005329,-0.000247,0.000000,0.000000,0.000000,1.000000,56.000813,-136.070786,55.986122,-136.382446,56.002228,-136.743179,55.985405,-137.670761,0,10,true,0
738,2026-09-03T09:48:05.02Z,pmu-5,1,1788428885,20000,2026-09-03T09:48:04.4126426Z,-607.357,60.008820,0.008820,0.000283,0.000000,0.000000,0.000000,1.000000,59.000282,-114.535530,58.994850,-114.881393,58.997616,-114.645821,58.987263,-116.586510,0,11,true,0
739,2026-09-03T09:48:05.12Z,pmu-3,1,1788428885,120000,2026-09-03T09:48:04.4283561Z,-691.644,60.000732,0.000732,-0.000146,0.000000,0.000000,0.000000,1.000000,50.000000,-180.000000,50.000000,-180.000000,50.000000,-180.000000,50.000000,-180.000000,0,2,true,0
740,2026-09-03T09:48:04.94Z,pmu-2,1,1788428884,940000,2026-09-03T09:48:04.4283561Z,-511.644,60.005600,0.005600,0.000156,0.000000,0.000000,0.000000,1.000000,74.005730,-4.562861,73.995125,-6.936244,73.999535,-7.743214,74.011467,-6.517648,0,9,true,0
741,2026-09-03T09:48:04.98Z,pmu-4,1,1788428884,980000,2026-09-03T09:48:04.4283561Z,-551.644,60.002201,0.002201,0.000037,0.000000,0.000000,0.000000,1.000000,74.005112,-9.175037,74.011505,-6.636881,73.992432,-7.174600,73.970940,-7.914366,0,13,true,0
742,2026-09-03T09:48:05.48Z,pmu-1,1,1788428885,480000,2026-09-03T09:48:04.4283561Z,-1051.644,60.005569,0.005569,0.000204,0.000000,0.000000,0.000000,1.000000,80.010742,37.228935,80.000206,35.454151,79.966782,35.993351,79.992287,36.819199,0,6,true,0
743,2026-09-03T09:48:05Z,pmu-4,1,1788428885,0,2026-09-03T09:48:04.4283561Z,-571.644,60.009510,0.009510,0.000146,0.000000,0.000000,0.000000,1.000000,77.011658,12.243024,77.009476,14.652100,76.998787,13.911440,76.969124,13.911849,0,14,true,0
744,2026-09-03T09:48:05.04Z,pmu-5,1,1788428885,40000,2026-09-03T09:48:04.4585805Z,-581.419,59.998322,-0.001678,-0.000210,0.000000,0.000000,0.000000,1.000000,62.000069,-92.792686,62.003281,-93.173660,61.999722,-92.525627,61.982006,-94.481010,0,12,true,0
745,2026-09-03T09:48:05.06Z,pmu-5,1,1788428885,60000,2026-09-03T09:48:04.4585805Z,-601.419,60.007629,0.007629,0.000186,0.000000,0.000000,0.000000,1.000000,64.993538,-71.322380,65.007401,-71.353775,65.000519,-71.376045,64.989090,-72.855843,0,13,true,0
746,2026-09-03T09:48:05.14Z,pmu-3,1,1788428885,140000,2026-09-03T09:48:04.4733171Z,-666.683,59.993340,-0.006660,-0.000148,0.000000,0.000000,0.000000,1.000000,52.993706,-158.227158,53.006111,-158.532776,52.990402,-158.725082,52.992462,-158.198837,0,3,true,0
747,2026-09-03T09:48:05.02Z,pmu-4,1,1788428885,20000,2026-09-03T09:48:04.4733171Z,-546.683,59.996353,-0.003647,-0.000263,0.000000,0.000000,0.000000,1.000000,80.004189,33.542149,80.004494,36.530945,80.004478,35.434521,79.968063,35.453674,0,15,true,0
748,2026-09-03T09:48:04.96Z,pmu-2,1,1788428884,960000,2026-09-03T09:48:04.4733171Z,-486.683,59.996834,-0.003166,-0.000175,0.000000,0.000000,0.000000,1.000000,77.007484,17.506407,76.985512,14.452966,77.006157,13.789379,77.003372,15.215472,0,10,true,0
749,2026-09-03T09:48:05.16Z,pmu-3,1,1788428885,160000,2026-09-03T09:48:04.4733171Z,-686.683,59.991795,-0.008205,-0.000031,0.000000,0.000000,0.000000,1.000000,55.983978,-136.258041,56.004883,-136.472488,55.982697,-137.339828,55.988728,-136.560883,0,4,true,0
750,2026-09-03T09:48:05.5Z,pmu-1,1,1788428885,500000,2026-09-03T09:48:04.4733171Z,-1026.683,60.009155,0.009155,0.000072,0.000000,0.000000,0.000000,1.000000,83.003189,58.318684,82.994400,56.697876,82.973236,58.079788,82.998695,58.269470,0,7,true,0
751,2026-09-03T09:48:05.04Z,pmu-4,1,1788428885,40000,2026-09-03T09:48:04.4733171Z,-566.683,60.003780,0.003780,0.000149,0.000000,0.000000,0.000000,1.000000,83.004860,55.700626,82.996025,58.423149,83.010849,56.613445,82.967468,56.716671,0,0,true,0
752,2026-09-03T09:48:04.98Z,pmu-2,1,1788428884,980000,2026-09-03T09:48:04.4733171Z,-506.683,59.993050,-0.006950,-0.000076,0.000000,0.000000,0.000000,1.000000,80.002052,39.660900,79.991447,36.485302,79.998390,35.164288,79.998886,36.909317,0,11,true,0
753,2026-09-03T09:48:05.52Z,pmu-1,1,1788428885,520000,2026-09-03T09:48:04.4733171Z,-1046.683,59.992146,-0.007854,-0.000340,0.000000,0.000000,0.000000,1.000000,85.998581,80.232506,85.989067,77.821297,85.963531,79.225533,85.996773,79.577164,0,8,true,0
754,2026-09-03T09:48:06Z,pmu-2,1,1788428886,0,2026-09-03T09:48:04.4733171Z,-1526.683,60.005142,0.005142,0.000242,0.000000,0.000000,0.000000,1.000000,82.993469,61.331211,82.981682,58.415977,82.994949,56.808506,83.001259,58.874439,0,12,true,0
755,2026-09-03T09:48:05.08Z,pmu-5,1,1788428885,80000,2026-09-03T09:48:04.5033898Z,-576.610,60.008743,0.008743,0.000022,0.000000,0.000000,0.000000,1.000000,67.988747,-49.684765,68.005592,-50.133270,68.000565,-49.829987,67.995064,-50.883308,0,14,true,0
756,2026-09-03T09:48:05.1Z,pmu-5,1,1788428885,100000,2026-09-03T09:48:04.5039915Z,-596.009,59.995716,-0.004284,-0.000261,0.000000,0.000000,0.000000,1.000000,70.984718,-27.970392,71.011284,-28.296320,71.007240,-28.211994,70.994476,-29.358686,0,15,true,0
757,2026-09-03T09:48:05.18Z,pmu-3,1,1788428885,180000,2026-09-03T09:48:04.5190624Z,-660.938,59.994286,-0.005714,0.000050,0.000000,0.000000,0.000000,1.000000,58.977291,-114.583778,59.001778,-114.995361,58.983780,-115.236038,58.985798,-115.357330,0,5,true,0
758,2026-09-03T09:48:06.02Z,pmu-2,1,1788428886,20000,2026-09-03T09:48:04.5190624Z,-1500.938,60.005413,0.005413,0.000005,0.000000,0.000000,0.000000,1.000000,85.985756,83.423912,85.988625,80.443665,86.000816,78.846191,86.001083,80.811447,0,13,true,0
759,2026-09-03T09:48:05.06Z,pmu-4,1,1788428885,60000,2026-09-03T09:48:04.5190624Z,-540.938,59.994503,-0.005497,-0.000186,0.000000,0.000000,0.000000,1.000000,86.008804,76.897415,85.988159,79.947914,86.020554,78.625008,85.973824,78.495918,0,1,true,0
760,2026-09-03T09:48:05.54Z,pmu-1,1,1788428885,540000,2026-09-03T09:48:04.5190624Z,-1020.938,59.993500,-0.006500,0.000027,0.000000,0.000000,0.000000,1.000000,88.991692,102.054070,88.980644,99.023270,88.954559,100.851776,88.997452,101.407227,0,9,true,0
761,2026-09-03T09:48:05.12Z,pmu-5,1,1788428885,120000,2026-09-03T09:48:04.5491275Z,-570.873,60.000671,0.000671,0.000099,0.000000,0.000000,0.000000,1.000000,73.982750,-6.213595,74.012901,-6.799153,73.997238,-6.402181,73.988419,-8.003401,0,0,true,0
762,2026-09-03T09:48:05.14Z,pmu-5,1,1788428885,140000,2026-09-03T09:48:04.5491275Z,-590.873,60.004936,0.004936,0.000085,0.000000,0.000000,0.000000,1.000000,76.989609,15.767543,77.013771,14.738091,76.988091,15.441135,76.987450,13.349333,0,1,true,0
763,2026-09-03T09:48:05.08Z,pmu-4,1,1788428885,80000,2026-09-03T09:48:04.5645374Z,-515.463,59.991161,-0.008839,-0.000067,0.000000,0.000000,0.000000,1.000000,89.005417,99.041107,88.984688,101.418114,89.024467,100.567467,88.971230,99.623650,0,2,true,0
764,2026-09-03T09:48:05.56Z,pmu-1,1,1788428885,560000,2026-09-03T09:48:04.5645374Z,-995.463,59.997231,-0.002769,0.000075,0.000000,0.000000,0.000000,1.000000,91.997078,123.212746,91.971504,120.404747,91.959671,122.963501,91.989784,123.361710,0,10,true,0
765,2026-09-03T09:48:05.2Z,pmu-3,1,1788428885,200000,2026-09-03T09:48:04.5645374Z,-635.463,60.009281,0.009281,0.000300,0.000000,0.000000,0.000000,1.000000,61.982758,-93.529282,61.993458,-93.366493,61.984669,-93.849945,61.994530,-94.197403,0,6,true,0
766,2026-09-03T09:48:06.04Z,pmu-2,1,1788428886,40000,2026-09-03T09:48:04.5645374Z,-1475.463,60.007900,0.007900,0.000050,0.000000,0.000000,0.000000,1.000000,88.986557,104.557167,88.981697,101.556534,89.005783,100.725288,88.991631,102.793770,0,14,true,0
767,2026-09-03T09:48:05.1Z,pmu-4,1,1788428885,100000,2026-09-03T09:48:04.5645374Z,-535.463,59.996807,-0.003193,0.000113,0.000000,0.000000,0.000000,1.000000,92.008652,120.648392,91.976875,123.250275,92.029404,121.961403,91.977730,121.382164,0,3,true,0
768,2026-09-03T09:48:05.22Z,pmu-3,1,1788428885,220000,2026-09-03T09:48:04.5645374Z,-655.463,59.990551,-0.009449,-0.000375,0.000000,0.000000,0.000000,1.000000,64.988930,-71.784592,64.984245,-71.516113,64.975365,-72.817032,65.001854,-72.120125,0,7,true,0
769,2026-09-03T09:48:06.06Z,pmu-2,1,1788428886,60000,2026-09-03T09:48:04.5645374Z,-1495.463,59.995483,-0.004517,-0.000248,0.000000,0.000000,0.000000,1.000000,91.989449,126.344910,91.984413,123.176163,92.000389,122.643684,91.988937,124.588646,0,15,true,0
770,2026-09-03T09:48:05.58Z,pmu-1,1,1788428885,580000,2026-09-03T09:48:04.5645374Z,-1015.463,59.996799,-0.003201,-0.000009,0.000000,0.000000,0.000000,1.000000,94.997421,145.252502,94.963379,142.466568,94.969284,144.312836,94.989441,145.000412,0,11,true,0
771,2026-09-03T09:48:05.16Z,pmu-5,1,1788428885,160000,2026-09-03T09:48:04.5943837Z,-565.616,60.002625,0.002625,-0.000046,0.000000,0.000000,0.000000,1.000000,79.985229,37.223232,80.011070,36.297962,79.984909,37.317009,79.979324,34.903435,0,2,true,0
772,2026-09-03T09:48:05.18Z,pmu-5,1,1788428885,180000,2026-09-03T09:48:04.5943837Z,-585.616,60.006519,0.006519,0.000078,0.000000,0.000000,0.000000,1.000000,82.988777,58.778347,83.006363,58.089626,82.990952,58.791931,82.985634,56.870094,0,3,true,0
773,2026-09-03T09:48:05.12Z,pmu-4,1,1788428885,120000,2026-09-03T09:48:04.6101757Z,-509.824,59.999100,-0.000900,0.000046,0.000000,0.000000,0.000000,1.000000,95.013298,142.011032,94.967896,144.496796,95.034386,144.118790,94.974335,143.433563,0,4,true,0
774,2026-09-03T09:48:05.6Z,pmu-1,1,1788428885,600000,2026-09-03T09:48:04.6101757Z,-989.824,59.998367,-0.001633,0.000031,0.000000,0.000000,0.000000,1.000000,97.991661,167.001572,97.962227,164.359756,97.977379,165.483612,97.980843,166.370178,0,12,true,0
775,2026-09-03T09:48:06.08Z,pmu-2,1,1788428886,80000,2026-09-03T09:48:04.6101757Z,-1469.824,59.994484,-0.005516,-0.000020,0.000000,0.000000,0.000000,1.000000,94.984375,147.542084,94.986679,144.328445,94.998283,144.020508,94.989120,146.435913,0,0,true,0
776,2026-09-03T09:48:05.24Z,pmu-3,1,1788428885,240000,2026-09-03T09:48:04.6101757Z,-629.824,60.008778,0.008778,0.000365,0.000000,0.000000,0.000000,1.000000,67.979202,-49.971176,67.982758,-50.370060,67.975418,-50.998997,68.009384,-50.027706,0,8,true,0
777,2026-09-03T09:48:05.2Z,pmu-5,1,1788428885,200000,2026-09-03T09:48:04.6400321Z,-559.968,59.998119,-0.001881,-0.000168,0.000000,0.000000,0.000000,1.000000,85.981056,80.904617,86.008934,79.786865,85.984718,79.875275,85.986877,78.800285,0,4,true,0
778,2026-09-03T09:48:05.22Z,pmu-5,1,1788428885,220000,2026-09-03T09:48:04.6400321Z,-579.968,60.005688,0.005688,0.000151,0.000000,0.000000,0.000000,1.000000,88.977364,102.096687,89.012337,100.929489,88.985916,101.273895,88.989525,100.081848,0,5,true,0
779,2026-09-03T09:48:05.24Z,pmu-5,1,1788428885,240000,2026-09-03T09:48:04.6400321Z,-599.968,59.999786,-0.000214,-0.000118,0.000000,0.000000,0.000000,1.000000,91.979172,124.174850,92.011177,122.312088,91.983650,123.372536,91.984833,121.543625,0,6,true,0
780,2026-09-03T09:48:05.14Z,pmu-4,1,1788428885,140000,2026-09-03T09:48:04.6550233Z,-484.977,59.997684,-0.002316,-0.000028,0.000000,0.000000,0.000000,1.000000,98.015366,164.183395,97.961800,165.657669,98.039993,166.044922,97.979279,165.103912,0,5,true,0
781,2026-09-03T09:48:05.16Z,pmu-4,1,1788428885,160000,2026-09-03T09:48:04.6550233Z,-504.977,59.996784,-0.003216,-0.000018,0.000000,0.000000,0.000000,1.000000,50.000000,-180.000000,50.000000,-180.000000,50.000000,-180.000000,50.000000,-180.000000,0,6,true,0
782,2026-09-03T09:48:05.26Z,pmu-3,1,1788428885,260000,2026-09-03T09:48:04.6550233Z,-604.977,59.995411,-0.004589,-0.000267,0.000000,0.000000,0.000000,1.000000,70.977539,-27.826021,70.981995,-28.885553,70.972260,-29.432692,71.000130,-27.997572,0,9,true,0
783,2026-09-03T09:48:05.62Z,pmu-1,1,1788428885,620000,2026-09-03T09:48:04.6550233Z,-964.977,60.005329,0.005329,0.000139,0.000000,0.000000,0.000000,1.000000,50.000000,-180.000000,50.000000,-180.000000,50.000000,-180.000000,50.000000,-180.000000,0,13,true,0
784,2026-09-03T09:48:06.1Z,pmu-2,1,1788428886,100000,2026-09-03T09:48:04.6550233Z,-1444.977,60.008015,0.008015,0.000271,0.000000,0.000000,0.000000,1.000000,97.983810,169.407318,97.988106,166.376694,97.998222,165.425308,97.994698,168.487518,0,1,true,0
785,2026-09-03T09:48:05.64Z,pmu-1,1,1788428885,640000,2026-09-03T09:48:04.6550233Z,-984.977,59.999477,-0.000523,-0.000117,0.000000,0.000000,0.000000,1.000000,52.999176,-158.079605,52.994534,-158.234070,53.000198,-157.941086,52.999561,-158.926025,0,14,true,0
786,2026-09-03T09:48:06.12Z,pmu-2,1,1788428886,120000,2026-09-03T09:48:04.6550233Z,-1464.977,60.000732,0.000732,-0.000146,0.000000,0.000000,0.000000,1.000000,50.000000,-180.000000,50.000000,-180.000000,50.000000,-180.000000,50.000000,-180.000000,0,2,true,0
787,2026-09-03T09:48:05.28Z,pmu-3,1,1788428885,280000,2026-09-03T09:48:04.6550233Z,-624.977,59.997272,-0.002728,0.000037,0.000000,0.000000,0.000000,1.000000,73.969017,-6.241671,73.989197,-7.856062,73.973610,-7.584270,74.006477,-6.593465,0,10,true,0
788,2026-09-03T09:48:05.26Z,pmu-5,1,1788428885,260000,2026-09-03T09:48:04.6862512Z,-573.749,59.998711,-0.001289,-0.000022,0.000000,0.000000,0.000000,1.000000,94.981163,145.868347,95.016846,144.461746,94.987083,145.069244,94.987030,142.854996,0,7,true,0
789,2026-09-03T09:48:05.28Z,pmu-5,1,1788428885,280000,2026-09-03T09:48:04.6862512Z,-593.749,59.997078,-0.002922,-0.000033,0.000000,0.000000,0.000000,1.000000,97.990059,167.192291,98.019196,165.838577,97.994789,166.298035,97.984299,164.901672,0,8,true,0
790,2026-09-03T09:48:06.14Z,pmu-2,1,1788428886,140000,2026-09-03T09:48:04.7087238Z,-1431.276,59.993340,-0.006660,-0.000148,0.000000,0.000000,0.000000,1.000000,52.993706,-158.227158,53.006111,-158.532776,52.990402,-158.725082,52.992462,-158.198837,0,3,true,0
791,2026-09-03T09:48:05.66Z,pmu-1,1,1788428885,660000,2026-09-03T09:48:04.7087238Z,-951.276,60.006458,0.006458,0.000140,0.000000,0.000000,0.000000,1.000000,55.997963,-136.768738,55.989143,-136.912048,55.996922,-136.524246,55.996655,-136.868027,0,15,true,0
792,2026-09-03T09:48:05.3Z,pmu-3,1,1788428885,300000,2026-09-03T09:48:04.7087238Z,-591.276,59.992573,-0.007427,-0.000094,0.000000,0.000000,0.000000,1.000000,76.967743,14.818594,76.980957,13.719266,76.980659,14.567636,77.011459,14.760597,0,11,true,0
793,2026-09-03T09:48:06.16Z,pmu-2,1,1788428886,160000,2026-09-03T09:48:04.7087238Z,-1451.276,59.991795,-0.008205,-0.000031,0.000000,0.000000,0.000000,1.000000,55.983978,-136.258041,56.004883,-136.472488,55.982697,-137.339828,55.988728,-136.560883,0,4,true,0
794,2026-09-03T09:48:05.18Z,pmu-4,1,1788428885,180000,2026-09-03T09:48:04.7087238Z,-471.276,59.991150,-0.008850,-0.000113,0.000000,0.000000,0.000000,1.000000,53.009998,-158.939255,52.993412,-158.491684,52.992241,-158.206207,52.999577,-158.280594,0,7,true,0
795,2026-09-03T09:48:05.2Z,pmu-4,1,1788428885,200000,2026-09-03T09:48:04.7087238Z,-491.276,59.994644,-0.005356,0.000070,0.000000,0.000000,0.000000,1.000000,56.000931,-137.467545,55.996674,-136.874985,55.983814,-137.053726,56.001328,-136.347229,0,8,true,0
796,2026-09-03T09:48:05.68Z,pmu-1,1,1788428885,680000,2026-09-03T09:48:04.7087238Z,-971.276,59.995770,-0.004230,-0.000214,0.000000,0.000000,0.000000,1.000000,59.006172,-114.938599,58.998196,-115.100136,58.999763,-115.321968,58.997265,-115.241753,0,0,true,0
797,2026-09-03T09:48:05.32Z,pmu-3,1,1788428885,320000,2026-09-03T09:48:04.7087238Z,-611.276,60.001801,0.001801,0.000185,0.000000,0.000000,0.000000,1.000000,79.969025,36.985783,79.984070,34.780510,79.990059,36.666698,80.011993,36.914146,0,12,true,0
798,2026-09-03T09:48:05.3Z,pmu-5,1,1788428885,300000,2026-09-03T09:48:04.7312144Z,-568.786,60.008186,0.008186,0.000222,0.000000,0.000000,0.000000,1.000000,50.000000,-180.000000,50.000000,-180.000000,50.000000,-180.000000,50.000000,-180.000000,0,9,true,0
799,2026-09-03T09:48:05.32Z,pmu-5,1,1788428885,320000,2026-09-03T09:48:04.7312144Z,-588.786,60.009296,0.009296,0.000022,0.000000,0.000000,0.000000,1.000000,52.996029,-158.339569,52.998329,-157.946198,52.995735,-157.934296,53.000610,-158.347656,0,10,true,0
800,2026-09-03T09:48:05.22Z,pmu-4,1,1788428885,220000,2026-09-03T09:48:04.7616926Z,-458.307,59.996067,-0.003933,0.000028,0.000000,0.000000,0.000000,1.000000,58.994743,-116.190094,58.990330,-115.469154,58.990601,-115.842110,59.001888,-115.066925,0,9,true,0
801,2026-09-03T09:48:05.7Z,pmu-1,1,1788428885,700000,2026-09-03T09:48:04.7616926Z,-938.307,59.997238,-0.002762,0.000029,0.000000,0.000000,0.000000,1.000000,61.999699,-93.783424,62.006069,-93.368027,61.998989,-93.203911,62.000046,-93.608192,0,1,true,0
802,2026-09-03T09:48:05.34Z,pmu-3,1,1788428885,340000,2026-09-03T09:48:04.7616926Z,-578.307,60.003555,0.003555,0.000035,0.000000,0.000000,0.000000,1.000000,82.978111,58.095108,82.988358,56.552799,82.982170,57.736691,83.020897,58.518364,0,13,true,0
803,2026-09-03T09:48:06.18Z,pmu-2,1,1788428886,180000,2026-09-03T09:48:04.7623109Z,-1417.689,59.994286,-0.005714,0.000050,0.000000,0.000000,0.000000,1.000000,58.977291,-114.583778,59.001778,-114.995361,58.983780,-115.236038,58.985798,-115.357330,0,5,true,0
804,2026-09-03T09:48:05.34Z,pmu-5,1,1788428885,340000,2026-09-03T09:48:04.7795038Z,-560.496,60.002769,0.002769,-0.000131,0.000000,0.000000,0.000000,1.000000,55.998753,-136.253098,56.006794,-136.828079,56.004082,-136.661438,56.006672,-136.806015,0,11,true,0
805,2026-09-03T09:48:05.36Z,pmu-5,1,1788428885,360000,2026-09-03T09:48:04.7795038Z,-580.496,60.004990,0.004990,0.000044,0.000000,0.000000,0.000000,1.000000,59.001549,-114.539284,59.001854,-115.105705,58.995491,-115.119339,59.014565,-115.071777,0,12,true,0
806,2026-09-03T09:48:05.36Z,pmu-3,1,1788428885,360000,2026-09-03T09:48:04.8039086Z,-556.091,59.998440,-0.001560,-0.000102,0.000000,0.000000,0.000000,1.000000,85.984642,79.506950,85.985237,78.574226,85.978134,79.368423,86.015686,79.811577,0,14,true,0
807,2026-09-03T09:48:05.24Z,pmu-4,1,1788428885,240000,2026-09-03T09:48:04.8039086Z,-436.091,60.006485,0.006485,0.000208,0.000000,0.000000,0.000000,1.000000,62.003006,-94.386475,61.990158,-93.707535,61.990040,-94.264862,62.001118,-94.032326,0,10,true,0
808,2026-09-03T09:48:06.2Z,pmu-2,1,1788428886,200000,2026-09-03T09:48:04.8039086Z,-1396.091,60.009281,0.009281,0.000300,0.000000,0.000000,0.000000,1.000000,61.982758,-93.529282,61.993458,-93.366493,61.984669,-93.849945,61.994530,-94.197403,0,6,true,0
809,2026-09-03T09:48:05.72Z,pmu-1,1,1788428885,720000,2026-09-03T09:48:04.8039086Z,-916.091,60.006516,0.006516,0.000186,0.000000,0.000000,0.000000,1.000000,64.991653,-72.286041,65.011650,-72.239540,64.999451,-71.694611,65.005730,-72.393356,0,2,true,0
810,2026-09-03T09:48:05.38Z,pmu-3,1,1788428885,380000,2026-09-03T09:48:04.8039086Z,-576.091,59.995930,-0.004070,-0.000050,0.000000,0.000000,0.000000,1.000000,88.991707,101.375160,88.976440,100.404175,88.975700,101.426880,89.017830,100.947556,0,15,true,0
811,2026-09-03T09:48:05.26Z,pmu-4,1,1788428885,260000,2026-09-03T09:48:04.8039086Z,-456.091,60.006332,0.006332,-0.000003,0.000000,0.000000,0.000000,1.000000,65.001198,-73.300781,64.995117,-72.092125,64.987305,-72.151115,65.002647,-72.097702,0,11,true,0
812,2026-09-03T09:48:06.22Z,pmu-2,1,1788428886,220000,2026-09-03T09:48:04.8039086Z,-1416.091,59.990551,-0.009449,-0.000375,0.000000,0.000000,0.000000,1.000000,64.988930,-71.784592,64.984245,-71.516113,64.975365,-72.817032,65.001854,-72.120125,0,7,true,0
813,2026-09-03T09:48:05.74Z,pmu-1,1,1788428885,740000,2026-09-03T09:48:04.8039086Z,-936.091,59.992634,-0.007366,-0.000278,0.000000,0.000000,0.000000,1.000000,68.000366,-50.356350,68.019577,-50.109699,67.993073,-49.949879,68.011414,-50.814701,0,3,true,0
814,2026-09-03T09:48:05.38Z,pmu-5,1,1788428885,380000,2026-09-03T09:48:04.833237Z,-546.763,60.007790,0.007790,0.000056,0.000000,0.000000,0.000000,1.000000,62.005718,-92.896561,62.002945,-94.041565,61.986813,-93.892227,62.022919,-93.391220,0,13,true,0
815,2026-09-03T09:48:05.4Z,pmu-5,1,1788428885,400000,2026-09-03T09:48:04.833237Z,-566.763,59.993988,-0.006012,-0.000276,0.000000,0.000000,0.000000,1.000000,65.014015,-70.873421,64.993828,-72.488159,64.988678,-72.231499,65.026833,-71.555428,0,14,true,0
816,2026-09-03T09:48:05.42Z,pmu-5,1,1788428885,420000,2026-09-03T09:48:04.833237Z,-586.763,59.990318,-0.009682,-0.000073,0.000000,0.000000,0.000000,1.000000,68.013077,-49.059765,67.984245,-50.559761,67.984367,-50.079277,68.035965,-50.214340,0,15,true,0
817,2026-09-03T09:48:05.28Z,pmu-4,1,1788428885,280000,2026-09-03T09:48:04.8511039Z,-428.896,59.999107,-0.000893,-0.000145,0.000000,0.000000,0.000000,1.000000,68.003517,-52.238842,67.995232,-49.951588,67.980400,-50.369698,68.001442,-50.973087,0,12,true,0
818,2026-09-03T09:48:05.4Z,pmu-3,1,1788428885,400000,2026-09-03T09:48:04.8530306Z,-546.969,60.002003,0.002003,0.000121,0.000000,0.000000,0.000000,1.000000,91.983810,123.191521,91.977943,122.095329,91.984940,123.450439,92.008171,122.249962,0,0,true,0
819,2026-09-03T09:48:05.76Z,pmu-1,1,1788428885,760000,2026-09-03T09:48:04.8530306Z,-906.969,59.995335,-0.004665,0.000054,0.000000,0.000000,0.000000,1.000000,71.004311,-29.085762,71.026917,-28.065296,70.985428,-28.341295,71.005608,-29.390732,0,4,true,0
820,2026-09-03T09:48:06.24Z,pmu-2,1,1788428886,240000,2026-09-03T09:48:04.8530306Z,-1386.969,60.008778,0.008778,0.000365,0.000000,0.000000,0.000000,1.000000,67.979202,-49.971176,67.982758,-50.370060,67.975418,-50.998997,68.009384,-50.027706,0,8,true,0
821,2026-09-03T09:48:05.44Z,pmu-5,1,1788428885,440000,2026-09-03T09:48:04.8848758Z,-555.124,59.997135,-0.002865,0.000136,0.000000,0.000000,0.000000,1.000000,71.014923,-27.282719,70.984512,-28.515499,70.979874,-28.447365,71.043221,-28.045542,0,0,true,0
822,2026-09-03T09:48:05.46Z,pmu-5,1,1788428885,460000,2026-09-03T09:48:04.8848758Z,-575.124,60.004429,0.004429,0.000146,0.000000,0.000000,0.000000,1.000000,74.011757,-5.717603,73.992119,-7.079952,73.972290,-7.206471,74.049385,-6.971672,0,1,true,0
823,2026-09-03T09:48:05.42Z,pmu-3,1,1788428885,420000,2026-09-03T09:48:04.899656Z,-520.344,60.007008,0.007008,0.000100,0.000000,0.000000,0.000000,1.000000,94.975670,144.980743,94.975159,143.202026,94.989655,144.649750,95.015038,144.343079,0,1,true,0
824,2026-09-03T09:48:06.26Z,pmu-2,1,1788428886,260000,2026-09-03T09:48:04.9002596Z,-1359.740,59.995411,-0.004589,-0.000267,0.000000,0.000000,0.000000,1.000000,70.977539,-27.826021,70.981995,-28.885553,70.972260,-29.432692,71.000130,-27.997572,0,9,true,0
825,2026-09-03T09:48:05.78Z,pmu-1,1,1788428885,780000,2026-09-03T09:48:04.9002596Z,-879.740,59.996426,-0.003574,0.000022,0.000000,0.000000,0.000000,1.000000,74.003288,-7.428007,74.019485,-6.773623,73.985268,-6.938517,74.003868,-7.698947,0,5,true,0
826,2026-09-03T09:48:05.3Z,pmu-4,1,1788428885,300000,2026-09-03T09:48:04.9002596Z,-399.740,60.001152,0.001152,0.000041,0.000000,0.000000,0.000000,1.000000,71.001862,-30.271061,70.987976,-28.831417,70.986389,-29.318909,71.004379,-29.588669,0,13,true,0
827,2026-09-03T09:48:05.44Z,pmu-3,1,1788428885,440000,2026-09-03T09:48:04.9002596Z,-539.740,59.998859,-0.001141,-0.000163,0.000000,0.000000,0.000000,1.000000,97.982826,166.103745,97.981331,165.182968,97.991638,166.231094,98.017525,165.443848,0,2,true,0
828,2026-09-03T09:48:05.8Z,pmu-1,1,1788428885,800000,2026-09-03T09:48:04.9002596Z,-899.740,59.996620,-0.003380,0.000004,0.000000,0.000000,0.000000,1.000000,76.999306,13.659713,77.017937,14.286992,76.984543,14.778482,76.997360,14.013504,0,6,true,0
829,2026-09-03T09:48:05.32Z,pmu-4,1,1788428885,320000,2026-09-03T09:48:04.9002596Z,-419.740,60.009403,0.009403,0.000165,0.000000,0.000000,0.000000,1.000000,73.998299,-8.869192,73.989769,-6.743160,73.988594,-7.363088,73.995193,-7.739408,0,14,true,0
830,2026-09-03T09:48:06.28Z,pmu-2,1,1788428886,280000,2026-09-03T09:48:04.9002596Z,-1379.740,59.997272,-0.002728,0.000037,0.000000,0.000000,0.000000,1.000000,73.969017,-6.241671,73.989197,-7.856062,73.973610,-7.584270,74.006477,-6.593465,0,10,true,0
831,2026-09-03T09:48:05.48Z,pmu-5,1,1788428885,480000,2026-09-03T09:48:04.9370778Z,-542.922,60.008312,0.008312,0.000078,0.000000,0.000000,0.000000,1.000000,77.002190,15.803729,76.983208,14.162726,76.980080,14.159902,77.047523,14.650799,0,2,true,0
832,2026-09-03T09:48:05.5Z,pmu-5,1,1788428885,500000,2026-09-03T09:48:04.9370778Z,-562.922,59.996456,-0.003544,-0.000237,0.000000,0.000000,0.000000,1.000000,79.997650,37.169506,79.987656,35.207008,79.980064,35.670986,80.046440,36.214516,0,3,true,0
833,2026-09-03T09:48:05.52Z,pmu-5,1,1788428885,520000,2026-09-03T09:48:04.9370778Z,-582.922,60.001583,0.001583,0.000103,0.000000,0.000000,0.000000,1.000000,82.997932,58.853985,82.990173,57.210114,82.978394,57.521683,83.044724,58.219193,0,4,true,0
834,2026-09-03T09:48:05.82Z,pmu-1,1,1788428885,820000,2026-09-03T09:48:04.9524593Z,-867.541,59.993938,-0.006062,-0.000054,0.000000,0.000000,0.000000,1.000000,79.997253,35.128830,80.017624,36.206753,79.977570,36.700661,80.006165,35.663567,0,7,true,0
835,2026-09-03T09:48:06.3Z,pmu-2,1,1788428886,300000,2026-09-03T09:48:04.9524593Z,-1347.541,59.992573,-0.007427,-0.000094,0.000000,0.000000,0.000000,1.000000,76.967743,14.818594,76.980957,13.719266,76.980659,14.567636,77.011459,14.760597,0,11,true,0
836,2026-09-03T09:48:05.34Z,pmu-4,1,1788428885,340000,2026-09-03T09:48:04.9524593Z,-387.541,59.997753,-0.002247,-0.000233,0.000000,0.000000,0.000000,1.000000,76.990387,12.732855,76.985565,15.249660,76.980042,14.527824,76.997383,14.021758,0,15,true,0
837,2026-09-03T09:48:05.84Z,pmu-1,1,1788428885,840000,2026-09-03T09:48:04.9524593Z,-887.541,60.009258,0.009258,0.000306,0.000000,0.000000,0.000000,1.000000,83.001312,56.499645,83.023796,58.090466,82.967911,58.656441,83.001183,56.728973,0,8,true,0
838,2026-09-03T09:48:05.46Z,pmu-3,1,1788428885,460000,2026-09-03T09:48:04.9524593Z,-507.541,59.994476,-0.005524,-0.000088,0.000000,0.000000,0.000000,1.000000,50.000000,-180.000000,50.000000,-180.000000,50.000000,-180.000000,50.000000,-180.000000,0,3,true,0
839,2026-09-03T09:48:06.32Z,pmu-2,1,1788428886,320000,2026-09-03T09:48:04.9524593Z,-1367.541,60.001801,0.001801,0.000185,0.000000,0.000000,0.000000,1.000000,79.969025,36.985783,79.984070,34.780510,79.990059,36.666698,80.011993,36.914146,0,12,true,0
840,2026-09-03T09:48:05.36Z,pmu-4,1,1788428885,360000,2026-09-03T09:48:04.9524593Z,-407.541,59.997726,-0.002274,-0.000001,0.000000,0.000000,0.000000,1.000000,79.989578,34.782330,79.987236,37.144592,79.984108,36.223770,79.995438,35.337948,0,0,true,0
841,2026-09-03T09:48:05.48Z,pmu-3,1,1788428885,480000,2026-09-03T09:48:04.9524593Z,-527.541,59.995998,-0.004002,0.000030,0.000000,0.000000,0.000000,1.000000,53.004436,-158.167679,53.003960,-158.970688,53.005405,-158.875992,53.009247,-158.657547,0,4,true,0
842,2026-09-03T09:48:05.54Z,pmu-5,1,1788428885,540000,2026-09-03T09:48:04.9941626Z,-545.837,60.003960,0.003960,0.000048,0.000000,0.000000,0.000000,1.000000,85.993317,80.473412,85.980484,78.556274,85.983604,78.763802,86.051521,79.929657,0,5,true,0
843,2026-09-03T09:48:05.56Z,pmu-5,1,1788428885,560000,2026-09-03T09:48:04.9941626Z,-565.837,60.000172,0.000172,-0.000076,0.000000,0.000000,0.000000,1.000000,88.995758,102.289169,88.978836,99.913383,88.981285,99.990005,89.047882,102.020668,0,6,true,0
844,2026-09-03T09:48:05.58Z,pmu-5,1,1788428885,580000,2026-09-03T09:48:04.9941626Z,-585.837,60.003147,0.003147,0.000060,0.000000,0.000000,0.000000,1.000000,91.993172,123.656807,91.970978,121.832199,91.990868,121.180328,92.039040,123.340279,0,7,true,0
845,2026-09-03T09:48:06.34Z,pmu-2,1,1788428886,340000,2026-09-03T09:48:05.0004764Z,-1339.524,60.003555,0.003555,0.000035,0.000000,0.000000,0.000000,1.000000,82.978111,58.095108,82.988358,56.552799,82.982170,57.736691,83.020897,58.518364,0,13,true,0
846,2026-09-03T09:48:05.5Z,pmu-3,1,1788428885,500000,2026-09-03T09:48:05.0004764Z,-499.524,60.001724,0.001724,0.000115,0.000000,0.000000,0.000000,1.000000,55.999184,-136.990402,56.010109,-137.827576,55.999336,-136.916367,56.017597,-136.991470,0,5,true,0
847,2026-09-03T09:48:05.86Z,pmu-1,1,1788428885,860000,2026-09-03T09:48:05.0004764Z,-859.524,59.996490,-0.003510,-0.000255,0.000000,0.000000,0.000000,1.000000,86.009453,77.700394,86.031952,79.940567,85.967667,80.702179,86.004913,77.916428,0,9,true,0
848,2026-09-03T09:48:05.38Z,pmu-4,1,1788428885,380000,2026-09-03T09:48:05.0004764Z,-379.524,60.000999,0.000999,0.000065,0.000000,0.000000,0.000000,1.000000,82.997681,56.712132,82.990852,59.083733,82.981926,58.340000,82.994881,57.236378,0,1,true,0
849,2026-09-03T09:48:05.6Z,pmu-5,1,1788428885,600000,2026-09-03T09:48:05.0549873Z,-545.013,59.991535,-0.008465,-0.000232,0.000000,0.000000,0.000000,1.000000,94.998703,145.638809,94.973396,143.687408,94.998718,142.853973,95.029076,144.466507,0,8,true,0
850,2026-09-03T09:48:05.62Z,pmu-5,1,1788428885,620000,2026-09-03T09:48:05.0549873Z,-565.013,59.995296,-0.004704,0.000075,0.000000,0.000000,0.000000,1.000000,97.989983,167.218338,97.981590,164.903931,97.990974,165.021439,98.032516,166.456848,0,9,true,0
851,2026-09-03T09:48:05.4Z,pmu-4,1,1788428885,400000,2026-09-03T09:48:05.0549873Z,-345.013,60.005936,0.005936,0.000099,0.000000,0.000000,0.000000,1.000000,86.004120,78.505569,85.986267,80.846268,85.973145,80.383530,85.985481,79.316383,0,2,true,0
852,2026-09-03T09:48:06.36Z,pmu-2,1,1788428886,360000,2026-09-03T09:48:05.0549873Z,-1305.013,59.998440,-0.001560,-0.000102,0.000000,0.000000,0.000000,1.000000,85.984642,79.506950,85.985237,78.574226,85.978134,79.368423,86.015686,79.811577,0,14,true,0
853,2026-09-03T09:48:05.64Z,pmu-5,1,1788428885,640000,2026-09-03T09:48:05.0549873Z,-585.013,60.001171,0.001171,0.000117,0.000000,0.000000,0.000000,1.000000,50.000000,-180.000000,50.000000,-180.000000,50.000000,-180.000000,50.000000,-180.000000,0,10,true,0
854,2026-09-03T09:48:05.42Z,pmu-4,1,1788428885,420000,2026-09-03T09:48:05.0549873Z,-365.013,60.008469,0.008469,0.000051,0.000000,0.000000,0.000000,1.000000,89.000061,99.776299,88.976830,102.948441,88.977226,102.305214,88.994171,100.715836,0,3,true,0
855,2026-09-03T09:48:05.52Z,pmu-3,1,1788428885,520000,2026-09-03T09:48:05.0549873Z,-465.013,59.995861,-0.004139,-0.000117,0.000000,0.000000,0.000000,1.000000,59.007019,-115.773384,59.018814,-116.084915,58.997166,-115.725616,59.020432,-115.823067,0,6,true,0
856,2026-09-03T09:48:05.88Z,pmu-1,1,1788428885,880000,2026-09-03T09:48:05.0561473Z,-823.853,60.002068,0.002068,0.000112,0.000000,0.000000,0.000000,1.000000,89.015373,99.192909,89.034531,101.222244,88.977478,102.804108,88.996986,98.944099,0,10,true,0
857,2026-09-03T09:48:05.54Z,pmu-3,1,1788428885,540000,2026-09-03T09:48:05.0561473Z,-483.853,60.009159,0.009159,0.000266,0.000000,0.000000,0.000000,1.000000,62.006382,-94.647621,62.015026,-94.647865,62.006855,-93.669357,62.023167,-93.995705,0,7,true,0
858,2026-09-03T09:48:06.38Z,pmu-2,1,1788428886,380000,2026-09-03T09:48:05.0561473Z,-1323.853,59.995930,-0.004070,-0.000050,0.000000,0.000000,0.000000,1.000000,88.991707,101.375160,88.976440,100.404175,88.975700,101.426880,89.017830,100.947556,0,15,true,0
859,2026-09-03T09:48:05.9Z,pmu-1,1,1788428885,900000,2026-09-03T09:48:05.0561473Z,-843.853,60.000343,0.000343,-0.000034,0.000000,0.000000,0.000000,1.000000,92.022568,120.956215,92.038727,122.561722,91.986694,124.671555,91.990898,120.915833,0,11,true,0
860,2026-09-03T09:48:05.66Z,pmu-5,1,1788428885,660000,2026-09-03T09:48:05.102494Z,-557.506,60.000542,0.000542,-0.000013,0.000000,0.000000,0.000000,1.000000,52.993984,-158.575821,52.999462,-158.736099,53.002960,-158.107315,52.996555,-158.171356,0,11,true,0
861,2026-09-03T09:48:05.92Z,pmu-1,1,1788428885,920000,2026-09-03T09:48:05.102494Z,-817.506,59.997379,-0.002621,-0.000059,0.000000,0.000000,0.000000,1.000000,95.018982,142.545044,95.033821,144.608826,94.994316,146.464096,94.996979,142.740906,0,12,true,0
862,2026-09-03T09:48:05.44Z,pmu-4,1,1788428885,440000,2026-09-03T09:48:05.102494Z,-337.506,59.996609,-0.003391,-0.000237,0.000000,0.000000,0.000000,1.000000,92.007385,121.108475,91.976967,124.318596,91.984833,123.734367,92.000267,122.256973,0,4,true,0
863,2026-09-03T09:48:05.56Z,pmu-3,1,1788428885,560000,2026-09-03T09:48:05.102494Z,-457.506,60.006546,0.006546,-0.000052,0.000000,0.000000,0.000000,1.000000,65.015625,-73.174271,65.015282,-73.558006,65.001411,-71.812721,65.028145,-72.000404,0,8,true,0
864,2026-09-03T09:48:05.68Z,pmu-5,1,1788428885,680000,2026-09-03T09:48:05.102494Z,-577.506,60.004578,0.004578,0.000081,0.000000,0.000000,0.000000,1.000000,55.986752,-136.489731,56.003098,-137.624771,55.996227,-135.958588,55.997807,-137.131409,0,12,true,0
865,2026-09-03T09:48:05.94Z,pmu-1,1,1788428885,940000,2026-09-03T09:48:05.102494Z,-837.506,60.005596,0.005596,0.000164,0.000000,0.000000,0.000000,1.000000,98.022682,163.922424,98.040672,166.618530,97.995529,168.236099,97.998062,164.013885,0,13,true,0
866,2026-09-03T09:48:06.4Z,pmu-2,1,1788428886,400000,2026-09-03T09:48:05.102494Z,-1297.506,60.002003,0.002003,0.000121,0.000000,0.000000,0.000000,1.000000,91.983810,123.191521,91.977943,122.095329,91.984940,123.450439,92.008171,122.249962,0,0,true,0
867,2026-09-03T09:48:05.46Z,pmu-4,1,1788428885,460000,2026-09-03T09:48:05.102494Z,-357.506,59.993462,-0.006538,-0.000063,0.000000,0.000000,0.000000,1.000000,95.006805,143.115051,94.983337,145.592255,94.990082,145.330048,94.999992,143.771652,0,5,true,0
868,2026-09-03T09:48:06.42Z,pmu-2,1,1788428886,420000,2026-09-03T09:48:05.102494Z,-1317.506,60.007008,0.007008,0.000100,0.000000,0.000000,0.000000,1.000000,94.975670,144.980743,94.975159,143.202026,94.989655,144.649750,95.015038,144.343079,0,1,true,0
869,2026-09-03T09:48:05.58Z,pmu-3,1,1788428885,580000,2026-09-03T09:48:05.102494Z,-477.506,60.001106,0.001106,-0.000109,0.000000,0.000000,0.000000,1.000000,68.018845,-51.627163,68.012039,-51.509865,68.010201,-50.033855,68.029182,-50.575909,0,9,true,0
870,2026-09-03T09:48:05.7Z,pmu-5,1,1788428885,700000,2026-09-03T09:48:05.1492078Z,-550.792,59.995148,-0.004852,-0.000189,0.000000,0.000000,0.000000,1.000000,58.993610,-114.750809,59.001221,-115.547813,58.988247,-114.928780,58.993813,-115.657875,0,13,true,0
871,2026-09-03T09:48:06.44Z,pmu-2,1,1788428886,440000,2026-09-03T09:48:05.1492078Z,-1290.792,59.998859,-0.001141,-0.000163,0.000000,0.000000,0.000000,1.000000,97.982826,166.103745,97.981331,165.182968,97.991638,166.231094,98.017525,165.443848,0,2,true,0
872,2026-09-03T09:48:05.72Z,pmu-5,1,1788428885,720000,2026-09-03T09:48:05.1492078Z,-570.792,59.999668,-0.000332,0.000090,0.000000,0.000000,0.000000,1.000000,62.001793,-93.582344,61.993500,-94.182625,61.978390,-93.235634,61.985676,-93.660439,0,14,true,0
873,2026-09-03T09:48:05.96Z,pmu-1,1,1788428885,960000,2026-09-03T09:48:05.1492078Z,-810.792,59.996841,-0.003159,-0.000175,0.000000,0.000000,0.000000,1.000000,50.000000,-180.000000,50.000000,-180.000000,50.000000,-180.000000,50.000000,-180.000000,0,14,true,0
874,2026-09-03T09:48:05.6Z,pmu-3,1,1788428885,600000,2026-09-03T09:48:05.1492078Z,-450.792,59.997795,-0.002205,-0.000066,0.000000,0.000000,0.000000,1.000000,71.018929,-29.502886,71.016953,-30.401619,71.007118,-28.228659,71.021576,-28.500940,0,10,true,0
875,2026-09-03T09:48:05.48Z,pmu-4,1,1788428885,480000,2026-09-03T09:48:05.1492078Z,-330.792,60.003971,0.003971,0.000210,0.000000,0.000000,0.000000,1.000000,98.014664,164.820297,97.981956,166.724426,97.985725,167.357727,98.003159,165.602936,0,6,true,0
876,2026-09-03T09:48:05.74Z,pmu-5,1,1788428885,740000,2026-09-03T09:48:05.1969499Z,-543.050,59.993080,-0.006920,-0.000132,0.000000,0.000000,0.000000,1.000000,64.996689,-72.523048,64.991074,-72.239326,64.977219,-71.363220,64.984871,-72.269096,0,15,true,0
877,2026-09-03T09:48:05.76Z,pmu-5,1,1788428885,760000,2026-09-03T09:48:05.1969499Z,-563.050,59.998074,-0.001926,0.000100,0.000000,0.000000,0.000000,1.000000,67.988388,-51.248901,67.981155,-51.080402,67.977791,-49.437550,67.994339,-50.254562,0,0,true,0
878,2026-09-03T09:48:05.5Z,pmu-4,1,1788428885,500000,2026-09-03T09:48:05.1969499Z,-303.050,59.999451,-0.000549,-0.000090,0.000000,0.000000,0.000000,1.000000,50.000000,-180.000000,50.000000,-180.000000,50.000000,-180.000000,50.000000,-180.000000,0,7,true,0
879,2026-09-03T09:48:06.46Z,pmu-2,1,1788428886,460000,2026-09-03T09:48:05.1969499Z,-1263.050,59.994476,-0.005524,-0.000088,0.000000,0.000000,0.000000,1.000000,50.000000,-180.000000,50.000000,-180.000000,50.000000,-180.000000,50.000000,-180.000000,0,3,true,0
880,2026-09-03T09:48:05.62Z,pmu-3,1,1788428885,620000,2026-09-03T09:48:05.1969499Z,-423.050,59.998272,-0.001728,0.000010,0.000000,0.000000,0.000000,1.000000,74.022049,-7.659571,74.008751,-9.227486,74.013542,-6.610140,74.021950,-6.698961,0,11,true,0
881,2026-09-03T09:48:05.98Z,pmu-1,1,1788428885,980000,2026-09-03T09:48:05.1969499Z,-783.050,60.000244,0.000244,0.000068,0.000000,0.000000,0.000000,1.000000,53.005486,-157.906815,53.006500,-158.345398,53.001614,-158.354706,53.006920,-158.107834,0,15,true,0
882,2026-09-03T09:48:05.52Z,pmu-4,1,1788428885,520000,2026-09-03T09:48:05.1969499Z,-323.050,60.004475,0.004475,0.000100,0.000000,0.000000,0.000000,1.000000,53.009083,-158.671295,53.005337,-158.609680,52.991734,-158.550781,53.002422,-157.966690,0,8,true,0
883,2026-09-03T09:48:06.48Z,pmu-2,1,1788428886,480000,2026-09-03T09:48:05.1969499Z,-1283.050,59.995998,-0.004002,0.000030,0.000000,0.000000,0.000000,1.000000,53.004436,-158.167679,53.003960,-158.970688,53.005405,-158.875992,53.009247,-158.657547,0,4,true,0
884,2026-09-03T09:48:05.64Z,pmu-3,1,1788428885,640000,2026-09-03T09:48:05.1969499Z,-443.050,59.992535,-0.007465,-0.000115,0.000000,0.000000,0.000000,1.000000,77.025383,14.400603,77.014877,12.835662,77.013885,15.494904,77.019409,14.602680,0,12,true,0
885,2026-09-03T09:48:06Z,pmu-1,1,1788428886,0,2026-09-03T09:48:05.1969499Z,-803.050,60.004768,0.004768,0.000090,0.000000,0.000000,0.000000,1.000000,55.996037,-136.749298,55.999180,-137.009277,55.994053,-136.751846,56.003765,-136.826782,0,0,true,0
886,2026-09-03T09:48:06.02Z,pmu-1,1,1788428886,20000,2026-09-03T09:48:05.1969499Z,-823.050,59.999134,-0.000866,-0.000113,0.000000,0.000000,0.000000,1.000000,59.000946,-115.285667,59.006760,-115.969467,58.985771,-115.530365,58.997604,-114.692329,0,1,true,0
887,2026-09-03T09:48:05.78Z,pmu-5,1,1788428885,780000,2026-09-03T09:48:05.2429826Z,-537.017,60.002232,0.002232,0.000083,0.000000,0.000000,0.000000,1.000000,70.986839,-29.589359,70.971916,-28.973085,70.978767,-28.143322,70.996696,-28.581173,0,1,true,0
888,2026-09-03T09:48:05.54Z,pmu-4,1,1788428885,540000,2026-09-03T09:48:05.2429826Z,-297.017,60.005203,0.005203,0.000015,0.000000,0.000000,0.000000,1.000000,56.005096,-137.229980,55.999203,-137.579422,55.985085,-136.983643,56.010365,-136.208038,0,9,true,0
889,2026-09-03T09:48:06.5Z,pmu-2,1,1788428886,500000,2026-09-03T09:48:05.2429826Z,-1257.017,60.001724,0.001724,0.000115,0.000000,0.000000,0.000000,1.000000,55.999184,-136.990402,56.010109,-137.827576,55.999336,-136.916367,56.017597,-136.991470,0,5,true,0
890,2026-09-03T09:48:06.04Z,pmu-1,1,1788428886,40000,2026-09-03T09:48:05.2429826Z,-797.017,60.006516,0.006516,0.000148,0.000000,0.000000,0.000000,1.000000,61.999363,-93.444138,62.014099,-93.824318,61.980995,-93.751717,61.991337,-93.543060,0,2,true,0
891,2026-09-03T09:48:05.66Z,pmu-3,1,1788428885,660000,2026-09-03T09:48:05.2429826Z,-417.017,59.995884,-0.004116,0.000067,0.000000,0.000000,0.000000,1.000000,80.033287,35.914314,80.019745,34.750912,80.006943,37.158325,80.013435,36.279110,0,13,true,0
892,2026-09-03T09:48:05.8Z,pmu-5,1,1788428885,800000,2026-09-03T09:48:05.2429826Z,-557.017,60.000912,0.000912,-0.000026,0.000000,0.000000,0.000000,1.000000,73.979820,-8.554448,73.978027,-6.861992,73.977386,-6.098779,73.998230,-6.750516,0,2,true,0
893,2026-09-03T09:48:05.82Z,pmu-5,1,1788428885,820000,2026-09-03T09:48:05.2882369Z,-531.763,60.007320,0.007320,0.000128,0.000000,0.000000,0.000000,1.000000,76.973694,13.297471,76.968681,14.882704,76.979385,15.987169,76.991760,15.316827,0,3,true,0
894,2026-09-03T09:48:05.56Z,pmu-4,1,1788428885,560000,2026-09-03T09:48:05.2882369Z,-271.763,59.993492,-0.006508,-0.000234,0.000000,0.000000,0.000000,1.000000,59.003727,-115.369270,58.998680,-115.778595,58.981533,-115.349136,59.002529,-114.636215,0,10,true,0
895,2026-09-03T09:48:05.84Z,pmu-5,1,1788428885,840000,2026-09-03T09:48:05.2882369Z,-551.763,60.000210,0.000210,-0.000142,0.000000,0.000000,0.000000,1.000000,79.973473,35.289768,79.966553,36.811668,79.975983,38.141560,79.986916,36.403919,0,4,true,0
896,2026-09-03T09:48:05.68Z,pmu-3,1,1788428885,680000,2026-09-03T09:48:05.2882369Z,-391.763,59.999084,-0.000916,0.000064,0.000000,0.000000,0.000000,1.000000,83.038475,57.782425,83.027206,55.951836,82.999077,58.287624,83.012123,58.280773,0,14,true,0
897,2026-09-03T09:48:05.7Z,pmu-3,1,1788428885,700000,2026-09-03T09:48:05.2882369Z,-411.763,59.994953,-0.005047,-0.000083,0.000000,0.000000,0.000000,1.000000,86.033119,79.370277,86.017456,77.127640,85.990845,79.628288,86.008537,80.042152,0,15,true,0
898,2026-09-03T09:48:05.86Z,pmu-5,1,1788428885,860000,2026-09-03T09:48:05.2882369Z,-571.763,59.992874,-0.007126,-0.000147,0.000000,0.000000,0.000000,1.000000,82.966537,56.463970,82.972313,58.150932,82.969719,59.978580,82.989708,57.539684,0,5,true,0
899,2026-09-03T09:48:05.58Z,pmu-4,1,1788428885,580000,2026-09-03T09:48:05.2882369Z,-291.763,60.007793,0.007793,0.000286,0.000000,0.000000,0.000000,1.000000,62.007648,-93.791115,61.996933,-93.885864,61.981331,-93.522324,61.994747,-93.408157,0,11,true,0
900,2026-09-03T09:48:06.52Z,pmu-2,1,1788428886,520000,2026-09-03T09:48:05.2882369Z,-1231.763,59.995861,-0.004139,-0.000117,0.000000,0.000000,0.000000,1.000000,59.007019,-115.773384,59.018814,-116.084915,58.997166,-115.725616,59.020432,-115.823067,0,6,true,0
901,2026-09-03T09:48:06.06Z,pmu-1,1,1788428886,60000,2026-09-03T09:48:05.2887464Z,-771.254,60.004196,0.004196,-0.000046,0.000000,0.000000,0.000000,1.000000,65.006409,-72.139252,65.022728,-72.013283,64.990089,-72.021812,64.991440,-71.773743,0,3,true,0
902,2026-09-03T09:48:06.54Z,pmu-2,1,1788428886,540000,2026-09-03T09:48:05.2887464Z,-1251.254,60.009159,0.009159,0.000266,0.000000,0.000000,0.000000,1.000000,62.006382,-94.647621,62.015026,-94.647865,62.006855,-93.669357,62.023167,-93.995705,0,7,true,0
903,2026-09-03T09:48:06.08Z,pmu-1,1,1788428886,80000,2026-09-03T09:48:05.2887464Z,-791.254,60.009953,0.009953,0.000115,0.000000,0.000000,0.000000,1.000000,68.002037,-50.552696,68.030785,-50.061867,67.984253,-49.993008,67.990929,-49.942215,0,4,true,0
904,2026-09-03T09:48:05.88Z,pmu-5,1,1788428885,880000,2026-09-03T09:48:05.3380141Z,-541.986,60.008759,0.008759,0.000318,0.000000,0.000000,0.000000,1.000000,85.966461,77.753159,85.973534,79.434212,85.971695,81.886139,85.995209,79.437035,0,6,true,0
905,2026-09-03T09:48:05.72Z,pmu-3,1,1788428885,720000,2026-09-03T09:48:05.3380141Z,-381.986,59.997696,-0.002304,0.000055,0.000000,0.000000,0.000000,1.000000,89.023781,101.401596,89.010010,98.851601,88.996834,101.660942,89.002319,102.123306,0,0,true,0
906,2026-09-03T09:48:06.1Z,pmu-1,1,1788428886,100000,2026-09-03T09:48:05.3380141Z,-761.986,60.008759,0.008759,-0.000024,0.000000,0.000000,0.000000,1.000000,70.997215,-28.428419,71.037827,-28.076742,70.974319,-28.938265,70.990944,-28.738110,0,5,true,0
907,2026-09-03T09:48:06.56Z,pmu-2,1,1788428886,560000,2026-09-03T09:48:05.3380141Z,-1221.986,60.006546,0.006546,-0.000052,0.000000,0.000000,0.000000,1.000000,65.015625,-73.174271,65.015282,-73.558006,65.001411,-71.812721,65.028145,-72.000404,0,8,true,0
908,2026-09-03T09:48:05.9Z,pmu-5,1,1788428885,900000,2026-09-03T09:48:05.3380141Z,-561.986,60.008255,0.008255,-0.000010,0.000000,0.000000,0.000000,1.000000,88.966820,99.033188,88.976135,101.261650,88.968559,103.898476,88.992020,100.533325,0,7,true,0
909,2026-09-03T09:48:05.6Z,pmu-4,1,1788428885,600000,2026-09-03T09:48:05.3380141Z,-261.986,59.991238,-0.008762,-0.000331,0.000000,0.000000,0.000000,1.000000,65.000015,-72.372246,64.992950,-71.719826,64.986679,-71.956505,64.987206,-71.545815,0,12,true,0
910,2026-09-03T09:48:05.92Z,pmu-5,1,1788428885,920000,2026-09-03T09:48:05.3857905Z,-534.210,60.005951,0.005951,-0.000046,0.000000,0.000000,0.000000,1.000000,91.973213,121.154671,91.972321,122.856987,91.964310,125.637863,91.992134,121.889656,0,8,true,0
911,2026-09-03T09:48:06.58Z,pmu-2,1,1788428886,580000,2026-09-03T09:48:05.3857905Z,-1194.209,60.001106,0.001106,-0.000109,0.000000,0.000000,0.000000,1.000000,68.018845,-51.627163,68.012039,-51.509865,68.010201,-50.033855,68.029182,-50.575909,0,9,true,0
912,2026-09-03T09:48:05.94Z,pmu-5,1,1788428885,940000,2026-09-03T09:48:05.3857905Z,-554.210,59.999847,-0.000153,-0.000122,0.000000,0.000000,0.000000,1.000000,94.968658,143.043060,94.965248,144.736954,94.972168,146.759781,95.001740,142.987762,0,9,true,0
913,2026-09-03T09:48:05.62Z,pmu-4,1,1788428885,620000,2026-09-03T09:48:05.3857905Z,-234.209,60.008286,0.008286,0.000341,0.000000,0.000000,0.000000,1.000000,67.992287,-51.195770,67.995178,-50.073860,67.993973,-50.198242,67.991684,-50.153458,0,13,true,0
914,2026-09-03T09:48:05.74Z,pmu-3,1,1788428885,740000,2026-09-03T09:48:05.3857905Z,-354.209,60.006001,0.006001,0.000166,0.000000,0.000000,0.000000,1.000000,92.025452,122.961220,92.003799,119.935921,91.990601,123.528915,92.011551,123.680313,0,1,true,0
915,2026-09-03T09:48:06.12Z,pmu-1,1,1788428886,120000,2026-09-03T09:48:05.3857905Z,-734.209,59.994610,-0.005390,-0.000283,0.000000,0.000000,0.000000,1.000000,74.001022,-6.435949,74.029488,-6.721211,73.974060,-7.637500,73.981209,-7.018978,0,6,true,0
916,2026-09-03T09:48:05.64Z,pmu-4,1,1788428885,640000,2026-09-03T09:48:05.3857905Z,-254.209,59.993999,-0.006001,-0.000286,0.000000,0.000000,0.000000,1.000000,70.986145,-29.028830,70.985428,-28.297792,70.988411,-28.157303,70.989677,-28.907911,0,14,true,0
917,2026-09-03T09:48:06.6Z,pmu-2,1,1788428886,600000,2026-09-03T09:48:05.3857905Z,-1214.209,59.997795,-0.002205,-0.000066,0.000000,0.000000,0.000000,1.000000,71.018929,-29.502886,71.016953,-30.401619,71.007118,-28.228659,71.021576,-28.500940,0,10,true,0
918,2026-09-03T09:48:05.76Z,pmu-3,1,1788428885,760000,2026-09-03T09:48:05.3857905Z,-374.209,59.994949,-0.005051,-0.000221,0.000000,0.000000,0.000000,1.000000,95.025520,144.751587,95.006783,141.678375,94.990829,145.022125,95.003632,145.107376,0,2,true,0
919,2026-09-03T09:48:06.14Z,pmu-1,1,1788428886,140000,2026-09-03T09:48:05.3865404Z,-753.460,59.992210,-0.007790,-0.000048,0.000000,0.000000,0.000000,1.000000,76.992386,15.226599,77.039207,14.413719,76.980942,14.034245,76.971664,14.373729,0,7,true,0
920,2026-09-03T09:48:05.96Z,pmu-5,1,1788428885,960000,2026-09-03T09:48:05.4315301Z,-528.470,59.993275,-0.006725,-0.000131,0.000000,0.000000,0.000000,1.000000,97.967796,164.565308,97.959000,166.518753,97.980156,168.136917,98.000183,164.437302,0,10,true,0
921,2026-09-03T09:48:06.62Z,pmu-2,1,1788428886,620000,2026-09-03T09:48:05.4322724Z,-1187.728,59.998272,-0.001728,0.000010,0.000000,0.000000,0.000000,1.000000,74.022049,-7.659571,74.008751,-9.227486,74.013542,-6.610140,74.021950,-6.698961,0,11,true,0
922,2026-09-03T09:48:05.66Z,pmu-4,1,1788428885,660000,2026-09-03T09:48:05.4322724Z,-227.728,59.999687,-0.000313,0.000114,0.000000,0.000000,0.000000,1.000000,73.983810,-7.540092,73.981506,-6.481441,73.986107,-6.232643,73.980125,-7.067499,0,15,true,0
923,2026-09-03T09:48:05.78Z,pmu-3,1,1788428885,780000,2026-09-03T09:48:05.4322724Z,-347.728,60.008915,0.008915,0.000279,0.000000,0.000000,0.000000,1.000000,98.034500,165.927750,98.013000,163.726425,97.999924,166.341248,98.007195,166.631119,0,3,true,0
924,2026-09-03T09:48:05.98Z,pmu-5,1,1788428885,980000,2026-09-03T09:48:05.4322724Z,-547.728,60.001137,0.001137,0.000157,0.000000,0.000000,0.000000,1.000000,50.000000,-180.000000,50.000000,-180.000000,50.000000,-180.000000,50.000000,-180.000000,0,11,true,0
925,2026-09-03T09:48:06.16Z,pmu-1,1,1788428886,160000,2026-09-03T09:48:05.4322724Z,-727.728,59.993053,-0.006947,0.000017,0.000000,0.000000,0.000000,1.000000,79.996651,36.500683,80.045784,35.924595,79.985657,35.218204,79.966232,35.937481,0,8,true,0
926,2026-09-03T09:48:06Z,pmu-5,1,1788428886,0,2026-09-03T09:48:05.4322724Z,-567.728,59.997345,-0.002655,-0.000076,0.000000,0.000000,0.000000,1.000000,53.002277,-158.765198,53.001621,-158.007431,52.993961,-158.320953,53.009674,-158.842834,0,12,true,0
927,2026-09-03T09:48:06.02Z,pmu-5,1,1788428886,20000,2026-09-03T09:48:05.4322724Z,-587.728,60.006317,0.006317,0.000179,0.000000,0.000000,0.000000,1.000000,55.994801,-137.641632,55.997990,-136.104980,55.984394,-137.233246,56.013313,-136.917801,0,13,true,0
928,2026-09-03T09:48:06.04Z,pmu-5,1,1788428886,40000,2026-09-03T09:48:05.4785474Z,-561.453,59.998589,-0.001411,-0.000155,0.000000,0.000000,0.000000,1.000000,58.989128,-115.933937,58.997307,-114.099037,58.993626,-115.512367,59.020149,-115.130081,0,14,true,0
929,2026-09-03T09:48:06.06Z,pmu-5,1,1788428886,60000,2026-09-03T09:48:05.4785474Z,-581.453,60.005539,0.005539,0.000139,0.000000,0.000000,0.000000,1.000000,61.993610,-94.545639,61.991673,-93.061684,61.990025,-94.393143,62.020683,-93.508621,0,15,true,0
930,2026-09-03T09:48:06.18Z,pmu-1,1,1788428886,180000,2026-09-03T09:48:05.4785474Z,-701.453,60.009655,0.009655,0.000332,0.000000,0.000000,0.000000,1.000000,82.991753,57.811028,83.037636,57.912483,82.977806,56.602692,82.971390,57.604012,0,9,true,0
931,2026-09-03T09:48:06.64Z,pmu-2,1,1788428886,640000,2026-09-03T09:48:05.4785474Z,-1161.453,59.992535,-0.007465,-0.000115,0.000000,0.000000,0.000000,1.000000,77.025383,14.400603,77.014877,12.835662,77.013885,15.494904,77.019409,14.602680,0,12,true,0
932,2026-09-03T09:48:05.8Z,pmu-3,1,1788428885,800000,2026-09-03T09:48:05.4785474Z,-321.453,60.007404,0.007404,-0.000030,0.000000,0.000000,0.000000,1.000000,50.000000,-180.000000,50.000000,-180.000000,50.000000,-180.000000,50.000000,-180.000000,0,4,true,0
933,2026-09-03T09:48:05.68Z,pmu-4,1,1788428885,680000,2026-09-03T09:48:05.4785474Z,-201.453,59.992825,-0.007175,-0.000137,0.000000,0.000000,0.000000,1.000000,76.985535,14.080210,76.972969,14.672409,76.994293,15.130757,76.976135,14.843102,0,0,true,0
934,2026-09-03T09:48:06.2Z,pmu-1,1,1788428886,200000,2026-09-03T09:48:05.4785474Z,-721.453,60.009903,0.009903,0.000005,0.000000,0.000000,0.000000,1.000000,86.001183,79.385902,86.037056,79.375557,85.984589,78.088943,85.961945,79.196548,0,10,true,0
935,2026-09-03T09:48:05.82Z,pmu-3,1,1788428885,820000,2026-09-03T09:48:05.4785474Z,-341.453,59.996353,-0.003647,-0.000221,0.000000,0.000000,0.000000,1.000000,52.992645,-158.928650,52.993401,-158.411316,52.990219,-158.071335,53.008492,-158.327240,0,5,true,0
936,2026-09-03T09:48:06.66Z,pmu-2,1,1788428886,660000,2026-09-03T09:48:05.4785474Z,-1181.453,59.995884,-0.004116,0.000067,0.000000,0.000000,0.000000,1.000000,80.033287,35.914314,80.019745,34.750912,80.006943,37.158325,80.013435,36.279110,0,13,true,0
937,2026-09-03T09:48:05.7Z,pmu-4,1,1788428885,700000,2026-09-03T09:48:05.4785474Z,-221.453,59.996277,-0.003723,0.000069,0.000000,0.000000,0.000000,1.000000,79.978806,36.073833,79.966705,36.702545,79.995613,36.995651,79.985191,36.885090,0,1,true,0
938,2026-09-03T09:48:06.08Z,pmu-5,1,1788428886,80000,2026-09-03T09:48:05.5243673Z,-555.633,59.997562,-0.002438,-0.000160,0.000000,0.000000,0.000000,1.000000,64.992203,-72.787193,64.991920,-71.823372,64.994164,-73.272026,65.018539,-72.469131,0,0,true,0
939,2026-09-03T09:48:06.1Z,pmu-5,1,1788428886,100000,2026-09-03T09:48:05.5243673Z,-575.633,59.996792,-0.003208,-0.000015,0.000000,0.000000,0.000000,1.000000,67.984161,-51.028896,68.000320,-50.121517,67.987343,-51.728378,68.028305,-50.438614,0,1,true,0
940,2026-09-03T09:48:06.68Z,pmu-2,1,1788428886,680000,2026-09-03T09:48:05.5243673Z,-1155.633,59.999084,-0.000916,0.000064,0.000000,0.000000,0.000000,1.000000,83.038475,57.782425,83.027206,55.951836,82.999077,58.287624,83.012123,58.280773,0,14,true,0
941,2026-09-03T09:48:06.22Z,pmu-1,1,1788428886,220000,2026-09-03T09:48:05.5243673Z,-695.633,60.001465,0.001465,-0.000169,0.000000,0.000000,0.000000,1.000000,88.999588,101.467026,89.038940,100.994705,88.992569,99.519424,88.957275,100.356903,0,11,true,0
942,2026-09-03T09:48:05.84Z,pmu-3,1,1788428885,840000,2026-09-03T09:48:05.5243673Z,-315.633,59.990112,-0.009888,-0.000125,0.000000,0.000000,0.000000,1.000000,55.998264,-137.388016,56.002682,-137.031204,55.995800,-137.027817,56.014515,-136.532745,0,6,true,0
943,2026-09-03T09:48:05.72Z,pmu-4,1,1788428885,720000,2026-09-03T09:48:05.5243673Z,-195.633,59.999043,-0.000957,0.000055,0.000000,0.000000,0.000000,1.000000,82.984131,57.739769,82.961868,58.714668,82.991371,58.343067,82.982185,58.297276,0,2,true,0
944,2026-09-03T09:48:06.7Z,pmu-2,1,1788428886,700000,2026-09-03T09:48:05.5243673Z,-1175.633,59.994953,-0.005047,-0.000083,0.000000,0.000000,0.000000,1.000000,86.033119,79.370277,86.017456,77.127640,85.990845,79.628288,86.008537,80.042152,0,15,true,0
945,2026-09-03T09:48:05.74Z,pmu-4,1,1788428885,740000,2026-09-03T09:48:05.5243673Z,-215.633,59.995102,-0.004898,-0.000079,0.000000,0.000000,0.000000,1.000000,85.978935,79.838310,85.951935,79.972839,85.984787,80.251152,85.978294,80.118805,0,3,true,0
946,2026-09-03T09:48:05.86Z,pmu-3,1,1788428885,860000,2026-09-03T09:48:05.5243673Z,-335.633,59.999187,-0.000813,0.000182,0.000000,0.000000,0.000000,1.000000,58.988884,-116.126549,59.012238,-115.934143,58.991673,-115.343758,59.009098,-114.820190,0,7,true,0
947,2026-09-03T09:48:06.24Z,pmu-1,1,1788428886,240000,2026-09-03T09:48:05.524877Z,-715.123,60.003307,0.003307,0.000037,0.000000,0.000000,0.000000,1.000000,91.996254,122.998390,92.042709,122.953636,91.994804,121.430588,91.952614,121.744095,0,12,true,0
948,2026-09-03T09:48:06.12Z,pmu-5,1,1788428886,120000,2026-09-03T09:48:05.5697456Z,-550.254,59.995403,-0.004597,-0.000028,0.000000,0.000000,0.000000,1.000000,70.983063,-29.457592,71.000305,-28.736399,70.990128,-29.882931,71.031898,-29.133896,0,2,true,0
949,2026-09-03T09:48:05.88Z,pmu-3,1,1788428885,880000,2026-09-03T09:48:05.5697456Z,-310.254,60.002918,0.002918,0.000075,0.000000,0.000000,0.000000,1.000000,61.990520,-94.335411,62.019615,-94.317375,61.995972,-94.076248,62.012215,-92.746696,0,8,true,0
950,2026-09-03T09:48:06.14Z,pmu-5,1,1788428886,140000,2026-09-03T09:48:05.5697456Z,-570.254,59.998638,-0.001362,0.000065,0.000000,0.000000,0.000000,1.000000,73.990166,-7.479775,73.992630,-7.040349,73.993416,-8.787344,74.036453,-8.025264,0,3,true,0
951,2026-09-03T09:48:06.72Z,pmu-2,1,1788428886,720000,2026-09-03T09:48:05.5697456Z,-1150.254,59.997696,-0.002304,0.000055,0.000000,0.000000,0.000000,1.000000,89.023781,101.401596,89.010010,98.851601,88.996834,101.660942,89.002319,102.123306,0,0,true,0
952,2026-09-03T09:48:06.26Z,pmu-1,1,1788428886,260000,2026-09-03T09:48:05.5697456Z,-690.254,59.997932,-0.002068,-0.000107,0.000000,0.000000,0.000000,1.000000,95.004074,144.791031,95.051292,144.254517,94.988251,143.208023,94.949951,142.885254,0,13,true,0
953,2026-09-03T09:48:05.76Z,pmu-4,1,1788428885,760000,2026-09-03T09:48:05.5697456Z,-190.254,60.001553,0.001553,0.000129,0.000000,0.000000,0.000000,1.000000,88.984947,100.971352,88.959747,101.549187,88.983971,102.307343,88.979057,101.386726,0,4,true,0
954,2026-09-03T09:48:06.16Z,pmu-5,1,1788428886,160000,2026-09-03T09:48:05.6168835Z,-543.116,59.997993,-0.002007,-0.000013,0.000000,0.000000,0.000000,1.000000,76.980217,13.939614,76.994499,14.416145,76.990906,12.784697,77.041580,13.704638,0,4,true,0
955,2026-09-03T09:48:06.18Z,pmu-5,1,1788428886,180000,2026-09-03T09:48:05.6168835Z,-563.116,59.996929,-0.003071,-0.000021,0.000000,0.000000,0.000000,1.000000,79.982018,35.200687,79.984703,36.144264,79.983887,34.437977,80.034615,34.960888,0,5,true,0
956,2026-09-03T09:48:06.28Z,pmu-1,1,1788428886,280000,2026-09-03T09:48:05.6168835Z,-663.116,60.008949,0.008949,0.000220,0.000000,0.000000,0.000000,1.000000,98.002701,165.913696,98.059311,165.315887,97.984383,164.925858,97.945953,164.610718,0,14,true,0
957,2026-09-03T09:48:05.9Z,pmu-3,1,1788428885,900000,2026-09-03T09:48:05.6168835Z,-283.116,59.998295,-0.001705,-0.000092,0.000000,0.000000,0.000000,1.000000,64.980774,-73.160370,65.027351,-72.623520,64.986221,-72.343369,65.020546,-70.747971,0,9,true,0
958,2026-09-03T09:48:05.78Z,pmu-4,1,1788428885,780000,2026-09-03T09:48:05.6168835Z,-163.117,59.991726,-0.008274,-0.000197,0.000000,0.000000,0.000000,1.000000,91.983246,123.013725,91.968536,122.915276,91.979698,123.668091,91.986115,123.195740,0,5,true,0
959,2026-09-03T09:48:06.3Z,pmu-1,1,1788428886,300000,2026-09-03T09:48:05.6168835Z,-683.116,60.001347,0.001347,-0.000152,0.000000,0.000000,0.000000,1.000000,50.000000,-180.000000,50.000000,-180.000000,50.000000,-180.000000,50.000000,-180.000000,0,15,true,0
960,2026-09-03T09:48:05.8Z,pmu-4,1,1788428885,800000,2026-09-03T09:48:05.6168835Z,-183.116,59.992310,-0.007690,0.000012,0.000000,0.000000,0.000000,1.000000,94.984093,144.943954,94.959839,144.450775,94.973961,145.721695,94.992683,144.278076,0,6,true,0
961,2026-09-03T09:48:05.92Z,pmu-3,1,1788428885,920000,2026-09-03T09:48:05.6168835Z,-303.117,60.005943,0.005943,0.000153,0.000000,0.000000,0.000000,1.000000,67.977623,-51.389091,68.024948,-50.878548,67.978851,-50.571358,68.020622,-49.336689,0,10,true,0
962,2026-09-03T09:48:06.74Z,pmu-2,1,1788428886,740000,2026-09-03T09:48:05.6168835Z,-1123.117,60.006001,0.006001,0.000166,0.000000,0.000000,0.000000,1.000000,92.025452,122.961220,92.003799,119.935921,91.990601,123.528915,92.011551,123.680313,0,1,true,0
963,2026-09-03T09:48:06.76Z,pmu-2,1,1788428886,760000,2026-09-03T09:48:05.6168835Z,-1143.117,59.994949,-0.005051,-0.000221,0.000000,0.000000,0.000000,1.000000,95.025520,144.751587,95.006783,141.678375,94.990829,145.022125,95.003632,145.107376,0,2,true,0
964,2026-09-03T09:48:06.2Z,pmu-5,1,1788428886,200000,2026-09-03T09:48:05.6709881Z,-529.012,59.992569,-0.007431,-0.000087,0.000000,0.000000,0.000000,1.000000,82.981651,57.316044,82.976555,57.369560,82.978195,56.477135,83.030754,56.939018,0,6,true,0
965,2026-09-03T09:48:06.22Z,pmu-5,1,1788428886,220000,2026-09-03T09:48:05.6709881Z,-549.012,59.994534,-0.005466,0.000039,0.000000,0.000000,0.000000,1.000000,85.979813,78.453491,85.977432,78.981499,85.974777,77.944542,86.038261,77.972878,0,7,true,0
966,2026-09-03T09:48:05.82Z,pmu-4,1,1788428885,820000,2026-09-03T09:48:05.6709881Z,-149.012,59.991024,-0.008976,-0.000026,0.000000,0.000000,0.000000,1.000000,97.981125,166.441360,97.961250,165.574158,97.969406,167.847183,97.997147,165.748596,0,7,true,0
967,2026-09-03T09:48:06.78Z,pmu-2,1,1788428886,780000,2026-09-03T09:48:05.6709881Z,-1109.012,60.008915,0.008915,0.000279,0.000000,0.000000,0.000000,1.000000,98.034500,165.927750,98.013000,163.726425,97.999924,166.341248,98.007195,166.631119,0,3,true,0
968,2026-09-03T09:48:05.94Z,pmu-3,1,1788428885,940000,2026-09-03T09:48:05.6709881Z,-269.012,59.994820,-0.005180,-0.000222,0.000000,0.000000,0.000000,1.000000,70.968040,-29.242819,71.030327,-28.966545,70.983200,-28.796833,71.019035,-27.921497,0,11,true,0
969,2026-09-03T09:48:06.24Z,pmu-5,1,1788428886,240000,2026-09-03T09:48:05.6709881Z,-569.012,60.007812,0.007812,0.000266,0.000000,0.000000,0.000000,1.000000,88.986206,99.892082,88.978210,100.609421,88.979919,99.836258,89.046150,99.177162,0,8,true,0
970,2026-09-03T09:48:06.32Z,pmu-1,1,1788428886,320000,2026-09-03T09:48:05.6709881Z,-649.012,59.995255,-0.004745,-0.000122,0.000000,0.000000,0.000000,1.000000,53.009388,-158.505325,53.002140,-158.043808,52.991138,-158.697418,52.990147,-158.963242,0,0,true,0
971,2026-09-03T09:48:06.26Z,pmu-5,1,1788428886,260000,2026-09-03T09:48:05.7164449Z,-543.555,60.004093,0.004093,-0.000074,0.000000,0.000000,0.000000,1.000000,91.994232,121.597992,91.984154,122.335655,91.984634,121.431351,92.053612,121.258492,0,9,true,0
972,2026-09-03T09:48:06.28Z,pmu-5,1,1788428886,280000,2026-09-03T09:48:05.7164449Z,-563.555,59.991985,-0.008015,-0.000242,0.000000,0.000000,0.000000,1.000000,95.001343,142.982513,94.986732,143.887177,94.980461,143.351395,95.055855,143.179276,0,10,true,0
973,2026-09-03T09:48:05.84Z,pmu-4,1,1788428885,840000,2026-09-03T09:48:05.7164449Z,-123.555,59.991482,-0.008518,0.000009,0.000000,0.000000,0.000000,1.000000,50.000000,-180.000000,50.000000,-180.000000,50.000000,-180.000000,50.000000,-180.000000,0,8,true,0
974,2026-09-03T09:48:05.96Z,pmu-3,1,1788428885,960000,2026-09-03T09:48:05.7164449Z,-243.555,59.992489,-0.007511,-0.000047,0.000000,0.000000,0.000000,1.000000,73.970871,-7.116863,74.024124,-7.711348,73.987183,-7.388074,74.010040,-6.748658,0,12,true,0
975,2026-09-03T09:48:06.8Z,pmu-2,1,1788428886,800000,2026-09-03T09:48:05.7164449Z,-1083.555,60.007404,0.007404,-0.000030,0.000000,0.000000,0.000000,1.000000,50.000000,-180.000000,50.000000,-180.000000,50.000000,-180.000000,50.000000,-180.000000,0,4,true,0
976,2026-09-03T09:48:06.34Z,pmu-1,1,1788428886,340000,2026-09-03T09:48:05.7164449Z,-623.555,60.000008,0.000008,0.000095,0.000000,0.000000,0.000000,1.000000,56.002903,-137.431213,56.000824,-136.882919,55.986179,-136.905807,55.986198,-136.917267,0,1,true,0
977,2026-09-03T09:48:05.98Z,pmu-3,1,1788428885,980000,2026-09-03T09:48:05.7164449Z,-263.555,60.008751,0.008751,0.000325,0.000000,0.000000,0.000000,1.000000,76.961884,14.759011,77.032135,14.396877,76.977837,14.482415,77.014175,14.833071,0,13,true,0
978,2026-09-03T09:48:07Z,pmu-3,1,1788428887,0,2026-09-03T09:48:05.7164449Z,-1283.555,60.000343,0.000343,-0.000168,0.000000,0.000000,0.000000,1.000000,79.966118,36.226871,80.031281,35.994061,79.984299,35.739746,80.004250,36.411232,0,14,true,0
979,2026-09-03T09:48:06.82Z,pmu-2,1,1788428886,820000,2026-09-03T09:48:05.7164449Z,-1103.555,59.996353,-0.003647,-0.000221,0.000000,0.000000,0.000000,1.000000,52.992645,-158.928650,52.993401,-158.411316,52.990219,-158.071335,53.008492,-158.327240,0,5,true,0
980,2026-09-03T09:48:05.86Z,pmu-4,1,1788428885,860000,2026-09-03T09:48:05.7164449Z,-143.555,60.006863,0.006863,0.000308,0.000000,0.000000,0.000000,1.000000,53.004841,-158.828918,52.994030,-158.409286,53.008568,-158.653976,52.990959,-158.820206,0,9,true,0
981,2026-09-03T09:48:06.36Z,pmu-1,1,1788428886,360000,2026-09-03T09:48:05.7164449Z,-643.555,59.998329,-0.001671,-0.000034,0.000000,0.000000,0.000000,1.000000,59.001259,-115.458504,59.000069,-115.610176,58.983101,-115.279930,58.993740,-115.565857,0,2,true,0
982,2026-09-03T09:48:06.3Z,pmu-5,1,1788428886,300000,2026-09-03T09:48:05.7612213Z,-538.779,59.996494,-0.003506,0.000090,0.000000,0.000000,0.000000,1.000000,98.001274,164.557831,97.981079,165.316498,97.979179,165.250275,98.063828,164.657593,0,11,true,0
983,2026-09-03T09:48:07.02Z,pmu-3,1,1788428887,20000,2026-09-03T09:48:05.7612213Z,-1258.779,59.990379,-0.009621,-0.000199,0.000000,0.000000,0.000000,1.000000,82.973129,57.904282,83.040565,57.862030,82.990311,57.826363,83.002228,57.693817,0,15,true,0
984,2026-09-03T09:48:06.38Z,pmu-1,1,1788428886,380000,2026-09-03T09:48:05.7612213Z,-618.779,59.992649,-0.007351,-0.000114,0.000000,0.000000,0.000000,1.000000,62.006229,-94.026382,62.003254,-93.802841,61.989037,-93.557831,61.993664,-94.106392,0,3,true,0
985,2026-09-03T09:48:06.84Z,pmu-2,1,1788428886,840000,2026-09-03T09:48:05.7612213Z,-1078.779,59.990112,-0.009888,-0.000125,0.000000,0.000000,0.000000,1.000000,55.998264,-137.388016,56.002682,-137.031204,55.995800,-137.027817,56.014515,-136.532745,0,6,true,0
986,2026-09-03T09:48:05.88Z,pmu-4,1,1788428885,880000,2026-09-03T09:48:05.7612213Z,-118.779,59.999573,-0.000427,-0.000146,0.000000,0.000000,0.000000,1.000000,56.007912,-137.423737,55.985897,-137.094177,56.008583,-137.230469,55.981480,-137.585007,0,10,true,0
987,2026-09-03T09:48:06.32Z,pmu-5,1,1788428886,320000,2026-09-03T09:48:05.7612213Z,-558.779,60.005386,0.005386,0.000178,0.000000,0.000000,0.000000,1.000000,50.000000,-180.000000,50.000000,-180.000000,50.000000,-180.000000,50.000000,-180.000000,0,12,true,0
988,2026-09-03T09:48:06.34Z,pmu-5,1,1788428886,340000,2026-09-03T09:48:05.807497Z,-532.503,60.000538,0.000538,-0.000097,0.000000,0.000000,0.000000,1.000000,52.996960,-158.226883,53.007408,-158.478256,53.003288,-158.500992,52.999344,-158.535080,0,13,true,0
989,2026-09-03T09:48:06.36Z,pmu-5,1,1788428886,360000,2026-09-03T09:48:05.807497Z,-552.503,60.001335,0.001335,0.000016,0.000000,0.000000,0.000000,1.000000,55.999374,-137.030212,56.005680,-136.403320,55.999836,-136.636871,55.997353,-136.648438,0,14,true,0
990,2026-09-03T09:48:07.04Z,pmu-3,1,1788428887,40000,2026-09-03T09:48:05.807497Z,-1232.503,60.008656,0.008656,0.000366,0.000000,0.000000,0.000000,1.000000,85.970558,79.683281,86.045372,79.184402,85.998810,79.704018,86.001144,78.964722,0,0,true,0
991,2026-09-03T09:48:06.4Z,pmu-1,1,1788428886,400000,2026-09-03T09:48:05.807497Z,-592.503,59.993050,-0.006950,0.000008,0.000000,0.000000,0.000000,1.000000,65.009369,-72.799622,64.998329,-72.011284,64.992271,-71.719337,64.986023,-72.291405,0,4,true,0
992,2026-09-03T09:48:05.9Z,pmu-4,1,1788428885,900000,2026-09-03T09:48:05.807497Z,-92.503,60.000114,0.000114,0.000011,0.000000,0.000000,0.000000,1.000000,59.011528,-115.621758,58.995094,-115.244949,59.002937,-115.777336,58.982079,-116.365417,0,11,true,0
993,2026-09-03T09:48:06.38Z,pmu-5,1,1788428886,380000,2026-09-03T09:48:05.807497Z,-572.503,60.009033,0.009033,0.000154,0.000000,0.000000,0.000000,1.000000,58.997719,-115.069893,59.013798,-114.619492,58.997414,-114.489754,58.988129,-114.673317,0,15,true,0
994,2026-09-03T09:48:06.86Z,pmu-2,1,1788428886,860000,2026-09-03T09:48:05.807497Z,-1052.503,59.999187,-0.000813,0.000182,0.000000,0.000000,0.000000,1.000000,58.988884,-116.126549,59.012238,-115.934143,58.991673,-115.343758,59.009098,-114.820190,0,7,true,0
995,2026-09-03T09:48:07.06Z,pmu-3,1,1788428887,60000,2026-09-03T09:48:05.807497Z,-1252.503,60.008793,0.008793,0.000003,0.000000,0.000000,0.000000,1.000000,88.971573,101.743561,89.043365,101.241852,89.007568,101.788948,88.996941,100.411140,0,1,true,0
996,2026-09-03T09:48:06.42Z,pmu-1,1,1788428886,420000,2026-09-03T09:48:05.807497Z,-612.503,60.005848,0.005848,0.000256,0.000000,0.000000,0.000000,1.000000,68.009377,-51.338055,67.993309,-50.637501,67.982407,-50.280014,67.982819,-50.225216,0,5,true,0
997,2026-09-03T09:48:06.88Z,pmu-2,1,1788428886,880000,2026-09-03T09:48:05.8080109Z,-1071.989,60.002918,0.002918,0.000075,0.000000,0.000000,0.000000,1.000000,61.990520,-94.335411,62.019615,-94.317375,61.995972,-94.076248,62.012215,-92.746696,0,8,true,0
998,2026-09-03T09:48:05.92Z,pmu-4,1,1788428885,920000,2026-09-03T09:48:05.8080109Z,-111.989,59.998108,-0.001892,-0.000040,0.000000,0.000000,0.000000,1.000000,62.014160,-94.183907,62.001987,-93.806709,62.004555,-94.244041,61.986660,-94.826736,0,12,true,0
999,2026-09-03T09:48:06.4Z,pmu-5,1,1788428886,400000,2026-09-03T09:48:05.8595951Z,-540.405,60.000893,0.000893,-0.000163,0.000000,0.000000,0.000000,1.000000,61.998402,-93.850296,62.019012,-93.138245,62.001568,-93.235786,61.978413,-93.091484,0,0,true,0
1000,2026-09-03T09:48:06.42Z,pmu-5,1,1788428886,420000,2026-09-03T09:48:05.8595951Z,-560.405,59.991043,-0.008957,-0.000197,0.000000,0.000000,0.000000,1.000000,64.997665,-72.783775,65.014893,-72.014603,65.003265,-72.174149,64.975311,-72.015625,0,1,true,0
1001,2026-09-03T09:48:06.44Z,pmu-1,1,1788428886,440000,2026-09-03T09:48:05.8595951Z,-580.405,59.990845,-0.009155,-0.000300,0.000000,0.000000,0.000000,1.000000,71.004387,-30.227501,70.997383,-29.289347,70.981270,-28.976416,70.976234,-29.135643,0,6,true,0
1002,2026-09-03T09:48:07.08Z,pmu-3,1,1788428887,80000,2026-09-03T09:48:05.8595951Z,-1220.405,60.004807,0.004807,-0.000080,0.000000,0.000000,0.000000,1.000000,91.977264,123.224960,92.048767,122.461929,91.998337,123.820869,91.996788,122.554832,0,2,true,0
1003,2026-09-03T09:48:06.9Z,pmu-2,1,1788428886,900000,2026-09-03T09:48:05.8595951Z,-1040.405,59.998295,-0.001705,-0.000092,0.000000,0.000000,0.000000,1.000000,64.980774,-73.160370,65.027351,-72.623520,64.986221,-72.343369,65.020546,-70.747971,0,9,true,0
1004,2026-09-03T09:48:05.94Z,pmu-4,1,1788428885,940000,2026-09-03T09:48:05.8595951Z,-80.405,60.009434,0.009434,0.000227,0.000000,0.000000,0.000000,1.000000,65.014000,-72.473755,65.005295,-71.884598,65.003670,-72.147667,64.985489,-73.395874,0,13,true,0
1005,2026-09-03T09:48:07.1Z,pmu-3,1,1788428887,100000,2026-09-03T09:48:05.8595951Z,-1240.405,59.993107,-0.006893,-0.000234,0.000000,0.000000,0.000000,1.000000,94.981834,145.011765,95.048302,144.380859,95.000206,145.617706,94.993294,144.275650,0,3,true,0
1006,2026-09-03T09:48:06.92Z,pmu-2,1,1788428886,920000,2026-09-03T09:48:05.8595951Z,-1060.405,60.005943,0.005943,0.000153,0.000000,0.000000,0.000000,1.000000,67.977623,-51.389091,68.024948,-50.878548,67.978851,-50.571358,68.020622,-49.336689,0,10,true,0
1007,2026-09-03T09:48:06.46Z,pmu-1,1,1788428886,460000,2026-09-03T09:48:05.8595951Z,-600.405,59.997826,-0.002174,0.000140,0.000000,0.000000,0.000000,1.000000,74.007141,-8.174775,73.989494,-7.910804,73.982071,-7.153977,73.983055,-6.995104,0,7,true,0
1008,2026-09-03T09:48:05.96Z,pmu-4,1,1788428885,960000,2026-09-03T09:48:05.8595951Z,-100.405,59.990955,-0.009045,-0.000370,0.000000,0.000000,0.000000,1.000000,68.010887,-50.468349,67.996674,-49.797287,67.997154,-50.630150,67.994576,-51.588406,0,14,true,0
1009,2026-09-03T09:48:06.44Z,pmu-5,1,1788428886,440000,2026-09-03T09:48:05.9142628Z,-525.737,60.008934,0.008934,0.000358,0.000000,0.000000,0.000000,1.000000,67.997070,-50.757347,68.023949,-50.924545,67.999474,-50.455055,67.967697,-50.528320,0,2,true,0
1010,2026-09-03T09:48:06.94Z,pmu-2,1,1788428886,940000,2026-09-03T09:48:05.9142628Z,-1025.737,59.994820,-0.005180,-0.000222,0.000000,0.000000,0.000000,1.000000,70.968040,-29.242819,71.030327,-28.966545,70.983200,-28.796833,71.019035,-27.921497,0,11,true,0
1011,2026-09-03T09:48:07.12Z,pmu-3,1,1788428887,120000,2026-09-03T09:48:05.9142628Z,-1205.737,59.991127,-0.008873,-0.000040,0.000000,0.000000,0.000000,1.000000,97.974823,166.900757,98.038383,166.517197,97.993378,167.263840,97.996002,166.047058,0,4,true,0
1012,2026-09-03T09:48:05.98Z,pmu-4,1,1788428885,980000,2026-09-03T09:48:05.9142628Z,-65.737,59.991653,-0.008347,0.000014,0.000000,0.000000,0.000000,1.000000,71.017891,-29.299952,70.998978,-28.011885,70.996124,-28.817364,70.984718,-30.229902,0,15,true,0
1013,2026-09-03T09:48:06.48Z,pmu-1,1,1788428886,480000,2026-09-03T09:48:05.9142628Z,-565.737,59.992199,-0.007801,-0.000113,0.000000,0.000000,0.000000,1.000000,77.001083,13.767301,76.981812,13.245773,76.976036,14.411419,76.980095,14.288316,0,8,true,0
1014,2026-09-03T09:48:06.46Z,pmu-5,1,1788428886,460000,2026-09-03T09:48:05.9142628Z,-545.737,60.006634,0.006634,-0.000046,0.000000,0.000000,0.000000,1.000000,71.001900,-29.138758,71.033806,-29.127567,71.005264,-28.989817,70.967636,-28.517908,0,3,true,0
1015,2026-09-03T09:48:07Z,pmu-4,1,1788428887,0,2026-09-03T09:48:05.9142628Z,-1085.737,60.001743,0.001743,0.000202,0.000000,0.000000,0.000000,1.000000,74.009521,-7.894480,73.993927,-6.778334,73.993622,-6.741347,73.991341,-8.657162,0,0,true,0
1016,2026-09-03T09:48:06.48Z,pmu-5,1,1788428886,480000,2026-09-03T09:48:05.9142628Z,-565.737,60.009506,0.009506,0.000057,0.000000,0.000000,0.000000,1.000000,73.993790,-7.627463,74.031197,-7.926856,73.998581,-7.600746,73.959084,-7.182415,0,4,true,0
1017,2026-09-03T09:48:06.5Z,pmu-5,1,1788428886,500000,2026-09-03T09:48:05.97032Z,-529.680,59.996971,-0.003029,-0.000251,0.000000,0.000000,0.000000,1.000000,76.996384,14.186791,77.029434,13.900653,77.000633,13.921320,76.967255,14.025500,0,5,true,0
1018,2026-09-03T09:48:06.52Z,pmu-5,1,1788428886,520000,2026-09-03T09:48:05.97032Z,-549.680,59.995132,-0.004868,-0.000037,0.000000,0.000000,0.000000,1.000000,79.988304,35.807339,80.022186,35.477032,80.000847,35.415161,79.959839,35.582855,0,6,true,0
1019,2026-09-03T09:48:06.96Z,pmu-2,1,1788428886,960000,2026-09-03T09:48:05.97032Z,-989.680,59.992489,-0.007511,-0.000047,0.000000,0.000000,0.000000,1.000000,73.970871,-7.116863,74.024124,-7.711348,73.987183,-7.388074,74.010040,-6.748658,0,12,true,0
1020,2026-09-03T09:48:06.5Z,pmu-1,1,1788428886,500000,2026-09-03T09:48:05.97032Z,-529.680,60.007973,0.007973,0.000315,0.000000,0.000000,0.000000,1.000000,80.007324,35.638737,79.988609,35.404148,79.973831,35.952160,79.983437,35.936806,0,9,true,0
1021,2026-09-03T09:48:07.02Z,pmu-4,1,1788428887,20000,2026-09-03T09:48:05.97032Z,-1049.680,59.995510,-0.004490,-0.000125,0.000000,0.000000,0.000000,1.000000,77.004684,13.766493,76.992439,14.663857,77.003433,15.265077,76.992920,12.852770,0,1,true,0
1022,2026-09-03T09:48:07.14Z,pmu-3,1,1788428887,140000,2026-09-03T09:48:05.97032Z,-1169.680,59.993637,-0.006363,0.000050,0.000000,0.000000,0.000000,1.000000,50.000000,-180.000000,50.000000,-180.000000,50.000000,-180.000000,50.000000,-180.000000,0,5,true,0
1023,2026-09-03T09:48:07.04Z,pmu-4,1,1788428887,40000,2026-09-03T09:48:05.97032Z,-1069.680,59.997814,-0.002186,0.000046,0.000000,0.000000,0.000000,1.000000,80.009689,35.482162,79.994453,36.063450,79.998039,37.020332,80.000893,33.994835,0,2,true,0
1024,2026-09-03T09:48:07.16Z,pmu-3,1,1788428887,160000,2026-09-03T09:48:05.97032Z,-1189.680,59.992985,-0.007015,-0.000013,0.000000,0.000000,0.000000,1.000000,52.998459,-158.808517,53.001453,-158.873123,53.002720,-157.987717,52.998775,-158.225616,0,6,true,0
1025,2026-09-03T09:48:06.98Z,pmu-2,1,1788428886,980000,2026-09-03T09:48:05.9711238Z,-1008.876,60.008751,0.008751,0.000325,0.000000,0.000000,0.000000,1.000000,76.961884,14.759011,77.032135,14.396877,76.977837,14.482415,77.014175,14.833071,0,13,true,0
1026,2026-09-03T09:48:06.52Z,pmu-1,1,1788428886,520000,2026-09-03T09:48:05.9711238Z,-548.876,60.000160,0.000160,-0.000156,0.000000,0.000000,0.000000,1.000000,82.999382,57.382801,82.980980,56.840607,82.966042,57.123215,82.983131,58.075214,0,10,true,0
1027,2026-09-03T09:48:07Z,pmu-2,1,1788428887,0,2026-09-03T09:48:05.9711238Z,-1028.876,60.000343,0.000343,-0.000168,0.000000,0.000000,0.000000,1.000000,79.966118,36.226871,80.031281,35.994061,79.984299,35.739746,80.004250,36.411232,0,14,true,0
1028,2026-09-03T09:48:06.54Z,pmu-5,1,1788428886,540000,2026-09-03T09:48:06.015794Z,-524.206,60.006039,0.006039,0.000218,0.000000,0.000000,0.000000,1.000000,82.989708,57.042603,83.026848,57.539967,83.003517,57.555176,82.961845,57.606800,0,7,true,0
1029,2026-09-03T09:48:06.56Z,pmu-5,1,1788428886,560000,2026-09-03T09:48:06.015794Z,-544.206,60.004581,0.004581,-0.000029,0.000000,0.000000,0.000000,1.000000,85.996017,79.096199,86.024185,78.686256,86.011070,79.388214,85.964905,79.723099,0,8,true,0
1030,2026-09-03T09:48:06.58Z,pmu-5,1,1788428886,580000,2026-09-03T09:48:06.015794Z,-564.206,60.008530,0.008530,0.000079,0.000000,0.000000,0.000000,1.000000,89.005615,100.711075,89.028252,100.094177,89.017418,101.330322,88.963936,101.273880,0,9,true,0
1031,2026-09-03T09:48:07.02Z,pmu-2,1,1788428887,20000,2026-09-03T09:48:06.015794Z,-1004.206,59.990379,-0.009621,-0.000199,0.000000,0.000000,0.000000,1.000000,82.973129,57.904282,83.040565,57.862030,82.990311,57.826363,83.002228,57.693817,0,15,true,0
1032,2026-09-03T09:48:07.06Z,pmu-4,1,1788428887,60000,2026-09-03T09:48:06.015794Z,-1044.206,59.991714,-0.008286,-0.000122,0.000000,0.000000,0.000000,1.000000,83.002037,56.666019,82.990280,57.741737,83.003891,58.265980,83.007027,55.286228,0,3,true,0
1033,2026-09-03T09:48:07.18Z,pmu-3,1,1788428887,180000,2026-09-03T09:48:06.015794Z,-1164.206,60.008675,0.008675,0.000314,0.000000,0.000000,0.000000,1.000000,56.007339,-137.225296,55.999569,-137.757950,55.993000,-136.708984,56.008152,-136.930618,0,7,true,0
1034,2026-09-03T09:48:06.54Z,pmu-1,1,1788428886,540000,2026-09-03T09:48:06.015794Z,-524.206,59.999207,-0.000793,-0.000019,0.000000,0.000000,0.000000,1.000000,86.005417,78.699028,85.984634,78.640213,85.965309,79.268829,85.988144,79.489113,0,11,true,0
1035,2026-09-03T09:48:07.08Z,pmu-4,1,1788428887,80000,2026-09-03T09:48:06.015794Z,-1064.206,59.994003,-0.005997,0.000046,0.000000,0.000000,0.000000,1.000000,86.011856,78.692551,85.999893,79.185677,86.009880,80.046806,86.014511,76.733910,0,4,true,0
1036,2026-09-03T09:48:07.04Z,pmu-2,1,1788428887,40000,2026-09-03T09:48:06.015794Z,-1024.206,60.008656,0.008656,0.000366,0.000000,0.000000,0.000000,1.000000,85.970558,79.683281,86.045372,79.184402,85.998810,79.704018,86.001144,78.964722,0,0,true,0
1037,2026-09-03T09:48:06.56Z,pmu-1,1,1788428886,560000,2026-09-03T09:48:06.015794Z,-544.206,59.998173,-0.001827,-0.000021,0.000000,0.000000,0.000000,1.000000,89.007545,100.730179,88.975914,100.276245,88.963707,100.792816,88.982040,100.699966,0,12,true,0
1038,2026-09-03T09:48:07.2Z,pmu-3,1,1788428887,200000,2026-09-03T09:48:06.015794Z,-1184.206,60.004639,0.004639,-0.000081,0.000000,0.000000,0.000000,1.000000,59.001774,-115.691055,58.993023,-115.681236,58.993725,-114.650627,59.007866,-115.686508,0,8,true,0
1039,2026-09-03T09:48:06.6Z,pmu-5,1,1788428886,600000,2026-09-03T09:48:06.0567896Z,-543.210,60.004574,0.004574,-0.000079,0.000000,0.000000,0.000000,1.000000,92.010941,122.746040,92.034264,121.214249,92.023453,122.597664,91.958656,122.302773,0,10,true,0
1040,2026-09-03T09:48:07.06Z,pmu-2,1,1788428887,60000,2026-09-03T09:48:06.0567896Z,-1003.210,60.008793,0.008793,0.000003,0.000000,0.000000,0.000000,1.000000,88.971573,101.743561,89.043365,101.241852,89.007568,101.788948,88.996941,100.411140,0,1,true,0
1041,2026-09-03T09:48:06.58Z,pmu-1,1,1788428886,580000,2026-09-03T09:48:06.0567896Z,-523.210,59.998055,-0.001945,-0.000002,0.000000,0.000000,0.000000,1.000000,92.013138,121.859016,91.966438,121.895821,91.964622,121.859756,91.991478,122.542267,0,13,true,0
1042,2026-09-03T09:48:07.1Z,pmu-4,1,1788428887,100000,2026-09-03T09:48:06.0567896Z,-1043.210,60.001190,0.001190,0.000144,0.000000,0.000000,0.000000,1.000000,89.005974,100.720795,89.006943,100.290039,89.013580,101.949364,89.015572,97.825653,0,5,true,0
1043,2026-09-03T09:48:06.62Z,pmu-5,1,1788428886,620000,2026-09-03T09:48:06.0567896Z,-563.210,59.998978,-0.001022,-0.000112,0.000000,0.000000,0.000000,1.000000,95.011803,144.849411,95.030174,142.705688,95.024071,144.540894,94.965347,143.737381,0,11,true,0
1044,2026-09-03T09:48:07.22Z,pmu-3,1,1788428887,220000,2026-09-03T09:48:06.0567896Z,-1163.210,59.995834,-0.004166,-0.000176,0.000000,0.000000,0.000000,1.000000,61.999527,-93.689949,62.000988,-94.432465,61.994946,-93.116806,62.004604,-94.539513,0,9,true,0
1045,2026-09-03T09:48:06.64Z,pmu-5,1,1788428886,640000,2026-09-03T09:48:06.1038295Z,-536.170,59.990135,-0.009865,-0.000177,0.000000,0.000000,0.000000,1.000000,98.013382,166.009201,98.037888,164.742737,98.021790,166.631378,97.960060,165.761124,0,12,true,0
1046,2026-09-03T09:48:06.66Z,pmu-5,1,1788428886,660000,2026-09-03T09:48:06.1038295Z,-556.171,60.007156,0.007156,0.000340,0.000000,0.000000,0.000000,1.000000,50.000000,-180.000000,50.000000,-180.000000,50.000000,-180.000000,50.000000,-180.000000,0,13,true,0
1047,2026-09-03T09:48:07.08Z,pmu-2,1,1788428887,80000,2026-09-03T09:48:06.1038295Z,-976.171,60.004807,0.004807,-0.000080,0.000000,0.000000,0.000000,1.000000,91.977264,123.224960,92.048767,122.461929,91.998337,123.820869,91.996788,122.554832,0,2,true,0
1048,2026-09-03T09:48:07.12Z,pmu-4,1,1788428887,120000,2026-09-03T09:48:06.1038295Z,-1016.171,59.998653,-0.001347,-0.000051,0.000000,0.000000,0.000000,1.000000,92.006927,122.100670,92.007515,121.730339,92.019806,123.569077,92.006355,119.554115,0,6,true,0
1049,2026-09-03T09:48:06.6Z,pmu-1,1,1788428886,600000,2026-09-03T09:48:06.1038295Z,-496.171,60.008186,0.008186,0.000203,0.000000,0.000000,0.000000,1.000000,95.012062,143.181808,94.973381,143.066010,94.960449,143.454803,94.999435,144.490677,0,14,true,0
1050,2026-09-03T09:48:07.24Z,pmu-3,1,1788428887,240000,2026-09-03T09:48:06.1038295Z,-1136.170,60.005165,0.005165,0.000187,0.000000,0.000000,0.000000,1.000000,64.989914,-71.530319,65.002800,-72.942192,64.988960,-72.066406,65.004318,-72.923927,0,10,true,0
1051,2026-09-03T09:48:07.14Z,pmu-4,1,1788428887,140000,2026-09-03T09:48:06.1038295Z,-1036.171,60.009346,0.009346,0.000214,0.000000,0.000000,0.000000,1.000000,95.009666,143.912262,95.011360,143.487976,95.013680,145.718674,95.015114,140.708939,0,7,true,0
1052,2026-09-03T09:48:07.1Z,pmu-2,1,1788428887,100000,2026-09-03T09:48:06.1038295Z,-996.170,59.993107,-0.006893,-0.000234,0.000000,0.000000,0.000000,1.000000,94.981834,145.011765,95.048302,144.380859,95.000206,145.617706,94.993294,144.275650,0,3,true,0
1053,2026-09-03T09:48:06.62Z,pmu-1,1,1788428886,620000,2026-09-03T09:48:06.1038295Z,-516.170,59.991966,-0.008034,-0.000324,0.000000,0.000000,0.000000,1.000000,98.017609,164.474045,97.968414,164.950073,97.953331,164.911789,97.994812,166.491043,0,15,true,0
1054,2026-09-03T09:48:07.26Z,pmu-3,1,1788428887,260000,2026-09-03T09:48:06.1038295Z,-1156.170,60.002319,0.002319,-0.000057,0.000000,0.000000,0.000000,1.000000,67.983330,-50.219795,68.005363,-51.062469,67.983269,-50.797321,68.012466,-51.884014,0,11,true,0
1055,2026-09-03T09:48:07.12Z,pmu-2,1,1788428887,120000,2026-09-03T09:48:06.1571244Z,-962.876,59.991127,-0.008873,-0.000040,0.000000,0.000000,0.000000,1.000000,97.974823,166.900757,98.038383,166.517197,97.993378,167.263840,97.996002,166.047058,0,4,true,0
1056,2026-09-03T09:48:06.64Z,pmu-1,1,1788428886,640000,2026-09-03T09:48:06.1571244Z,-482.876,59.991192,-0.008808,-0.000015,0.000000,0.000000,0.000000,1.000000,50.000000,-180.000000,50.000000,-180.000000,50.000000,-180.000000,50.000000,-180.000000,0,0,true,0
1057,2026-09-03T09:48:07.28Z,pmu-3,1,1788428887,280000,2026-09-03T09:48:06.1571244Z,-1122.876,59.991138,-0.008862,-0.000224,0.000000,0.000000,0.000000,1.000000,70.983665,-28.557842,71.009445,-29.814650,70.975349,-29.404303,71.005219,-30.710091,0,12,true,0
1058,2026-09-03T09:48:06.68Z,pmu-5,1,1788428886,680000,2026-09-03T09:48:06.1571244Z,-522.876,59.993763,-0.006237,-0.000268,0.000000,0.000000,0.000000,1.000000,53.001831,-158.290146,53.002251,-158.711685,53.000107,-158.430725,53.004192,-158.684372,0,14,true,0
1059,2026-09-03T09:48:07.16Z,pmu-4,1,1788428887,160000,2026-09-03T09:48:06.1571244Z,-1002.876,59.996761,-0.003239,-0.000252,0.000000,0.000000,0.000000,1.000000,98.016228,166.063400,98.015404,164.586746,98.011650,167.418945,98.021347,162.686874,0,8,true,0
1060,2026-09-03T09:48:06.7Z,pmu-5,1,1788428886,700000,2026-09-03T09:48:06.1571244Z,-542.876,59.992207,-0.007793,-0.000031,0.000000,0.000000,0.000000,1.000000,56.005817,-136.984268,55.996017,-136.702805,56.008011,-136.325623,56.005909,-137.579758,0,15,true,0
1061,2026-09-03T09:48:06.72Z,pmu-5,1,1788428886,720000,2026-09-03T09:48:06.2076615Z,-512.339,60.002056,0.002056,0.000197,0.000000,0.000000,0.000000,1.000000,59.006584,-115.552277,58.998222,-114.946960,59.003090,-114.805931,59.008595,-115.854828,0,0,true,0
1062,2026-09-03T09:48:06.74Z,pmu-5,1,1788428886,740000,2026-09-03T09:48:06.2076615Z,-532.339,59.999916,-0.000084,-0.000043,0.000000,0.000000,0.000000,1.000000,61.998055,-93.757088,61.991596,-93.349770,62.005875,-93.058372,62.014736,-94.768616,0,1,true,0
1063,2026-09-03T09:48:06.66Z,pmu-1,1,1788428886,660000,2026-09-03T09:48:06.2076615Z,-452.338,60.003025,0.003025,0.000237,0.000000,0.000000,0.000000,1.000000,53.005871,-158.162704,52.992409,-158.580307,52.995235,-158.249405,53.001904,-158.094238,0,1,true,0
1064,2026-09-03T09:48:07.3Z,pmu-3,1,1788428887,300000,2026-09-03T09:48:06.2076615Z,-1092.339,59.993607,-0.006393,0.000049,0.000000,0.000000,0.000000,1.000000,73.991661,-6.755688,74.015404,-7.742374,73.973900,-8.230449,74.010399,-9.444857,0,13,true,0
1065,2026-09-03T09:48:07.18Z,pmu-4,1,1788428887,180000,2026-09-03T09:48:06.2076615Z,-972.338,59.995026,-0.004974,-0.000035,0.000000,0.000000,0.000000,1.000000,50.000000,-180.000000,50.000000,-180.000000,50.000000,-180.000000,50.000000,-180.000000,0,9,true,0
1066,2026-09-03T09:48:06.76Z,pmu-5,1,1788428886,760000,2026-09-03T09:48:06.2076615Z,-552.338,59.998287,-0.001713,-0.000033,0.000000,0.000000,0.000000,1.000000,64.996857,-72.418518,64.997475,-71.738983,65.000656,-71.582253,65.014740,-72.785095,0,2,true,0
1067,2026-09-03T09:48:07.14Z,pmu-2,1,1788428887,140000,2026-09-03T09:48:06.2076615Z,-932.338,59.993637,-0.006363,0.000050,0.000000,0.000000,0.000000,1.000000,50.000000,-180.000000,50.000000,-180.000000,50.000000,-180.000000,50.000000,-180.000000,0,5,true,0
1068,2026-09-03T09:48:06.68Z,pmu-1,1,1788428886,680000,2026-09-03T09:48:06.2076615Z,-472.339,60.009651,0.009651,0.000133,0.000000,0.000000,0.000000,1.000000,55.996277,-136.359802,55.983730,-136.955902,55.997890,-136.449905,55.996372,-137.001450,0,2,true,0
1069,2026-09-03T09:48:07.16Z,pmu-2,1,1788428887,160000,2026-09-03T09:48:06.2076615Z,-952.338,59.992985,-0.007015,-0.000013,0.000000,0.000000,0.000000,1.000000,52.998459,-158.808517,53.001453,-158.873123,53.002720,-157.987717,52.998775,-158.225616,0,6,true,0
1070,2026-09-03T09:48:07.32Z,pmu-3,1,1788428887,320000,2026-09-03T09:48:06.2076615Z,-1112.338,60.002995,0.002995,0.000188,0.000000,0.000000,0.000000,1.000000,76.991531,14.361721,77.023476,13.514256,76.971397,13.710752,77.011848,11.832968,0,14,true,0
1071,2026-09-03T09:48:07.2Z,pmu-4,1,1788428887,200000,2026-09-03T09:48:06.2081729Z,-991.827,59.998444,-0.001556,0.000068,0.000000,0.000000,0.000000,1.000000,52.998913,-158.280075,52.995384,-158.022644,53.001247,-158.422470,53.009258,-158.571915,0,10,true,0
1072,2026-09-03T09:48:06.78Z,pmu-5,1,1788428886,780000,2026-09-03T09:48:06.2531529Z,-526.847,59.991688,-0.008312,-0.000132,0.000000,0.000000,0.000000,1.000000,68.002464,-51.001331,67.990608,-50.424583,68.010345,-49.743660,68.023453,-51.746513,0,3,true,0
1073,2026-09-03T09:48:06.7Z,pmu-1,1,1788428886,700000,2026-09-03T09:48:06.2531529Z,-446.847,60.008808,0.008808,-0.000017,0.000000,0.000000,0.000000,1.000000,59.002438,-114.285156,58.990955,-115.411247,58.996719,-115.138206,58.997829,-115.612411,0,3,true,0
1074,2026-09-03T09:48:07.34Z,pmu-3,1,1788428887,340000,2026-09-03T09:48:06.2531529Z,-1086.847,60.002331,0.002331,-0.000013,0.000000,0.000000,0.000000,1.000000,79.989059,36.313904,80.023834,34.597744,79.971840,34.936749,80.005714,33.296001,0,15,true,0
1075,2026-09-03T09:48:07.22Z,pmu-4,1,1788428887,220000,2026-09-03T09:48:06.2531529Z,-966.847,60.005699,0.005699,0.000145,0.000000,0.000000,0.000000,1.000000,56.000977,-136.950974,55.985870,-136.604965,56.007038,-137.296661,56.014141,-137.394318,0,11,true,0
1076,2026-09-03T09:48:07.18Z,pmu-2,1,1788428887,180000,2026-09-03T09:48:06.2531529Z,-926.847,60.008675,0.008675,0.000314,0.000000,0.000000,0.000000,1.000000,56.007339,-137.225296,55.999569,-137.757950,55.993000,-136.708984,56.008152,-136.930618,0,7,true,0
1077,2026-09-03T09:48:06.8Z,pmu-5,1,1788428886,800000,2026-09-03T09:48:06.2531529Z,-546.847,59.997406,-0.002594,0.000114,0.000000,0.000000,0.000000,1.000000,71.007591,-29.311819,70.985077,-28.730736,71.007652,-28.153223,71.028259,-29.992935,0,4,true,0
1078,2026-09-03T09:48:06.72Z,pmu-1,1,1788428886,720000,2026-09-03T09:48:06.2536625Z,-466.338,59.996620,-0.003380,-0.000244,0.000000,0.000000,0.000000,1.000000,61.999016,-93.000481,61.987774,-94.184868,62.001663,-93.911865,61.990032,-93.885727,0,4,true,0
1079,2026-09-03T09:48:07.2Z,pmu-2,1,1788428887,200000,2026-09-03T09:48:06.2536625Z,-946.338,60.004639,0.004639,-0.000081,0.000000,0.000000,0.000000,1.000000,59.001774,-115.691055,58.993023,-115.681236,58.993725,-114.650627,59.007866,-115.686508,0,8,true,0
1080,2026-09-03T09:48:07.36Z,pmu-3,1,1788428887,360000,2026-09-03T09:48:06.2536625Z,-1106.337,60.005672,0.005672,0.000067,0.000000,0.000000,0.000000,1.000000,82.987938,57.370529,83.029236,56.684601,82.980515,56.133892,83.012939,55.027302,0,0,true,0
1081,2026-09-03T09:48:07.24Z,pmu-4,1,1788428887,240000,2026-09-03T09:48:06.2536625Z,-986.337,59.992908,-0.007092,-0.000256,0.000000,0.000000,0.000000,1.000000,58.994286,-115.328369,58.994331,-114.800644,59.012199,-116.210899,59.013969,-115.499603,0,12,true,0
1082,2026-09-03T09:48:07.26Z,pmu-4,1,1788428887,260000,2026-09-03T09:48:06.3105596Z,-949.440,60.003052,0.003052,0.000203,0.000000,0.000000,0.000000,1.000000,61.989075,-94.017601,62.002365,-93.097458,62.005844,-94.414619,62.014751,-94.432770,0,13,true,0
1083,2026-09-03T09:48:06.74Z,pmu-1,1,1788428886,740000,2026-09-03T09:48:06.3105596Z,-429.440,59.992535,-0.007465,-0.000082,0.000000,0.000000,0.000000,1.000000,64.991859,-71.968712,64.988365,-72.480392,65.007935,-71.746216,64.997017,-71.801140,0,5,true,0
1084,2026-09-03T09:48:07.38Z,pmu-3,1,1788428887,380000,2026-09-03T09:48:06.3105596Z,-1069.440,60.006168,0.006168,0.000010,0.000000,0.000000,0.000000,1.000000,85.994171,78.535080,86.025719,78.528687,85.990440,78.052605,86.011490,76.267746,0,1,true,0
1085,2026-09-03T09:48:06.82Z,pmu-5,1,1788428886,820000,2026-09-03T09:48:06.3105596Z,-509.440,59.997730,-0.002270,0.000006,0.000000,0.000000,0.000000,1.000000,74.000107,-8.157549,73.991234,-6.921204,74.008163,-7.098553,74.022865,-7.988295,0,5,true,0
1086,2026-09-03T09:48:07.22Z,pmu-2,1,1788428887,220000,2026-09-03T09:48:06.3105596Z,-909.440,59.995834,-0.004166,-0.000176,0.000000,0.000000,0.000000,1.000000,61.999527,-93.689949,62.000988,-94.432465,61.994946,-93.116806,62.004604,-94.539513,0,9,true,0
1087,2026-09-03T09:48:07.4Z,pmu-3,1,1788428887,400000,2026-09-03T09:48:06.3105596Z,-1089.440,59.998894,-0.001106,-0.000145,0.000000,0.000000,0.000000,1.000000,88.998039,99.580864,89.023499,99.591400,88.999222,100.035744,89.001778,98.134209,0,2,true,0
1088,2026-09-03T09:48:07.24Z,pmu-2,1,1788428887,240000,2026-09-03T09:48:06.3112787Z,-928.721,60.005165,0.005165,0.000187,0.000000,0.000000,0.000000,1.000000,64.989914,-71.530319,65.002800,-72.942192,64.988960,-72.066406,65.004318,-72.923927,0,10,true,0
1089,2026-09-03T09:48:07.28Z,pmu-4,1,1788428887,280000,2026-09-03T09:48:06.3112787Z,-968.721,59.995701,-0.004299,-0.000147,0.000000,0.000000,0.000000,1.000000,64.998848,-72.438080,64.994911,-71.664192,64.998718,-73.237442,65.010368,-72.912628,0,14,true,0
1090,2026-09-03T09:48:06.76Z,pmu-1,1,1788428886,760000,2026-09-03T09:48:06.3112787Z,-448.721,60.008160,0.008160,0.000312,0.000000,0.000000,0.000000,1.000000,67.998001,-50.385624,67.978989,-50.892086,68.010017,-50.134514,67.992317,-50.698769,0,6,true,0
1091,2026-09-03T09:48:06.84Z,pmu-5,1,1788428886,840000,2026-09-03T09:48:06.3112787Z,-528.721,59.994003,-0.005997,-0.000075,0.000000,0.000000,0.000000,1.000000,77.009697,13.134335,76.993256,14.275276,77.012718,14.305973,77.030403,13.864987,0,6,true,0
1092,2026-09-03T09:48:06.86Z,pmu-5,1,1788428886,860000,2026-09-03T09:48:06.3112787Z,-548.721,59.997875,-0.002125,0.000077,0.000000,0.000000,0.000000,1.000000,80.001091,34.302734,79.986267,35.719391,80.011879,35.743755,80.027420,35.741177,0,7,true,0
1093,2026-09-03T09:48:06.88Z,pmu-5,1,1788428886,880000,2026-09-03T09:48:06.3539388Z,-526.061,60.001171,0.001171,0.000066,0.000000,0.000000,0.000000,1.000000,82.991425,56.367455,82.994820,57.093037,83.021660,57.822010,83.029594,57.812859,0,8,true,0
1094,2026-09-03T09:48:06.9Z,pmu-5,1,1788428886,900000,2026-09-03T09:48:06.3539388Z,-546.061,59.999390,-0.000610,-0.000036,0.000000,0.000000,0.000000,1.000000,85.985062,77.488884,85.987495,78.346313,86.025253,79.376427,86.023537,79.496529,0,9,true,0
1095,2026-09-03T09:48:07.3Z,pmu-4,1,1788428887,300000,2026-09-03T09:48:06.3539388Z,-946.061,59.992962,-0.007038,-0.000055,0.000000,0.000000,0.000000,1.000000,67.996193,-50.354576,67.985909,-49.921555,68.007385,-51.298828,68.014717,-51.301590,0,15,true,0
1096,2026-09-03T09:48:06.78Z,pmu-1,1,1788428886,780000,2026-09-03T09:48:06.3539388Z,-426.061,60.003204,0.003204,-0.000099,0.000000,0.000000,0.000000,1.000000,70.998436,-29.353018,70.982536,-29.568134,71.015221,-28.009222,70.991089,-28.568092,0,7,true,0
1097,2026-09-03T09:48:07.26Z,pmu-2,1,1788428887,260000,2026-09-03T09:48:06.3539388Z,-906.061,60.002319,0.002319,-0.000057,0.000000,0.000000,0.000000,1.000000,67.983330,-50.219795,68.005363,-51.062469,67.983269,-50.797321,68.012466,-51.884014,0,11,true,0
1098,2026-09-03T09:48:07.42Z,pmu-3,1,1788428887,420000,2026-09-03T09:48:06.3539388Z,-1066.061,60.002678,0.002678,0.000076,0.000000,0.000000,0.000000,1.000000,92.006432,121.460625,92.031357,121.712524,91.989799,121.176338,92.008148,119.505623,0,3,true,0
1099,2026-09-03T09:48:06.92Z,pmu-5,1,1788428886,920000,2026-09-03T09:48:06.406043Z,-513.957,59.996712,-0.003288,-0.000054,0.000000,0.000000,0.000000,1.000000,88.991272,99.653488,88.978760,100.135178,89.016296,101.492279,89.017578,101.415138,0,10,true,0
1100,2026-09-03T09:48:06.8Z,pmu-1,1,1788428886,800000,2026-09-03T09:48:06.406043Z,-393.957,59.990322,-0.009678,-0.000258,0.000000,0.000000,0.000000,1.000000,73.990379,-8.106039,73.981377,-7.427840,74.006638,-6.661490,73.998138,-7.170526,0,8,true,0
1101,2026-09-03T09:48:06.94Z,pmu-5,1,1788428886,940000,2026-09-03T09:48:06.406043Z,-533.957,60.008884,0.008884,0.000243,0.000000,0.000000,0.000000,1.000000,91.988556,121.359924,91.977829,122.015839,92.016983,123.661667,92.019867,123.536308,0,11,true,0
1102,2026-09-03T09:48:07.44Z,pmu-3,1,1788428887,440000,2026-09-03T09:48:06.406043Z,-1033.957,59.995380,-0.004620,-0.000146,0.000000,0.000000,0.000000,1.000000,95.004280,142.818085,95.037628,143.293472,94.980492,143.040955,94.998863,141.208832,0,4,true,0
1103,2026-09-03T09:48:07.28Z,pmu-2,1,1788428887,280000,2026-09-03T09:48:06.406043Z,-873.957,59.991138,-0.008862,-0.000224,0.000000,0.000000,0.000000,1.000000,70.983665,-28.557842,71.009445,-29.814650,70.975349,-29.404303,71.005219,-30.710091,0,12,true,0
1104,2026-09-03T09:48:07.32Z,pmu-4,1,1788428887,320000,2026-09-03T09:48:06.406043Z,-913.957,59.998367,-0.001633,0.000108,0.000000,0.000000,0.000000,1.000000,71.005600,-29.070982,70.987320,-28.848280,71.007179,-29.413267,71.008553,-29.708324,0,0,true,0
1105,2026-09-03T09:48:06.82Z,pmu-1,1,1788428886,820000,2026-09-03T09:48:06.406043Z,-413.957,59.999676,-0.000324,0.000187,0.000000,0.000000,0.000000,1.000000,76.984619,13.279114,76.974564,13.862959,77.007713,15.206410,76.989914,14.329298,0,9,true,0
1106,2026-09-03T09:48:07.3Z,pmu-2,1,1788428887,300000,2026-09-03T09:48:06.406043Z,-893.957,59.993607,-0.006393,0.000049,0.000000,0.000000,0.000000,1.000000,73.991661,-6.755688,74.015404,-7.742374,73.973900,-8.230449,74.010399,-9.444857,0,13,true,0
1107,2026-09-03T09:48:07.34Z,pmu-4,1,1788428887,340000,2026-09-03T09:48:06.406043Z,-933.957,60.008347,0.008347,0.000200,0.000000,0.000000,0.000000,1.000000,74.006752,-7.582069,73.988609,-6.846404,74.006126,-8.310196,74.008278,-8.335762,0,1,true,0
1108,2026-09-03T09:48:07.46Z,pmu-3,1,1788428887,460000,2026-09-03T09:48:06.406043Z,-1053.957,60.007908,0.007908,0.000251,0.000000,0.000000,0.000000,1.000000,98.013115,164.531586,98.035599,164.634705,97.976463,165.185516,98.000999,163.082611,0,5,true,0
1109,2026-09-03T09:48:06.96Z,pmu-5,1,1788428886,960000,2026-09-03T09:48:06.4516035Z,-508.397,60.009853,0.009853,0.000019,0.000000,0.000000,0.000000,1.000000,94.988953,142.819534,94.973076,143.242111,95.023567,145.564743,95.016968,144.672958,0,12,true,0
1110,2026-09-03T09:48:06.98Z,pmu-5,1,1788428886,980000,2026-09-03T09:48:06.4516035Z,-528.397,59.993149,-0.006851,-0.000334,0.000000,0.000000,0.000000,1.000000,97.983292,164.582367,97.964447,164.360718,98.013657,167.465973,98.021774,165.806442,0,13,true,0
1111,2026-09-03T09:48:07Z,pmu-5,1,1788428887,0,2026-09-03T09:48:06.4516035Z,-548.396,59.994514,-0.005486,0.000027,0.000000,0.000000,0.000000,1.000000,50.000000,-180.000000,50.000000,-180.000000,50.000000,-180.000000,50.000000,-180.000000,0,14,true,0
1112,2026-09-03T09:48:06.84Z,pmu-1,1,1788428886,840000,2026-09-03T09:48:06.4516035Z,-388.397,60.008160,0.008160,0.000170,0.000000,0.000000,0.000000,1.000000,79.993935,34.585754,79.969421,35.298473,80.016205,37.347336,79.981590,35.436844,0,10,true,0
1113,2026-09-03T09:48:07.36Z,pmu-4,1,1788428887,360000,2026-09-03T09:48:06.4516035Z,-908.397,60.001732,0.001732,-0.000132,0.000000,0.000000,0.000000,1.000000,77.009529,14.500873,76.979500,14.199734,77.003410,13.570155,76.999718,13.257471,0,2,true,0
1114,2026-09-03T09:48:07.32Z,pmu-2,1,1788428887,320000,2026-09-03T09:48:06.4516035Z,-868.397,60.002995,0.002995,0.000188,0.000000,0.000000,0.000000,1.000000,76.991531,14.361721,77.023476,13.514256,76.971397,13.710752,77.011848,11.832968,0,14,true,0
1115,2026-09-03T09:48:07.48Z,pmu-3,1,1788428887,480000,2026-09-03T09:48:06.4516035Z,-1028.396,59.994465,-0.005535,-0.000269,0.000000,0.000000,0.000000,1.000000,50.000000,-180.000000,50.000000,-180.000000,50.000000,-180.000000,50.000000,-180.000000,0,6,true,0
1116,2026-09-03T09:48:07.02Z,pmu-5,1,1788428887,20000,2026-09-03T09:48:06.4516035Z,-568.396,59.998508,-0.001492,0.000080,0.000000,0.000000,0.000000,1.000000,52.993408,-158.232788,53.001373,-158.476151,52.996792,-157.938644,53.006836,-158.042679,0,15,true,0
1117,2026-09-03T09:48:07.04Z,pmu-5,1,1788428887,40000,2026-09-03T09:48:06.499008Z,-540.992,60.001270,0.001270,0.000055,0.000000,0.000000,0.000000,1.000000,55.997204,-136.723907,56.010098,-136.593002,56.002213,-135.797501,56.013428,-136.585800,0,0,true,0
1118,2026-09-03T09:48:07.38Z,pmu-4,1,1788428887,380000,2026-09-03T09:48:06.499008Z,-880.992,59.999989,-0.000011,-0.000035,0.000000,0.000000,0.000000,1.000000,80.002022,36.188389,79.984444,35.586914,79.998474,35.561367,79.999413,35.306141,0,3,true,0
1119,2026-09-03T09:48:07.06Z,pmu-5,1,1788428887,60000,2026-09-03T09:48:06.499008Z,-560.992,59.997829,-0.002171,-0.000069,0.000000,0.000000,0.000000,1.000000,58.993553,-114.581589,59.003445,-115.506996,59.005943,-114.488876,59.014656,-114.774345,0,1,true,0
1120,2026-09-03T09:48:07.34Z,pmu-2,1,1788428887,340000,2026-09-03T09:48:06.499008Z,-840.992,60.002331,0.002331,-0.000013,0.000000,0.000000,0.000000,1.000000,79.989059,36.313904,80.023834,34.597744,79.971840,34.936749,80.005714,33.296001,0,15,true,0
1121,2026-09-03T09:48:07.5Z,pmu-3,1,1788428887,500000,2026-09-03T09:48:06.499008Z,-1000.992,59.991711,-0.008289,-0.000055,0.000000,0.000000,0.000000,1.000000,53.008812,-158.318542,53.005566,-158.745331,52.999062,-158.676819,53.006546,-158.647903,0,7,true,0
1122,2026-09-03T09:48:06.86Z,pmu-1,1,1788428886,860000,2026-09-03T09:48:06.499008Z,-360.992,60.008045,0.008045,-0.000002,0.000000,0.000000,0.000000,1.000000,82.986176,56.368011,82.968361,56.523457,83.012138,58.970890,82.977959,57.117508,0,11,true,0
1123,2026-09-03T09:48:07.4Z,pmu-4,1,1788428887,400000,2026-09-03T09:48:06.499008Z,-900.992,59.994633,-0.005367,-0.000107,0.000000,0.000000,0.000000,1.000000,83.001419,58.335606,82.985207,57.344971,83.006142,57.333447,82.992493,56.463032,0,4,true,0
1124,2026-09-03T09:48:07.36Z,pmu-2,1,1788428887,360000,2026-09-03T09:48:06.499008Z,-860.992,60.005672,0.005672,0.000067,0.000000,0.000000,0.000000,1.000000,82.987938,57.370529,83.029236,56.684601,82.980515,56.133892,83.012939,55.027302,0,0,true,0
1125,2026-09-03T09:48:07.52Z,pmu-3,1,1788428887,520000,2026-09-03T09:48:06.499008Z,-1020.992,59.990929,-0.009071,-0.000016,0.000000,0.000000,0.000000,1.000000,56.001801,-136.281281,56.014149,-137.474091,56.004608,-137.643661,56.000904,-137.101364,0,8,true,0
1126,2026-09-03T09:48:06.88Z,pmu-1,1,1788428886,880000,2026-09-03T09:48:06.499008Z,-380.992,59.998325,-0.001675,-0.000194,0.000000,0.000000,0.000000,1.000000,85.981407,78.431229,85.975800,78.171074,86.011887,80.089348,85.968178,78.357384,0,12,true,0
1127,2026-09-03T09:48:07.08Z,pmu-5,1,1788428887,80000,2026-09-03T09:48:06.5545541Z,-525.446,59.997395,-0.002605,-0.000009,0.000000,0.000000,0.000000,1.000000,61.985516,-93.371262,62.000164,-93.385765,61.997807,-93.125198,62.014717,-92.637863,0,2,true,0
1128,2026-09-03T09:48:07.1Z,pmu-5,1,1788428887,100000,2026-09-03T09:48:06.5545541Z,-545.446,60.005882,0.005882,0.000170,0.000000,0.000000,0.000000,1.000000,64.989868,-71.876335,65.009209,-72.207504,64.998711,-70.961121,65.023163,-70.481865,0,3,true,0
1129,2026-09-03T09:48:07.54Z,pmu-3,1,1788428887,540000,2026-09-03T09:48:06.5545541Z,-985.446,60.003315,0.003315,0.000248,0.000000,0.000000,0.000000,1.000000,58.993748,-114.938751,59.010979,-115.398941,59.008640,-115.606720,58.993904,-115.558075,0,9,true,0
1130,2026-09-03T09:48:07.38Z,pmu-2,1,1788428887,380000,2026-09-03T09:48:06.5545541Z,-825.446,60.006168,0.006168,0.000010,0.000000,0.000000,0.000000,1.000000,85.994171,78.535080,86.025719,78.528687,85.990440,78.052605,86.011490,76.267746,0,1,true,0
1131,2026-09-03T09:48:07.42Z,pmu-4,1,1788428887,420000,2026-09-03T09:48:06.5545541Z,-865.446,59.996925,-0.003075,0.000046,0.000000,0.000000,0.000000,1.000000,86.002274,80.296608,85.976448,79.073051,86.004906,78.440231,85.986610,78.104355,0,5,true,0
1132,2026-09-03T09:48:06.9Z,pmu-1,1,1788428886,900000,2026-09-03T09:48:06.5545541Z,-345.446,60.006805,0.006805,0.000170,0.000000,0.000000,0.000000,1.000000,88.972389,100.109375,88.975098,99.532898,89.003525,101.325386,88.970871,99.494484,0,13,true,0
1133,2026-09-03T09:48:07.4Z,pmu-2,1,1788428887,400000,2026-09-03T09:48:06.5545541Z,-845.446,59.998894,-0.001106,-0.000145,0.000000,0.000000,0.000000,1.000000,88.998039,99.580864,89.023499,99.591400,88.999222,100.035744,89.001778,98.134209,0,2,true,0
1134,2026-09-03T09:48:06.92Z,pmu-1,1,1788428886,920000,2026-09-03T09:48:06.6071174Z,-312.883,59.997200,-0.002800,-0.000192,0.000000,0.000000,0.000000,1.000000,91.966499,121.399536,91.979179,121.627762,91.998909,123.384270,91.970871,121.197594,0,14,true,0
1135,2026-09-03T09:48:07.44Z,pmu-4,1,1788428887,440000,2026-09-03T09:48:06.6071174Z,-832.883,60.006390,0.006390,0.000189,0.000000,0.000000,0.000000,1.000000,89.004379,101.643112,88.981491,100.984283,89.013069,100.569962,88.984070,99.262718,0,6,true,0
1136,2026-09-03T09:48:07.42Z,pmu-2,1,1788428887,420000,2026-09-03T09:48:06.6071174Z,-812.883,60.002678,0.002678,0.000076,0.000000,0.000000,0.000000,1.000000,92.006432,121.460625,92.031357,121.712524,91.989799,121.176338,92.008148,119.505623,0,3,true,0
1137,2026-09-03T09:48:07.56Z,pmu-3,1,1788428887,560000,2026-09-03T09:48:06.6071174Z,-952.883,59.992306,-0.007694,-0.000220,0.000000,0.000000,0.000000,1.000000,61.999912,-92.909111,62.005066,-94.205505,61.998936,-93.864929,61.993290,-93.722832,0,10,true,0
1138,2026-09-03T09:48:07.12Z,pmu-5,1,1788428887,120000,2026-09-03T09:48:06.6071174Z,-512.883,60.009945,0.009945,0.000081,0.000000,0.000000,0.000000,1.000000,67.995979,-49.903133,68.016975,-50.684353,67.999763,-49.670570,68.024025,-48.792664,0,4,true,0
1139,2026-09-03T09:48:06.94Z,pmu-1,1,1788428886,940000,2026-09-03T09:48:06.6078919Z,-332.108,59.996601,-0.003399,-0.000012,0.000000,0.000000,0.000000,1.000000,94.958893,143.015396,94.971077,143.011337,95.005867,145.036499,94.978508,142.488815,0,15,true,0
1140,2026-09-03T09:48:07.46Z,pmu-4,1,1788428887,460000,2026-09-03T09:48:06.6078919Z,-852.108,59.991432,-0.008568,-0.000299,0.000000,0.000000,0.000000,1.000000,91.999603,123.063522,91.974655,123.090172,92.009911,122.413406,91.990517,121.080406,0,7,true,0
1141,2026-09-03T09:48:07.14Z,pmu-5,1,1788428887,140000,2026-09-03T09:48:06.6078919Z,-532.108,59.995296,-0.004704,-0.000293,0.000000,0.000000,0.000000,1.000000,70.988159,-28.328751,71.016403,-29.270172,70.995605,-27.733250,71.025986,-26.981594,0,5,true,0
1142,2026-09-03T09:48:07.58Z,pmu-3,1,1788428887,580000,2026-09-03T09:48:06.6078919Z,-972.108,60.003796,0.003796,0.000230,0.000000,0.000000,0.000000,1.000000,65.002426,-71.530212,64.996727,-72.443367,64.995712,-71.731552,64.991692,-72.166809,0,11,true,0
1143,2026-09-03T09:48:07.16Z,pmu-5,1,1788428887,160000,2026-09-03T09:48:06.6078919Z,-552.108,59.998272,-0.001728,0.000060,0.000000,0.000000,0.000000,1.000000,73.993576,-6.851518,74.007240,-7.990074,74.004646,-6.577197,74.025589,-5.057283,0,6,true,0
1144,2026-09-03T09:48:07.18Z,pmu-5,1,1788428887,180000,2026-09-03T09:48:06.6518227Z,-528.177,60.003712,0.003712,0.000109,0.000000,0.000000,0.000000,1.000000,77.001266,15.128222,77.001099,13.088692,77.012360,15.184494,77.020256,16.993380,0,7,true,0
1145,2026-09-03T09:48:07.44Z,pmu-2,1,1788428887,440000,2026-09-03T09:48:06.6518227Z,-788.177,59.995380,-0.004620,-0.000146,0.000000,0.000000,0.000000,1.000000,95.004280,142.818085,95.037628,143.293472,94.980492,143.040955,94.998863,141.208832,0,4,true,0
1146,2026-09-03T09:48:07.48Z,pmu-4,1,1788428887,480000,2026-09-03T09:48:06.6518227Z,-828.177,59.991352,-0.008648,-0.000002,0.000000,0.000000,0.000000,1.000000,95.005859,144.898941,94.983292,144.974503,95.018913,144.289764,94.982162,143.013428,0,8,true,0
1147,2026-09-03T09:48:07.2Z,pmu-5,1,1788428887,200000,2026-09-03T09:48:06.6518227Z,-548.177,59.997463,-0.002537,-0.000125,0.000000,0.000000,0.000000,1.000000,80.004829,36.835812,79.997208,34.497940,80.003761,37.277016,80.026382,38.735664,0,8,true,0
1148,2026-09-03T09:48:07.6Z,pmu-3,1,1788428887,600000,2026-09-03T09:48:06.6518227Z,-948.177,60.009796,0.009796,0.000120,0.000000,0.000000,0.000000,1.000000,68.011581,-50.322647,67.992523,-51.384251,67.986725,-49.662987,67.997169,-51.090420,0,12,true,0
1149,2026-09-03T09:48:06.96Z,pmu-1,1,1788428886,960000,2026-09-03T09:48:06.6518227Z,-308.177,60.000248,0.000248,0.000073,0.000000,0.000000,0.000000,1.000000,97.949883,164.440582,97.972412,164.292038,98.002213,166.843796,97.980652,164.194336,0,0,true,0
1150,2026-09-03T09:48:07.46Z,pmu-2,1,1788428887,460000,2026-09-03T09:48:06.6518227Z,-808.177,60.007908,0.007908,0.000251,0.000000,0.000000,0.000000,1.000000,98.013115,164.531586,98.035599,164.634705,97.976463,165.185516,98.000999,163.082611,0,5,true,0
1151,2026-09-03T09:48:07.62Z,pmu-3,1,1788428887,620000,2026-09-03T09:48:06.6518227Z,-968.177,59.994537,-0.005463,-0.000305,0.000000,0.000000,0.000000,1.000000,71.014816,-28.530741,70.983910,-29.929714,70.996277,-28.173937,71.004768,-30.044527,0,13,true,0
1152,2026-09-03T09:48:06.98Z,pmu-1,1,1788428886,980000,2026-09-03T09:48:06.6518227Z,-328.177,59.998352,-0.001648,-0.000038,0.000000,0.000000,0.000000,1.000000,50.000000,-180.000000,50.000000,-180.000000,50.000000,-180.000000,50.000000,-180.000000,0,1,true,0
1153,2026-09-03T09:48:07.5Z,pmu-4,1,1788428887,500000,2026-09-03T09:48:06.6518227Z,-848.177,59.991894,-0.008106,0.000011,0.000000,0.000000,0.000000,1.000000,98.006081,166.171173,97.983536,166.450836,98.020439,165.628891,97.980637,164.666733,0,9,true,0
1154,2026-09-03T09:48:08Z,pmu-1,1,1788428888,0,2026-09-03T09:48:06.6518227Z,-1348.177,60.002804,0.002804,0.000089,0.000000,0.000000,0.000000,1.000000,53.001293,-157.853973,53.004787,-157.905762,53.004486,-158.377747,53.000904,-157.895172,0,2,true,0
1155,2026-09-03T09:48:07.22Z,pmu-5,1,1788428887,220000,2026-09-03T09:48:06.6961655Z,-523.834,59.996155,-0.003845,-0.000026,0.000000,0.000000,0.000000,1.000000,82.998924,58.785580,82.990425,55.620491,83.005844,59.139534,83.023315,60.794197,0,9,true,0
1156,2026-09-03T09:48:07.24Z,pmu-5,1,1788428887,240000,2026-09-03T09:48:06.6968482Z,-543.152,60.009975,0.009975,0.000276,0.000000,0.000000,0.000000,1.000000,86.000427,80.510132,85.998459,77.764740,86.015350,80.650589,86.021965,82.752113,0,10,true,0
1157,2026-09-03T09:48:07.64Z,pmu-3,1,1788428887,640000,2026-09-03T09:48:06.6968482Z,-943.152,59.995594,-0.004406,0.000021,0.000000,0.000000,0.000000,1.000000,74.009293,-6.729390,73.993660,-8.151971,74.003166,-6.743950,74.012215,-8.058002,0,14,true,0
1158,2026-09-03T09:48:07.48Z,pmu-2,1,1788428887,480000,2026-09-03T09:48:06.6968482Z,-783.152,59.994465,-0.005535,-0.000269,0.000000,0.000000,0.000000,1.000000,50.000000,-180.000000,50.000000,-180.000000,50.000000,-180.000000,50.000000,-180.000000,0,6,true,0
1159,2026-09-03T09:48:08.02Z,pmu-1,1,1788428888,20000,2026-09-03T09:48:06.6968482Z,-1323.152,60.002682,0.002682,-0.000002,0.000000,0.000000,0.000000,1.000000,55.999439,-136.668900,56.005661,-135.937180,56.000175,-137.127060,55.997986,-136.064941,0,3,true,0
1160,2026-09-03T09:48:07.52Z,pmu-4,1,1788428887,520000,2026-09-03T09:48:06.6968482Z,-823.152,59.994728,-0.005272,0.000057,0.000000,0.000000,0.000000,1.000000,50.000000,-180.000000,50.000000,-180.000000,50.000000,-180.000000,50.000000,-180.000000,0,10,true,0
1161,2026-09-03T09:48:07.26Z,pmu-5,1,1788428887,260000,2026-09-03T09:48:06.7429327Z,-517.067,60.001938,0.001938,-0.000161,0.000000,0.000000,0.000000,1.000000,89.003044,102.420555,89.002975,98.918129,89.018387,102.342789,89.031403,103.877670,0,11,true,0
1162,2026-09-03T09:48:07.28Z,pmu-5,1,1788428887,280000,2026-09-03T09:48:06.7429327Z,-537.067,59.997143,-0.002857,-0.000096,0.000000,0.000000,0.000000,1.000000,91.994843,124.008751,92.009033,120.591309,92.019264,123.996460,92.032494,125.963127,0,12,true,0
1163,2026-09-03T09:48:07.5Z,pmu-2,1,1788428887,500000,2026-09-03T09:48:06.7429327Z,-757.067,59.991711,-0.008289,-0.000055,0.000000,0.000000,0.000000,1.000000,53.008812,-158.318542,53.005566,-158.745331,52.999062,-158.676819,53.006546,-158.647903,0,7,true,0
1164,2026-09-03T09:48:08.04Z,pmu-1,1,1788428888,40000,2026-09-03T09:48:06.7429327Z,-1297.067,59.995750,-0.004250,-0.000139,0.000000,0.000000,0.000000,1.000000,58.999504,-115.079727,59.009521,-114.097153,59.000721,-116.041023,58.998878,-114.569023,0,4,true,0
1165,2026-09-03T09:48:07.66Z,pmu-3,1,1788428887,660000,2026-09-03T09:48:06.7429327Z,-917.067,60.000744,0.000744,0.000103,0.000000,0.000000,0.000000,1.000000,77.008339,14.439428,76.999298,12.984044,76.997253,14.869078,77.020004,13.140926,0,15,true,0
1166,2026-09-03T09:48:07.3Z,pmu-5,1,1788428887,300000,2026-09-03T09:48:06.7429327Z,-557.067,59.990597,-0.009403,-0.000131,0.000000,0.000000,0.000000,1.000000,94.985237,145.938095,95.016144,142.564224,95.010139,146.073700,95.023209,147.529648,0,13,true,0
1167,2026-09-03T09:48:07.54Z,pmu-4,1,1788428887,540000,2026-09-03T09:48:06.7429327Z,-797.067,59.997379,-0.002621,0.000053,0.000000,0.000000,0.000000,1.000000,53.009163,-158.856293,53.000538,-158.164185,52.993443,-158.075211,52.990597,-158.593307,0,11,true,0
1168,2026-09-03T09:48:08.06Z,pmu-1,1,1788428888,60000,2026-09-03T09:48:06.7429327Z,-1317.067,59.992527,-0.007473,-0.000064,0.000000,0.000000,0.000000,1.000000,62.003613,-93.636940,62.014305,-92.886124,62.000858,-94.704552,61.998581,-92.765892,0,5,true,0
1169,2026-09-03T09:48:07.68Z,pmu-3,1,1788428887,680000,2026-09-03T09:48:06.7429327Z,-937.067,60.000755,0.000755,0.000000,0.000000,0.000000,0.000000,1.000000,80.006981,35.937119,79.996056,34.830471,80.004684,36.385654,80.010788,34.205456,0,0,true,0
1170,2026-09-03T09:48:07.52Z,pmu-2,1,1788428887,520000,2026-09-03T09:48:06.7429327Z,-777.067,59.990929,-0.009071,-0.000016,0.000000,0.000000,0.000000,1.000000,56.001801,-136.281281,56.014149,-137.474091,56.004608,-137.643661,56.000904,-137.101364,0,8,true,0
1171,2026-09-03T09:48:07.56Z,pmu-4,1,1788428887,560000,2026-09-03T09:48:06.7429327Z,-817.067,59.998161,-0.001839,0.000016,0.000000,0.000000,0.000000,1.000000,56.004028,-136.999420,55.995365,-136.215317,55.984848,-135.954361,55.982174,-136.564987,0,12,true,0
1172,2026-09-03T09:48:07.32Z,pmu-5,1,1788428887,320000,2026-09-03T09:48:06.7878047Z,-532.195,59.992489,-0.007511,0.000038,0.000000,0.000000,0.000000,1.000000,97.990997,167.402283,98.013054,164.447662,98.016075,167.318481,98.013321,168.670792,0,14,true,0
1173,2026-09-03T09:48:07.54Z,pmu-2,1,1788428887,540000,2026-09-03T09:48:06.7884324Z,-751.568,60.003315,0.003315,0.000248,0.000000,0.000000,0.000000,1.000000,58.993748,-114.938751,59.010979,-115.398941,59.008640,-115.606720,58.993904,-115.558075,0,9,true,0
1174,2026-09-03T09:48:07.58Z,pmu-4,1,1788428887,580000,2026-09-03T09:48:06.7884324Z,-791.568,60.007710,0.007710,0.000191,0.000000,0.000000,0.000000,1.000000,58.997227,-115.091545,58.991749,-114.542633,58.994602,-114.221657,58.979328,-115.321365,0,13,true,0
1175,2026-09-03T09:48:08.08Z,pmu-1,1,1788428888,80000,2026-09-03T09:48:06.7884324Z,-1291.568,59.998402,-0.001598,0.000117,0.000000,0.000000,0.000000,1.000000,64.994797,-72.379082,65.011116,-70.933983,65.010063,-72.765549,64.990250,-71.459778,0,6,true,0
1176,2026-09-03T09:48:07.34Z,pmu-5,1,1788428887,340000,2026-09-03T09:48:06.7884324Z,-551.568,59.993694,-0.006306,0.000024,0.000000,0.000000,0.000000,1.000000,50.000000,-180.000000,50.000000,-180.000000,50.000000,-180.000000,50.000000,-180.000000,0,15,true,0
1177,2026-09-03T09:48:07.7Z,pmu-3,1,1788428887,700000,2026-09-03T09:48:06.7884324Z,-911.568,60.003410,0.003410,0.000053,0.000000,0.000000,0.000000,1.000000,83.012306,57.551090,82.999268,56.420872,83.008232,57.928631,83.016640,55.248028,0,1,true,0
1178,2026-09-03T09:48:08.1Z,pmu-1,1,1788428888,100000,2026-09-03T09:48:06.8381932Z,-1261.807,60.006813,0.006813,0.000168,0.000000,0.000000,0.000000,1.000000,67.993248,-50.641277,68.008179,-49.519173,68.005676,-51.313984,67.990372,-49.498219,0,7,true,0
1179,2026-09-03T09:48:07.36Z,pmu-5,1,1788428887,360000,2026-09-03T09:48:06.8381932Z,-521.807,60.002445,0.002445,0.000175,0.000000,0.000000,0.000000,1.000000,52.994370,-158.230133,53.000038,-157.933105,52.995190,-158.639725,53.006615,-158.045792,0,0,true,0
1180,2026-09-03T09:48:07.6Z,pmu-4,1,1788428887,600000,2026-09-03T09:48:06.8381932Z,-761.807,60.008942,0.008942,0.000025,0.000000,0.000000,0.000000,1.000000,61.997742,-93.031754,61.989704,-93.481598,62.001308,-92.510948,61.988068,-93.454269,0,14,true,0
1181,2026-09-03T09:48:07.56Z,pmu-2,1,1788428887,560000,2026-09-03T09:48:06.8381932Z,-721.807,59.992306,-0.007694,-0.000220,0.000000,0.000000,0.000000,1.000000,61.999912,-92.909111,62.005066,-94.205505,61.998936,-93.864929,61.993290,-93.722832,0,10,true,0
1182,2026-09-03T09:48:07.72Z,pmu-3,1,1788428887,720000,2026-09-03T09:48:06.8381932Z,-881.807,59.999817,-0.000183,-0.000072,0.000000,0.000000,0.000000,1.000000,86.012337,79.070221,85.992439,77.988647,86.010155,79.356979,86.021088,77.348701,0,2,true,0
1183,2026-09-03T09:48:08.12Z,pmu-1,1,1788428888,120000,2026-09-03T09:48:06.8381932Z,-1281.807,60.003506,0.003506,-0.000066,0.000000,0.000000,0.000000,1.000000,70.988747,-28.721266,71.006287,-27.723766,71.006325,-29.717569,70.981453,-27.880331,0,8,true,0
1184,2026-09-03T09:48:07.62Z,pmu-4,1,1788428887,620000,2026-09-03T09:48:06.8381932Z,-781.807,60.000229,0.000229,-0.000174,0.000000,0.000000,0.000000,1.000000,64.990654,-71.994987,64.986031,-71.541199,65.007843,-70.920059,64.988396,-71.425110,0,15,true,0
1185,2026-09-03T09:48:07.74Z,pmu-3,1,1788428887,740000,2026-09-03T09:48:06.8381932Z,-901.807,59.999931,-0.000069,0.000002,0.000000,0.000000,0.000000,1.000000,89.022316,100.427361,88.996368,99.420036,89.014656,101.516258,89.025780,99.383354,0,3,true,0
1186,2026-09-03T09:48:07.38Z,pmu-5,1,1788428887,380000,2026-09-03T09:48:06.8381932Z,-541.807,60.006199,0.006199,0.000075,0.000000,0.000000,0.000000,1.000000,56.000221,-136.350937,56.008121,-135.762146,55.985580,-137.501328,56.001396,-136.568634,0,1,true,0
1187,2026-09-03T09:48:07.58Z,pmu-2,1,1788428887,580000,2026-09-03T09:48:06.8381932Z,-741.807,60.003796,0.003796,0.000230,0.000000,0.000000,0.000000,1.000000,65.002426,-71.530212,64.996727,-72.443367,64.995712,-71.731552,64.991692,-72.166809,0,11,true,0
1188,2026-09-03T09:48:07.4Z,pmu-5,1,1788428887,400000,2026-09-03T09:48:06.8806122Z,-519.388,59.994843,-0.005157,-0.000227,0.000000,0.000000,0.000000,1.000000,59.002094,-114.396690,59.007172,-113.602051,58.981354,-116.152161,59.006584,-115.111336,0,2,true,0
1189,2026-09-03T09:48:07.64Z,pmu-4,1,1788428887,640000,2026-09-03T09:48:06.8806122Z,-759.388,59.995285,-0.004715,-0.000099,0.000000,0.000000,0.000000,1.000000,67.980843,-49.941666,67.978958,-49.540859,68.017235,-49.759743,67.998100,-49.552071,0,0,true,0
1190,2026-09-03T09:48:07.76Z,pmu-3,1,1788428887,760000,2026-09-03T09:48:06.8806122Z,-879.388,60.008957,0.008957,0.000181,0.000000,0.000000,0.000000,1.000000,92.013268,121.774704,92.005493,120.780746,92.017876,123.271133,92.025299,120.790123,0,4,true,0
1191,2026-09-03T09:48:08.14Z,pmu-1,1,1788428888,140000,2026-09-03T09:48:06.8806122Z,-1259.388,59.993740,-0.006260,-0.000195,0.000000,0.000000,0.000000,1.000000,73.988449,-7.147722,74.001045,-6.582472,74.015007,-8.394351,73.988022,-6.743198,0,9,true,0
1192,2026-09-03T09:48:07.6Z,pmu-2,1,1788428887,600000,2026-09-03T09:48:06.8806122Z,-719.388,60.009796,0.009796,0.000120,0.000000,0.000000,0.000000,1.000000,68.011581,-50.322647,67.992523,-51.384251,67.986725,-49.662987,67.997169,-51.090420,0,12,true,0
1193,2026-09-03T09:48:07.42Z,pmu-5,1,1788428887,420000,2026-09-03T09:48:06.8806122Z,-539.388,60.000465,0.000465,0.000112,0.000000,0.000000,0.000000,1.000000,62.001945,-93.088158,62.016129,-92.055710,61.979958,-94.892242,61.999332,-93.129150,0,3,true,0
1194,2026-09-03T09:48:07.44Z,pmu-5,1,1788428887,440000,2026-09-03T09:48:06.9277027Z,-512.297,59.998447,-0.001553,-0.000040,0.000000,0.000000,0.000000,1.000000,65.007149,-71.971199,65.010254,-70.857201,64.972023,-73.437569,64.997078,-71.412888,0,4,true,0
1195,2026-09-03T09:48:07.46Z,pmu-5,1,1788428887,460000,2026-09-03T09:48:06.9277027Z,-532.297,60.004623,0.004623,0.000124,0.000000,0.000000,0.000000,1.000000,68.000404,-50.795490,68.010468,-48.758980,67.962982,-51.379631,67.987701,-49.883755,0,5,true,0
1196,2026-09-03T09:48:07.66Z,pmu-4,1,1788428887,660000,2026-09-03T09:48:06.9303061Z,-729.694,60.006435,0.006435,0.000223,0.000000,0.000000,0.000000,1.000000,70.978653,-28.912279,70.979156,-27.695864,71.015175,-28.642925,70.988197,-27.516516,0,1,true,0
1197,2026-09-03T09:48:07.68Z,pmu-4,1,1788428887,680000,2026-09-03T09:48:06.9303061Z,-749.694,59.999928,-0.000072,-0.000130,0.000000,0.000000,0.000000,1.000000,73.977699,-7.680723,73.982109,-5.544693,74.018448,-6.581317,73.997528,-5.691944,0,2,true,0
1198,2026-09-03T09:48:08.16Z,pmu-1,1,1788428888,160000,2026-09-03T09:48:06.9303061Z,-1229.694,60.002628,0.002628,0.000178,0.000000,0.000000,0.000000,1.000000,76.981964,14.111322,77.001312,15.118265,77.016739,12.910437,76.984474,15.165725,0,10,true,0
1199,2026-09-03T09:48:07.78Z,pmu-3,1,1788428887,780000,2026-09-03T09:48:06.9303061Z,-849.694,59.999866,-0.000134,-0.000182,0.000000,0.000000,0.000000,1.000000,95.011047,143.766754,94.998016,142.119980,95.020821,145.160583,95.018692,142.887329,0,5,true,0
1200,2026-09-03T09:48:07.62Z,pmu-2,1,1788428887,620000,2026-09-03T09:48:06.9303061Z,-689.694,59.994537,-0.005463,-0.000305,0.000000,0.000000,0.000000,1.000000,71.014816,-28.530741,70.983910,-29.929714,70.996277,-28.173937,71.004768,-30.044527,0,13,true,0
1201,2026-09-03T09:48:08.18Z,pmu-1,1,1788428888,180000,2026-09-03T09:48:06.9303061Z,-1249.694,60.005383,0.005383,0.000055,0.000000,0.000000,0.000000,1.000000,79.978767,35.730053,79.996742,36.951859,80.014580,34.913326,79.987099,37.254192,0,11,true,0
1202,2026-09-03T09:48:07.64Z,pmu-2,1,1788428887,640000,2026-09-03T09:48:06.9303061Z,-709.694,59.995594,-0.004406,0.000021,0.000000,0.000000,0.000000,1.000000,74.009293,-6.729390,73.993660,-8.151971,74.003166,-6.743950,74.012215,-8.058002,0,14,true,0
1203,2026-09-03T09:48:07.8Z,pmu-3,1,1788428887,800000,2026-09-03T09:48:06.9303061Z,-869.694,59.991055,-0.008945,-0.000176,0.000000,0.000000,0.000000,1.000000,98.003731,164.955750,98.001259,163.618256,98.029488,167.131149,98.028069,164.303558,0,6,true,0
1204,2026-09-03T09:48:07.82Z,pmu-3,1,1788428887,820000,2026-09-03T09:48:06.9802468Z,-839.753,59.995945,-0.004055,0.000098,0.000000,0.000000,0.000000,1.000000,50.000000,-180.000000,50.000000,-180.000000,50.000000,-180.000000,50.000000,-180.000000,0,7,true,0
1205,2026-09-03T09:48:08.2Z,pmu-1,1,1788428888,200000,2026-09-03T09:48:06.9802468Z,-1219.753,59.991951,-0.008049,-0.000269,0.000000,0.000000,0.000000,1.000000,82.969940,57.574833,82.999702,58.214298,83.019135,57.015259,82.991058,59.037220,0,12,true,0
1206,2026-09-03T09:48:07.48Z,pmu-5,1,1788428887,480000,2026-09-03T09:48:06.9802468Z,-499.753,60.006035,0.006035,0.000028,0.000000,0.000000,0.000000,1.000000,71.010025,-28.980537,71.011414,-27.556938,70.972687,-30.272713,70.978485,-28.493181,0,6,true,0
1207,2026-09-03T09:48:07.7Z,pmu-4,1,1788428887,700000,2026-09-03T09:48:06.9802468Z,-719.753,59.995781,-0.004219,-0.000083,0.000000,0.000000,0.000000,1.000000,76.975693,13.554646,76.976151,16.390144,77.021385,14.765751,77.006302,16.448841,0,3,true,0
1208,2026-09-03T09:48:07.66Z,pmu-2,1,1788428887,660000,2026-09-03T09:48:06.9802468Z,-679.753,60.000744,0.000744,0.000103,0.000000,0.000000,0.000000,1.000000,77.008339,14.439428,76.999298,12.984044,76.997253,14.869078,77.020004,13.140926,0,15,true,0
1209,2026-09-03T09:48:07.5Z,pmu-5,1,1788428887,500000,2026-09-03T09:48:06.9802468Z,-519.753,60.003265,0.003265,-0.000055,0.000000,0.000000,0.000000,1.000000,74.005615,-7.547194,74.002899,-5.788217,73.967789,-9.077492,73.968506,-6.708233,0,7,true,0
1210,2026-09-03T09:48:07.68Z,pmu-2,1,1788428887,680000,2026-09-03T09:48:06.9802468Z,-699.753,60.000755,0.000755,0.000000,0.000000,0.000000,0.000000,1.000000,80.006981,35.937119,79.996056,34.830471,80.004684,36.385654,80.010788,34.205456,0,0,true,0
1211,2026-09-03T09:48:07.84Z,pmu-3,1,1788428887,840000,2026-09-03T09:48:06.9802468Z,-859.753,59.990959,-0.009041,-0.000100,0.000000,0.000000,0.000000,1.000000,52.998558,-158.098007,52.996883,-158.678848,53.008263,-158.318604,53.005978,-158.303543,0,8,true,0
1212,2026-09-03T09:48:07.52Z,pmu-5,1,1788428887,520000,2026-09-03T09:48:06.9802468Z,-539.753,60.005787,0.005787,0.000050,0.000000,0.000000,0.000000,1.000000,77.015076,13.946021,77.001129,16.307665,76.970039,12.789535,76.966125,14.776100,0,8,true,0
1213,2026-09-03T09:48:08.22Z,pmu-1,1,1788428888,220000,2026-09-03T09:48:06.9802468Z,-1239.753,59.997631,-0.002369,0.000114,0.000000,0.000000,0.000000,1.000000,85.962685,79.616753,86.001648,79.356010,86.011940,78.744537,85.997978,80.781006,0,13,true,0
1214,2026-09-03T09:48:07.72Z,pmu-4,1,1788428887,720000,2026-09-03T09:48:06.9802468Z,-739.753,60.002201,0.002201,0.000128,0.000000,0.000000,0.000000,1.000000,79.980103,35.071117,79.969788,37.892277,80.016167,36.091343,80.008156,37.503407,0,4,true,0
1215,2026-09-03T09:48:07.54Z,pmu-5,1,1788428887,540000,2026-09-03T09:48:07.0389248Z,-501.075,59.999046,-0.000954,-0.000135,0.000000,0.000000,0.000000,1.000000,80.007889,36.115204,79.991806,37.718800,79.979805,34.398262,79.961494,36.580318,0,9,true,0
1216,2026-09-03T09:48:07.74Z,pmu-4,1,1788428887,740000,2026-09-03T09:48:07.0392383Z,-700.762,60.007877,0.007877,0.000114,0.000000,0.000000,0.000000,1.000000,82.978645,57.013924,82.972900,59.215603,83.017105,58.033455,83.012482,58.814697,0,5,true,0
1217,2026-09-03T09:48:07.7Z,pmu-2,1,1788428887,700000,2026-09-03T09:48:07.0392383Z,-660.762,60.003410,0.003410,0.000053,0.000000,0.000000,0.000000,1.000000,83.012306,57.551090,82.999268,56.420872,83.008232,57.928631,83.016640,55.248028,0,1,true,0
1218,2026-09-03T09:48:07.56Z,pmu-5,1,1788428887,560000,2026-09-03T09:48:07.0392383Z,-520.762,59.999332,-0.000668,0.000006,0.000000,0.000000,0.000000,1.000000,83.007660,57.325073,82.997757,59.644089,82.983582,55.988449,82.966248,57.769802,0,10,true,0
1219,2026-09-03T09:48:07.76Z,pmu-4,1,1788428887,760000,2026-09-03T09:48:07.0392383Z,-720.762,60.002914,0.002914,-0.000099,0.000000,0.000000,0.000000,1.000000,85.969353,79.140472,85.981781,81.122391,86.023140,79.124214,86.019127,80.434540,0,6,true,0
1220,2026-09-03T09:48:07.58Z,pmu-5,1,1788428887,580000,2026-09-03T09:48:07.0392383Z,-540.762,59.996788,-0.003212,-0.000051,0.000000,0.000000,0.000000,1.000000,86.015549,78.537956,85.988937,81.250053,85.982346,77.850792,85.968826,79.568314,0,11,true,0
1221,2026-09-03T09:48:07.72Z,pmu-2,1,1788428887,720000,2026-09-03T09:48:07.0392383Z,-680.762,59.999817,-0.000183,-0.000072,0.000000,0.000000,0.000000,1.000000,86.012337,79.070221,85.992439,77.988647,86.010155,79.356979,86.021088,77.348701,0,2,true,0
1222,2026-09-03T09:48:07.86Z,pmu-3,1,1788428887,860000,2026-09-03T09:48:07.0392383Z,-820.762,59.998581,-0.001419,0.000152,0.000000,0.000000,0.000000,1.000000,55.993053,-136.212097,56.001625,-137.335831,55.999062,-137.052460,55.999943,-136.472855,0,9,true,0
1223,2026-09-03T09:48:08.24Z,pmu-1,1,1788428888,240000,2026-09-03T09:48:07.0392383Z,-1200.762,60.006428,0.006428,0.000176,0.000000,0.000000,0.000000,1.000000,88.966148,101.017326,89.003464,101.316345,89.015266,100.067123,88.996628,102.907066,0,14,true,0
1224,2026-09-03T09:48:07.88Z,pmu-3,1,1788428887,880000,2026-09-03T09:48:07.0392383Z,-840.762,59.995113,-0.004887,-0.000069,0.000000,0.000000,0.000000,1.000000,58.997009,-115.116936,59.010021,-115.195786,58.990986,-115.896683,59.002399,-114.442818,0,10,true,0
1225,2026-09-03T09:48:08.26Z,pmu-1,1,1788428888,260000,2026-09-03T09:48:07.0392383Z,-1220.762,60.009567,0.009567,0.000063,0.000000,0.000000,0.000000,1.000000,91.959747,123.041824,91.999321,122.541260,92.006821,121.789719,91.993774,124.899506,0,15,true,0
1226,2026-09-03T09:48:07.6Z,pmu-5,1,1788428887,600000,2026-09-03T09:48:07.0826295Z,-517.370,59.996445,-0.003555,-0.000007,0.000000,0.000000,0.000000,1.000000,89.012772,100.372421,88.986053,102.822304,88.987480,99.526070,88.971428,100.808022,0,12,true,0
1227,2026-09-03T09:48:07.9Z,pmu-3,1,1788428887,900000,2026-09-03T09:48:07.0826295Z,-817.370,59.992706,-0.007294,-0.000048,0.000000,0.000000,0.000000,1.000000,61.990253,-93.894157,62.016739,-93.938698,61.997711,-94.281174,62.007736,-93.001007,0,11,true,0
1228,2026-09-03T09:48:08.28Z,pmu-1,1,1788428888,280000,2026-09-03T09:48:07.0826295Z,-1197.370,59.991302,-0.008698,-0.000365,0.000000,0.000000,0.000000,1.000000,94.967346,145.046478,95.003708,143.603134,95.006233,143.775513,95.001923,146.762344,0,0,true,0
1229,2026-09-03T09:48:07.74Z,pmu-2,1,1788428887,740000,2026-09-03T09:48:07.0826295Z,-657.370,59.999931,-0.000069,0.000002,0.000000,0.000000,0.000000,1.000000,89.022316,100.427361,88.996368,99.420036,89.014656,101.516258,89.025780,99.383354,0,3,true,0
1230,2026-09-03T09:48:07.78Z,pmu-4,1,1788428887,780000,2026-09-03T09:48:07.0826295Z,-697.370,59.995365,-0.004635,-0.000151,0.000000,0.000000,0.000000,1.000000,88.976852,100.482719,88.984421,102.547966,89.020744,100.737984,89.023842,102.195602,0,7,true,0
1231,2026-09-03T09:48:07.62Z,pmu-5,1,1788428887,620000,2026-09-03T09:48:07.0826295Z,-537.370,60.004208,0.004208,0.000155,0.000000,0.000000,0.000000,1.000000,92.019203,121.661682,91.982330,124.618439,91.982262,121.070580,91.963409,122.218109,0,13,true,0
1232,2026-09-03T09:48:07.64Z,pmu-5,1,1788428887,640000,2026-09-03T09:48:07.1275499Z,-512.450,60.004364,0.004364,0.000003,0.000000,0.000000,0.000000,1.000000,95.014313,143.183533,94.987823,146.454193,94.976913,142.823639,94.956642,144.249466,0,14,true,0
1233,2026-09-03T09:48:07.66Z,pmu-5,1,1788428887,660000,2026-09-03T09:48:07.1275499Z,-532.450,59.993317,-0.006683,-0.000221,0.000000,0.000000,0.000000,1.000000,98.013359,164.701767,97.991066,168.606598,97.969147,164.881638,97.963562,165.378967,0,15,true,0
1234,2026-09-03T09:48:07.92Z,pmu-3,1,1788428887,920000,2026-09-03T09:48:07.1275499Z,-792.450,59.999111,-0.000889,0.000128,0.000000,0.000000,0.000000,1.000000,64.983147,-72.065811,65.022942,-72.810272,64.997055,-72.923332,65.008430,-71.554657,0,12,true,0
1235,2026-09-03T09:48:08.3Z,pmu-1,1,1788428888,300000,2026-09-03T09:48:07.1275499Z,-1172.450,59.990646,-0.009354,-0.000013,0.000000,0.000000,0.000000,1.000000,97.963661,166.367722,98.002838,165.567383,97.996933,165.565430,98.008286,168.348816,0,1,true,0
1236,2026-09-03T09:48:07.8Z,pmu-4,1,1788428887,800000,2026-09-03T09:48:07.1275499Z,-672.450,59.993774,-0.006226,-0.000032,0.000000,0.000000,0.000000,1.000000,91.974350,122.268471,91.993996,124.346001,92.013153,121.938728,92.027809,123.619919,0,8,true,0
1237,2026-09-03T09:48:07.76Z,pmu-2,1,1788428887,760000,2026-09-03T09:48:07.1275499Z,-632.450,60.008957,0.008957,0.000181,0.000000,0.000000,0.000000,1.000000,92.013268,121.774704,92.005493,120.780746,92.017876,123.271133,92.025299,120.790123,0,4,true,0
1238,2026-09-03T09:48:07.68Z,pmu-5,1,1788428887,680000,2026-09-03T09:48:07.1742953Z,-505.705,59.990723,-0.009277,-0.000052,0.000000,0.000000,0.000000,1.000000,50.000000,-180.000000,50.000000,-180.000000,50.000000,-180.000000,50.000000,-180.000000,0,0,true,0
1239,2026-09-03T09:48:07.82Z,pmu-4,1,1788428887,820000,2026-09-03T09:48:07.1742953Z,-645.705,59.995434,-0.004566,0.000033,0.000000,0.000000,0.000000,1.000000,94.966125,144.412796,94.998444,145.680649,95.012718,143.655960,95.030853,144.809204,0,9,true,0
1240,2026-09-03T09:48:07.78Z,pmu-2,1,1788428887,780000,2026-09-03T09:48:07.1742953Z,-605.705,59.999866,-0.000134,-0.000182,0.000000,0.000000,0.000000,1.000000,95.011047,143.766754,94.998016,142.119980,95.020821,145.160583,95.018692,142.887329,0,5,true,0
1241,2026-09-03T09:48:07.94Z,pmu-3,1,1788428887,940000,2026-09-03T09:48:07.1742953Z,-765.705,59.995739,-0.004261,-0.000067,0.000000,0.000000,0.000000,1.000000,67.986572,-50.117477,68.027847,-50.833298,68.000214,-51.631733,68.002243,-50.081554,0,13,true,0
1242,2026-09-03T09:48:07.7Z,pmu-5,1,1788428887,700000,2026-09-03T09:48:07.1742953Z,-525.705,60.000927,0.000927,0.000204,0.000000,0.000000,0.000000,1.000000,53.003620,-158.938446,52.997162,-158.406464,52.994667,-158.410446,52.995785,-158.774597,0,1,true,0
1243,2026-09-03T09:48:07.84Z,pmu-4,1,1788428887,840000,2026-09-03T09:48:07.1742953Z,-665.705,60.001442,0.001442,0.000120,0.000000,0.000000,0.000000,1.000000,97.969414,165.750885,97.992630,166.832550,98.017410,165.120636,98.032433,166.858124,0,10,true,0
1244,2026-09-03T09:48:08.32Z,pmu-1,1,1788428888,320000,2026-09-03T09:48:07.1742953Z,-1145.705,59.992279,-0.007721,0.000033,0.000000,0.000000,0.000000,1.000000,50.000000,-180.000000,50.000000,-180.000000,50.000000,-180.000000,50.000000,-180.000000,0,2,true,0
1245,2026-09-03T09:48:07.8Z,pmu-2,1,1788428887,800000,2026-09-03T09:48:07.1742953Z,-625.705,59.991055,-0.008945,-0.000176,0.000000,0.000000,0.000000,1.000000,98.003731,164.955750,98.001259,163.618256,98.029488,167.131149,98.028069,164.303558,0,6,true,0
1246,2026-09-03T09:48:08.34Z,pmu-1,1,1788428888,340000,2026-09-03T09:48:07.1742953Z,-1165.705,59.990948,-0.009052,-0.000027,0.000000,0.000000,0.000000,1.000000,52.999832,-158.362259,52.996246,-158.036636,53.005173,-157.836487,53.002728,-158.701752,0,3,true,0
1247,2026-09-03T09:48:07.96Z,pmu-3,1,1788428887,960000,2026-09-03T09:48:07.1742953Z,-785.705,59.991966,-0.008034,-0.000075,0.000000,0.000000,0.000000,1.000000,70.980751,-28.542917,71.024345,-28.968334,70.997078,-30.321945,71.004593,-28.868847,0,14,true,0
1248,2026-09-03T09:48:07.72Z,pmu-5,1,1788428887,720000,2026-09-03T09:48:07.2197983Z,-500.202,59.991364,-0.008636,-0.000191,0.000000,0.000000,0.000000,1.000000,56.000706,-137.161575,55.996216,-136.345718,56.001945,-136.860550,56.000328,-137.574036,0,2,true,0
1249,2026-09-03T09:48:07.74Z,pmu-5,1,1788428887,740000,2026-09-03T09:48:07.2197983Z,-520.202,59.993362,-0.006638,0.000040,0.000000,0.000000,0.000000,1.000000,59.002964,-115.363060,58.992455,-114.684792,59.004646,-115.605934,58.999142,-116.464645,0,3,true,0
1250,2026-09-03T09:48:07.86Z,pmu-4,1,1788428887,860000,2026-09-03T09:48:07.2197983Z,-640.202,60.005924,0.005924,0.000090,0.000000,0.000000,0.000000,1.000000,50.000000,-180.000000,50.000000,-180.000000,50.000000,-180.000000,50.000000,-180.000000,0,11,true,0
1251,2026-09-03T09:48:07.82Z,pmu-2,1,1788428887,820000,2026-09-03T09:48:07.2197983Z,-600.202,59.995945,-0.004055,0.000098,0.000000,0.000000,0.000000,1.000000,50.000000,-180.000000,50.000000,-180.000000,50.000000,-180.000000,50.000000,-180.000000,0,7,true,0
1252,2026-09-03T09:48:08.36Z,pmu-1,1,1788428888,360000,2026-09-03T09:48:07.2197983Z,-1140.202,60.006107,0.006107,0.000303,0.000000,0.000000,0.000000,1.000000,56.009075,-137.227951,56.002674,-136.197266,56.009869,-136.682327,56.002987,-137.643021,0,4,true,0
1253,2026-09-03T09:48:07.76Z,pmu-5,1,1788428887,760000,2026-09-03T09:48:07.2197983Z,-540.202,59.994839,-0.005161,0.000030,0.000000,0.000000,0.000000,1.000000,62.007267,-93.738838,61.982464,-93.394653,61.995911,-93.714958,61.992664,-95.195175,0,4,true,0
1254,2026-09-03T09:48:07.98Z,pmu-3,1,1788428887,980000,2026-09-03T09:48:07.2197983Z,-760.202,59.992863,-0.007137,0.000018,0.000000,0.000000,0.000000,1.000000,73.972183,-7.077015,74.029243,-7.657322,73.989403,-8.752352,74.012245,-6.762928,0,15,true,0
1255,2026-09-03T09:48:08Z,pmu-3,1,1788428888,0,2026-09-03T09:48:07.2208017Z,-779.198,60.004620,0.004620,0.000235,0.000000,0.000000,0.000000,1.000000,76.967155,13.994652,77.023315,14.306925,76.981613,13.341744,77.022003,14.449674,0,0,true,0
1256,2026-09-03T09:48:07.78Z,pmu-5,1,1788428887,780000,2026-09-03T09:48:07.2700543Z,-509.946,60.007038,0.007038,0.000244,0.000000,0.000000,0.000000,1.000000,65.013237,-71.993156,64.977295,-72.232552,64.987602,-72.622162,64.991875,-73.978165,0,5,true,0
1257,2026-09-03T09:48:07.84Z,pmu-2,1,1788428887,840000,2026-09-03T09:48:07.2700543Z,-569.946,59.990959,-0.009041,-0.000100,0.000000,0.000000,0.000000,1.000000,52.998558,-158.098007,52.996883,-158.678848,53.008263,-158.318604,53.005978,-158.303543,0,8,true,0
1258,2026-09-03T09:48:07.8Z,pmu-5,1,1788428887,800000,2026-09-03T09:48:07.2700543Z,-529.946,60.001926,0.001926,-0.000102,0.000000,0.000000,0.000000,1.000000,68.020630,-50.329525,67.979500,-50.993404,67.982025,-50.749123,67.995850,-51.968422,0,6,true,0
1259,2026-09-03T09:48:07.88Z,pmu-4,1,1788428887,880000,2026-09-03T09:48:07.2700543Z,-609.946,60.003227,0.003227,-0.000054,0.000000,0.000000,0.000000,1.000000,53.005547,-158.165878,52.996006,-158.738480,53.005417,-158.560364,52.999413,-158.884338,0,12,true,0
1260,2026-09-03T09:48:08.02Z,pmu-3,1,1788428888,20000,2026-09-03T09:48:07.2700543Z,-749.946,60.007793,0.007793,0.000063,0.000000,0.000000,0.000000,1.000000,79.972641,35.701790,80.030251,35.350719,79.991066,34.435131,80.031929,35.887108,0,1,true,0
1261,2026-09-03T09:48:08.38Z,pmu-1,1,1788428888,380000,2026-09-03T09:48:07.2700543Z,-1109.946,59.995903,-0.004097,-0.000204,0.000000,0.000000,0.000000,1.000000,59.011848,-115.968842,58.995312,-114.204796,59.006195,-115.547432,59.005318,-115.575188,0,5,true,0
1262,2026-09-03T09:48:07.86Z,pmu-2,1,1788428887,860000,2026-09-03T09:48:07.2700543Z,-589.946,59.998581,-0.001419,0.000152,0.000000,0.000000,0.000000,1.000000,55.993053,-136.212097,56.001625,-137.335831,55.999062,-137.052460,55.999943,-136.472855,0,9,true,0
1263,2026-09-03T09:48:08.4Z,pmu-1,1,1788428888,400000,2026-09-03T09:48:07.2700543Z,-1129.946,59.999954,-0.000046,0.000081,0.000000,0.000000,0.000000,1.000000,62.010925,-94.828072,61.991547,-92.132896,61.998039,-94.436592,62.004490,-94.480301,0,6,true,0
1264,2026-09-03T09:48:07.9Z,pmu-4,1,1788428887,900000,2026-09-03T09:48:07.2700543Z,-629.946,60.009598,0.009598,0.000127,0.000000,0.000000,0.000000,1.000000,56.006485,-136.712128,55.999783,-136.584778,56.005901,-137.071243,55.993652,-137.038437,0,13,true,0
1265,2026-09-03T09:48:08.04Z,pmu-3,1,1788428888,40000,2026-09-03T09:48:07.2700543Z,-769.946,59.999832,-0.000168,-0.000159,0.000000,0.000000,0.000000,1.000000,82.975349,56.816433,83.021111,57.315948,82.998863,55.463852,83.029305,57.828136,0,2,true,0
1266,2026-09-03T09:48:07.82Z,pmu-5,1,1788428887,820000,2026-09-03T09:48:07.3123967Z,-507.603,60.009811,0.009811,0.000158,0.000000,0.000000,0.000000,1.000000,71.014267,-28.436831,70.973564,-29.634340,70.982742,-29.366241,70.994408,-30.579702,0,7,true,0
1267,2026-09-03T09:48:07.84Z,pmu-5,1,1788428887,840000,2026-09-03T09:48:07.3123967Z,-527.603,60.008453,0.008453,-0.000027,0.000000,0.000000,0.000000,1.000000,74.021698,-6.945189,73.980736,-7.768503,73.982689,-8.163606,73.993134,-8.811437,0,8,true,0
1268,2026-09-03T09:48:07.88Z,pmu-2,1,1788428887,880000,2026-09-03T09:48:07.3123967Z,-567.603,59.995113,-0.004887,-0.000069,0.000000,0.000000,0.000000,1.000000,58.997009,-115.116936,59.010021,-115.195786,58.990986,-115.896683,59.002399,-114.442818,0,10,true,0
1269,2026-09-03T09:48:08.06Z,pmu-3,1,1788428888,60000,2026-09-03T09:48:07.3123967Z,-747.603,60.001354,0.001354,0.000030,0.000000,0.000000,0.000000,1.000000,85.973061,78.278030,86.021103,79.467682,86.000023,77.125038,86.023399,78.905716,0,3,true,0
1270,2026-09-03T09:48:07.92Z,pmu-4,1,1788428887,920000,2026-09-03T09:48:07.3123967Z,-607.603,59.994144,-0.005856,-0.000309,0.000000,0.000000,0.000000,1.000000,59.004784,-114.595688,59.005932,-114.539474,59.013073,-115.225090,58.990417,-115.654366,0,14,true,0
1271,2026-09-03T09:48:08.42Z,pmu-1,1,1788428888,420000,2026-09-03T09:48:07.3123967Z,-1107.603,60.000671,0.000671,0.000014,0.000000,0.000000,0.000000,1.000000,65.015022,-73.238091,65.001114,-70.702850,64.998207,-73.348877,65.009605,-72.322662,0,7,true,0
1272,2026-09-03T09:48:07.9Z,pmu-2,1,1788428887,900000,2026-09-03T09:48:07.3123967Z,-587.603,59.992706,-0.007294,-0.000048,0.000000,0.000000,0.000000,1.000000,61.990253,-93.894157,62.016739,-93.938698,61.997711,-94.281174,62.007736,-93.001007,0,11,true,0
1273,2026-09-03T09:48:08.44Z,pmu-1,1,1788428888,440000,2026-09-03T09:48:07.3123967Z,-1127.603,59.997807,-0.002193,-0.000057,0.000000,0.000000,0.000000,1.000000,68.012764,-51.570332,67.997246,-48.782490,67.991249,-51.308113,68.004532,-50.552505,0,8,true,0
1274,2026-09-03T09:48:08.08Z,pmu-3,1,1788428888,80000,2026-09-03T09:48:07.3123967Z,-767.603,59.998734,-0.001266,-0.000052,0.000000,0.000000,0.000000,1.000000,88.968140,100.193878,89.015244,100.535500,89.004463,98.346413,89.014954,100.769104,0,4,true,0
1275,2026-09-03T09:48:07.94Z,pmu-4,1,1788428887,940000,2026-09-03T09:48:07.3123967Z,-627.603,59.994869,-0.005131,0.000014,0.000000,0.000000,0.000000,1.000000,61.997208,-93.088242,62.003490,-92.788101,62.019295,-94.112503,61.987457,-94.471939,0,15,true,0
1276,2026-09-03T09:48:07.96Z,pmu-4,1,1788428887,960000,2026-09-03T09:48:07.3597864Z,-600.214,60.001301,0.001301,0.000129,0.000000,0.000000,0.000000,1.000000,64.998497,-71.809227,65.005333,-71.503845,65.023918,-72.243622,64.979294,-73.119316,0,0,true,0
1277,2026-09-03T09:48:08.46Z,pmu-1,1,1788428888,460000,2026-09-03T09:48:07.3597864Z,-1100.214,60.007370,0.007370,0.000191,0.000000,0.000000,0.000000,1.000000,71.011429,-30.064003,71.003555,-27.216778,70.988358,-29.545721,70.998474,-29.522663,0,9,true,0
1278,2026-09-03T09:48:07.92Z,pmu-2,1,1788428887,920000,2026-09-03T09:48:07.3597864Z,-560.214,59.999111,-0.000889,0.000128,0.000000,0.000000,0.000000,1.000000,64.983147,-72.065811,65.022942,-72.810272,64.997055,-72.923332,65.008430,-71.554657,0,12,true,0
1279,2026-09-03T09:48:08.1Z,pmu-3,1,1788428888,100000,2026-09-03T09:48:07.3597864Z,-740.214,60.004082,0.004082,0.000107,0.000000,0.000000,0.000000,1.000000,91.967621,121.629990,92.009773,122.601761,92.007820,119.949402,92.018951,122.405350,0,5,true,0
1280,2026-09-03T09:48:07.86Z,pmu-5,1,1788428887,860000,2026-09-03T09:48:07.3597864Z,-500.214,59.996532,-0.003468,-0.000238,0.000000,0.000000,0.000000,1.000000,77.028786,14.835212,76.981842,13.991441,76.987076,13.124395,76.999855,12.936722,0,9,true,0
1281,2026-09-03T09:48:07.88Z,pmu-5,1,1788428887,880000,2026-09-03T09:48:07.3597864Z,-520.214,59.990650,-0.009350,-0.000118,0.000000,0.000000,0.000000,1.000000,80.032722,36.924377,79.973961,35.299026,79.984505,35.114906,80.003677,34.551044,0,10,true,0
1282,2026-09-03T09:48:07.9Z,pmu-5,1,1788428887,900000,2026-09-03T09:48:07.3999391Z,-500.061,60.002522,0.002522,0.000237,0.000000,0.000000,0.000000,1.000000,83.041985,58.739994,82.977699,56.408844,82.977974,56.654354,83.007179,56.202538,0,11,true,0
1283,2026-09-03T09:48:08.48Z,pmu-1,1,1788428888,480000,2026-09-03T09:48:07.3999391Z,-1080.061,60.003178,0.003178,-0.000084,0.000000,0.000000,0.000000,1.000000,74.002754,-8.784710,74.003014,-5.453791,73.987617,-8.452652,73.997742,-7.634618,0,10,true,0
1284,2026-09-03T09:48:07.94Z,pmu-2,1,1788428887,940000,2026-09-03T09:48:07.3999391Z,-540.061,59.995739,-0.004261,-0.000067,0.000000,0.000000,0.000000,1.000000,67.986572,-50.117477,68.027847,-50.833298,68.000214,-51.631733,68.002243,-50.081554,0,13,true,0
1285,2026-09-03T09:48:08.12Z,pmu-3,1,1788428888,120000,2026-09-03T09:48:07.3999391Z,-720.061,60.003277,0.003277,-0.000016,0.000000,0.000000,0.000000,1.000000,94.958282,143.107117,95.001656,144.246506,95.004120,141.610718,95.014122,144.337631,0,6,true,0
1286,2026-09-03T09:48:07.98Z,pmu-4,1,1788428887,980000,2026-09-03T09:48:07.3999391Z,-580.061,59.990917,-0.009083,-0.000208,0.000000,0.000000,0.000000,1.000000,67.996872,-49.685020,68.001007,-49.354702,68.020973,-50.707111,67.969963,-51.168671,0,1,true,0
1287,2026-09-03T09:48:07.92Z,pmu-5,1,1788428887,920000,2026-09-03T09:48:07.3999391Z,-520.061,60.001526,0.001526,-0.000020,0.000000,0.000000,0.000000,1.000000,86.050377,80.607231,85.981476,78.093987,85.973984,78.013069,86.013435,77.695648,0,12,true,0
1288,2026-09-03T09:48:08Z,pmu-4,1,1788428888,0,2026-09-03T09:48:07.3999391Z,-600.061,60.008678,0.008678,0.000355,0.000000,0.000000,0.000000,1.000000,70.991653,-27.576513,71.004051,-27.516176,71.020500,-29.351652,70.965073,-29.962465,0,2,true,0
1289,2026-09-03T09:48:07.94Z,pmu-5,1,1788428887,940000,2026-09-03T09:48:07.4543142Z,-485.686,59.998798,-0.001202,-0.000055,0.000000,0.000000,0.000000,1.000000,89.045158,101.877953,88.976578,100.010284,88.970909,99.835510,89.015106,99.374878,0,13,true,0
1290,2026-09-03T09:48:08.5Z,pmu-1,1,1788428888,500000,2026-09-03T09:48:07.4543142Z,-1045.686,59.999050,-0.000950,-0.000083,0.000000,0.000000,0.000000,1.000000,77.007385,12.738650,77.009552,15.684916,76.986946,13.332437,77.002029,13.874893,0,11,true,0
1291,2026-09-03T09:48:07.96Z,pmu-2,1,1788428887,960000,2026-09-03T09:48:07.4543142Z,-505.686,59.991966,-0.008034,-0.000075,0.000000,0.000000,0.000000,1.000000,70.980751,-28.542917,71.024345,-28.968334,70.997078,-30.321945,71.004593,-28.868847,0,14,true,0
1292,2026-09-03T09:48:08.02Z,pmu-4,1,1788428888,20000,2026-09-03T09:48:07.4543142Z,-565.686,59.996632,-0.003368,-0.000241,0.000000,0.000000,0.000000,1.000000,73.989655,-5.488081,74.010757,-6.138858,74.027626,-7.520576,73.968987,-7.806993,0,3,true,0
1293,2026-09-03T09:48:08.14Z,pmu-3,1,1788428888,140000,2026-09-03T09:48:07.4543142Z,-685.686,59.990082,-0.009918,-0.000264,0.000000,0.000000,0.000000,1.000000,97.964401,164.902908,98.000290,166.314301,97.999046,163.337891,98.009537,166.387390,0,7,true,0
1294,2026-09-03T09:48:07.96Z,pmu-5,1,1788428887,960000,2026-09-03T09:48:07.4543142Z,-505.686,59.992092,-0.007908,-0.000134,0.000000,0.000000,0.000000,1.000000,92.045616,123.536583,91.986473,121.235229,91.978439,121.302177,92.008224,121.181541,0,14,true,0
1295,2026-09-03T09:48:07.98Z,pmu-2,1,1788428887,980000,2026-09-03T09:48:07.4543142Z,-525.686,59.992863,-0.007137,0.000018,0.000000,0.000000,0.000000,1.000000,73.972183,-7.077015,74.029243,-7.657322,73.989403,-8.752352,74.012245,-6.762928,0,15,true,0
1296,2026-09-03T09:48:07.98Z,pmu-5,1,1788428887,980000,2026-09-03T09:48:07.4548232Z,-525.177,59.990246,-0.009754,-0.000037,0.000000,0.000000,0.000000,1.000000,95.054832,145.024796,94.987183,142.447556,94.982887,143.215851,95.012962,142.646576,0,15,true,0
1297,2026-09-03T09:48:08Z,pmu-2,1,1788428888,0,2026-09-03T09:48:07.4548232Z,-545.177,60.004620,0.004620,0.000235,0.000000,0.000000,0.000000,1.000000,76.967155,13.994652,77.023315,14.306925,76.981613,13.341744,77.022003,14.449674,0,0,true,0
1298,2026-09-03T09:48:08.16Z,pmu-3,1,1788428888,160000,2026-09-03T09:48:07.4548232Z,-705.177,60.001366,0.001366,0.000226,0.000000,0.000000,0.000000,1.000000,50.000000,-180.000000,50.000000,-180.000000,50.000000,-180.000000,50.000000,-180.000000,0,8,true,0
1299,2026-09-03T09:48:08.52Z,pmu-1,1,1788428888,520000,2026-09-03T09:48:07.4548232Z,-1065.177,59.996578,-0.003422,-0.000049,0.000000,0.000000,0.000000,1.000000,80.002808,34.857647,80.016510,36.855415,79.990173,34.834076,80.005531,35.526493,0,12,true,0
1300,2026-09-03T09:48:08.04Z,pmu-4,1,1788428888,40000,2026-09-03T09:48:07.4548232Z,-585.177,59.991039,-0.008961,-0.000112,0.000000,0.000000,0.000000,1.000000,76.990707,15.838109,77.006020,15.586498,77.033913,14.210621,76.962029,13.712905,0,4,true,0
1301,2026-09-03T09:48:08Z,pmu-5,1,1788428888,0,2026-09-03T09:48:07.4548232Z,-545.177,60.009937,0.009937,0.000394,0.000000,0.000000,0.000000,1.000000,98.054626,166.298141,97.979202,163.482742,97.978607,165.077087,98.016853,163.929367,0,0,true,0
1302,2026-09-03T09:48:08.02Z,pmu-5,1,1788428888,20000,2026-09-03T09:48:07.4978396Z,-522.160,59.999908,-0.000092,-0.000201,0.000000,0.000000,0.000000,1.000000,50.000000,-180.000000,50.000000,-180.000000,50.000000,-180.000000,50.000000,-180.000000,0,1,true,0
1303,2026-09-03T09:48:08.04Z,pmu-5,1,1788428888,40000,2026-09-03T09:48:07.4978396Z,-542.160,59.997337,-0.002663,-0.000051,0.000000,0.000000,0.000000,1.000000,53.009247,-158.207962,53.009132,-158.911163,52.997120,-158.483078,53.001316,-158.643677,0,2,true,0
1304,2026-09-03T09:48:08.18Z,pmu-3,1,1788428888,180000,2026-09-03T09:48:07.4983897Z,-681.610,59.995213,-0.004787,-0.000123,0.000000,0.000000,0.000000,1.000000,53.009991,-158.769470,53.000679,-158.945297,52.990952,-158.853500,52.994110,-158.938126,0,9,true,0
1305,2026-09-03T09:48:08.54Z,pmu-1,1,1788428888,540000,2026-09-03T09:48:07.4983897Z,-1041.610,60.004112,0.004112,0.000151,0.000000,0.000000,0.000000,1.000000,83.004753,56.428989,83.009964,58.211647,82.988457,56.823154,83.009445,57.553864,0,13,true,0
1306,2026-09-03T09:48:08.02Z,pmu-2,1,1788428888,20000,2026-09-03T09:48:07.4983897Z,-521.610,60.007793,0.007793,0.000063,0.000000,0.000000,0.000000,1.000000,79.972641,35.701790,80.030251,35.350719,79.991066,34.435131,80.031929,35.887108,0,1,true,0
1307,2026-09-03T09:48:08.06Z,pmu-4,1,1788428888,60000,2026-09-03T09:48:07.4983897Z,-561.610,60.004349,0.004349,0.000266,0.000000,0.000000,0.000000,1.000000,79.991470,37.875763,80.009636,37.141438,80.042084,36.213898,79.965080,35.121593,0,5,true,0
1308,2026-09-03T09:48:08.56Z,pmu-1,1,1788428888,560000,2026-09-03T09:48:07.4983897Z,-1061.610,59.991570,-0.008430,-0.000251,0.000000,0.000000,0.000000,1.000000,86.014717,77.820961,86.009300,79.938721,85.997215,78.905533,85.999504,79.676254,0,14,true,0
1309,2026-09-03T09:48:08.2Z,pmu-3,1,1788428888,200000,2026-09-03T09:48:07.4983897Z,-701.610,60.009724,0.009724,0.000290,0.000000,0.000000,0.000000,1.000000,56.005386,-137.150070,55.994358,-137.047119,55.999004,-137.446228,55.999168,-137.828064,0,10,true,0
1310,2026-09-03T09:48:08.08Z,pmu-4,1,1788428888,80000,2026-09-03T09:48:07.4983897Z,-581.610,59.997154,-0.002846,-0.000144,0.000000,0.000000,0.000000,1.000000,82.994598,59.033947,83.009010,59.288380,83.034729,57.924389,82.959366,56.603546,0,6,true,0
1311,2026-09-03T09:48:08.04Z,pmu-2,1,1788428888,40000,2026-09-03T09:48:07.4983897Z,-541.610,59.999832,-0.000168,-0.000159,0.000000,0.000000,0.000000,1.000000,82.975349,56.816433,83.021111,57.315948,82.998863,55.463852,83.029305,57.828136,0,2,true,0
1312,2026-09-03T09:48:08.06Z,pmu-5,1,1788428888,60000,2026-09-03T09:48:07.5440228Z,-515.977,59.996693,-0.003307,-0.000013,0.000000,0.000000,0.000000,1.000000,56.009842,-136.399689,56.002880,-136.913513,55.998466,-136.769196,55.996189,-136.976196,0,3,true,0
1313,2026-09-03T09:48:08.08Z,pmu-5,1,1788428888,80000,2026-09-03T09:48:07.5440228Z,-535.977,60.009121,0.009121,0.000249,0.000000,0.000000,0.000000,1.000000,59.004169,-114.244110,59.011925,-115.200920,58.988911,-115.088882,58.999928,-115.610352,0,4,true,0
1314,2026-09-03T09:48:08.1Z,pmu-4,1,1788428888,100000,2026-09-03T09:48:07.5440228Z,-555.977,60.007778,0.007778,0.000212,0.000000,0.000000,0.000000,1.000000,85.995461,80.212555,86.013435,80.749176,86.031761,79.628273,85.965530,77.822128,0,7,true,0
1315,2026-09-03T09:48:08.22Z,pmu-3,1,1788428888,220000,2026-09-03T09:48:07.5440228Z,-675.977,60.000446,0.000446,-0.000186,0.000000,0.000000,0.000000,1.000000,58.999130,-115.021561,58.989388,-115.823181,59.000118,-116.241325,58.999054,-116.613510,0,11,true,0
1316,2026-09-03T09:48:08.06Z,pmu-2,1,1788428888,60000,2026-09-03T09:48:07.5440228Z,-515.977,60.001354,0.001354,0.000030,0.000000,0.000000,0.000000,1.000000,85.973061,78.278030,86.021103,79.467682,86.000023,77.125038,86.023399,78.905716,0,3,true,0
1317,2026-09-03T09:48:08.58Z,pmu-1,1,1788428888,580000,2026-09-03T09:48:07.5440228Z,-1035.977,60.002472,0.002472,0.000218,0.000000,0.000000,0.000000,1.000000,89.023102,99.147293,89.005348,101.312607,88.998657,100.721817,89.005676,101.779022,0,15,true,0
1318,2026-09-03T09:48:08.1Z,pmu-5,1,1788428888,100000,2026-09-03T09:48:07.5909627Z,-509.037,59.997738,-0.002262,-0.000228,0.000000,0.000000,0.000000,1.000000,62.010780,-92.505005,62.013218,-93.280701,61.983231,-93.579720,61.992012,-94.518539,0,5,true,0
1319,2026-09-03T09:48:08.12Z,pmu-5,1,1788428888,120000,2026-09-03T09:48:07.5909627Z,-529.037,59.994591,-0.005409,-0.000063,0.000000,0.000000,0.000000,1.000000,65.007172,-70.827286,65.003265,-71.426788,64.983643,-72.260139,64.992493,-73.287613,0,6,true,0
1320,2026-09-03T09:48:08.14Z,pmu-5,1,1788428888,140000,2026-09-03T09:48:07.5909627Z,-549.037,59.997673,-0.002327,0.000062,0.000000,0.000000,0.000000,1.000000,68.008293,-48.671429,68.004387,-49.955952,67.987709,-50.603077,67.996208,-51.187084,0,7,true,0
1321,2026-09-03T09:48:08.12Z,pmu-4,1,1788428888,120000,2026-09-03T09:48:07.5909627Z,-529.037,60.007492,0.007492,-0.000006,0.000000,0.000000,0.000000,1.000000,88.998177,101.761024,89.011833,102.434105,89.024368,101.372093,88.970718,99.903740,0,8,true,0
1322,2026-09-03T09:48:08.08Z,pmu-2,1,1788428888,80000,2026-09-03T09:48:07.5909627Z,-489.037,59.998734,-0.001266,-0.000052,0.000000,0.000000,0.000000,1.000000,88.968140,100.193878,89.015244,100.535500,89.004463,98.346413,89.014954,100.769104,0,4,true,0
1323,2026-09-03T09:48:08.6Z,pmu-1,1,1788428888,600000,2026-09-03T09:48:07.5909627Z,-1009.037,59.991951,-0.008049,-0.000210,0.000000,0.000000,0.000000,1.000000,92.026497,120.989113,92.000267,122.826706,91.998360,121.791763,92.006523,123.248138,0,0,true,0
1324,2026-09-03T09:48:08.24Z,pmu-3,1,1788428888,240000,2026-09-03T09:48:07.5916504Z,-648.350,59.996567,-0.003433,-0.000078,0.000000,0.000000,0.000000,1.000000,62.002041,-92.913933,61.997799,-94.369026,62.005375,-94.986679,61.995163,-94.831299,0,12,true,0
1325,2026-09-03T09:48:08.14Z,pmu-4,1,1788428888,140000,2026-09-03T09:48:07.5916504Z,-548.350,60.006840,0.006840,-0.000013,0.000000,0.000000,0.000000,1.000000,91.993141,123.912338,92.011734,124.197021,92.026215,122.932068,91.969109,121.982094,0,9,true,0
1326,2026-09-03T09:48:08.26Z,pmu-3,1,1788428888,260000,2026-09-03T09:48:07.5916504Z,-668.350,60.009022,0.009022,0.000249,0.000000,0.000000,0.000000,1.000000,65.007111,-71.078690,65.000351,-72.805664,64.998413,-73.783272,65.000916,-72.793610,0,13,true,0
1327,2026-09-03T09:48:08.62Z,pmu-1,1,1788428888,620000,2026-09-03T09:48:07.5916504Z,-1028.350,60.006554,0.006554,0.000292,0.000000,0.000000,0.000000,1.000000,95.024849,142.859100,95.003868,144.466171,94.999199,143.613266,95.010826,144.412582,0,1,true,0
1328,2026-09-03T09:48:08.1Z,pmu-2,1,1788428888,100000,2026-09-03T09:48:07.5916504Z,-508.350,60.004082,0.004082,0.000107,0.000000,0.000000,0.000000,1.000000,91.967621,121.629990,92.009773,122.601761,92.007820,119.949402,92.018951,122.405350,0,5,true,0
1329,2026-09-03T09:48:08.16Z,pmu-5,1,1788428888,160000,2026-09-03T09:48:07.6367153Z,-523.285,59.995209,-0.004791,-0.000049,0.000000,0.000000,0.000000,1.000000,70.998543,-26.909702,71.011078,-28.201639,70.995087,-29.317385,71.004532,-29.870651,0,8,true,0
1330,2026-09-03T09:48:08.12Z,pmu-2,1,1788428888,120000,2026-09-03T09:48:07.6367153Z,-483.285,60.003277,0.003277,-0.000016,0.000000,0.000000,0.000000,1.000000,94.958282,143.107117,95.001656,144.246506,95.004120,141.610718,95.014122,144.337631,0,6,true,0
1331,2026-09-03T09:48:08.28Z,pmu-3,1,1788428888,280000,2026-09-03T09:48:07.6371813Z,-642.819,60.008717,0.008717,-0.000006,0.000000,0.000000,0.000000,1.000000,68.013390,-49.357182,67.995338,-51.609253,68.006165,-52.579418,67.998512,-51.254826,0,14,true,0
1332,2026-09-03T09:48:08.64Z,pmu-1,1,1788428888,640000,2026-09-03T09:48:07.6371813Z,-1002.819,60.002201,0.002201,-0.000087,0.000000,0.000000,0.000000,1.000000,98.016747,164.969086,98.005722,165.541992,98.003716,165.737061,98.008774,165.507156,0,2,true,0
1333,2026-09-03T09:48:08.16Z,pmu-4,1,1788428888,160000,2026-09-03T09:48:07.6371813Z,-522.819,59.997498,-0.002502,-0.000187,0.000000,0.000000,0.000000,1.000000,95.001312,145.684875,95.015297,145.378326,95.031395,144.928528,94.960556,143.879410,0,10,true,0
1334,2026-09-03T09:48:08.18Z,pmu-5,1,1788428888,180000,2026-09-03T09:48:07.6371813Z,-542.819,59.992809,-0.007191,-0.000048,0.000000,0.000000,0.000000,1.000000,73.995674,-5.483038,74.010178,-6.143108,73.996078,-7.458926,74.010620,-7.889022,0,9,true,0
1335,2026-09-03T09:48:08.2Z,pmu-5,1,1788428888,200000,2026-09-03T09:48:07.688595Z,-511.405,59.998199,-0.001801,0.000108,0.000000,0.000000,0.000000,1.000000,77.004433,16.021646,77.018784,15.189658,76.988815,13.965954,77.010757,14.002834,0,10,true,0
1336,2026-09-03T09:48:08.14Z,pmu-2,1,1788428888,140000,2026-09-03T09:48:07.688595Z,-451.405,59.990082,-0.009918,-0.000264,0.000000,0.000000,0.000000,1.000000,97.964401,164.902908,98.000290,166.314301,97.999046,163.337891,98.009537,166.387390,0,7,true,0
1337,2026-09-03T09:48:08.18Z,pmu-4,1,1788428888,180000,2026-09-03T09:48:07.688595Z,-491.405,60.007526,0.007526,0.000201,0.000000,0.000000,0.000000,1.000000,98.000801,167.145493,98.009644,167.463577,98.023628,166.272507,97.970467,165.222382,0,11,true,0
1338,2026-09-03T09:48:08.66Z,pmu-1,1,1788428888,660000,2026-09-03T09:48:07.688595Z,-971.405,60.004467,0.004467,0.000045,0.000000,0.000000,0.000000,1.000000,50.000000,-180.000000,50.000000,-180.000000,50.000000,-180.000000,50.000000,-180.000000,0,3,true,0
1339,2026-09-03T09:48:08.22Z,pmu-5,1,1788428888,220000,2026-09-03T09:48:07.688595Z,-531.405,60.006153,0.006153,0.000159,0.000000,0.000000,0.000000,1.000000,79.999916,37.481361,80.018890,37.325512,79.983536,35.498512,80.019531,35.383579,0,11,true,0
1340,2026-09-03T09:48:08.3Z,pmu-3,1,1788428888,300000,2026-09-03T09:48:07.688595Z,-611.405,59.990719,-0.009281,-0.000360,0.000000,0.000000,0.000000,1.000000,71.022415,-28.012281,70.998383,-30.449003,71.000580,-30.961704,70.991524,-29.754650,0,15,true,0
1341,2026-09-03T09:48:08.24Z,pmu-5,1,1788428888,240000,2026-09-03T09:48:07.688595Z,-551.405,59.993004,-0.006996,-0.000263,0.000000,0.000000,0.000000,1.000000,83.004707,58.646503,83.016182,58.512127,82.983368,57.372566,83.022423,56.617653,0,12,true,0
1342,2026-09-03T09:48:08.2Z,pmu-4,1,1788428888,200000,2026-09-03T09:48:07.688595Z,-511.405,60.001797,0.001797,-0.000115,0.000000,0.000000,0.000000,1.000000,50.000000,-180.000000,50.000000,-180.000000,50.000000,-180.000000,50.000000,-180.000000,0,12,true,0
1343,2026-09-03T09:48:08.16Z,pmu-2,1,1788428888,160000,2026-09-03T09:48:07.688595Z,-471.405,60.001366,0.001366,0.000226,0.000000,0.000000,0.000000,1.000000,50.000000,-180.000000,50.000000,-180.000000,50.000000,-180.000000,50.000000,-180.000000,0,8,true,0
1344,2026-09-03T09:48:08.68Z,pmu-1,1,1788428888,680000,2026-09-03T09:48:07.688595Z,-991.405,60.001446,0.001446,-0.000060,0.000000,0.000000,0.000000,1.000000,53.008774,-158.053207,52.991890,-158.932846,53.002953,-158.414185,53.009598,-158.066422,0,4,true,0
1345,2026-09-03T09:48:08.32Z,pmu-3,1,1788428888,320000,2026-09-03T09:48:07.688595Z,-631.405,60.004192,0.004192,0.000269,0.000000,0.000000,0.000000,1.000000,74.020721,-6.622687,74.001205,-8.411421,73.995056,-9.465447,74.001419,-7.743261,0,0,true,0
1346,2026-09-03T09:48:08.26Z,pmu-5,1,1788428888,260000,2026-09-03T09:48:07.7351944Z,-524.806,60.006809,0.006809,0.000276,0.000000,0.000000,0.000000,1.000000,86.002258,80.263130,86.011444,80.667320,85.989967,79.365631,86.014755,77.801895,0,13,true,0
1347,2026-09-03T09:48:08.22Z,pmu-4,1,1788428888,220000,2026-09-03T09:48:07.7351944Z,-484.806,59.990021,-0.009979,-0.000236,0.000000,0.000000,0.000000,1.000000,53.001183,-158.198090,53.008545,-158.180252,53.000572,-158.493927,53.005325,-158.443497,0,13,true,0
1348,2026-09-03T09:48:08.7Z,pmu-1,1,1788428888,700000,2026-09-03T09:48:07.7351944Z,-964.806,60.006603,0.006603,0.000103,0.000000,0.000000,0.000000,1.000000,56.012642,-136.610916,55.992805,-137.084457,56.012814,-136.463058,56.017574,-136.474731,0,5,true,0
1349,2026-09-03T09:48:08.18Z,pmu-2,1,1788428888,180000,2026-09-03T09:48:07.7351944Z,-444.806,59.995213,-0.004787,-0.000123,0.000000,0.000000,0.000000,1.000000,53.009991,-158.769470,53.000679,-158.945297,52.990952,-158.853500,52.994110,-158.938126,0,9,true,0
1350,2026-09-03T09:48:08.34Z,pmu-3,1,1788428888,340000,2026-09-03T09:48:07.7351944Z,-604.806,59.996075,-0.003925,-0.000162,0.000000,0.000000,0.000000,1.000000,77.021301,15.409719,76.999931,13.435882,77.003593,12.204828,76.995773,13.312599,0,1,true,0
1351,2026-09-03T09:48:08.28Z,pmu-5,1,1788428888,280000,2026-09-03T09:48:07.7351944Z,-544.806,60.000404,0.000404,-0.000128,0.000000,0.000000,0.000000,1.000000,89.004494,102.312012,89.011353,102.151161,88.997963,101.129242,89.014084,98.881813,0,14,true,0
1352,2026-09-03T09:48:08.24Z,pmu-4,1,1788428888,240000,2026-09-03T09:48:07.7351944Z,-504.806,59.995068,-0.004932,0.000101,0.000000,0.000000,0.000000,1.000000,55.992218,-136.410660,56.016045,-137.045883,56.002625,-137.423767,56.007977,-136.624832,0,14,true,0
1353,2026-09-03T09:48:08.72Z,pmu-1,1,1788428888,720000,2026-09-03T09:48:07.7351944Z,-984.806,59.995216,-0.004784,-0.000228,0.000000,0.000000,0.000000,1.000000,59.003857,-115.369179,59.000889,-115.319000,59.003780,-114.385567,59.010433,-115.190651,0,6,true,0
1354,2026-09-03T09:48:08.36Z,pmu-3,1,1788428888,360000,2026-09-03T09:48:07.7351944Z,-624.806,59.998341,-0.001659,0.000045,0.000000,0.000000,0.000000,1.000000,80.022301,36.792320,79.993744,35.428879,79.995087,33.513813,79.991432,35.252018,0,2,true,0
1355,2026-09-03T09:48:08.2Z,pmu-2,1,1788428888,200000,2026-09-03T09:48:07.7351944Z,-464.806,60.009724,0.009724,0.000290,0.000000,0.000000,0.000000,1.000000,56.005386,-137.150070,55.994358,-137.047119,55.999004,-137.446228,55.999168,-137.828064,0,10,true,0
1356,2026-09-03T09:48:08.3Z,pmu-5,1,1788428888,300000,2026-09-03T09:48:07.7861621Z,-513.838,60.002148,0.002148,0.000035,0.000000,0.000000,0.000000,1.000000,92.010582,123.668282,92.012878,124.195351,91.999496,122.240944,92.011528,120.421219,0,15,true,0
1357,2026-09-03T09:48:08.22Z,pmu-2,1,1788428888,220000,2026-09-03T09:48:07.7861621Z,-433.838,60.000446,0.000446,-0.000186,0.000000,0.000000,0.000000,1.000000,58.999130,-115.021561,58.989388,-115.823181,59.000118,-116.241325,58.999054,-116.613510,0,11,true,0
1358,2026-09-03T09:48:08.26Z,pmu-4,1,1788428888,260000,2026-09-03T09:48:07.7861621Z,-473.838,59.990608,-0.009392,-0.000089,0.000000,0.000000,0.000000,1.000000,58.988804,-114.362175,59.022633,-115.228516,59.005341,-115.666168,59.000584,-115.405731,0,15,true,0
1359,2026-09-03T09:48:08.38Z,pmu-3,1,1788428888,380000,2026-09-03T09:48:07.7861621Z,-593.838,60.005119,0.005119,0.000136,0.000000,0.000000,0.000000,1.000000,83.028656,57.987820,82.989006,57.373123,82.988922,55.284176,82.987175,57.097431,0,3,true,0
1360,2026-09-03T09:48:08.32Z,pmu-5,1,1788428888,320000,2026-09-03T09:48:07.7861621Z,-533.838,60.000149,0.000149,-0.000040,0.000000,0.000000,0.000000,1.000000,95.010170,145.555206,95.022484,145.620102,95.001122,143.853302,95.004837,142.384735,0,0,true,0
1361,2026-09-03T09:48:08.74Z,pmu-1,1,1788428888,740000,2026-09-03T09:48:07.7861621Z,-953.838,59.997856,-0.002144,0.000053,0.000000,0.000000,0.000000,1.000000,62.009262,-94.048271,62.010227,-93.832397,62.010899,-93.231613,62.006351,-93.310127,0,7,true,0
1362,2026-09-03T09:48:08.34Z,pmu-5,1,1788428888,340000,2026-09-03T09:48:07.8319637Z,-508.036,59.990540,-0.009460,-0.000192,0.000000,0.000000,0.000000,1.000000,98.012047,167.540024,98.020683,167.256592,98.000099,165.849213,98.007721,164.455154,0,1,true,0
1363,2026-09-03T09:48:08.28Z,pmu-4,1,1788428888,280000,2026-09-03T09:48:07.8319637Z,-448.036,59.998932,-0.001068,0.000166,0.000000,0.000000,0.000000,1.000000,61.988434,-92.619896,62.030895,-93.494415,62.010708,-94.532005,62.001522,-93.525696,0,0,true,0
1364,2026-09-03T09:48:08.76Z,pmu-1,1,1788428888,760000,2026-09-03T09:48:07.8319637Z,-928.036,60.006729,0.006729,0.000177,0.000000,0.000000,0.000000,1.000000,65.014465,-72.424965,65.000641,-72.645531,65.016129,-71.728043,65.007591,-72.231987,0,8,true,0
1365,2026-09-03T09:48:08.36Z,pmu-5,1,1788428888,360000,2026-09-03T09:48:07.8319637Z,-528.036,59.990292,-0.009708,-0.000005,0.000000,0.000000,0.000000,1.000000,50.000000,-180.000000,50.000000,-180.000000,50.000000,-180.000000,50.000000,-180.000000,0,2,true,0
1366,2026-09-03T09:48:08.24Z,pmu-2,1,1788428888,240000,2026-09-03T09:48:07.8319637Z,-408.036,59.996567,-0.003433,-0.000078,0.000000,0.000000,0.000000,1.000000,62.002041,-92.913933,61.997799,-94.369026,62.005375,-94.986679,61.995163,-94.831299,0,12,true,0
1367,2026-09-03T09:48:08.3Z,pmu-4,1,1788428888,300000,2026-09-03T09:48:07.8319637Z,-468.036,59.999924,-0.000076,0.000020,0.000000,0.000000,0.000000,1.000000,64.978706,-70.734154,65.028870,-72.233932,65.005821,-73.005608,64.999786,-71.469620,0,1,true,0
1368,2026-09-03T09:48:08.26Z,pmu-2,1,1788428888,260000,2026-09-03T09:48:07.8319637Z,-428.036,60.009022,0.009022,0.000249,0.000000,0.000000,0.000000,1.000000,65.007111,-71.078690,65.000351,-72.805664,64.998413,-73.783272,65.000916,-72.793610,0,13,true,0
1369,2026-09-03T09:48:08.4Z,pmu-3,1,1788428888,400000,2026-09-03T09:48:07.8319637Z,-568.036,60.007175,0.007175,0.000041,0.000000,0.000000,0.000000,1.000000,86.028214,79.986626,85.980476,78.587547,85.985336,77.446953,85.991356,78.580048,0,4,true,0
1370,2026-09-03T09:48:08.78Z,pmu-1,1,1788428888,780000,2026-09-03T09:48:07.8319637Z,-948.036,59.993530,-0.006470,-0.000264,0.000000,0.000000,0.000000,1.000000,68.004570,-50.383499,68.001831,-51.123077,68.016289,-49.661469,68.005348,-50.175068,0,9,true,0
1371,2026-09-03T09:48:08.42Z,pmu-3,1,1788428888,420000,2026-09-03T09:48:07.8319637Z,-588.036,59.996487,-0.003513,-0.000214,0.000000,0.000000,0.000000,1.000000,89.026360,101.707787,88.986038,100.229492,88.981133,98.511383,88.992302,99.984192,0,5,true,0
1372,2026-09-03T09:48:08.38Z,pmu-5,1,1788428888,380000,2026-09-03T09:48:07.8849668Z,-495.033,60.004246,0.004246,0.000279,0.000000,0.000000,0.000000,1.000000,52.990246,-158.621384,52.991333,-158.169830,52.998428,-158.210541,53.007710,-158.549026,0,3,true,0
1373,2026-09-03T09:48:08.32Z,pmu-4,1,1788428888,320000,2026-09-03T09:48:07.8858636Z,-434.136,60.008911,0.008911,0.000180,0.000000,0.000000,0.000000,1.000000,67.987770,-49.620106,68.026108,-50.626362,68.003777,-51.602161,67.991043,-49.328762,0,2,true,0
1374,2026-09-03T09:48:08.8Z,pmu-1,1,1788428888,800000,2026-09-03T09:48:07.8858636Z,-914.136,59.997829,-0.002171,0.000086,0.000000,0.000000,0.000000,1.000000,71.005821,-29.080633,71.000084,-29.103678,71.023384,-27.795456,71.003471,-28.250372,0,10,true,0
1375,2026-09-03T09:48:08.28Z,pmu-2,1,1788428888,280000,2026-09-03T09:48:07.8858636Z,-394.136,60.008717,0.008717,-0.000006,0.000000,0.000000,0.000000,1.000000,68.013390,-49.357182,67.995338,-51.609253,68.006165,-52.579418,67.998512,-51.254826,0,14,true,0
1376,2026-09-03T09:48:08.4Z,pmu-5,1,1788428888,400000,2026-09-03T09:48:07.8858636Z,-514.136,60.006886,0.006886,0.000053,0.000000,0.000000,0.000000,1.000000,55.982960,-137.225174,55.990829,-136.015549,56.008244,-136.312958,56.006611,-136.952194,0,4,true,0
1377,2026-09-03T09:48:08.82Z,pmu-1,1,1788428888,820000,2026-09-03T09:48:07.8858636Z,-934.136,59.994816,-0.005184,-0.000060,0.000000,0.000000,0.000000,1.000000,73.999046,-7.909647,73.999023,-7.850509,74.020111,-6.374353,74.000160,-6.249440,0,11,true,0
1378,2026-09-03T09:48:08.44Z,pmu-3,1,1788428888,440000,2026-09-03T09:48:07.8858636Z,-554.136,59.993187,-0.006813,-0.000066,0.000000,0.000000,0.000000,1.000000,92.018234,123.542648,91.991226,122.033051,91.987137,119.803787,91.993729,122.061981,0,6,true,0
1379,2026-09-03T09:48:08.34Z,pmu-4,1,1788428888,340000,2026-09-03T09:48:07.8858636Z,-454.136,60.009270,0.009270,0.000007,0.000000,0.000000,0.000000,1.000000,70.983276,-27.787806,71.027153,-28.470995,71.012283,-29.636129,70.992752,-27.688982,0,3,true,0
1380,2026-09-03T09:48:08.42Z,pmu-5,1,1788428888,420000,2026-09-03T09:48:07.8858636Z,-534.136,59.993275,-0.006725,-0.000272,0.000000,0.000000,0.000000,1.000000,58.987965,-115.360573,58.987621,-113.917259,59.001289,-114.766510,59.013458,-115.565994,0,5,true,0
1381,2026-09-03T09:48:08.44Z,pmu-5,1,1788428888,440000,2026-09-03T09:48:07.9278602Z,-512.140,59.994209,-0.005791,0.000019,0.000000,0.000000,0.000000,1.000000,61.992191,-93.415070,61.990620,-92.084686,61.993004,-92.900146,62.010956,-93.773849,0,6,true,0
1382,2026-09-03T09:48:08.84Z,pmu-1,1,1788428888,840000,2026-09-03T09:48:07.9278602Z,-912.140,59.996563,-0.003437,0.000035,0.000000,0.000000,0.000000,1.000000,77.000252,13.237243,77.003456,13.770422,77.015953,15.187685,77.003586,15.777792,0,12,true,0
1383,2026-09-03T09:48:08.46Z,pmu-3,1,1788428888,460000,2026-09-03T09:48:07.9278602Z,-532.140,59.991383,-0.008617,-0.000036,0.000000,0.000000,0.000000,1.000000,95.027275,145.186584,94.992149,143.842239,94.994530,141.752792,94.991859,144.218994,0,7,true,0
1384,2026-09-03T09:48:08.36Z,pmu-4,1,1788428888,360000,2026-09-03T09:48:07.9278602Z,-432.140,60.008575,0.008575,-0.000014,0.000000,0.000000,0.000000,1.000000,73.992813,-5.711019,74.031952,-7.082170,74.019318,-7.517167,73.991127,-5.752922,0,4,true,0
1385,2026-09-03T09:48:08.46Z,pmu-5,1,1788428888,460000,2026-09-03T09:48:07.9278602Z,-532.140,60.009735,0.009735,0.000311,0.000000,0.000000,0.000000,1.000000,64.997757,-71.519089,64.981674,-70.456932,64.985275,-71.713318,65.015282,-72.413208,0,7,true,0
1386,2026-09-03T09:48:08.48Z,pmu-3,1,1788428888,480000,2026-09-03T09:48:07.9278602Z,-552.140,60.003742,0.003742,0.000247,0.000000,0.000000,0.000000,1.000000,98.027557,166.559921,97.996750,165.692276,98.003731,163.562698,97.989418,166.061401,0,8,true,0
1387,2026-09-03T09:48:08.3Z,pmu-2,1,1788428888,300000,2026-09-03T09:48:07.9278602Z,-372.140,59.990719,-0.009281,-0.000360,0.000000,0.000000,0.000000,1.000000,71.022415,-28.012281,70.998383,-30.449003,71.000580,-30.961704,70.991524,-29.754650,0,15,true,0
1388,2026-09-03T09:48:08.32Z,pmu-2,1,1788428888,320000,2026-09-03T09:48:07.9278602Z,-392.140,60.004192,0.004192,0.000269,0.000000,0.000000,0.000000,1.000000,74.020721,-6.622687,74.001205,-8.411421,73.995056,-9.465447,74.001419,-7.743261,0,0,true,0
1389,2026-09-03T09:48:08.5Z,pmu-3,1,1788428888,500000,2026-09-03T09:48:07.9769029Z,-523.097,59.990032,-0.009968,-0.000274,0.000000,0.000000,0.000000,1.000000,50.000000,-180.000000,50.000000,-180.000000,50.000000,-180.000000,50.000000,-180.000000,0,9,true,0
1390,2026-09-03T09:48:08.38Z,pmu-4,1,1788428888,380000,2026-09-03T09:48:07.9769029Z,-403.097,60.005524,0.005524,-0.000061,0.000000,0.000000,0.000000,1.000000,76.994972,16.417246,77.032310,14.711591,77.023155,13.872427,76.993515,16.214193,0,5,true,0
1391,2026-09-03T09:48:08.86Z,pmu-1,1,1788428888,860000,2026-09-03T09:48:07.9769029Z,-883.097,60.007431,0.007431,0.000217,0.000000,0.000000,0.000000,1.000000,79.999718,34.607323,80.007690,35.812374,80.012070,36.499992,79.998573,37.363857,0,13,true,0
1392,2026-09-03T09:48:08.34Z,pmu-2,1,1788428888,340000,2026-09-03T09:48:07.9769029Z,-363.097,59.996075,-0.003925,-0.000162,0.000000,0.000000,0.000000,1.000000,77.021301,15.409719,76.999931,13.435882,77.003593,12.204828,76.995773,13.312599,0,1,true,0
1393,2026-09-03T09:48:08.48Z,pmu-5,1,1788428888,480000,2026-09-03T09:48:07.9769029Z,-503.097,60.000786,0.000786,-0.000179,0.000000,0.000000,0.000000,1.000000,67.999359,-49.884205,67.991264,-49.211422,67.975479,-50.033424,68.014923,-50.296448,0,8,true,0
1394,2026-09-03T09:48:08.5Z,pmu-5,1,1788428888,500000,2026-09-03T09:48:07.9769029Z,-523.097,59.995335,-0.004665,-0.000109,0.000000,0.000000,0.000000,1.000000,70.992950,-28.779945,70.996582,-28.055927,70.974915,-28.872860,71.008598,-28.580324,0,9,true,0
1395,2026-09-03T09:48:08.52Z,pmu-5,1,1788428888,520000,2026-09-03T09:48:08.0225223Z,-497.478,60.002140,0.002140,0.000136,0.000000,0.000000,0.000000,1.000000,73.991257,-6.910366,74.006523,-6.009322,73.983109,-7.323445,74.016808,-7.372792,0,10,true,0
1396,2026-09-03T09:48:08.88Z,pmu-1,1,1788428888,880000,2026-09-03T09:48:08.0225223Z,-857.478,59.991100,-0.008900,-0.000327,0.000000,0.000000,0.000000,1.000000,82.997528,56.547440,82.997871,56.849773,83.010941,58.133865,82.996117,58.451187,0,14,true,0
1397,2026-09-03T09:48:08.4Z,pmu-4,1,1788428888,400000,2026-09-03T09:48:08.0225223Z,-377.478,59.997055,-0.002945,-0.000169,0.000000,0.000000,0.000000,1.000000,79.998154,37.890179,80.036674,36.816563,80.028275,35.739906,80.003250,37.608612,0,6,true,0
1398,2026-09-03T09:48:08.36Z,pmu-2,1,1788428888,360000,2026-09-03T09:48:08.0225223Z,-337.478,59.998341,-0.001659,0.000045,0.000000,0.000000,0.000000,1.000000,80.022301,36.792320,79.993744,35.428879,79.995087,33.513813,79.991432,35.252018,0,2,true,0
1399,2026-09-03T09:48:08.52Z,pmu-3,1,1788428888,520000,2026-09-03T09:48:08.0225223Z,-497.478,59.998184,-0.001816,0.000163,0.000000,0.000000,0.000000,1.000000,53.001442,-158.031143,52.991333,-158.376312,53.004047,-158.175476,52.993591,-158.050690,0,10,true,0
1400,2026-09-03T09:48:08.54Z,pmu-5,1,1788428888,540000,2026-09-03T09:48:08.0225223Z,-517.478,60.000126,0.000126,-0.000040,0.000000,0.000000,0.000000,1.000000,76.986702,14.393548,77.005470,15.288402,76.982719,14.841610,77.014084,13.913705,0,11,true,0
1401,2026-09-03T09:48:08.56Z,pmu-5,1,1788428888,560000,2026-09-03T09:48:08.0225223Z,-537.478,59.995823,-0.004177,-0.000086,0.000000,0.000000,0.000000,1.000000,79.977898,36.131702,80.007797,36.820538,79.972786,36.858318,80.021133,35.564606,0,12,true,0
1402,2026-09-03T09:48:08.54Z,pmu-3,1,1788428888,540000,2026-09-03T09:48:08.0225223Z,-517.478,60.003826,0.003826,0.000113,0.000000,0.000000,0.000000,1.000000,55.993713,-136.106659,55.995960,-137.127686,56.010437,-136.270050,55.988903,-135.909409,0,11,true,0
1403,2026-09-03T09:48:08.38Z,pmu-2,1,1788428888,380000,2026-09-03T09:48:08.0225223Z,-357.478,60.005119,0.005119,0.000136,0.000000,0.000000,0.000000,1.000000,83.028656,57.987820,82.989006,57.373123,82.988922,55.284176,82.987175,57.097431,0,3,true,0
1404,2026-09-03T09:48:08.9Z,pmu-1,1,1788428888,900000,2026-09-03T09:48:08.0225223Z,-877.478,59.991734,-0.008266,0.000013,0.000000,0.000000,0.000000,1.000000,85.988007,78.115524,86.004631,78.912537,86.016197,80.123634,86.004776,79.502327,0,15,true,0
1405,2026-09-03T09:48:08.42Z,pmu-4,1,1788428888,420000,2026-09-03T09:48:08.0225223Z,-397.478,59.991352,-0.008648,-0.000114,0.000000,0.000000,0.000000,1.000000,82.990479,59.153175,83.033699,58.531776,83.019402,57.790497,82.999557,58.674721,0,7,true,0
1406,2026-09-03T09:48:08.58Z,pmu-5,1,1788428888,580000,2026-09-03T09:48:08.068617Z,-511.383,59.995800,-0.004200,-0.000000,0.000000,0.000000,0.000000,1.000000,82.972069,57.518921,82.999123,58.651443,82.967575,58.853970,83.024620,57.682102,0,13,true,0
1407,2026-09-03T09:48:08.44Z,pmu-4,1,1788428888,440000,2026-09-03T09:48:08.068617Z,-371.383,59.998444,-0.001556,0.000142,0.000000,0.000000,0.000000,1.000000,85.983223,80.671288,86.026878,79.800438,86.013680,79.881691,86.008659,79.882950,0,8,true,0
1408,2026-09-03T09:48:08.4Z,pmu-2,1,1788428888,400000,2026-09-03T09:48:08.068617Z,-331.383,60.007175,0.007175,0.000041,0.000000,0.000000,0.000000,1.000000,86.028214,79.986626,85.980476,78.587547,85.985336,77.446953,85.991356,78.580048,0,4,true,0
1409,2026-09-03T09:48:08.92Z,pmu-1,1,1788428888,920000,2026-09-03T09:48:08.068617Z,-851.383,60.005993,0.005993,0.000285,0.000000,0.000000,0.000000,1.000000,88.988678,99.767967,89.004890,100.824852,89.006752,102.011467,88.997635,100.972740,0,0,true,0
1410,2026-09-03T09:48:08.56Z,pmu-3,1,1788428888,560000,2026-09-03T09:48:08.068617Z,-491.383,60.003986,0.003986,0.000003,0.000000,0.000000,0.000000,1.000000,58.989563,-114.092506,59.004929,-115.104126,59.014526,-114.891991,58.982040,-113.818810,0,12,true,0
1411,2026-09-03T09:48:08.6Z,pmu-5,1,1788428888,600000,2026-09-03T09:48:08.068617Z,-531.383,59.994297,-0.005703,-0.000030,0.000000,0.000000,0.000000,1.000000,85.971680,79.461563,85.996292,80.662209,85.962654,80.196732,86.020699,79.065887,0,14,true,0
1412,2026-09-03T09:48:08.42Z,pmu-2,1,1788428888,420000,2026-09-03T09:48:08.068617Z,-351.383,59.996487,-0.003513,-0.000214,0.000000,0.000000,0.000000,1.000000,89.026360,101.707787,88.986038,100.229492,88.981133,98.511383,88.992302,99.984192,0,5,true,0
1413,2026-09-03T09:48:08.62Z,pmu-5,1,1788428888,620000,2026-09-03T09:48:08.1141701Z,-505.830,59.998993,-0.001007,0.000094,0.000000,0.000000,0.000000,1.000000,88.968292,101.500473,89.000122,102.585815,88.967400,102.320244,89.020119,100.919693,0,15,true,0
1414,2026-09-03T09:48:08.46Z,pmu-4,1,1788428888,460000,2026-09-03T09:48:08.114706Z,-345.294,59.998047,-0.001953,-0.000008,0.000000,0.000000,0.000000,1.000000,88.985336,102.818123,89.031441,101.873589,89.017960,101.559525,88.999763,101.174728,0,9,true,0
1415,2026-09-03T09:48:08.44Z,pmu-2,1,1788428888,440000,2026-09-03T09:48:08.114706Z,-325.294,59.993187,-0.006813,-0.000066,0.000000,0.000000,0.000000,1.000000,92.018234,123.542648,91.991226,122.033051,91.987137,119.803787,91.993729,122.061981,0,6,true,0
1416,2026-09-03T09:48:08.58Z,pmu-3,1,1788428888,580000,2026-09-03T09:48:08.114706Z,-465.294,60.001320,0.001320,-0.000053,0.000000,0.000000,0.000000,1.000000,61.991520,-92.612785,62.008224,-94.032387,62.009075,-93.334358,61.974369,-92.790367,0,13,true,0
1417,2026-09-03T09:48:08.64Z,pmu-5,1,1788428888,640000,2026-09-03T09:48:08.114706Z,-525.294,59.995113,-0.004887,-0.000078,0.000000,0.000000,0.000000,1.000000,91.960098,123.202950,92.000931,123.942184,91.959679,123.517319,92.018272,122.012138,0,0,true,0
1418,2026-09-03T09:48:08.94Z,pmu-1,1,1788428888,940000,2026-09-03T09:48:08.114706Z,-825.294,60.002209,0.002209,-0.000076,0.000000,0.000000,0.000000,1.000000,91.995720,120.979073,92.013512,121.915611,91.999336,124.015305,91.997177,122.037094,0,1,true,0
1419,2026-09-03T09:48:08.48Z,pmu-4,1,1788428888,480000,2026-09-03T09:48:08.114706Z,-365.294,60.005215,0.005215,0.000143,0.000000,0.000000,0.000000,1.000000,91.977455,124.333130,92.038696,123.542183,92.012825,123.471771,92.009041,123.150513,0,10,true,0
1420,2026-09-03T09:48:08.6Z,pmu-3,1,1788428888,600000,2026-09-03T09:48:08.114706Z,-485.294,60.002716,0.002716,0.000028,0.000000,0.000000,0.000000,1.000000,64.988335,-71.156265,65.011932,-72.032959,65.004509,-71.840195,64.973633,-70.907074,0,14,true,0
1421,2026-09-03T09:48:08.96Z,pmu-1,1,1788428888,960000,2026-09-03T09:48:08.114706Z,-845.294,60.003849,0.003849,0.000033,0.000000,0.000000,0.000000,1.000000,94.998703,142.401718,95.014969,143.837234,94.998489,145.640152,94.991127,143.549194,0,2,true,0
1422,2026-09-03T09:48:08.5Z,pmu-4,1,1788428888,500000,2026-09-03T09:48:08.1613902Z,-338.610,59.991302,-0.008698,-0.000278,0.000000,0.000000,0.000000,1.000000,94.973061,146.015152,95.029854,145.147537,95.014839,145.602493,95.007607,145.264297,0,11,true,0
1423,2026-09-03T09:48:08.46Z,pmu-2,1,1788428888,460000,2026-09-03T09:48:08.1613902Z,-298.610,59.991383,-0.008617,-0.000036,0.000000,0.000000,0.000000,1.000000,95.027275,145.186584,94.992149,143.842239,94.994530,141.752792,94.991859,144.218994,0,7,true,0
1424,2026-09-03T09:48:08.62Z,pmu-3,1,1788428888,620000,2026-09-03T09:48:08.1613902Z,-458.610,59.998669,-0.001331,-0.000081,0.000000,0.000000,0.000000,1.000000,67.996483,-49.899456,68.009521,-50.528450,68.005493,-49.795795,67.976265,-49.484539,0,15,true,0
1425,2026-09-03T09:48:08.52Z,pmu-4,1,1788428888,520000,2026-09-03T09:48:08.1613902Z,-358.610,60.009407,0.009407,0.000362,0.000000,0.000000,0.000000,1.000000,97.964172,167.433746,98.037178,166.200851,98.005096,167.232483,98.005325,166.820297,0,12,true,0
1426,2026-09-03T09:48:08.64Z,pmu-3,1,1788428888,640000,2026-09-03T09:48:08.1613902Z,-478.610,60.000114,0.000114,0.000029,0.000000,0.000000,0.000000,1.000000,71.005188,-28.641392,71.005753,-29.055061,71.012703,-28.330208,70.976280,-27.864168,0,0,true,0
1427,2026-09-03T09:48:08.48Z,pmu-2,1,1788428888,480000,2026-09-03T09:48:08.1613902Z,-318.610,60.003742,0.003742,0.000247,0.000000,0.000000,0.000000,1.000000,98.027557,166.559921,97.996750,165.692276,98.003731,163.562698,97.989418,166.061401,0,8,true,0
1428,2026-09-03T09:48:08.66Z,pmu-5,1,1788428888,660000,2026-09-03T09:48:08.1697571Z,-490.243,59.997200,-0.002800,0.000042,0.000000,0.000000,0.000000,1.000000,94.955627,144.880081,94.994270,145.866074,94.960274,145.410690,95.014557,143.566650,0,1,true,0
1429,2026-09-03T09:48:08.98Z,pmu-1,1,1788428888,980000,2026-09-03T09:48:08.1697571Z,-810.243,59.995785,-0.004215,-0.000161,0.000000,0.000000,0.000000,1.000000,98.008461,164.110107,98.020569,164.916580,98.003860,166.675339,97.981697,164.761627,0,3,true,0
1430,2026-09-03T09:48:08.68Z,pmu-5,1,1788428888,680000,2026-09-03T09:48:08.1697571Z,-510.243,59.992405,-0.007595,-0.000096,0.000000,0.000000,0.000000,1.000000,97.947060,165.932022,97.999420,167.010208,97.969833,167.549850,98.009514,164.979538,0,2,true,0
1431,2026-09-03T09:48:08.7Z,pmu-5,1,1788428888,700000,2026-09-03T09:48:08.1697571Z,-530.243,59.998989,-0.001011,0.000132,0.000000,0.000000,0.000000,1.000000,50.000000,-180.000000,50.000000,-180.000000,50.000000,-180.000000,50.000000,-180.000000,0,3,true,0
1432,2026-09-03T09:48:09Z,pmu-1,1,1788428889,0,2026-09-03T09:48:08.1697571Z,-830.243,59.991104,-0.008896,-0.000094,0.000000,0.000000,0.000000,1.000000,50.000000,-180.000000,50.000000,-180.000000,50.000000,-180.000000,50.000000,-180.000000,0,4,true,0
1433,2026-09-03T09:48:09.02Z,pmu-1,1,1788428889,20000,2026-09-03T09:48:08.1697571Z,-850.243,60.009937,0.009937,0.000377,0.000000,0.000000,0.000000,1.000000,52.995983,-158.230164,53.005550,-157.842819,52.993687,-158.906555,53.002995,-158.604706,0,5,true,0
1434,2026-09-03T09:48:08.72Z,pmu-5,1,1788428888,720000,2026-09-03T09:48:08.2225041Z,-497.496,60.006802,0.006802,0.000156,0.000000,0.000000,0.000000,1.000000,53.000935,-158.076538,53.001793,-158.638626,52.995476,-158.542038,53.001968,-158.296326,0,4,true,0
1435,2026-09-03T09:48:08.74Z,pmu-5,1,1788428888,740000,2026-09-03T09:48:08.2225041Z,-517.496,59.999081,-0.000919,-0.000154,0.000000,0.000000,0.000000,1.000000,55.992981,-136.572968,56.006989,-136.926941,56.002975,-136.593567,56.003822,-137.236908,0,5,true,0
1436,2026-09-03T09:48:09.04Z,pmu-1,1,1788428889,40000,2026-09-03T09:48:08.2225041Z,-817.496,60.008118,0.008118,-0.000036,0.000000,0.000000,0.000000,1.000000,55.994946,-136.079834,56.000175,-136.376389,55.988056,-136.876099,56.006672,-137.502518,0,6,true,0
1437,2026-09-03T09:48:08.54Z,pmu-4,1,1788428888,540000,2026-09-03T09:48:08.2225041Z,-317.496,59.992901,-0.007099,-0.000330,0.000000,0.000000,0.000000,1.000000,50.000000,-180.000000,50.000000,-180.000000,50.000000,-180.000000,50.000000,-180.000000,0,13,true,0
1438,2026-09-03T09:48:08.5Z,pmu-2,1,1788428888,500000,2026-09-03T09:48:08.2225041Z,-277.496,59.990032,-0.009968,-0.000274,0.000000,0.000000,0.000000,1.000000,50.000000,-180.000000,50.000000,-180.000000,50.000000,-180.000000,50.000000,-180.000000,0,9,true,0
1439,2026-09-03T09:48:09.06Z,pmu-1,1,1788428889,60000,2026-09-03T09:48:08.2225041Z,-837.496,60.000008,0.000008,-0.000162,0.000000,0.000000,0.000000,1.000000,58.993599,-114.688179,59.003700,-114.480301,58.980412,-115.268951,58.996799,-116.425316,0,7,true,0
1440,2026-09-03T09:48:08.66Z,pmu-3,1,1788428888,660000,2026-09-03T09:48:08.2225041Z,-437.496,60.002014,0.002014,0.000038,0.000000,0.000000,0.000000,1.000000,74.003845,-6.754711,74.005211,-7.388317,74.002953,-6.572712,73.977882,-5.703031,0,1,true,0
1441,2026-09-03T09:48:08.56Z,pmu-4,1,1788428888,560000,2026-09-03T09:48:08.2225041Z,-337.496,59.993229,-0.006771,0.000007,0.000000,0.000000,0.000000,1.000000,53.002834,-158.238113,53.001720,-158.506622,52.992210,-158.796036,53.001507,-158.315811,0,14,true,0
1442,2026-09-03T09:48:08.52Z,pmu-2,1,1788428888,520000,2026-09-03T09:48:08.2225041Z,-297.496,59.998184,-0.001816,0.000163,0.000000,0.000000,0.000000,1.000000,53.001442,-158.031143,52.991333,-158.376312,53.004047,-158.175476,52.993591,-158.050690,0,10,true,0
1443,2026-09-03T09:48:08.68Z,pmu-3,1,1788428888,680000,2026-09-03T09:48:08.2225041Z,-457.496,59.999397,-0.000603,-0.000052,0.000000,0.000000,0.000000,1.000000,77.005951,15.155785,77.011444,13.792601,77.005981,15.368349,76.972786,15.393536,0,2,true,0
1444,2026-09-03T09:48:08.76Z,pmu-5,1,1788428888,760000,2026-09-03T09:48:08.2684232Z,-491.577,60.009983,0.009983,0.000218,0.000000,0.000000,0.000000,1.000000,58.998943,-115.300217,59.007145,-114.774513,58.999687,-114.843445,59.009438,-115.400581,0,6,true,0
1445,2026-09-03T09:48:08.58Z,pmu-4,1,1788428888,580000,2026-09-03T09:48:08.2684232Z,-311.577,60.000969,0.000969,0.000155,0.000000,0.000000,0.000000,1.000000,55.998440,-136.364929,55.997147,-136.892609,55.992092,-136.686340,55.993340,-136.322357,0,15,true,0
1446,2026-09-03T09:48:08.78Z,pmu-5,1,1788428888,780000,2026-09-03T09:48:08.2684232Z,-511.577,60.004940,0.004940,-0.000101,0.000000,0.000000,0.000000,1.000000,61.989178,-93.781998,62.015759,-93.369354,62.007278,-93.716942,62.011616,-93.564957,0,7,true,0
1447,2026-09-03T09:48:08.54Z,pmu-2,1,1788428888,540000,2026-09-03T09:48:08.2684232Z,-271.577,60.003826,0.003826,0.000113,0.000000,0.000000,0.000000,1.000000,55.993713,-136.106659,55.995960,-137.127686,56.010437,-136.270050,55.988903,-135.909409,0,11,true,0
1448,2026-09-03T09:48:09.08Z,pmu-1,1,1788428889,80000,2026-09-03T09:48:08.2684232Z,-811.577,60.008747,0.008747,0.000175,0.000000,0.000000,0.000000,1.000000,61.988914,-93.641586,62.011211,-93.180832,61.977032,-93.500191,62.003780,-94.394241,0,8,true,0
1449,2026-09-03T09:48:08.7Z,pmu-3,1,1788428888,700000,2026-09-03T09:48:08.2684232Z,-431.577,59.998562,-0.001438,-0.000017,0.000000,0.000000,0.000000,1.000000,80.010506,36.917023,80.014900,35.502430,80.005005,37.129902,79.969627,37.452278,0,3,true,0
1450,2026-09-03T09:48:08.8Z,pmu-5,1,1788428888,800000,2026-09-03T09:48:08.3196296Z,-480.370,60.002365,0.002365,-0.000051,0.000000,0.000000,0.000000,1.000000,64.982735,-72.491165,65.010941,-71.229134,65.001656,-71.815048,65.009361,-71.734230,0,8,true,0
1451,2026-09-03T09:48:09.1Z,pmu-1,1,1788428889,100000,2026-09-03T09:48:08.3196296Z,-780.370,60.008415,0.008415,-0.000007,0.000000,0.000000,0.000000,1.000000,64.992317,-72.543266,65.010010,-71.959831,64.973465,-72.063217,65.010735,-72.468353,0,9,true,0
1452,2026-09-03T09:48:08.72Z,pmu-3,1,1788428888,720000,2026-09-03T09:48:08.3196296Z,-400.370,60.009834,0.009834,0.000225,0.000000,0.000000,0.000000,1.000000,83.008224,59.049377,83.018303,56.872719,83.012146,59.155838,82.976868,58.568184,0,4,true,0
1453,2026-09-03T09:48:08.82Z,pmu-5,1,1788428888,820000,2026-09-03T09:48:08.3196296Z,-500.370,60.002293,0.002293,-0.000001,0.000000,0.000000,0.000000,1.000000,67.987778,-51.325745,68.004913,-49.929729,67.993546,-50.019745,68.011681,-50.301937,0,9,true,0
1454,2026-09-03T09:48:09.12Z,pmu-1,1,1788428889,120000,2026-09-03T09:48:08.3196296Z,-800.370,60.000496,0.000496,-0.000158,0.000000,0.000000,0.000000,1.000000,67.983444,-50.590878,68.004921,-50.088787,67.980942,-50.865967,68.012039,-51.335697,0,10,true,0
1455,2026-09-03T09:48:08.74Z,pmu-3,1,1788428888,740000,2026-09-03T09:48:08.3196296Z,-420.370,60.001884,0.001884,-0.000159,0.000000,0.000000,0.000000,1.000000,86.007263,81.098953,86.012169,78.494240,86.016411,80.567429,85.968811,79.608658,0,5,true,0
1456,2026-09-03T09:48:08.84Z,pmu-5,1,1788428888,840000,2026-09-03T09:48:08.3196296Z,-520.370,60.006042,0.006042,0.000075,0.000000,0.000000,0.000000,1.000000,70.991295,-29.195728,71.005516,-28.147196,70.989548,-28.356394,71.002037,-28.307581,0,10,true,0
1457,2026-09-03T09:48:08.6Z,pmu-4,1,1788428888,600000,2026-09-03T09:48:08.3196296Z,-280.370,60.001900,0.001900,0.000019,0.000000,0.000000,0.000000,1.000000,59.007755,-114.806808,58.994728,-115.078033,58.982586,-114.709679,58.991650,-114.557686,0,0,true,0
1458,2026-09-03T09:48:08.56Z,pmu-2,1,1788428888,560000,2026-09-03T09:48:08.3196296Z,-240.370,60.003986,0.003986,0.000003,0.000000,0.000000,0.000000,1.000000,58.989563,-114.092506,59.004929,-115.104126,59.014526,-114.891991,58.982040,-113.818810,0,12,true,0
1459,2026-09-03T09:48:08.62Z,pmu-4,1,1788428888,620000,2026-09-03T09:48:08.3196296Z,-300.370,59.996078,-0.003922,-0.000116,0.000000,0.000000,0.000000,1.000000,62.010365,-93.085258,61.989368,-93.651581,61.989574,-92.634781,61.987743,-93.507843,0,1,true,0
1460,2026-09-03T09:48:08.58Z,pmu-2,1,1788428888,580000,2026-09-03T09:48:08.3196296Z,-260.370,60.001320,0.001320,-0.000053,0.000000,0.000000,0.000000,1.000000,61.991520,-92.612785,62.008224,-94.032387,62.009075,-93.334358,61.974369,-92.790367,0,13,true,0
1461,2026-09-03T09:48:08.86Z,pmu-5,1,1788428888,860000,2026-09-03T09:48:08.3659393Z,-494.061,60.009811,0.009811,0.000075,0.000000,0.000000,0.000000,1.000000,73.996948,-7.998024,74.012672,-6.333361,73.991753,-6.370919,73.999725,-7.178141,0,11,true,0
1462,2026-09-03T09:48:08.88Z,pmu-5,1,1788428888,880000,2026-09-03T09:48:08.3664753Z,-513.525,59.996761,-0.003239,-0.000261,0.000000,0.000000,0.000000,1.000000,76.992088,13.683687,77.007111,14.824545,76.996574,15.704014,76.994209,14.253628,0,12,true,0
1463,2026-09-03T09:48:09.14Z,pmu-1,1,1788428889,140000,2026-09-03T09:48:08.3664753Z,-773.525,60.003872,0.003872,0.000068,0.000000,0.000000,0.000000,1.000000,70.983681,-29.228596,71.004959,-28.218472,70.976799,-28.843769,71.009499,-29.549841,0,11,true,0
1464,2026-09-03T09:48:08.76Z,pmu-3,1,1788428888,760000,2026-09-03T09:48:08.3664753Z,-393.525,60.001854,0.001854,-0.000001,0.000000,0.000000,0.000000,1.000000,89.005539,102.131065,89.011307,99.691597,89.019440,102.496986,88.969429,101.574028,0,6,true,0
1465,2026-09-03T09:48:08.64Z,pmu-4,1,1788428888,640000,2026-09-03T09:48:08.3664753Z,-273.525,60.003700,0.003700,0.000152,0.000000,0.000000,0.000000,1.000000,65.006905,-71.948273,64.979691,-71.618195,64.982498,-71.502647,64.994507,-72.181618,0,2,true,0
1466,2026-09-03T09:48:08.6Z,pmu-2,1,1788428888,600000,2026-09-03T09:48:08.3664753Z,-233.525,60.002716,0.002716,0.000028,0.000000,0.000000,0.000000,1.000000,64.988335,-71.156265,65.011932,-72.032959,65.004509,-71.840195,64.973633,-70.907074,0,14,true,0
1467,2026-09-03T09:48:08.9Z,pmu-5,1,1788428888,900000,2026-09-03T09:48:08.4136029Z,-486.397,59.995937,-0.004063,-0.000016,0.000000,0.000000,0.000000,1.000000,80.000969,34.792316,80.015450,36.731266,79.998222,37.041500,80.003387,36.141777,0,13,true,0
1468,2026-09-03T09:48:08.62Z,pmu-2,1,1788428888,620000,2026-09-03T09:48:08.4136029Z,-206.397,59.998669,-0.001331,-0.000081,0.000000,0.000000,0.000000,1.000000,67.996483,-49.899456,68.009521,-50.528450,68.005493,-49.795795,67.976265,-49.484539,0,15,true,0
1469,2026-09-03T09:48:09.16Z,pmu-1,1,1788428889,160000,2026-09-03T09:48:08.4136029Z,-746.397,60.000603,0.000603,-0.000065,0.000000,0.000000,0.000000,1.000000,73.990730,-7.215773,73.998756,-6.512770,73.986412,-6.690919,74.011520,-8.388156,0,12,true,0
1470,2026-09-03T09:48:08.78Z,pmu-3,1,1788428888,780000,2026-09-03T09:48:08.4136029Z,-366.397,59.993153,-0.006847,-0.000174,0.000000,0.000000,0.000000,1.000000,92.005302,123.923248,92.001762,121.504379,92.019440,124.555634,91.969696,122.959808,0,7,true,0
1471,2026-09-03T09:48:08.66Z,pmu-4,1,1788428888,660000,2026-09-03T09:48:08.4136029Z,-246.397,59.997086,-0.002914,-0.000132,0.000000,0.000000,0.000000,1.000000,68.001793,-50.692966,67.976822,-49.834785,67.981216,-49.636600,67.986809,-50.933029,0,3,true,0
1472,2026-09-03T09:48:08.92Z,pmu-5,1,1788428888,920000,2026-09-03T09:48:08.4136029Z,-506.397,59.996540,-0.003460,0.000012,0.000000,0.000000,0.000000,1.000000,83.008919,56.033600,83.008080,58.476418,82.999123,58.278931,83.003113,58.304523,0,14,true,0
1473,2026-09-03T09:48:09.18Z,pmu-1,1,1788428889,180000,2026-09-03T09:48:08.4136029Z,-766.397,60.003891,0.003891,0.000066,0.000000,0.000000,0.000000,1.000000,76.994202,14.643351,77.006393,15.073190,76.982452,15.454131,77.019943,12.719846,0,13,true,0
1474,2026-09-03T09:48:08.64Z,pmu-2,1,1788428888,640000,2026-09-03T09:48:08.4136029Z,-226.397,60.000114,0.000114,0.000029,0.000000,0.000000,0.000000,1.000000,71.005188,-28.641392,71.005753,-29.055061,71.012703,-28.330208,70.976280,-27.864168,0,0,true,0
1475,2026-09-03T09:48:08.8Z,pmu-3,1,1788428888,800000,2026-09-03T09:48:08.4136029Z,-386.397,60.002151,0.002151,0.000180,0.000000,0.000000,0.000000,1.000000,95.001244,146.061661,95.001633,143.327728,95.022209,146.573456,94.979248,144.375977,0,8,true,0
1476,2026-09-03T09:48:08.68Z,pmu-4,1,1788428888,680000,2026-09-03T09:48:08.4136029Z,-266.397,59.992828,-0.007172,-0.000085,0.000000,0.000000,0.000000,1.000000,70.993385,-28.978209,70.967888,-28.601934,70.986488,-28.601969,70.986328,-29.812960,0,4,true,0
1477,2026-09-03T09:48:08.94Z,pmu-5,1,1788428888,940000,2026-09-03T09:48:08.4606751Z,-479.325,59.990559,-0.009441,-0.000120,0.000000,0.000000,0.000000,1.000000,86.006165,77.708633,86.013962,80.020164,86.003326,79.591553,85.994820,80.065514,0,15,true,0
1478,2026-09-03T09:48:08.66Z,pmu-2,1,1788428888,660000,2026-09-03T09:48:08.4606751Z,-199.325,60.002014,0.002014,0.000038,0.000000,0.000000,0.000000,1.000000,74.003845,-6.754711,74.005211,-7.388317,74.002953,-6.572712,73.977882,-5.703031,0,1,true,0
1479,2026-09-03T09:48:08.7Z,pmu-4,1,1788428888,700000,2026-09-03T09:48:08.4606751Z,-239.325,60.006943,0.006943,0.000282,0.000000,0.000000,0.000000,1.000000,73.999306,-7.205325,73.963036,-7.336945,73.990753,-7.186356,73.988991,-8.209689,0,5,true,0
1480,2026-09-03T09:48:08.96Z,pmu-5,1,1788428888,960000,2026-09-03T09:48:08.4606751Z,-499.325,59.999813,-0.000187,0.000185,0.000000,0.000000,0.000000,1.000000,89.007950,99.766571,89.006241,101.392029,89.011131,100.720718,88.985794,101.986366,0,0,true,0
1481,2026-09-03T09:48:08.98Z,pmu-5,1,1788428888,980000,2026-09-03T09:48:08.4606751Z,-519.325,60.008762,0.008762,0.000179,0.000000,0.000000,0.000000,1.000000,92.006737,121.927567,92.010445,123.280312,92.009132,122.731056,91.992523,123.033478,0,1,true,0
1482,2026-09-03T09:48:09.2Z,pmu-1,1,1788428889,200000,2026-09-03T09:48:08.4606751Z,-739.325,60.003769,0.003769,-0.000002,0.000000,0.000000,0.000000,1.000000,80.004097,36.293831,80.006126,37.156025,79.978897,36.923252,80.019012,34.347702,0,14,true,0
1483,2026-09-03T09:48:10Z,pmu-5,1,1788428890,0,2026-09-03T09:48:08.4606751Z,-1539.325,60.007999,0.007999,-0.000015,0.000000,0.000000,0.000000,1.000000,95.004410,143.375458,95.014877,144.804443,95.010071,144.517899,94.998329,144.163788,0,2,true,0
1484,2026-09-03T09:48:08.82Z,pmu-3,1,1788428888,820000,2026-09-03T09:48:08.4606751Z,-359.325,59.990601,-0.009399,-0.000231,0.000000,0.000000,0.000000,1.000000,97.999084,167.739807,97.991951,164.361588,98.022842,168.278076,97.982132,166.152328,0,9,true,0
1485,2026-09-03T09:48:10.02Z,pmu-5,1,1788428890,20000,2026-09-03T09:48:08.505798Z,-1514.202,60.000576,0.000576,-0.000148,0.000000,0.000000,0.000000,1.000000,98.006294,164.429565,98.020988,166.472229,98.017273,165.860031,98.006996,165.878159,0,3,true,0
1486,2026-09-03T09:48:08.84Z,pmu-3,1,1788428888,840000,2026-09-03T09:48:08.5064257Z,-333.574,60.005924,0.005924,0.000306,0.000000,0.000000,0.000000,1.000000,50.000000,-180.000000,50.000000,-180.000000,50.000000,-180.000000,50.000000,-180.000000,0,10,true,0
1487,2026-09-03T09:48:10.04Z,pmu-5,1,1788428890,40000,2026-09-03T09:48:08.5064257Z,-1533.574,59.998142,-0.001858,-0.000049,0.000000,0.000000,0.000000,1.000000,50.000000,-180.000000,50.000000,-180.000000,50.000000,-180.000000,50.000000,-180.000000,0,4,true,0
1488,2026-09-03T09:48:08.86Z,pmu-3,1,1788428888,860000,2026-09-03T09:48:08.5064257Z,-353.574,59.992596,-0.007404,-0.000267,0.000000,0.000000,0.000000,1.000000,53.004704,-158.286499,52.991791,-158.207779,53.006001,-158.199982,52.994671,-158.488220,0,11,true,0
1489,2026-09-03T09:48:08.68Z,pmu-2,1,1788428888,680000,2026-09-03T09:48:08.5064257Z,-173.574,59.999397,-0.000603,-0.000052,0.000000,0.000000,0.000000,1.000000,77.005951,15.155785,77.011444,13.792601,77.005981,15.368349,76.972786,15.393536,0,2,true,0
1490,2026-09-03T09:48:08.72Z,pmu-4,1,1788428888,720000,2026-09-03T09:48:08.5064257Z,-213.574,60.007092,0.007092,0.000003,0.000000,0.000000,0.000000,1.000000,76.998962,14.606236,76.972839,14.246252,76.993179,14.230306,76.982216,13.069849,0,6,true,0
1491,2026-09-03T09:48:09.22Z,pmu-1,1,1788428889,220000,2026-09-03T09:48:08.5064257Z,-713.574,60.006081,0.006081,0.000046,0.000000,0.000000,0.000000,1.000000,82.999680,58.456051,83.000999,58.510857,82.971878,58.987797,83.016747,56.193085,0,15,true,0
1492,2026-09-03T09:48:08.7Z,pmu-2,1,1788428888,700000,2026-09-03T09:48:08.5064257Z,-193.574,59.998562,-0.001438,-0.000017,0.000000,0.000000,0.000000,1.000000,80.010506,36.917023,80.014900,35.502430,80.005005,37.129902,79.969627,37.452278,0,3,true,0
1493,2026-09-03T09:48:08.74Z,pmu-4,1,1788428888,740000,2026-09-03T09:48:08.5064257Z,-233.574,59.992340,-0.007660,-0.000295,0.000000,0.000000,0.000000,1.000000,80.001106,35.977787,79.965660,35.846897,79.991669,36.371056,79.973335,34.602650,0,7,true,0
1494,2026-09-03T09:48:09.24Z,pmu-1,1,1788428889,240000,2026-09-03T09:48:08.5064257Z,-733.574,59.990948,-0.009052,-0.000303,0.000000,0.000000,0.000000,1.000000,85.991043,80.095795,85.996536,79.852051,85.978706,80.263626,86.016640,77.329384,0,0,true,0
1495,2026-09-03T09:48:10.06Z,pmu-5,1,1788428890,60000,2026-09-03T09:48:08.5525718Z,-1507.428,59.996944,-0.003056,-0.000024,0.000000,0.000000,0.000000,1.000000,53.007183,-157.995300,53.004551,-158.223801,52.990238,-158.763382,53.003685,-158.908264,0,5,true,0
1496,2026-09-03T09:48:10.08Z,pmu-5,1,1788428890,80000,2026-09-03T09:48:08.5525718Z,-1527.428,60.007629,0.007629,0.000214,0.000000,0.000000,0.000000,1.000000,56.008823,-136.945053,56.003269,-136.395798,55.995869,-137.579559,56.010014,-137.837357,0,6,true,0
1497,2026-09-03T09:48:08.88Z,pmu-3,1,1788428888,880000,2026-09-03T09:48:08.5532132Z,-326.787,60.005024,0.005024,0.000249,0.000000,0.000000,0.000000,1.000000,55.995827,-137.246552,55.997093,-136.111343,56.001835,-136.505966,55.989082,-136.318329,0,12,true,0
1498,2026-09-03T09:48:08.72Z,pmu-2,1,1788428888,720000,2026-09-03T09:48:08.5532132Z,-166.787,60.009834,0.009834,0.000225,0.000000,0.000000,0.000000,1.000000,83.008224,59.049377,83.018303,56.872719,83.012146,59.155838,82.976868,58.568184,0,4,true,0
1499,2026-09-03T09:48:09.26Z,pmu-1,1,1788428889,260000,2026-09-03T09:48:08.5532132Z,-706.787,59.990753,-0.009247,-0.000004,0.000000,0.000000,0.000000,1.000000,88.995834,101.996117,88.995987,101.667847,88.978470,101.478439,89.020561,99.267365,0,1,true,0
1500,2026-09-03T09:48:08.76Z,pmu-4,1,1788428888,760000,2026-09-03T09:48:08.5532132Z,-206.787,59.992512,-0.007488,0.000003,0.000000,0.000000,0.000000,1.000000,83.005417,57.053196,82.961662,57.720188,82.991547,57.582191,82.972214,55.981121,0,8,true,0
