pmu_name,timestamp_utc,soc,fracsec,idcode,stat_hex,crc_ok,frequency_hz,rocof_hz_s,mw,mvar,digital_hex,frame_bytes,va_mag,va_angle_deg,vb_mag,vb_angle_deg,vc_mag,vc_angle_deg,ia_mag,ia_angle_deg
PMU.001,2026-07-09T06:10:03.6Z,1783577403,600000,1,0x0000,true,60.014133,0.000393,0.000000,0.000000,0x0008,88,59.982742,-180.000000,65.005127,106.950844,54.995739,-107.204689,64.986374,35.169083
PMU.001,2026-07-09T06:10:03.633333Z,1783577403,633333,1,0x0000,true,59.983772,-0.001012,0.000000,0.000000,0x0009,88,64.997635,-143.691757,70.015656,142.045807,59.985165,-70.400307,69.994385,72.112648
PMU.001,2026-07-09T06:10:03.666666Z,1783577403,666666,1,0x0000,true,59.998436,0.000489,0.000000,0.000000,0x000A,88,70.012619,-107.717957,75.013855,177.763962,64.973373,-35.200199,74.986893,109.060577
PMU.001,2026-07-09T06:10:03.7Z,1783577403,700000,1,0x0000,true,60.011280,0.000428,0.000000,0.000000,0x000B,88,75.021172,-71.803787,80.016411,-180.000000,69.973839,0.474653,79.986328,144.922531
PMU.001,2026-07-09T06:10:03.733333Z,1783577403,733333,1,0x0000,true,60.013233,0.000065,0.000000,0.000000,0x000C,88,80.018616,-35.582619,85.013878,-143.491257,74.981331,36.600117,84.998856,-180.000000
PMU.001,2026-07-09T06:10:03.766666Z,1783577403,766666,1,0x0000,true,60.002579,-0.000355,0.000000,0.000000,0x000D,88,85.032539,0.642979,90.015862,-106.846695,79.981483,72.095680,90.008385,-143.744568
PMU.001,2026-07-09T06:10:03.8Z,1783577403,800000,1,0x0000,true,60.003372,0.000026,0.000000,0.000000,0x000E,88,90.019005,37.597267,95.012329,-69.962578,84.968178,108.884666,94.992004,-107.428978
PMU.001,2026-07-09T06:10:03.833333Z,1783577403,833333,1,0x0000,true,60.015160,0.000393,0.000000,0.000000,0x000F,88,95.006798,72.996078,50.000000,-34.353939,89.984268,145.394363,50.000000,-72.143768
PMU.001,2026-07-09T06:10:03.866666Z,1783577403,866666,1,0x0000,true,59.995827,-0.000644,0.000000,0.000000,0x0000,88,50.000000,108.322617,54.992542,1.777759,94.981949,-180.000000,54.995548,-35.347904
PMU.001,2026-07-09T06:10:03.9Z,1783577403,900000,1,0x0000,true,59.989998,-0.000194,0.000000,0.000000,0x0001,88,54.996067,144.766891,60.003441,38.472618,99.996231,-143.387909,60.011208,0.879210
PMU.001,2026-07-09T06:10:03.933333Z,1783577403,933333,1,0x0000,true,59.984280,-0.000191,0.000000,0.000000,0x0002,88,59.990646,-180.000000,64.996147,74.338066,50.000000,-107.540062,65.000603,36.902382
PMU.001,2026-07-09T06:10:03.966666Z,1783577403,966666,1,0x0000,true,59.987663,0.000113,0.000000,0.000000,0x0003,88,64.977402,-144.673355,69.989014,110.897408,54.988945,-71.521385,69.998199,72.391472
PMU.001,2026-07-09T06:10:04Z,1783577404,0,1,0x0000,true,60.013824,0.000872,0.000000,0.000000,0x0004,88,69.988518,-108.849342,74.998955,147.465622,59.984921,-35.119469,75.005585,109.221619
PMU.001,2026-07-09T06:10:04.033333Z,1783577404,33333,1,0x0000,true,60.005264,-0.000285,0.000000,0.000000,0x0005,88,75.003326,-72.703773,80.000618,-180.000000,64.998329,0.796628,79.990425,146.014160
PMU.001,2026-07-09T06:10:04.066666Z,1783577404,66666,1,0x0000,true,60.010612,0.000178,0.000000,0.000000,0x0006,88,80.012299,-37.512226,84.995834,-143.474304,69.985313,36.575230,84.993835,-180.000000
PMU.001,2026-07-09T06:10:04.1Z,1783577404,100000,1,0x0000,true,59.990906,-0.000657,0.000000,0.000000,0x0007,88,85.026657,-1.128673,89.987610,-108.198936,74.978081,71.644493,89.977325,-143.634064
PMU.001,2026-07-09T06:10:04.133333Z,1783577404,133333,1,0x0000,true,60.009022,0.000604,0.000000,0.000000,0x0008,88,90.040779,34.451756,94.983009,-71.918320,79.981956,108.238220,94.966408,-107.306229
PMU.001,2026-07-09T06:10:04.166666Z,1783577404,166666,1,0x0000,true,59.987724,-0.000710,0.000000,0.000000,0x0009,88,95.044472,70.282814,99.994080,-35.040562,84.979805,143.313782,99.957413,-71.445038
PMU.001,2026-07-09T06:10:04.2Z,1783577404,200000,1,0x0000,true,59.984020,-0.000123,0.000000,0.000000,0x000A,88,50.000000,106.975922,50.000000,1.756589,89.995453,179.871902,50.000000,-35.894215
PMU.001,2026-07-09T06:10:04.233333Z,1783577404,233333,1,0x0000,true,59.987625,0.000120,0.000000,0.000000,0x000B,88,55.010098,143.526108,54.992420,37.850807,94.997810,-180.000000,55.015072,0.458679
PMU.001,2026-07-09T06:10:04.266666Z,1783577404,266666,1,0x0000,true,59.994835,0.000240,0.000000,0.000000,0x000C,88,60.015182,179.474503,59.978962,74.396568,99.995155,-143.645142,60.024849,35.972603
PMU.001,2026-07-09T06:10:04.3Z,1783577404,300000,1,0x0000,true,60.001560,0.000224,0.000000,0.000000,0x000D,88,65.009666,-180.000000,64.974594,109.652695,50.000000,-108.007820,65.032425,72.583290
PMU.001,2026-07-09T06:10:04.333333Z,1783577404,333333,1,0x0000,true,59.983448,-0.000604,0.000000,0.000000,0x000E,88,69.996307,-144.111191,69.966118,146.233200,54.987118,-71.345718,70.032974,109.378288
PMU.001,2026-07-09T06:10:04.366666Z,1783577404,366666,1,0x0000,true,60.004601,0.000705,0.000000,0.000000,0x000F,88,74.982140,-108.014404,74.965836,-180.000000,59.981247,-36.262062,75.041069,145.497284
PMU.001,2026-07-09T06:10:04.4Z,1783577404,400000,1,0x0000,true,60.010361,0.000192,0.000000,0.000000,0x0000,88,79.968010,-72.589249,79.970421,-143.091934,64.966820,-0.307728,80.029976,-180.000000
PMU.001,2026-07-09T06:10:04.433333Z,1783577404,433333,1,0x0000,true,60.002007,-0.000278,0.000000,0.000000,0x0001,88,84.982590,-35.840534,84.963135,-106.840630,69.981056,35.464752,85.037712,-143.309113
PMU.001,2026-07-09T06:10:04.466666Z,1783577404,466666,1,0x0000,true,60.013321,0.000377,0.000000,0.000000,0x0002,88,89.972923,0.187591,89.947166,-70.048203,74.993622,71.031601,90.049171,-106.933372
PMU.001,2026-07-09T06:10:04.5Z,1783577404,500000,1,0x0000,true,60.000443,-0.000429,0.000000,0.000000,0x0003,88,94.981819,35.658909,94.937546,-34.426037,79.988945,107.859818,95.050774,-70.742630
PMU.001,2026-07-09T06:10:04.533333Z,1783577404,533333,1,0x0000,true,60.004063,0.000121,0.000000,0.000000,0x0004,88,99.997017,71.515724,99.932526,1.172401,84.980530,143.515961,50.000000,-34.395332
PMU.001,2026-07-09T06:10:04.566666Z,1783577404,566666,1,0x0000,true,60.001320,-0.000091,0.000000,0.000000,0x0005,88,50.000000,106.999985,50.000000,37.617561,89.968483,179.456665,55.009243,2.128630
PMU.001,2026-07-09T06:10:04.6Z,1783577404,600000,1,0x0000,true,60.003735,0.000080,0.000000,0.000000,0x0006,88,54.998959,143.240097,54.986206,74.519920,94.965508,-180.000000,60.023865,37.216774
PMU.001,2026-07-09T06:10:04.633333Z,1783577404,633333,1,0x0000,true,60.007526,0.000126,0.000000,0.000000,0x0007,88,59.986965,179.766907,59.981449,111.020569,99.958778,-143.215454,65.010429,73.789993
PMU.001,2026-07-09T06:10:04.666666Z,1783577404,666666,1,0x0000,true,59.987705,-0.000661,0.000000,0.000000,0x0008,88,64.995132,-180.000000,64.980637,147.072052,50.000000,-107.014153,69.994682,109.340515
PMU.001,2026-07-09T06:10:04.7Z,1783577404,700000,1,0x0000,true,59.995819,0.000270,0.000000,0.000000,0x0009,88,70.007805,-144.769180,69.996193,-180.000000,55.001953,-71.267372,75.003090,145.421265
PMU.001,2026-07-09T06:10:04.733333Z,1783577404,733333,1,0x0000,true,59.994942,-0.000029,0.000000,0.000000,0x000A,88,75.009155,-107.872414,75.000511,-144.565048,60.018356,-34.324219,80.013916,-180.000000
PMU.001,2026-07-09T06:10:04.766666Z,1783577404,766666,1,0x0000,true,60.001213,0.000209,0.000000,0.000000,0x000B,88,80.015945,-72.304810,80.005760,-108.761154,65.017952,2.252437,85.028755,-144.080048
PMU.001,2026-07-09T06:10:04.8Z,1783577404,800000,1,0x0000,true,59.984501,-0.000557,0.000000,0.000000,0x000C,88,85.026825,-35.866116,84.995750,-71.978859,70.014084,39.106472,90.030334,-107.817329
PMU.001,2026-07-09T06:10:04.833333Z,1783577404,833333,1,0x0000,true,59.998878,0.000479,0.000000,0.000000,0x000D,88,90.018135,-0.213878,90.003769,-35.777687,75.015701,74.884544,95.028549,-71.507912
PMU.001,2026-07-09T06:10:04.866666Z,1783577404,866666,1,0x0000,true,59.988480,-0.000347,0.000000,0.000000,0x000E,88,95.029289,35.432533,95.006912,-0.728071,80.006439,111.384201,50.000000,-35.896595
PMU.001,2026-07-09T06:10:04.9Z,1783577404,900000,1,0x0000,true,59.999477,0.000367,0.000000,0.000000,0x000F,88,50.000000,71.281952,50.000000,36.069431,85.020477,147.598495,55.008373,0.501878
PMU.001,2026-07-09T06:10:04.933333Z,1783577404,933333,1,0x0000,true,60.012077,0.000420,0.000000,0.000000,0x0000,88,55.015491,106.473206,54.985874,72.384377,90.023529,-180.000000,60.006390,35.791225
PMU.001,2026-07-09T06:10:04.966666Z,1783577404,966666,1,0x0000,true,60.007973,-0.000137,0.000000,0.000000,0x0001,88,60.016479,142.689941,60.000565,109.273621,95.013878,-143.755814,65.021614,71.397644
PMU.001,2026-07-09T06:10:05Z,1783577405,0,1,0x0000,true,59.997143,-0.000361,0.000000,0.000000,0x0002,88,65.027626,179.428223,65.000687,144.937973,50.000000,-108.542870,70.035423,107.514893
PMU.001,2026-07-09T06:10:05.033333Z,1783577405,33333,1,0x0000,true,60.012714,0.000519,0.000000,0.000000,0x0003,88,70.042549,-180.000000,70.015129,-180.000000,55.016113,-72.298279,75.040489,144.041428
PMU.001,2026-07-09T06:10:05.066666Z,1783577405,66666,1,0x0000,true,59.990898,-0.000727,0.000000,0.000000,0x0004,88,75.040710,-144.123840,75.025253,-143.847672,60.024513,-36.153172,80.049080,179.329254
PMU.001,2026-07-09T06:10:05.1Z,1783577405,100000,1,0x0000,true,59.983868,-0.000234,0.000000,0.000000,0x0005,88,80.046661,-108.555649,80.018028,-108.453476,65.037857,0.504908,85.059204,-180.000000
PMU.001,2026-07-09T06:10:05.133333Z,1783577405,133333,1,0x0000,true,60.009506,0.000855,0.000000,0.000000,0x0006,88,85.052040,-72.459152,85.015518,-72.118652,70.031586,36.743912,90.073906,-143.059708
PMU.001,2026-07-09T06:10:05.166666Z,1783577405,166666,1,0x0000,true,60.013538,0.000134,0.000000,0.000000,0x0007,88,90.045082,-36.459007,90.008568,-35.483185,75.027603,71.810257,95.068275,-107.745529
PMU.001,2026-07-09T06:10:05.2Z,1783577405,200000,1,0x0000,true,59.985451,-0.000936,0.000000,0.000000,0x0008,88,95.057266,-0.037685,95.018837,-0.200947,80.031311,107.882683,50.000000,-71.387451
PMU.001,2026-07-09T06:10:05.233333Z,1783577405,233333,1,0x0000,true,60.003494,0.000601,0.000000,0.000000,0x0009,88,50.000000,35.959141,50.000000,36.497875,85.036491,143.902985,54.986710,-36.248711
PMU.001,2026-07-09T06:10:05.266666Z,1783577405,266666,1,0x0000,true,60.001263,-0.000074,0.000000,0.000000,0x000A,88,55.002964,71.281418,54.992973,71.582870,90.022949,178.979950,59.979099,-0.939022
PMU.001,2026-07-09T06:10:05.3Z,1783577405,300000,1,0x0000,true,60.013054,0.000393,0.000000,0.000000,0x000B,88,60.008167,107.118774,59.989296,107.742836,95.009178,-180.000000,64.991608,34.776630
PMU.001,2026-07-09T06:10:05.333333Z,1783577405,333333,1,0x0000,true,60.002117,-0.000365,0.000000,0.000000,0x000C,88,64.993309,142.693604,64.992882,143.240372,50.000000,-144.129730,70.008011,71.463501
PMU.001,2026-07-09T06:10:05.366666Z,1783577405,366666,1,0x0000,true,59.997849,-0.000142,0.000000,0.000000,0x000D,88,70.003029,177.976135,69.983582,178.334061,54.987503,-108.294876,75.012093,107.879578
PMU.001,2026-07-09T06:10:05.4Z,1783577405,400000,1,0x0000,true,60.008949,0.000370,0.000000,0.000000,0x000E,88,75.010628,-180.000000,74.976639,-180.000000,59.987003,-71.433441,80.020020,143.185074
PMU.001,2026-07-09T06:10:05.433333Z,1783577405,433333,1,0x0000,true,60.013321,0.000146,0.000000,0.000000,0x000F,88,80.023903,-143.361038,79.977745,-143.648926,64.992332,-34.515636,85.003685,179.535339
PMU.001,2026-07-09T06:10:05.466666Z,1783577405,466666,1,0x0000,true,59.984379,-0.000965,0.000000,0.000000,0x0000,88,85.009758,-106.918739,84.975151,-107.903542,69.978790,1.645787,90.014137,-180.000000
PMU.001,2026-07-09T06:10:05.5Z,1783577405,500000,1,0x0000,true,60.003178,0.000627,0.000000,0.000000,0x0001,88,90.023682,-70.031006,89.971687,-71.070488,74.965553,37.514908,95.000969,-143.761993
PMU.001,2026-07-09T06:10:05.533333Z,1783577405,533333,1,0x0000,true,59.998474,-0.000157,0.000000,0.000000,0x0002,88,95.026985,-33.827618,94.974373,-35.891125,79.952042,73.072372,99.998024,-108.201385
PMU.001,2026-07-09T06:10:05.566666Z,1783577405,566666,1,0x0000,true,59.989216,-0.000309,0.000000,0.000000,0x0003,88,50.000000,1.486152,99.959137,0.055166,84.960785,108.152763,50.000000,-72.419174
PMU.001,2026-07-09T06:10:05.6Z,1783577405,600000,1,0x0000,true,59.996006,0.000226,0.000000,0.000000,0x0004,88,55.009987,36.838215,50.000000,36.748802,89.966309,144.871521,55.000912,-36.059864
PMU.001,2026-07-09T06:10:05.633333Z,1783577405,633333,1,0x0000,true,60.003452,0.000248,0.000000,0.000000,0x0005,88,59.998074,72.782349,55.004639,73.190346,94.958038,-180.000000,60.005646,-0.068227
PMU.001,2026-07-09T06:10:05.666666Z,1783577405,666666,1,0x0000,true,60.010578,0.000238,0.000000,0.000000,0x0006,88,65.008514,108.631599,60.020149,109.326653,99.973259,-143.114029,64.994148,35.348476
PMU.001,2026-07-09T06:10:05.7Z,1783577405,700000,1,0x0000,true,60.002766,-0.000260,0.000000,0.000000,0x0007,88,70.012398,145.146820,65.004250,145.372437,50.000000,-107.530746,69.993752,71.757904
PMU.001,2026-07-09T06:10:05.733333Z,1783577405,733333,1,0x0000,true,59.999439,-0.000111,0.000000,0.000000,0x0008,88,75.029015,-180.000000,69.992310,-180.000000,55.008728,-71.687622,75.007233,107.205383
PMU.001,2026-07-09T06:10:05.766666Z,1783577405,766666,1,0x0000,true,59.992329,-0.000237,0.000000,0.000000,0x0009,88,80.016968,-143.160706,75.002129,-144.099182,59.995922,-36.414478,80.007217,142.965912
PMU.001,2026-07-09T06:10:05.8Z,1783577405,800000,1,0x0000,true,60.015682,0.000778,0.000000,0.000000,0x000A,88,85.019592,-107.637695,80.013916,-108.140007,64.981712,-0.544891,85.004532,178.804382
PMU.001,2026-07-09T06:10:05.833333Z,1783577405,833333,1,0x0000,true,60.003078,-0.000420,0.000000,0.000000,0x000B,88,90.004074,-72.245651,85.016800,-72.425407,69.984558,35.192558,89.998459,-180.000000
PMU.001,2026-07-09T06:10:05.866666Z,1783577405,866666,1,0x0000,true,59.986774,-0.000543,0.000000,0.000000,0x000C,88,95.002174,-37.175049,90.028389,-35.654194,74.994720,71.569931,94.990997,-144.126511
PMU.001,2026-07-09T06:10:05.9Z,1783577405,900000,1,0x0000,true,59.999363,0.000420,0.000000,0.000000,0x000D,88,99.987610,-0.247339,95.038391,0.812648,79.978493,107.977089,99.981171,-107.686829
PMU.001,2026-07-09T06:10:05.933333Z,1783577405,933333,1,0x0000,true,59.993618,-0.000191,0.000000,0.000000,0x000E,88,50.000000,36.623077,50.000000,36.359619,84.981812,144.534683,50.000000,-72.420448
PMU.001,2026-07-09T06:10:05.966666Z,1783577405,966666,1,0x0000,true,60.015049,0.000714,0.000000,0.000000,0x000F,88,55.011299,73.127632,55.012787,72.713684,89.970665,-180.000000,54.994995,-36.730618
PMU.001,2026-07-09T06:10:06Z,1783577406,0,1,0x0000,true,60.003857,-0.000373,0.000000,0.000000,0x0000,88,60.026798,108.583626,60.017056,108.600983,94.986504,-143.428543,60.009220,-0.866159
PMU.001,2026-07-09T06:10:06.033333Z,1783577406,33333,1,0x0000,true,60.008625,0.000159,0.000000,0.000000,0x0001,88,65.022331,144.576431,65.026253,143.650360,99.999969,-106.973930,65.001007,35.548923
PMU.001,2026-07-09T06:10:06.066666Z,1783577406,66666,1,0x0000,true,60.003944,-0.000156,0.000000,0.000000,0x0002,88,70.027542,-180.000000,70.018730,178.802338,50.000000,-70.694946,69.985664,72.369682
PMU.001,2026-07-09T06:10:06.1Z,1783577406,100000,1,0x0000,true,60.003227,-0.000024,0.000000,0.000000,0x0003,88,75.016891,-143.730515,75.027985,-180.000000,54.983440,-34.162994,75.000671,108.384514
PMU.001,2026-07-09T06:10:06.133333Z,1783577406,133333,1,0x0000,true,59.991524,-0.000390,0.000000,0.000000,0x0004,88,80.032028,-108.651695,80.040573,-144.839767,59.968174,2.373442,80.008011,143.592148
PMU.001,2026-07-09T06:10:06.166666Z,1783577406,166666,1,0x0000,true,60.014454,0.000764,0.000000,0.000000,0x0005,88,85.021889,-72.108727,85.032143,-109.718681,64.979027,38.530903,85.000305,178.755661
PMU.001,2026-07-09T06:10:06.2Z,1783577406,200000,1,0x0000,true,59.995766,-0.000623,0.000000,0.000000,0x0006,88,90.017662,-35.421268,90.021835,-73.370682,69.964516,73.774269,90.009636,-180.000000
PMU.001,2026-07-09T06:10:06.233333Z,1783577406,233333,1,0x0000,true,60.014023,0.000609,0.000000,0.000000,0x0007,88,95.019577,1.255113,95.022163,-38.217140,74.964806,110.552650,95.019386,-144.590347
PMU.001,2026-07-09T06:10:06.266666Z,1783577406,266666,1,0x0000,true,59.984608,-0.000981,0.000000,0.000000,0x0008,88,50.000000,36.331543,50.000000,-2.636655,79.979622,147.145691,50.000000,-109.065117
PMU.001,2026-07-09T06:10:06.3Z,1783577406,300000,1,0x0000,true,60.009201,0.000820,0.000000,0.000000,0x0009,88,54.983341,71.691940,55.002930,32.693787,84.996017,-180.000000,55.015728,-72.992989
PMU.001,2026-07-09T06:10:06.333333Z,1783577406,333333,1,0x0000,true,59.989380,-0.000661,0.000000,0.000000,0x000A,88,59.991573,106.816635,59.999023,68.437714,89.996887,-144.143250,60.020481,-37.626991
PMU.001,2026-07-09T06:10:06.366666Z,1783577406,366666,1,0x0000,true,60.016014,0.000888,0.000000,0.000000,0x000B,88,65.000450,143.553696,64.988991,104.318779,95.012650,-108.080261,65.016678,-1.906270
PMU.001,2026-07-09T06:10:06.4Z,1783577406,400000,1,0x0000,true,59.992611,-0.000780,0.000000,0.000000,0x000C,88,70.016220,179.010971,70.004868,140.239349,99.998878,-72.748314,70.023964,33.849777
PMU.001,2026-07-09T06:10:06.433333Z,1783577406,433333,1,0x0000,true,60.014416,0.000727,0.000000,0.000000,0x000D,88,75.013306,-180.000000,74.997742,176.584381,50.000000,-36.119667,75.033684,69.854523
PMU.001,2026-07-09T06:10:06.466666Z,1783577406,466666,1,0x0000,true,60.012005,-0.000080,0.000000,0.000000,0x000E,88,80.023354,-144.835449,80.006905,-180.000000,55.009228,-0.844714,80.033676,106.121384
PMU.001,2026-07-09T06:10:06.5Z,1783577406,500000,1,0x0000,true,60.008156,-0.000128,0.000000,0.000000,0x000F,88,85.014992,-107.892059,85.007538,-144.504440,59.998528,35.286514,85.041443,141.414230
PMU.001,2026-07-09T06:10:06.533333Z,1783577406,533333,1,0x0000,true,60.002739,-0.000181,0.000000,0.000000,0x0000,88,89.999329,-72.745743,90.012367,-108.974548,65.009270,71.448524,90.035088,177.328461
PMU.001,2026-07-09T06:10:06.566666Z,1783577406,566666,1,0x0000,true,59.983524,-0.000640,0.000000,0.000000,0x0001,88,94.983330,-37.480118,94.999718,-72.236382,70.001335,107.343292,95.034073,-180.000000
PMU.001,2026-07-09T06:10:06.6Z,1783577406,600000,1,0x0000,true,59.986580,0.000102,0.000000,0.000000,0x0002,88,99.993240,-2.011306,50.000000,-37.096943,74.988998,144.022476,50.000000,-143.109314
PMU.001,2026-07-09T06:10:06.633333Z,1783577406,633333,1,0x0000,true,60.015705,0.000971,0.000000,0.000000,0x0003,88,50.000000,33.652298,54.996540,-1.744879,80.004723,-180.000000,54.990463,-107.024467
PMU.001,2026-07-09T06:10:06.666666Z,1783577406,666666,1,0x0000,true,59.995872,-0.000661,0.000000,0.000000,0x0004,88,54.988438,69.633499,59.990868,33.664890,84.990990,-144.216446,59.980221,-70.611595
PMU.001,2026-07-09T06:10:06.7Z,1783577406,700000,1,0x0000,true,59.987587,-0.000276,0.000000,0.000000,0x0005,88,59.975315,105.164673,65.002228,69.192505,89.980919,-109.159668,64.980057,-35.282497
PMU.001,2026-07-09T06:10:06.733333Z,1783577406,733333,1,0x0000,true,59.989258,0.000056,0.000000,0.000000,0x0006,88,64.980225,141.962234,69.997131,105.647873,94.991142,-74.112434,69.981529,0.126571
PMU.001,2026-07-09T06:10:06.766666Z,1783577406,766666,1,0x0000,true,60.010277,0.000701,0.000000,0.000000,0x0007,88,69.968201,177.523895,74.982948,141.755676,99.978806,-38.752502,74.974434,36.672508
PMU.001,2026-07-09T06:10:06.8Z,1783577406,800000,1,0x0000,true,60.016129,0.000195,0.000000,0.000000,0x0008,88,74.953209,-180.000000,79.986877,178.548447,50.000000,-2.920686,79.989899,73.146515
PMU.001,2026-07-09T06:10:06.833333Z,1783577406,833333,1,0x0000,true,60.012127,-0.000133,0.000000,0.000000,0x0009,88,79.968636,-144.544418,84.985222,-180.000000,54.995750,32.835419,84.997269,108.237465
PMU.001,2026-07-09T06:10:06.866666Z,1783577406,866666,1,0x0000,true,60.007851,-0.000143,0.000000,0.000000,0x000A,88,84.982216,-108.452888,89.999191,-143.953751,60.002922,68.210678,89.991081,144.231598
PMU.001,2026-07-09T06:10:06.9Z,1783577406,900000,1,0x0000,true,60.007191,-0.000022,0.000000,0.000000,0x000B,88,89.989098,-73.300858,94.995453,-107.078613,64.999100,103.303429,94.977875,-180.000000
PMU.001,2026-07-09T06:10:06.933333Z,1783577406,933333,1,0x0000,true,59.984631,-0.000752,0.000000,0.000000,0x000C,88,94.984856,-36.501087,99.993950,-71.582756,69.983635,139.152954,99.983978,-143.899368
PMU.001,2026-07-09T06:10:06.966666Z,1783577406,966666,1,0x0000,true,60.009914,0.000843,0.000000,0.000000,0x000D,88,99.996880,0.372243,50.000000,-36.208309,74.969788,174.991013,50.000000,-107.376686
PMU.001,2026-07-09T06:10:07Z,1783577407,0,1,0x0000,true,59.983562,-0.000878,0.000000,0.000000,0x000E,88,50.000000,35.471577,55.000717,-1.083560,79.973663,-180.000000,55.000912,-71.926529
PMU.001,2026-07-09T06:10:07.033333Z,1783577407,33333,1,0x0000,true,60.009872,0.000877,0.000000,0.000000,0x000F,88,55.011230,72.413742,60.003567,35.853886,84.988045,-144.839584,60.005135,-36.880119
PMU.001,2026-07-09T06:10:07.066666Z,1783577407,66666,1,0x0000,true,59.998108,-0.000392,0.000000,0.000000,0x0000,88,60.007431,108.643936,64.996788,71.953697,89.980789,-109.377007,64.996948,-1.297067
PMU.001,2026-07-09T06:10:07.1Z,1783577407,100000,1,0x0000,true,60.004482,0.000212,0.000000,0.000000,0x0001,88,65.000122,145.527649,70.005371,107.858551,94.982475,-73.805382,69.986450,35.016773
PMU.001,2026-07-09T06:10:07.133333Z,1783577407,133333,1,0x0000,true,60.001625,-0.000095,0.000000,0.000000,0x0002,88,69.994339,-180.000000,75.012001,143.016296,99.995773,-37.406330,74.975807,71.014526
PMU.001,2026-07-09T06:10:07.166666Z,1783577407,166666,1,0x0000,true,59.987812,-0.000460,0.000000,0.000000,0x0003,88,74.989159,-144.183334,80.013802,178.209122,50.000000,-1.230976,79.970779,106.251244
PMU.001,2026-07-09T06:10:07.2Z,1783577407,200000,1,0x0000,true,60.002930,0.000504,0.000000,0.000000,0x0004,88,80.000069,-108.172295,85.000473,-180.000000,54.984680,35.156425,84.980263,141.357452
PMU.001,2026-07-09T06:10:07.233333Z,1783577407,233333,1,0x0000,true,59.989094,-0.000461,0.000000,0.000000,0x0005,88,84.999779,-71.460472,89.984940,-143.290985,59.976772,71.472595,89.974922,176.957520
PMU.001,2026-07-09T06:10:07.266666Z,1783577407,266666,1,0x0000,true,60.013073,0.000799,0.000000,0.000000,0x0006,88,90.005585,-35.561508,94.978905,-107.186798,64.982773,107.727448,94.977623,-180.000000
PMU.001,2026-07-09T06:10:07.3Z,1783577407,300000,1,0x0000,true,59.991150,-0.000731,0.000000,0.000000,0x0007,88,95.000481,0.742599,99.988251,-70.370590,69.990082,143.340240,99.967896,-144.698364
PMU.001,2026-07-09T06:10:07.333333Z,1783577407,333333,1,0x0000,true,59.985260,-0.000196,0.000000,0.000000,0x0008,88,50.000000,36.740124,50.000000,-35.003143,75.004555,179.195480,50.000000,-108.629501
PMU.001,2026-07-09T06:10:07.366666Z,1783577407,366666,1,0x0000,true,60.016075,0.001027,0.000000,0.000000,0x0009,88,54.985691,72.354942,55.003956,0.454886,80.013206,-180.000000,55.000092,-72.322357
PMU.001,2026-07-09T06:10:07.4Z,1783577407,400000,1,0x0000,true,59.986717,-0.000979,0.000000,0.000000,0x000A,88,59.979836,108.247665,59.999371,35.925213,85.011528,-144.540466,60.006100,-35.590260
PMU.001,2026-07-09T06:10:07.433333Z,1783577407,433333,1,0x0000,true,59.988392,0.000056,0.000000,0.000000,0x000B,88,64.963600,143.889297,65.012604,71.491882,90.010849,-108.616203,65.015564,0.493821
PMU.001,2026-07-09T06:10:07.466666Z,1783577407,466666,1,0x0000,true,60.001213,0.000427,0.000000,0.000000,0x000C,88,69.980034,179.482544,69.996742,107.938965,95.010246,-72.155190,70.014015,35.716080
PMU.001,2026-07-09T06:10:07.5Z,1783577407,500000,1,0x0000,true,59.987869,-0.000445,0.000000,0.000000,0x000D,88,74.978882,-180.000000,74.998619,144.613541,50.000000,-36.904778,75.025528,70.939270
PMU.001,2026-07-09T06:10:07.533333Z,1783577407,533333,1,0x0000,true,60.006859,0.000633,0.000000,0.000000,0x000E,88,79.975334,-144.480484,79.991585,-180.000000,55.016037,-1.613566,80.017418,107.534927
PMU.001,2026-07-09T06:10:07.566666Z,1783577407,566666,1,0x0000,true,59.997002,-0.000329,0.000000,0.000000,0x000F,88,84.973900,-107.922249,84.980141,-143.384003,60.016670,34.620075,85.013405,143.055145
PMU.001,2026-07-09T06:10:07.6Z,1783577407,600000,1,0x0000,true,59.987694,-0.000310,0.000000,0.000000,0x0000,88,89.981850,-71.888588,89.968651,-106.736702,65.031273,69.991898,90.019859,179.213364
PMU.001,2026-07-09T06:10:07.633333Z,1783577407,633333,1,0x0000,true,60.011303,0.000787,0.000000,0.000000,0x0001,88,94.971191,-36.298542,94.974518,-70.606346,70.022697,106.288429,95.022278,-180.000000
PMU.001,2026-07-09T06:10:07.666666Z,1783577407,666666,1,0x0000,true,60.015720,0.000147,0.000000,0.000000,0x0002,88,99.985764,0.108617,99.964455,-34.208344,75.030060,142.423920,50.000000,-143.590454
PMU.001,2026-07-09T06:10:07.7Z,1783577407,700000,1,0x0000,true,59.993404,-0.000744,0.000000,0.000000,0x0003,88,50.000000,36.349079,50.000000,2.551562,80.020042,177.674103,54.985905,-106.910110
PMU.001,2026-07-09T06:10:07.733333Z,1783577407,733333,1,0x0000,true,60.011204,0.000593,0.000000,0.000000,0x0004,88,54.998913,72.941994,55.004894,37.750275,85.004707,-180.000000,59.975651,-70.124733
PMU.001,2026-07-09T06:10:07.766666Z,1783577407,766666,1,0x0000,true,59.993202,-0.000600,0.000000,0.000000,0x0005,88,60.005352,108.858147,60.011456,73.997269,90.008316,-144.685364,64.972557,-34.562897
PMU.001,2026-07-09T06:10:07.8Z,1783577407,800000,1,0x0000,true,60.016262,0.000769,0.000000,0.000000,0x0006,88,64.992004,144.818649,65.011620,109.814102,95.004402,-108.924423,69.965981,0.805894
PMU.001,2026-07-09T06:10:07.833333Z,1783577407,833333,1,0x0000,true,60.005417,-0.000362,0.000000,0.000000,0x0007,88,69.991959,-180.000000,70.021797,146.250351,50.000000,-73.134865,74.961319,36.169205
PMU.001,2026-07-09T06:10:07.866666Z,1783577407,866666,1,0x0000,true,59.995178,-0.000341,0.000000,0.000000,0x0008,88,74.989998,-143.646942,75.009132,-180.000000,54.987514,-36.313290,79.950455,72.592339
PMU.001,2026-07-09T06:10:07.9Z,1783577407,900000,1,0x0000,true,60.005497,0.000344,0.000000,0.000000,0x0009,88,79.996246,-107.322891,80.015106,-143.426315,59.985546,-0.237256,84.967117,108.577499
PMU.001,2026-07-09T06:10:07.933333Z,1783577407,933333,1,0x0000,true,60.000927,-0.000152,0.000000,0.000000,0x000A,88,84.999207,-71.464676,85.009941,-107.363106,65.000847,36.410622,89.974922,144.700455
PMU.001,2026-07-09T06:10:07.966666Z,1783577407,966666,1,0x0000,true,60.007004,0.000203,0.000000,0.000000,0x000B,88,89.999924,-35.957333,90.007591,-70.663177,70.011185,72.928993,94.971581,-180.000000
PMU.001,2026-07-09T06:10:08Z,1783577408,0,1,0x0000,true,60.016605,0.000320,0.000000,0.000000,0x000C,88,95.006035,0.981278,95.010201,-33.732903,75.014359,108.577728,99.958519,-143.569244
PMU.001,2026-07-09T06:10:08.033333Z,1783577408,33333,1,0x0000,true,59.997875,-0.000624,0.000000,0.000000,0x000D,88,50.000000,37.529255,50.000000,2.316673,79.999123,144.386292,50.000000,-107.194084
PMU.001,2026-07-09T06:10:08.066666Z,1783577408,66666,1,0x0000,true,59.988712,-0.000305,0.000000,0.000000,0x000E,88,55.006584,73.496643,54.997852,39.234592,85.011566,179.719650,54.993923,-71.638191
PMU.001,2026-07-09T06:10:08.1Z,1783577408,100000,1,0x0000,true,59.985085,-0.000121,0.000000,0.000000,0x000F,88,60.006084,110.177345,60.001499,75.607124,90.004173,-180.000000,59.997124,-35.820133
PMU.001,2026-07-09T06:10:08.133333Z,1783577408,133333,1,0x0000,true,60.012405,0.000911,0.000000,0.000000,0x0000,88,64.998116,147.025024,64.998695,112.079796,94.993599,-144.035873,64.982857,0.163346
PMU.001,2026-07-09T06:10:08.166666Z,1783577408,166666,1,0x0000,true,59.986187,-0.000874,0.000000,0.000000,0x0001,88,70.006676,-180.000000,70.012138,147.133255,99.986465,-107.874565,69.996857,35.931747
PMU.001,2026-07-09T06:10:08.2Z,1783577408,200000,1,0x0000,true,60.002735,0.000552,0.000000,0.000000,0x0002,88,75.009560,-143.703125,75.015511,-180.000000,50.000000,-71.427246,75.011169,71.442703
PMU.001,2026-07-09T06:10:08.233333Z,1783577408,233333,1,0x0000,true,59.998199,-0.000151,0.000000,0.000000,0x0003,88,80.020477,-108.394135,80.010223,-144.007660,54.988670,-35.107811,80.010117,107.335426
PMU.001,2026-07-09T06:10:08.266666Z,1783577408,266666,1,0x0000,true,59.986309,-0.000396,0.000000,0.000000,0x0004,88,85.020477,-72.693054,84.994217,-107.526192,59.972225,0.535567,85.021629,142.447296
PMU.001,2026-07-09T06:10:08.3Z,1783577408,300000,1,0x0000,true,59.994663,0.000278,0.000000,0.000000,0x0005,88,90.008926,-36.648552,89.988548,-71.777779,64.985229,37.124695,90.013611,179.391968
PMU.001,2026-07-09T06:10:08.333333Z,1783577408,333333,1,0x0000,true,60.004055,0.000313,0.000000,0.000000,0x0006,88,94.993996,-0.461656,94.994934,-35.979130,69.991524,72.878174,95.006149,-180.000000
PMU.001,2026-07-09T06:10:08.366666Z,1783577408,366666,1,0x0000,true,59.996834,-0.000241,0.000000,0.000000,0x0007,88,99.998055,36.073673,50.000000,-0.843017,75.005096,108.390236,50.000000,-143.078003
PMU.001,2026-07-09T06:10:08.4Z,1783577408,400000,1,0x0000,true,59.990135,-0.000223,0.000000,0.000000,0x0008,88,50.000000,71.294304,54.997749,35.991322,80.017342,143.948105,54.998535,-107.922722
PMU.001,2026-07-09T06:10:08.433333Z,1783577408,433333,1,0x0000,true,60.013466,0.000778,0.000000,0.000000,0x0009,88,55.012310,107.300453,60.012505,72.356224,85.029594,-180.000000,59.988483,-71.628052
PMU.001,2026-07-09T06:10:08.466666Z,1783577408,466666,1,0x0000,true,60.013901,0.000014,0.000000,0.000000,0x000A,88,60.012066,143.465958,64.999397,108.748055,90.038483,-144.121262,64.974922,-34.848560
PMU.001,2026-07-09T06:10:08.5Z,1783577408,500000,1,0x0000,true,59.991867,-0.000734,0.000000,0.000000,0x000B,88,64.999397,179.034332,69.983490,144.214233,95.028542,-108.930893,69.990341,2.090982
PMU.001,2026-07-09T06:10:08.533333Z,1783577408,533333,1,0x0000,true,60.003429,0.000385,0.000000,0.000000,0x000C,88,70.004936,-180.000000,74.968216,-180.000000,50.000000,-72.548210,74.986855,37.468693
PMU.001,2026-07-09T06:10:08.566666Z,1783577408,566666,1,0x0000,true,60.016289,0.000429,0.000000,0.000000,0x000D,88,75.015350,-143.360703,79.955399,-144.880615,55.007267,-36.513969,79.994751,73.236977
PMU.001,2026-07-09T06:10:08.6Z,1783577408,600000,1,0x0000,true,60.006718,-0.000319,0.000000,0.000000,0x000E,88,80.008583,-107.871666,84.960266,-108.597672,60.000877,-1.288444,85.009163,109.489159
PMU.001,2026-07-09T06:10:08.633333Z,1783577408,633333,1,0x0000,true,60.007561,0.000028,0.000000,0.000000,0x000F,88,84.998375,-70.989761,89.976860,-72.522690,64.989578,34.611797,90.009529,144.737991
PMU.001,2026-07-09T06:10:08.666666Z,1783577408,666666,1,0x0000,true,59.985466,-0.000736,0.000000,0.000000,0x0000,88,89.997307,-35.804630,94.985901,-36.680382,69.976089,69.907440,95.000313,-180.000000
PMU.001,2026-07-09T06:10:08.7Z,1783577408,700000,1,0x0000,true,59.999550,0.000469,0.000000,0.000000,0x0001,88,94.994934,-0.503275,99.998497,-1.089285,74.975342,105.936966,99.983810,-143.265869
PMU.001,2026-07-09T06:10:08.733333Z,1783577408,733333,1,0x0000,true,60.006268,0.000224,0.000000,0.000000,0x0002,88,99.990608,36.024651,50.000000,35.382919,79.969482,142.498520,50.000000,-107.196304
PMU.001,2026-07-09T06:10:08.766666Z,1783577408,766666,1,0x0000,true,60.005608,-0.000022,0.000000,0.000000,0x0003,88,50.000000,71.774170,55.004639,70.773743,84.952850,178.136017,54.993946,-71.537834
PMU.001,2026-07-09T06:10:08.8Z,1783577408,800000,1,0x0000,true,59.990166,-0.000515,0.000000,0.000000,0x0004,88,54.988731,107.989220,60.012505,107.600388,89.953354,-180.000000,60.003281,-35.991791
PMU.001,2026-07-09T06:10:08.833333Z,1783577408,833333,1,0x0000,true,59.987896,-0.000076,0.000000,0.000000,0x0005,88,59.998352,143.356903,65.010513,144.386703,94.943626,-143.593491,65.013062,-0.246296
PMU.001,2026-07-09T06:10:08.866666Z,1783577408,866666,1,0x0000,true,60.000370,0.000416,0.000000,0.000000,0x0006,88,64.982269,179.001740,70.024857,-180.000000,99.937775,-106.803154,69.999626,36.487148
PMU.001,2026-07-09T06:10:08.9Z,1783577408,900000,1,0x0000,true,60.016655,0.000543,0.000000,0.000000,0x0007,88,69.993195,-180.000000,75.019958,-144.233810,50.000000,-71.270760,75.005180,72.921936
PMU.001,2026-07-09T06:10:08.933333Z,1783577408,933333,1,0x0000,true,59.984631,-0.001067,0.000000,0.000000,0x0008,88,74.982552,-143.719086,80.031097,-109.047691,55.013641,-35.444885,80.012596,108.576324
PMU.001,2026-07-09T06:10:08.966666Z,1783577408,966666,1,0x0000,true,60.000851,0.000541,0.000000,0.000000,0x0009,88,79.990593,-107.206848,85.041748,-73.046616,59.997868,0.086351,85.021339,144.098236
PMU.001,2026-07-09T06:10:09Z,1783577409,0,1,0x0000,true,60.006695,0.000195,0.000000,0.000000,0x000A,88,85.004066,-70.651405,90.037407,-36.968014,65.000092,36.843109,90.033737,-180.000000
PMU.001,2026-07-09T06:10:09.033333Z,1783577409,33333,1,0x0000,true,59.999092,-0.000253,0.000000,0.000000,0x000B,88,89.991547,-34.548271,95.034843,-0.604453,69.987633,72.943977,95.046928,-144.918213
PMU.001,2026-07-09T06:10:09.066666Z,1783577409,66666,1,0x0000,true,59.995186,-0.000130,0.000000,0.000000,0x000C,88,94.988617,2.160109,50.000000,36.028740,74.986565,108.321106,50.000000,-108.866196
PMU.001,2026-07-09T06:10:09.1Z,1783577409,100000,1,0x0000,true,59.992046,-0.000105,0.000000,0.000000,0x000D,88,99.979652,37.678577,54.988571,71.379517,79.978638,143.930557,54.989014,-73.112076
PMU.001,2026-07-09T06:10:09.133333Z,1783577409,133333,1,0x0000,true,60.005077,0.000434,0.000000,0.000000,0x000E,88,50.000000,72.939308,59.998768,106.547691,84.968323,-180.000000,59.998657,-37.001007
PMU.001,2026-07-09T06:10:09.166666Z,1783577409,166666,1,0x0000,true,59.994942,-0.000338,0.000000,0.000000,0x000F,88,54.987583,108.117973,64.996399,141.836868,89.955292,-144.539352,64.994186,-0.093346
PMU.001,2026-07-09T06:10:09.2Z,1783577409,200000,1,0x0000,true,59.988274,-0.000222,0.000000,0.000000,0x0000,88,59.973957,143.984116,69.989334,178.541992,94.949127,-108.688889,69.985725,35.347374
PMU.001,2026-07-09T06:10:09.233333Z,1783577409,233333,1,0x0000,true,59.989185,0.000030,0.000000,0.000000,0x0001,88,64.969658,-180.000000,75.000191,-180.000000,99.960434,-73.211273,74.984749,71.487350
PMU.001,2026-07-09T06:10:09.266666Z,1783577409,266666,1,0x0000,true,60.002129,0.000431,0.000000,0.000000,0x0002,88,69.966240,-144.540802,80.000984,-143.359985,50.000000,-38.121498,79.996262,106.979767
PMU.001,2026-07-09T06:10:09.3Z,1783577409,300000,1,0x0000,true,60.002575,0.000015,0.000000,0.000000,0x0003,88,74.978256,-107.776642,85.003067,-107.220825,54.996937,-1.982048,84.996986,143.261200
PMU.001,2026-07-09T06:10:09.333333Z,1783577409,333333,1,0x0000,true,60.010143,0.000252,0.000000,0.000000,0x0004,88,79.974129,-72.600372,90.008194,-70.713654,60.002563,33.401722,89.997505,178.315536
PMU.001,2026-07-09T06:10:09.366666Z,1783577409,366666,1,0x0000,true,60.012833,0.000090,0.000000,0.000000,0x0005,88,84.969612,-35.762009,95.022041,-33.871738,65.001907,69.295845,95.001320,-180.000000
PMU.001,2026-07-09T06:10:09.4Z,1783577409,400000,1,0x0000,true,60.010311,-0.000084,0.000000,0.000000,0x0006,88,89.976746,0.126985,50.000000,2.411621,70.013275,105.901352,99.993500,-144.162949
PMU.001,2026-07-09T06:10:09.433333Z,1783577409,433333,1,0x0000,true,60.002777,-0.000251,0.000000,0.000000,0x0007,88,94.982979,35.269688,54.989449,38.392124,75.023674,141.485565,50.000000,-108.227379
PMU.001,2026-07-09T06:10:09.466666Z,1783577409,466666,1,0x0000,true,59.992584,-0.000340,0.000000,0.000000,0x0008,88,99.985573,70.915276,59.986301,75.013542,80.040314,177.154236,54.996861,-71.890167
PMU.001,2026-07-09T06:10:09.5Z,1783577409,500000,1,0x0000,true,60.002171,0.000320,0.000000,0.000000,0x0009,88,50.000000,106.158470,64.976135,110.855736,85.050934,-180.000000,59.993782,-36.419197
PMU.001,2026-07-09T06:10:09.533333Z,1783577409,533333,1,0x0000,true,60.007183,0.000167,0.000000,0.000000,0x000A,88,55.004749,141.297256,69.966576,147.373642,90.037521,-143.100616,64.995743,0.459379
PMU.001,2026-07-09T06:10:09.566666Z,1783577409,566666,1,0x0000,true,59.991241,-0.000531,0.000000,0.000000,0x000B,88,60.009876,177.907425,74.965263,-180.000000,95.023422,-107.452927,69.992714,37.388252
PMU.001,2026-07-09T06:10:09.6Z,1783577409,600000,1,0x0000,true,60.015404,0.000805,0.000000,0.000000,0x000C,88,65.010345,-180.000000,79.974899,-143.899673,50.000000,-72.186600,74.991463,73.604759
PMU.001,2026-07-09T06:10:09.633333Z,1783577409,633333,1,0x0000,true,59.992527,-0.000763,0.000000,0.000000,0x000D,88,70.023987,-144.953186,84.962975,-107.990509,54.983940,-37.049091,80.000275,109.062149
PMU.001,2026-07-09T06:10:09.666666Z,1783577409,666666,1,0x0000,true,59.990421,-0.000070,0.000000,0.000000,0x000E,88,75.008102,-109.468346,89.975548,-71.393456,59.973537,-1.089511,85.014244,145.392960
PMU.001,2026-07-09T06:10:09.7Z,1783577409,700000,1,0x0000,true,59.987309,-0.000104,0.000000,0.000000,0x000F,88,80.007317,-74.035088,94.973465,-34.533527,64.971199,35.522114,90.023659,-180.000000
PMU.001,2026-07-09T06:10:09.733333Z,1783577409,733333,1,0x0000,true,59.999557,0.000408,0.000000,0.000000,0x0000,88,85.022461,-38.489746,99.966125,1.235164,69.985100,71.229309,95.019516,-143.140198
PMU.001,2026-07-09T06:10:09.766666Z,1783577409,766666,1,0x0000,true,60.006111,0.000218,0.000000,0.000000,0x0001,88,90.035431,-3.366862,50.000000,37.354740,75.001518,107.605751,50.000000,-106.397308
PMU.001,2026-07-09T06:10:09.8Z,1783577409,800000,1,0x0000,true,59.994209,-0.000397,0.000000,0.000000,0x0002,88,95.040977,32.540318,54.989044,73.755074,79.988693,144.079773,54.997711,-70.305183
PMU.001,2026-07-09T06:10:09.833333Z,1783577409,833333,1,0x0000,true,60.005402,0.000373,0.000000,0.000000,0x0003,88,50.000000,68.241394,59.984844,109.710808,84.981216,179.823105,59.995979,-34.958893
PMU.001,2026-07-09T06:10:09.866666Z,1783577409,866666,1,0x0000,true,59.988228,-0.000572,0.000000,0.000000,0x0004,88,55.004181,104.205643,64.996475,146.174622,89.997086,-180.000000,65.010246,1.236279
PMU.001,2026-07-09T06:10:09.9Z,1783577409,900000,1,0x0000,true,60.000736,0.000417,0.000000,0.000000,0x0005,88,60.016579,140.597763,69.993088,-180.000000,95.007660,-144.928421,70.007324,38.022411
PMU.001,2026-07-09T06:10:09.933333Z,1783577409,933333,1,0x0000,true,60.015991,0.000508,0.000000,0.000000,0x0006,88,65.032158,176.546616,74.987564,-143.672287,50.000000,-108.373276,74.992683,74.367264
PMU.001,2026-07-09T06:10:09.966666Z,1783577409,966666,1,0x0000,true,59.992256,-0.000791,0.000000,0.000000,0x0007,88,70.035629,-180.000000,79.994194,-108.034622,54.998779,-72.319214,79.984688,109.523895
PMU.001,2026-07-09T06:10:10Z,1783577410,0,1,0x0000,true,59.989819,-0.000081,0.000000,0.000000,0x0008,88,75.043861,-144.056564,85.007980,-72.777397,60.007381,-36.552383,84.968521,144.707748
PMU.001,2026-07-09T06:10:10.033333Z,1783577410,33333,1,0x0000,true,60.004726,0.000497,0.000000,0.000000,0x0009,88,80.048729,-107.686188,90.018112,-37.577515,65.005035,-0.804789,89.961143,-180.000000
PMU.001,2026-07-09T06:10:10.066666Z,1783577410,66666,1,0x0000,true,59.985882,-0.000628,0.000000,0.000000,0x000A,88,85.043831,-70.934151,95.033104,-1.714982,69.988983,35.487953,94.974136,-144.127106
PMU.001,2026-07-09T06:10:10.1Z,1783577410,100000,1,0x0000,true,60.016487,0.001020,0.000000,0.000000,0x000B,88,90.027313,-35.364269,50.000000,33.356030,75.003784,71.084587,99.986649,-107.898239
PMU.001,2026-07-09T06:10:10.133333Z,1783577410,133333,1,0x0000,true,60.006824,-0.000322,0.000000,0.000000,0x000C,88,95.029449,0.235043,55.014748,68.472969,79.990761,106.855667,50.000000,-72.134094
PMU.001,2026-07-09T06:10:10.166666Z,1783577410,166666,1,0x0000,true,60.016022,0.000307,0.000000,0.000000,0x000D,88,50.000000,35.914444,60.001675,103.802299,84.981079,142.759995,54.988033,-35.867111
PMU.001,2026-07-09T06:10:10.2Z,1783577410,200000,1,0x0000,true,59.994312,-0.000724,0.000000,0.000000,0x000E,88,55.009010,72.021133,65.010765,140.035706,89.984650,179.587921,59.990334,1.000039
PMU.001,2026-07-09T06:10:10.233333Z,1783577410,233333,1,0x0000,true,60.013489,0.000639,0.000000,0.000000,0x000F,88,60.007435,107.676109,70.006142,175.248352,94.973671,-180.000000,64.978279,37.680851
PMU.001,2026-07-09T06:10:10.266666Z,1783577410,266666,1,0x0000,true,59.991203,-0.000743,0.000000,0.000000,0x0000,88,65.019020,144.473328,74.995621,-180.000000,99.966545,-143.105118,69.990372,74.486916
PMU.001,2026-07-09T06:10:10.3Z,1783577410,300000,1,0x0000,true,59.993713,0.000084,0.000000,0.000000,0x0001,88,70.028831,-180.000000,80.003304,-144.370911,50.000000,-106.182938,74.996826,110.351898
PMU.001,2026-07-09T06:10:10.333333Z,1783577410,333333,1,0x0000,true,60.010277,0.000552,0.000000,0.000000,0x0002,88,75.043449,-143.687149,85.010910,-107.997383,54.995209,-69.759232,79.995438,146.605072
PMU.001,2026-07-09T06:10:10.366666Z,1783577410,366666,1,0x0000,true,60.005585,-0.000156,0.000000,0.000000,0x0003,88,80.044060,-108.231750,90.027023,-71.502968,59.981289,-33.098583,84.989319,-180.000000
PMU.001,2026-07-09T06:10:10.4Z,1783577410,400000,1,0x0000,true,59.983536,-0.000735,0.000000,0.000000,0x0004,88,85.055016,-72.588898,95.026642,-36.301632,64.972092,2.813667,89.976875,-143.624954
PMU.001,2026-07-09T06:10:10.433333Z,1783577410,433333,1,0x0000,true,59.986717,0.000106,0.000000,0.000000,0x0005,88,90.068375,-36.510071,50.000000,0.113802,69.985382,39.245190,94.971382,-107.132935
PMU.001,2026-07-09T06:10:10.466666Z,1783577410,466666,1,0x0000,true,60.005722,0.000633,0.000000,0.000000,0x0006,88,95.071220,0.354285,55.009815,35.360661,74.972221,75.849121,99.968628,-70.943886
PMU.001,2026-07-09T06:10:10.5Z,1783577410,500000,1,0x0000,true,60.000473,-0.000175,0.000000,0.000000,0x0007,88,50.000000,35.922997,60.002438,71.922981,79.956085,111.681694,50.000000,-35.834118
PMU.001,2026-07-09T06:10:10.533333Z,1783577410,533333,1,0x0000,true,60.009914,0.000315,0.000000,0.000000,0x0008,88,55.001328,71.499580,65.008598,107.291069,84.957901,148.016220,54.983662,0.349981
PMU.001,2026-07-09T06:10:10.566666Z,1783577410,566666,1,0x0000,true,59.994457,-0.000515,0.000000,0.000000,0x0009,88,60.006184,106.817085,70.012108,143.209793,89.964874,-180.000000,59.977734,36.427475
PMU.001,2026-07-09T06:10:10.6Z,1783577410,600000,1,0x0000,true,59.985111,-0.000312,0.000000,0.000000,0x000A,88,65.002274,143.301590,75.028709,178.679245,94.974289,-143.901886,64.985191,73.096397
PMU.001,2026-07-09T06:10:10.633333Z,1783577410,633333,1,0x0000,true,59.987778,0.000089,0.000000,0.000000,0x000B,88,69.986465,179.236801,80.026611,-180.000000,99.970558,-108.698853,69.975327,108.207977
PMU.001,2026-07-09T06:10:10.666666Z,1783577410,666666,1,0x0000,true,59.993893,0.000204,0.000000,0.000000,0x000C,88,74.970688,-180.000000,85.026413,-143.748016,50.000000,-72.373764,74.968346,143.732101
PMU.001,2026-07-09T06:10:10.7Z,1783577410,700000,1,0x0000,true,60.004246,0.000345,0.000000,0.000000,0x000D,88,79.980873,-143.773834,90.040047,-108.651176,54.993851,-36.553780,79.970642,179.599930
PMU.001,2026-07-09T06:10:10.733333Z,1783577410,733333,1,0x0000,true,60.002422,-0.000061,0.000000,0.000000,0x000E,88,84.990974,-108.153595,95.031120,-72.184631,59.986130,-1.341893,84.956581,-180.000000
PMU.001,2026-07-09T06:10:10.766666Z,1783577410,766666,1,0x0000,true,60.003532,0.000037,0.000000,0.000000,0x000F,88,89.996468,-72.752335,50.000000,-36.970646,64.985939,35.581680,89.971329,-143.240982
PMU.001,2026-07-09T06:10:10.8Z,1783577410,800000,1,0x0000,true,59.990772,-0.000425,0.000000,0.000000,0x0000,88,94.993225,-37.289177,54.997887,-1.531386,70.002411,72.141197,94.982841,-107.860527
PMU.001,2026-07-09T06:10:10.833333Z,1783577410,833333,1,0x0000,true,60.000275,0.000317,0.000000,0.000000,0x0001,88,50.000000,-2.048496,59.996208,33.781628,74.999329,107.359200,99.980782,-71.246513
PMU.001,2026-07-09T06:10:10.866666Z,1783577410,866666,1,0x0000,true,59.997833,-0.000081,0.000000,0.000000,0x0002,88,55.003819,33.228962,64.983559,70.704086,80.015625,143.360336,50.000000,-34.368641
PMU.001,2026-07-09T06:10:10.9Z,1783577410,900000,1,0x0000,true,60.015659,0.000594,0.000000,0.000000,0x0003,88,59.991310,69.819778,69.977592,106.170280,85.007828,178.968582,55.002350,2.210403
PMU.001,2026-07-09T06:10:10.933333Z,1783577410,933333,1,0x0000,true,60.001469,-0.000473,0.000000,0.000000,0x0004,88,64.981812,105.046295,74.984467,141.404831,90.002975,-180.000000,59.996601,38.415424
PMU.001,2026-07-09T06:10:10.966666Z,1783577410,966666,1,0x0000,true,59.988903,-0.000419,0.000000,0.000000,0x0005,88,69.965683,141.230042,80.000854,178.339706,94.997902,-144.848389,64.992134,74.125656
PMU.001,2026-07-09T06:10:11Z,1783577411,0,1,0x0000,true,60.003155,0.000475,0.000000,0.000000,0x0006,88,74.956810,177.902649,85.005730,-180.000000,50.000000,-108.806854,70.002075,110.124413
PMU.001,2026-07-09T06:10:11.033333Z,1783577411,33333,1,0x0000,true,60.000282,-0.000096,0.000000,0.000000,0x0007,88,79.961761,-180.000000,90.011314,-143.423706,54.994350,-72.911324,74.995003,146.062073
PMU.001,2026-07-09T06:10:11.066666Z,1783577411,66666,1,0x0000,true,60.006695,0.000214,0.000000,0.000000,0x0008,88,84.948006,-144.833237,95.010696,-106.600433,59.990368,-36.985321,80.000885,-180.000000
PMU.001,2026-07-09T06:10:11.1Z,1783577411,100000,1,0x0000,true,60.001774,-0.000164,0.000000,0.000000,0x0009,88,89.931946,-109.121895,99.999306,-70.192757,64.991798,-0.126329,85.006317,-143.316391
PMU.001,2026-07-09T06:10:11.133333Z,1783577411,133333,1,0x0000,true,60.014851,0.000436,0.000000,0.000000,0x000A,88,94.937080,-73.448326,50.000000,-33.396187,69.992241,35.421867,90.020248,-106.633316
PMU.001,2026-07-09T06:10:11.166666Z,1783577411,166666,1,0x0000,true,59.995346,-0.000650,0.000000,0.000000,0x000B,88,99.936897,-38.104942,55.011055,2.391217,74.982803,72.124420,95.010803,-70.422699
PMU.001,2026-07-09T06:10:11.2Z,1783577411,200000,1,0x0000,true,60.011929,0.000553,0.000000,0.000000,0x000C,88,50.000000,-2.914098,60.015709,38.329227,79.980904,108.915337,50.000000,-34.354359
PMU.001,2026-07-09T06:10:11.233333Z,1783577411,233333,1,0x0000,true,59.988178,-0.000792,0.000000,0.000000,0x000D,88,55.016563,32.609097,65.018860,73.918518,84.979118,145.734818,54.994606,1.287095
PMU.001,2026-07-09T06:10:11.266666Z,1783577411,266666,1,0x0000,true,59.983685,-0.000150,0.000000,0.000000,0x000E,88,60.005516,68.213654,70.025375,109.586960,89.975136,-180.000000,60.003014,38.086693
PMU.001,2026-07-09T06:10:11.3Z,1783577411,300000,1,0x0000,true,60.001232,0.000585,0.000000,0.000000,0x000F,88,65.005272,103.752518,75.027611,146.240494,94.960251,-144.410721,64.993317,74.872536
PMU.001,2026-07-09T06:10:11.333333Z,1783577411,333333,1,0x0000,true,60.010639,0.000314,0.000000,0.000000,0x0000,88,70.020905,140.399414,80.022446,-180.000000,99.965996,-109.090652,69.984184,110.820396
PMU.001,2026-07-09T06:10:11.366666Z,1783577411,366666,1,0x0000,true,59.991455,-0.000639,0.000000,0.000000,0x0001,88,75.030602,176.318130,85.019676,-143.929626,50.000000,-72.416023,74.977135,147.005600
PMU.001,2026-07-09T06:10:11.4Z,1783577411,400000,1,0x0000,true,59.986610,-0.000161,0.000000,0.000000,0x0002,88,80.034203,-180.000000,90.009499,-108.880478,54.997486,-35.807777,79.969322,-180.000000
PMU.001,2026-07-09T06:10:11.433333Z,1783577411,433333,1,0x0000,true,60.015003,0.000946,0.000000,0.000000,0x0003,88,85.041527,-144.809113,95.016640,-72.930626,60.000751,1.131068,84.961113,-144.640305
PMU.001,2026-07-09T06:10:11.466666Z,1783577411,466666,1,0x0000,true,59.989555,-0.000848,0.000000,0.000000,0x0004,88,90.031494,-108.232803,50.000000,-36.765648,64.995354,37.887535,89.968765,-108.243401
PMU.001,2026-07-09T06:10:11.5Z,1783577411,500000,1,0x0000,true,59.987576,-0.000066,0.000000,0.000000,0x0005,88,95.019234,-71.333824,55.001423,-0.678131,69.982208,73.932327,94.975296,-71.855949
PMU.001,2026-07-09T06:10:11.533333Z,1783577411,533333,1,0x0000,true,59.996468,0.000296,0.000000,0.000000,0x0006,88,50.000000,-34.480080,59.997540,36.085972,74.987823,110.040657,99.960968,-35.859352
PMU.001,2026-07-09T06:10:11.566666Z,1783577411,566666,1,0x0000,true,60.001209,0.000158,0.000000,0.000000,0x0007,88,54.987663,0.986517,64.992561,72.985825,80.002686,145.286285,50.000000,0.815571
PMU.001,2026-07-09T06:10:11.6Z,1783577411,600000,1,0x0000,true,59.983395,-0.000594,0.000000,0.000000,0x0008,88,59.993496,37.348038,69.988457,108.788437,85.010223,-180.000000,54.983406,36.557510
PMU.001,2026-07-09T06:10:11.633333Z,1783577411,633333,1,0x0000,true,60.014050,0.001022,0.000000,0.000000,0x0009,88,65.005348,73.121513,75.004997,144.009766,90.001198,-143.645477,59.999344,72.078720
PMU.001,2026-07-09T06:10:11.666666Z,1783577411,666666,1,0x0000,true,60.015198,0.000038,0.000000,0.000000,0x000A,88,70.006721,110.013031,80.004868,-180.000000,95.013847,-107.162369,64.989426,108.047852
PMU.001,2026-07-09T06:10:11.7Z,1783577411,700000,1,0x0000,true,59.985859,-0.000978,0.000000,0.000000,0x000B,88,75.006401,145.439880,85.005661,-143.861954,50.000000,-71.639061,69.973488,144.742493
PMU.001,2026-07-09T06:10:11.733333Z,1783577411,733333,1,0x0000,true,60.002956,0.000570,0.000000,0.000000,0x000C,88,80.011818,-180.000000,90.017456,-107.214890,54.999382,-35.372547,74.964676,-180.000000
PMU.001,2026-07-09T06:10:11.766666Z,1783577411,766666,1,0x0000,true,60.000557,-0.000080,0.000000,0.000000,0x000D,88,84.999969,-143.986160,95.026848,-71.377182,60.006657,-0.297923,79.952530,-143.392456
PMU.001,2026-07-09T06:10:11.8Z,1783577411,800000,1,0x0000,true,59.986137,-0.000481,0.000000,0.000000,0x000E,88,90.002785,-108.276108,50.000000,-34.827866,65.003868,34.879341,84.960503,-107.049934
PMU.001,2026-07-09T06:10:11.833333Z,1783577411,833333,1,0x0000,true,60.009960,0.000794,0.000000,0.000000,0x000F,88,95.001549,-72.180779,55.013763,1.087359,69.999428,71.166664,89.971626,-70.942429
PMU.001,2026-07-09T06:10:11.866666Z,1783577411,866666,1,0x0000,true,60.010529,0.000019,0.000000,0.000000,0x0000,88,50.000000,-35.849331,60.029293,37.043266,75.012344,107.241241,94.973152,-34.638668
PMU.001,2026-07-09T06:10:11.9Z,1783577411,900000,1,0x0000,true,59.996128,-0.000480,0.000000,0.000000,0x0001,88,54.996975,-0.545819,65.026581,73.959496,80.026894,143.823792,99.984459,0.533408
PMU.001,2026-07-09T06:10:11.933333Z,1783577411,933333,1,0x0000,true,59.984386,-0.000391,0.000000,0.000000,0x0002,88,59.987713,35.481956,70.029633,110.529678,85.028809,-180.000000,50.000000,35.719940
PMU.001,2026-07-09T06:10:11.966666Z,1783577411,966666,1,0x0000,true,59.995712,0.000378,0.000000,0.000000,0x0003,88,64.976883,71.471779,75.021698,147.133484,90.030777,-144.786835,54.996124,72.509743
PMU.001,2026-07-09T06:10:12Z,1783577412,0,1,0x0000,true,59.999935,0.000141,0.000000,0.000000,0x0004,88,69.968765,106.948463,80.021606,-180.000000,95.015785,-109.476105,59.992413,109.079056
PMU.001,2026-07-09T06:10:12.033333Z,1783577412,33333,1,0x0000,true,60.004375,0.000148,0.000000,0.000000,0x0005,88,74.981697,143.123062,85.029411,-144.038727,50.000000,-73.344696,64.979103,144.293381
PMU.001,2026-07-09T06:10:12.066666Z,1783577412,66666,1,0x0000,true,60.000851,-0.000117,0.000000,0.000000,0x0006,88,79.992386,178.530731,90.013214,-107.671562,54.984402,-36.452423,69.975121,-180.000000
PMU.001,2026-07-09T06:10:12.1Z,1783577412,100000,1,0x0000,true,59.995251,-0.000187,0.000000,0.000000,0x0007,88,84.979927,-180.000000,95.027489,-71.488625,59.982841,-0.049403,74.991478,-143.080338
PMU.001,2026-07-09T06:10:12.133333Z,1783577412,133333,1,0x0000,true,59.988503,-0.000225,0.000000,0.000000,0x0008,88,89.983841,-143.179199,50.000000,-36.426186,64.981323,35.714451,79.993156,-106.325966
PMU.001,2026-07-09T06:10:12.166666Z,1783577412,166666,1,0x0000,true,59.988121,-0.000013,0.000000,0.000000,0x0009,88,94.986084,-107.458122,54.983418,0.124241,69.993111,71.311607,85.005585,-69.383736
PMU.001,2026-07-09T06:10:12.2Z,1783577412,200000,1,0x0000,true,59.985580,-0.000085,0.000000,0.000000,0x000A,88,99.994232,-72.346199,59.973301,36.268356,75.008751,107.738586,89.990776,-33.359112
PMU.001,2026-07-09T06:10:12.233333Z,1783577412,233333,1,0x0000,true,60.008282,0.000757,0.000000,0.000000,0x000B,88,50.000000,-36.501560,64.969589,71.956787,80.000175,143.064651,94.987144,2.309096
PMU.001,2026-07-09T06:10:12.266666Z,1783577412,266666,1,0x0000,true,60.011536,0.000108,0.000000,0.000000,0x000C,88,54.983513,-1.170186,69.978455,108.103874,85.012215,178.775818,50.000000,37.566681
PMU.001,2026-07-09T06:10:12.3Z,1783577412,300000,1,0x0000,true,59.988365,-0.000772,0.000000,0.000000,0x000D,88,59.984024,34.699924,74.962807,143.301529,90.016479,-180.000000,54.997303,72.932091
PMU.001,2026-07-09T06:10:12.333333Z,1783577412,333333,1,0x0000,true,59.999424,0.000369,0.000000,0.000000,0x000E,88,64.977791,70.984741,79.951195,178.716019,95.032715,-143.841553,60.010742,108.950195
PMU.001,2026-07-09T06:10:12.366666Z,1783577412,366666,1,0x0000,true,60.005142,0.000191,0.000000,0.000000,0x000F,88,69.981895,107.004646,84.936226,-180.000000,50.000000,-107.080315,65.026321,145.374252
PMU.001,2026-07-09T06:10:12.4Z,1783577412,400000,1,0x0000,true,59.993313,-0.000394,0.000000,0.000000,0x0000,88,74.977348,142.469604,89.952179,-143.761642,54.983925,-71.913132,70.038300,-180.000000
PMU.001,2026-07-09T06:10:12.433333Z,1783577412,433333,1,0x0000,true,59.985561,-0.000258,0.000000,0.000000,0x0001,88,79.967979,178.900146,94.944801,-107.108521,59.987438,-36.760754,75.048279,-144.582199
PMU.001,2026-07-09T06:10:12.466666Z,1783577412,466666,1,0x0000,true,60.006187,0.000688,0.000000,0.000000,0x0002,88,84.952080,-180.000000,99.948883,-71.284393,64.992081,-1.436726,80.056076,-108.060387
PMU.001,2026-07-09T06:10:12.5Z,1783577412,500000,1,0x0000,true,60.008396,0.000074,0.000000,0.000000,0x0003,88,89.942993,-143.145798,50.000000,-36.037189,69.999191,34.533459,85.050354,-71.505295
PMU.001,2026-07-09T06:10:12.533333Z,1783577412,533333,1,0x0000,true,59.985222,-0.000772,0.000000,0.000000,0x0004,88,94.952919,-107.424721,54.984905,0.456525,74.987381,71.201508,90.036797,-35.540939
PMU.001,2026-07-09T06:10:12.566666Z,1783577412,566666,1,0x0000,true,60.014774,0.000985,0.000000,0.000000,0x0005,88,99.936989,-72.214882,59.988689,37.395950,79.975853,107.061470,95.030617,1.215410
PMU.001,2026-07-09T06:10:12.6Z,1783577412,600000,1,0x0000,true,59.987679,-0.000903,0.000000,0.000000,0x0006,88,50.000000,-37.005325,65.003181,73.412888,84.990410,143.196198,50.000000,37.107029
PMU.001,2026-07-09T06:10:12.633333Z,1783577412,633333,1,0x0000,true,60.002735,0.000502,0.000000,0.000000,0x0007,88,55.011234,-0.755599,70.002853,109.409416,90.002800,178.813461,55.010971,73.701340
PMU.001,2026-07-09T06:10:12.666666Z,1783577412,666666,1,0x0000,true,60.011589,0.000295,0.000000,0.000000,0x0008,88,59.999020,35.907146,75.004791,144.511841,95.008675,-180.000000,60.005497,110.414383
PMU.001,2026-07-09T06:10:12.7Z,1783577412,700000,1,0x0000,true,59.996128,-0.000515,0.000000,0.000000,0x0009,88,64.990929,71.525513,80.014282,-180.000000,50.000000,-143.309402,64.997330,146.338593
PMU.001,2026-07-09T06:10:12.733333Z,1783577412,733333,1,0x0000,true,60.013897,0.000592,0.000000,0.000000,0x000A,88,69.979759,107.140800,85.012978,-143.609985,54.988853,-106.365494,69.999969,-180.000000
PMU.001,2026-07-09T06:10:12.766666Z,1783577412,766666,1,0x0000,true,59.993004,-0.000696,0.000000,0.000000,0x000B,88,74.967964,143.094498,90.017487,-107.325462,59.977608,-70.059456,74.987679,-144.156647
PMU.001,2026-07-09T06:10:12.8Z,1783577412,800000,1,0x0000,true,60.013935,0.000698,0.000000,0.000000,0x000C,88,79.979614,178.435013,95.001961,-71.467239,64.967751,-33.307480,79.983376,-107.771118
PMU.001,2026-07-09T06:10:12.833333Z,1783577412,833333,1,0x0000,true,59.992027,-0.000730,0.000000,0.000000,0x000D,88,84.968391,-180.000000,99.992622,-34.537022,69.965355,1.779384,84.993156,-72.456352
PMU.001,2026-07-09T06:10:12.866666Z,1783577412,866666,1,0x0000,true,59.983944,-0.000269,0.000000,0.000000,0x000E,88,89.952919,-144.729202,50.000000,1.712938,74.972610,38.576473,89.999847,-35.961651
PMU.001,2026-07-09T06:10:12.9Z,1783577412,900000,1,0x0000,true,60.013454,0.000984,0.000000,0.000000,0x000F,88,94.966858,-107.964043,55.015255,36.800323,79.986061,73.625862,94.996254,-0.140849
PMU.001,2026-07-09T06:10:12.933333Z,1783577412,933333,1,0x0000,true,60.000877,-0.000419,0.000000,0.000000,0x0000,88,99.961815,-71.106972,60.017281,73.489822,84.973595,110.099174,99.999916,36.341908
PMU.001,2026-07-09T06:10:12.966666Z,1783577412,966666,1,0x0000,true,59.985889,-0.000500,0.000000,0.000000,0x0001,88,50.000000,-34.773781,65.008362,109.031960,89.969810,145.465637,50.000000,72.298569
PMU.001,2026-07-09T06:10:13Z,1783577413,0,1,0x0000,true,60.003407,0.000584,0.000000,0.000000,0x0002,88,55.007187,1.610180,69.996452,144.518661,94.958252,-180.000000,55.001095,107.895149
PMU.001,2026-07-09T06:10:13.033333Z,1783577413,33333,1,0x0000,true,60.008026,0.000154,0.000000,0.000000,0x0003,88,60.018990,37.794453,74.990540,-180.000000,99.944412,-143.610794,59.990410,143.634399
PMU.001,2026-07-09T06:10:13.066666Z,1783577413,66666,1,0x0000,true,59.994297,-0.000458,0.000000,0.000000,0x0004,88,65.003799,74.253189,80.003189,-143.476273,50.000000,-106.998878,64.981735,179.707748
PMU.001,2026-07-09T06:10:13.1Z,1783577413,100000,1,0x0000,true,59.993919,-0.000013,0.000000,0.000000,0x0005,88,70.012054,110.557648,84.994339,-107.924469,54.993137,-71.950249,69.978607,-180.000000
PMU.001,2026-07-09T06:10:13.133333Z,1783577413,133333,1,0x0000,true,60.013691,0.000659,0.000000,0.000000,0x0006,88,75.010399,145.734619,90.004517,-71.278221,59.983715,-36.273418,74.973572,-143.172897
PMU.001,2026-07-09T06:10:13.166666Z,1783577413,166666,1,0x0000,true,59.984802,-0.000963,0.000000,0.000000,0x0007,88,80.011909,-180.000000,95.020943,-34.504505,64.967827,-0.275368,79.980362,-107.465576
PMU.001,2026-07-09T06:10:13.2Z,1783577413,200000,1,0x0000,true,60.012455,0.000922,0.000000,0.000000,0x0008,88,85.002632,-144.639893,50.000000,2.286876,69.972015,36.554478,84.987000,-70.995117
PMU.001,2026-07-09T06:10:13.233333Z,1783577413,233333,1,0x0000,true,60.004677,-0.000259,0.000000,0.000000,0x0009,88,89.989189,-109.501808,54.985012,39.078255,74.970093,73.305817,89.994003,-34.064320
PMU.001,2026-07-09T06:10:13.266666Z,1783577413,266666,1,0x0000,true,60.005684,0.000034,0.000000,0.000000,0x000A,88,94.998528,-73.896019,59.980705,75.678047,79.954163,110.020432,94.989731,2.785289
PMU.001,2026-07-09T06:10:13.3Z,1783577413,300000,1,0x0000,true,59.997704,-0.000266,0.000000,0.000000,0x000B,88,50.000000,-37.416004,64.970100,111.387985,84.959595,146.884796,99.988510,38.445919
PMU.001,2026-07-09T06:10:13.333333Z,1783577413,333333,1,0x0000,true,60.013966,0.000542,0.000000,0.000000,0x000C,88,54.988312,-1.367597,69.960815,147.226852,89.950424,-180.000000,50.000000,73.592117
PMU.001,2026-07-09T06:10:13.366666Z,1783577413,366666,1,0x0000,true,59.991215,-0.000758,0.000000,0.000000,0x000D,88,59.981804,34.680576,74.974876,-180.000000,94.950516,-143.579544,54.996147,110.459328
PMU.001,2026-07-09T06:10:13.4Z,1783577413,400000,1,0x0000,true,60.000046,0.000294,0.000000,0.000000,0x000E,88,64.989487,71.240440,79.989487,-143.840683,99.937904,-108.534073,59.981304,146.225464
PMU.001,2026-07-09T06:10:13.433333Z,1783577413,433333,1,0x0000,true,59.991966,-0.000269,0.000000,0.000000,0x000F,88,69.991608,107.558487,84.994873,-108.513680,50.000000,-71.648552,64.994514,-180.000000
PMU.001,2026-07-09T06:10:13.466666Z,1783577413,466666,1,0x0000,true,60.009926,0.000599,0.000000,0.000000,0x0000,88,74.988541,143.903870,89.986969,-72.030930,55.011204,-34.811653,69.994667,-144.674927
PMU.001,2026-07-09T06:10:13.5Z,1783577413,500000,1,0x0000,true,59.990643,-0.000643,0.000000,0.000000,0x0001,88,79.972885,179.257492,94.980392,-36.966797,60.014469,0.288731,74.998436,-108.079849
PMU.001,2026-07-09T06:10:13.533333Z,1783577413,533333,1,0x0000,true,59.993019,0.000079,0.000000,0.000000,0x0002,88,84.956848,-180.000000,99.978020,-1.139177,65.020844,36.061737,79.991722,-72.442650
PMU.001,2026-07-09T06:10:13.566666Z,1783577413,566666,1,0x0000,true,59.999779,0.000225,0.000000,0.000000,0x0003,88,89.961761,-143.505417,50.000000,33.929558,70.021873,72.572533,84.979355,-35.677555
PMU.001,2026-07-09T06:10:13.6Z,1783577413,600000,1,0x0000,true,60.001514,0.000058,0.000000,0.000000,0x0004,88,94.975212,-106.774773,54.986240,70.256462,75.013527,108.105400,89.986229,-0.053994
PMU.001,2026-07-09T06:10:13.633333Z,1783577413,633333,1,0x0000,true,59.995808,-0.000190,0.000000,0.000000,0x0005,88,99.962807,-69.884766,59.970619,105.952003,80.003242,144.571426,94.974655,35.376873
PMU.001,2026-07-09T06:10:13.666666Z,1783577413,666666,1,0x0000,true,59.983456,-0.000412,0.000000,0.000000,0x0006,88,50.000000,-33.169334,64.968109,142.435394,85.004410,-180.000000,99.977051,71.106865
PMU.001,2026-07-09T06:10:13.7Z,1783577413,700000,1,0x0000,true,59.989250,0.000193,0.000000,0.000000,0x0007,88,55.016460,2.282456,69.972496,178.096558,90.018005,-144.183289,50.000000,107.130791
PMU.001,2026-07-09T06:10:13.733333Z,1783577413,733333,1,0x0000,true,59.983673,-0.000186,0.000000,0.000000,0x0008,88,60.017605,38.558880,74.964935,-180.000000,95.019173,-107.915665,54.989410,142.857407
PMU.001,2026-07-09T06:10:13.766666Z,1783577413,766666,1,0x0000,true,59.987331,0.000122,0.000000,0.000000,0x0009,88,65.024307,73.791168,79.980980,-144.259628,50.000000,-72.606377,60.001957,179.341385
PMU.001,2026-07-09T06:10:13.8Z,1783577413,800000,1,0x0000,true,60.013298,0.000866,0.000000,0.000000,0x000A,88,70.024940,110.178566,84.976486,-108.150902,54.987896,-36.534306,64.998825,-180.000000
PMU.001,2026-07-09T06:10:13.833333Z,1783577413,833333,1,0x0000,true,59.986507,-0.000893,0.000000,0.000000,0x000B,88,75.039444,145.638580,89.960823,-73.063866,60.001534,-1.255391,69.995300,-143.309509
PMU.001,2026-07-09T06:10:13.866666Z,1783577413,866666,1,0x0000,true,60.005470,0.000632,0.000000,0.000000,0x000C,88,80.055550,-180.000000,94.966476,-37.561771,65.004997,35.501656,74.994957,-107.471344
PMU.001,2026-07-09T06:10:13.9Z,1783577413,900000,1,0x0000,true,59.984028,-0.000715,0.000000,0.000000,0x000D,88,85.061974,-144.051682,99.975716,-0.926248,70.013031,71.096771,79.985451,-72.173546
PMU.001,2026-07-09T06:10:13.933333Z,1783577413,933333,1,0x0000,true,60.003841,0.000660,0.000000,0.000000,0x000E,88,90.063431,-108.621223,50.000000,34.703316,75.012253,107.036415,84.976456,-36.576096
PMU.001,2026-07-09T06:10:13.966666Z,1783577413,966666,1,0x0000,true,60.007332,0.000116,0.000000,0.000000,0x000F,88,95.060829,-72.020325,55.003990,70.182564,80.022408,143.397705,89.981400,-1.326733
PMU.001,2026-07-09T06:10:14Z,1783577414,0,1,0x0000,true,59.994495,-0.000428,0.000000,0.000000,0x0000,88,50.000000,-35.139183,60.016766,105.462822,85.012657,179.733643,94.977699,34.010117
PMU.001,2026-07-09T06:10:14.033333Z,1783577414,33333,1,0x0000,true,60.006561,0.000402,0.000000,0.000000,0x0001,88,55.003536,1.764923,65.022575,141.233948,90.001274,-180.000000,99.988937,69.773102
PMU.001,2026-07-09T06:10:14.066666Z,1783577414,66666,1,0x0000,true,59.986717,-0.000661,0.000000,0.000000,0x0002,88,60.004871,36.993248,70.007614,176.660629,95.012161,-143.283997,50.000000,104.998978
PMU.001,2026-07-09T06:10:14.1Z,1783577414,100000,1,0x0000,true,59.984852,-0.000062,0.000000,0.000000,0x0003,88,64.994537,73.529160,75.023369,-180.000000,99.999420,-108.105972,55.011440,140.515045
PMU.001,2026-07-09T06:10:14.133333Z,1783577414,133333,1,0x0000,true,60.002514,0.000589,0.000000,0.000000,0x0004,88,70.005951,109.715004,80.039368,-144.498840,50.000000,-72.781425,60.019054,175.629013
PMU.001,2026-07-09T06:10:14.166666Z,1783577414,166666,1,0x0000,true,59.999104,-0.000114,0.000000,0.000000,0x0005,88,75.004288,146.645981,85.029182,-107.561859,54.983475,-36.738087,65.016251,-180.000000
PMU.001,2026-07-09T06:10:14.2Z,1783577414,200000,1,0x0000,true,60.011917,0.000427,0.000000,0.000000,0x0006,88,80.006424,-180.000000,90.032692,-71.973679,59.975204,-1.386957,70.023346,-144.196518
PMU.001,2026-07-09T06:10:14.233333Z,1783577414,233333,1,0x0000,true,59.996368,-0.000518,0.000000,0.000000,0x0007,88,85.015038,-144.954285,95.023285,-36.143551,64.961113,34.520515,75.035179,-109.098587
PMU.001,2026-07-09T06:10:14.266666Z,1783577414,266666,1,0x0000,true,60.013046,0.000556,0.000000,0.000000,0x0008,88,90.006821,-109.031662,50.000000,-0.507168,69.961433,69.643341,80.031960,-73.443779
PMU.001,2026-07-09T06:10:14.3Z,1783577414,300000,1,0x0000,true,60.003803,-0.000308,0.000000,0.000000,0x0009,88,95.006950,-73.047783,55.003635,36.294643,74.977570,105.622383,85.042618,-37.149349
PMU.001,2026-07-09T06:10:14.333333Z,1783577414,333333,1,0x0000,true,59.998398,-0.000180,0.000000,0.000000,0x000A,88,99.994820,-36.607574,59.990807,73.034790,79.961830,141.430649,90.056038,-0.589946
PMU.001,2026-07-09T06:10:14.366666Z,1783577414,366666,1,0x0000,true,60.009148,0.000358,0.000000,0.000000,0x000B,88,50.000000,-0.966178,64.995522,109.762871,84.960587,176.626221,95.042473,35.164757
PMU.001,2026-07-09T06:10:14.4Z,1783577414,400000,1,0x0000,true,60.001507,-0.000255,0.000000,0.000000,0x000C,88,54.997562,34.672421,69.991356,146.004791,89.972725,-180.000000,50.000000,70.504929
PMU.001,2026-07-09T06:10:14.433333Z,1783577414,433333,1,0x0000,true,59.999485,-0.000067,0.000000,0.000000,0x000D,88,60.013992,70.475739,75.003670,-180.000000,94.986504,-143.506989,55.002621,106.290466
PMU.001,2026-07-09T06:10:14.466666Z,1783577414,466666,1,0x0000,true,60.009705,0.000341,0.000000,0.000000,0x000E,88,65.019562,106.929115,79.989349,-144.572586,99.993111,-108.380432,60.009579,142.801956
PMU.001,2026-07-09T06:10:14.5Z,1783577414,500000,1,0x0000,true,60.014927,0.000174,0.000000,0.000000,0x000F,88,70.015465,142.522476,84.975716,-108.425438,50.000000,-71.684059,65.012016,178.860748
PMU.001,2026-07-09T06:10:14.533333Z,1783577414,533333,1,0x0000,true,59.988457,-0.000882,0.000000,0.000000,0x0000,88,75.030396,178.398712,89.970505,-72.566574,55.003654,-36.505047,69.999435,-180.000000
PMU.001,2026-07-09T06:10:14.566666Z,1783577414,566666,1,0x0000,true,59.999432,0.000366,0.000000,0.000000,0x0001,88,80.022758,-180.000000,94.956161,-37.428944,60.019020,-0.643387,75.014816,-143.995148
PMU.001,2026-07-09T06:10:14.6Z,1783577414,600000,1,0x0000,true,59.986755,-0.000423,0.000000,0.000000,0x0002,88,85.027763,-143.862946,99.964516,-1.718946,65.035378,34.485733,80.010269,-107.338638
PMU.001,2026-07-09T06:10:14.633333Z,1783577414,633333,1,0x0000,true,60.006302,0.000652,0.000000,0.000000,0x0003,88,90.025414,-107.076813,50.000000,34.317978,70.035255,70.013237,85.021538,-70.961494
PMU.001,2026-07-09T06:10:14.666666Z,1783577414,666666,1,0x0000,true,60.010048,0.000125,0.000000,0.000000,0x0004,88,95.034225,-71.279099,55.015320,71.256004,75.042671,106.293739,90.030693,-35.339504
PMU.001,2026-07-09T06:10:14.7Z,1783577414,700000,1,0x0000,true,59.986309,-0.000791,0.000000,0.000000,0x0005,88,50.000000,-34.502930,60.000145,107.438644,80.041298,142.298492,95.031219,0.573912
PMU.001,2026-07-09T06:10:14.733333Z,1783577414,733333,1,0x0000,true,59.986847,0.000018,0.000000,0.000000,0x0006,88,55.011070,1.804093,64.985085,144.006897,85.034851,177.849258,50.000000,37.075611
PMU.001,2026-07-09T06:10:14.766666Z,1783577414,766666,1,0x0000,true,59.998089,0.000375,0.000000,0.000000,0x0007,88,60.015224,38.080807,69.986839,-180.000000,90.018578,-180.000000,54.994156,72.658081
PMU.001,2026-07-09T06:10:14.8Z,1783577414,800000,1,0x0000,true,60.012798,0.000490,0.000000,0.000000,0x0008,88,65.030724,74.213615,74.988014,-144.817032,95.015320,-143.435989,60.008556,108.456268
PMU.001,2026-07-09T06:10:14.833333Z,1783577414,833333,1,0x0000,true,60.012424,-0.000012,0.000000,0.000000,0x0009,88,70.018440,110.581604,79.977684,-108.517639,50.000000,-106.764450,65.005531,143.839691
PMU.001,2026-07-09T06:10:14.866666Z,1783577414,866666,1,0x0000,true,59.994450,-0.000599,0.000000,0.000000,0x000A,88,75.004684,146.538040,84.974342,-72.635643,54.983593,-70.784233,69.995682,179.460678
PMU.001,2026-07-09T06:10:14.9Z,1783577414,900000,1,0x0000,true,60.013470,0.000634,0.000000,0.000000,0x000B,88,80.009453,-180.000000,89.968033,-36.378799,59.988808,-34.944492,74.987892,-180.000000
PMU.001,2026-07-09T06:10:14.933333Z,1783577414,933333,1,0x0000,true,59.996826,-0.000555,0.000000,0.000000,0x000C,88,85.007095,-144.785797,94.980148,0.040657,64.980301,1.446872,79.974663,-144.712769
PMU.001,2026-07-09T06:10:14.966666Z,1783577414,966666,1,0x0000,true,60.010040,0.000440,0.000000,0.000000,0x000D,88,89.995674,-109.198891,99.966835,36.538216,69.965172,37.247562,84.971870,-108.727303
PMU.001,2026-07-09T06:10:15Z,1783577415,0,1,0x0000,true,59.986118,-0.000797,0.000000,0.000000,0x000E,88,94.986099,-74.090347,50.000000,71.943962,74.955719,74.016907,89.957329,-72.131996
PMU.001,2026-07-09T06:10:15.033333Z,1783577415,33333,1,0x0000,true,60.004707,0.000620,0.000000,0.000000,0x000F,88,99.993080,-37.447540,55.000431,108.858971,79.959503,110.647247,94.964851,-37.015640
PMU.001,2026-07-09T06:10:15.066666Z,1783577415,66666,1,0x0000,true,60.014683,0.000333,0.000000,0.000000,0x0000,88,50.000000,-1.978846,60.002556,144.135971,84.962776,146.978683,99.963287,-0.253694
PMU.001,2026-07-09T06:10:15.1Z,1783577415,100000,1,0x0000,true,60.006599,-0.000269,0.000000,0.000000,0x0001,88,54.992126,33.074970,64.989975,-180.000000,89.954369,-180.000000,50.000000,35.847637
PMU.001,2026-07-09T06:10:15.133333Z,1783577415,133333,1,0x0000,true,60.015110,0.000284,0.000000,0.000000,0x0002,88,59.987434,68.994446,69.983727,-144.063614,94.949265,-144.254684,55.002289,71.038895
PMU.001,2026-07-09T06:10:15.166666Z,1783577415,166666,1,0x0000,true,59.994892,-0.000674,0.000000,0.000000,0x0003,88,64.972580,104.386147,74.967888,-108.471245,99.941795,-109.053474,60.014091,107.755371
PMU.001,2026-07-09T06:10:15.2Z,1783577415,200000,1,0x0000,true,60.016502,0.000720,0.000000,0.000000,0x0004,88,69.985336,141.056229,79.964363,-72.391533,50.000000,-73.153221,65.011452,143.454819
PMU.001,2026-07-09T06:10:15.233333Z,1783577415,233333,1,0x0000,true,59.989609,-0.000896,0.000000,0.000000,0x0005,88,74.983421,177.975967,84.961342,-37.311146,54.990833,-38.074173,70.015022,179.992828
PMU.001,2026-07-09T06:10:15.266666Z,1783577415,266666,1,0x0000,true,59.998058,0.000282,0.000000,0.000000,0x0006,88,79.977478,-180.000000,89.951950,-1.565358,59.977119,-2.366622,75.030037,-180.000000
PMU.001,2026-07-09T06:10:15.3Z,1783577415,300000,1,0x0000,true,60.010509,0.000415,0.000000,0.000000,0x0007,88,84.992859,-143.746658,94.962051,33.983540,64.976929,33.976772,80.045593,-144.558365
PMU.001,2026-07-09T06:10:15.333333Z,1783577415,333333,1,0x0000,true,60.015396,0.000163,0.000000,0.000000,0x0008,88,89.994011,-108.515770,99.978714,70.845909,69.983246,70.346863,85.034370,-107.862282
PMU.001,2026-07-09T06:10:15.366666Z,1783577415,366666,1,0x0000,true,60.015999,0.000020,0.000000,0.000000,0x0009,88,95.003326,-72.592972,50.000000,107.516754,74.991470,105.432098,90.040741,-72.288727
PMU.001,2026-07-09T06:10:15.4Z,1783577415,400000,1,0x0000,true,60.002575,-0.000447,0.000000,0.000000,0x000A,88,50.000000,-36.945980,55.015999,144.269730,79.976799,142.058472,95.045860,-35.734398
PMU.001,2026-07-09T06:10:15.433333Z,1783577415,433333,1,0x0000,true,59.991264,-0.000377,0.000000,0.000000,0x000B,88,55.007992,-0.510435,60.017395,-180.000000,84.992477,177.656082,50.000000,0.200526
PMU.001,2026-07-09T06:10:15.466666Z,1783577415,466666,1,0x0000,true,59.997063,0.000193,0.000000,0.000000,0x000C,88,60.014236,35.887104,65.002876,-144.100800,89.995056,-180.000000,54.984852,35.347542
PMU.001,2026-07-09T06:10:15.5Z,1783577415,500000,1,0x0000,true,60.010727,0.000455,0.000000,0.000000,0x000D,88,65.024277,71.186249,70.005104,-108.456673,95.004929,-143.860489,59.991180,70.686836
PMU.001,2026-07-09T06:10:15.533333Z,1783577415,533333,1,0x0000,true,59.984829,-0.000863,0.000000,0.000000,0x000E,88,70.010521,106.877014,75.014511,-73.237091,50.000000,-108.695930,65.002365,106.722885
PMU.001,2026-07-09T06:10:15.566666Z,1783577415,566666,1,0x0000,true,60.013695,0.000962,0.000000,0.000000,0x000F,88,75.009544,143.643326,80.027016,-37.126724,54.988064,-72.782288,70.007965,142.314682
PMU.001,2026-07-09T06:10:15.6Z,1783577415,600000,1,0x0000,true,60.014194,0.000017,0.000000,0.000000,0x0000,88,80.002785,179.242874,85.021553,-1.986415,59.997704,-36.100365,75.021049,178.882538
PMU.001,2026-07-09T06:10:15.633333Z,1783577415,633333,1,0x0000,true,60.016117,0.000064,0.000000,0.000000,0x0001,88,84.988777,-180.000000,90.030029,33.409595,65.013908,-0.813230,80.035011,-180.000000
PMU.001,2026-07-09T06:10:15.666666Z,1783577415,666666,1,0x0000,true,60.009319,-0.000227,0.000000,0.000000,0x0002,88,89.978455,-143.708252,95.028122,69.232964,70.019447,35.184177,85.028404,-144.943741
PMU.001,2026-07-09T06:10:15.7Z,1783577415,700000,1,0x0000,true,60.014904,0.000186,0.000000,0.000000,0x0003,88,94.990715,-108.139725,50.000000,106.037689,75.016113,70.841370,90.019455,-108.747231
PMU.001,2026-07-09T06:10:15.733333Z,1783577415,733333,1,0x0000,true,59.989712,-0.000840,0.000000,0.000000,0x0004,88,99.993942,-71.205948,54.999805,142.952286,80.002930,106.176476,95.010269,-72.838425
PMU.001,2026-07-09T06:10:15.766666Z,1783577415,766666,1,0x0000,true,60.003357,0.000455,0.000000,0.000000,0x0005,88,50.000000,-35.353210,60.016354,178.912964,84.995956,142.077179,99.995369,-36.921680
PMU.001,2026-07-09T06:10:15.8Z,1783577415,800000,1,0x0000,true,59.999863,-0.000116,0.000000,0.000000,0x0006,88,55.009663,0.907942,65.006996,-180.000000,89.989746,178.512436,50.000000,-0.410948
PMU.001,2026-07-09T06:10:15.833333Z,1783577415,833333,1,0x0000,true,59.986366,-0.000450,0.000000,0.000000,0x0007,88,59.996239,37.046867,70.019516,-143.053925,95.005920,-180.000000,54.987026,34.940647
PMU.001,2026-07-09T06:10:15.866666Z,1783577415,866666,1,0x0000,true,60.002728,0.000545,0.000000,0.000000,0x0008,88,65.012306,73.433159,75.013733,-106.110069,50.000000,-144.894089,59.976826,71.720604
PMU.001,2026-07-09T06:10:15.9Z,1783577415,900000,1,0x0000,true,60.007626,0.000163,0.000000,0.000000,0x0009,88,70.015175,109.854301,80.017372,-69.430603,54.989716,-108.787453,64.968971,107.241058
PMU.001,2026-07-09T06:10:15.933333Z,1783577415,933333,1,0x0000,true,59.987358,-0.000676,0.000000,0.000000,0x000A,88,75.017624,145.401733,85.016525,-33.681957,59.996777,-72.214645,69.967789,143.878967
PMU.001,2026-07-09T06:10:15.966666Z,1783577415,966666,1,0x0000,true,59.990772,0.000114,0.000000,0.000000,0x000B,88,80.030945,-180.000000,90.013962,2.123805,64.993622,-36.617607,74.977699,179.240082
PMU.001,2026-07-09T06:10:16Z,1783577416,0,1,0x0000,true,60.014553,0.000793,0.000000,0.000000,0x000C,88,85.031647,-144.137238,95.003548,38.888954,69.982277,0.280844,79.975754,-180.000000
PMU.001,2026-07-09T06:10:16.033333Z,1783577416,33333,1,0x0000,true,59.998344,-0.000540,0.000000,0.000000,0x000D,88,90.034164,-107.500084,50.000000,74.502022,74.993164,36.558376,84.984352,-143.253143
PMU.001,2026-07-09T06:10:16.066666Z,1783577416,66666,1,0x0000,true,60.003357,0.000167,0.000000,0.000000,0x000E,88,95.046417,-70.753929,55.013943,111.454620,79.999146,73.025803,89.981224,-107.325920
PMU.001,2026-07-09T06:10:16.1Z,1783577416,100000,1,0x0000,true,60.005146,0.000060,0.000000,0.000000,0x000F,88,50.000000,-34.792427,60.000446,147.748947,85.006409,108.094772,94.992622,-71.718094
PMU.001,2026-07-09T06:10:16.133333Z,1783577416,133333,1,0x0000,true,60.008690,0.000118,0.000000,0.000000,0x0000,88,54.985210,1.846244,64.990501,-180.000000,90.014206,143.492996,99.995659,-35.957268
PMU.001,2026-07-09T06:10:16.166666Z,1783577416,166666,1,0x0000,true,60.012596,0.000130,0.000000,0.000000,0x0001,88,59.996704,37.768288,69.992104,-143.380280,95.005630,179.896591,50.000000,-0.399804
PMU.001,2026-07-09T06:10:16.2Z,1783577416,200000,1,0x0000,true,59.984989,-0.000920,0.000000,0.000000,0x0002,88,64.981895,74.511230,74.996819,-107.116615,99.995697,-180.000000,55.001408,36.388664
PMU.001,2026-07-09T06:10:16.233333Z,1783577416,233333,1,0x0000,true,60.009987,0.000833,0.000000,0.000000,0x0003,88,69.970665,110.324921,80.001373,-70.724030,50.000000,-143.798950,59.994247,72.923645
PMU.001,2026-07-09T06:10:16.266666Z,1783577416,266666,1,0x0000,true,60.002140,-0.000262,0.000000,0.000000,0x0004,88,74.966202,146.607529,84.990913,-35.219894,54.997276,-107.513962,64.997635,108.643433
PMU.001,2026-07-09T06:10:16.3Z,1783577416,300000,1,0x0000,true,59.996578,-0.000185,0.000000,0.000000,0x0005,88,79.975113,-180.000000,89.999886,0.648176,59.991867,-72.292511,70.007668,144.128555
PMU.001,2026-07-09T06:10:16.333333Z,1783577416,333333,1,0x0000,true,60.006939,0.000345,0.000000,0.000000,0x0006,88,84.978500,-144.114975,95.005478,37.156925,65.005173,-37.007301,74.991302,179.929077
PMU.001,2026-07-09T06:10:16.366666Z,1783577416,366666,1,0x0000,true,59.994236,-0.000423,0.000000,0.000000,0x0007,88,89.984970,-108.931816,50.000000,72.359077,70.021767,-0.503853,79.996475,-180.000000
PMU.001,2026-07-09T06:10:16.4Z,1783577416,400000,1,0x0000,true,60.001923,0.000256,0.000000,0.000000,0x0008,88,94.980179,-72.060822,55.008610,108.722633,75.029045,36.424789,85.003044,-143.090073
PMU.001,2026-07-09T06:10:16.433333Z,1783577416,433333,1,0x0000,true,60.016544,0.000487,0.000000,0.000000,0x0009,88,99.963791,-36.159000,60.007198,145.627914,80.032127,72.717537,90.008263,-106.886215
PMU.001,2026-07-09T06:10:16.466666Z,1783577416,466666,1,0x0000,true,60.006039,-0.000350,0.000000,0.000000,0x000A,88,50.000000,-0.424639,64.998352,-180.000000,85.045837,108.776894,95.011581,-70.382477
PMU.001,2026-07-09T06:10:16.5Z,1783577416,500000,1,0x0000,true,59.995842,-0.000340,0.000000,0.000000,0x000B,88,55.010063,34.800362,69.981720,-144.589188,90.057808,144.425995,50.000000,-33.778603
PMU.001,2026-07-09T06:10:16.533333Z,1783577416,533333,1,0x0000,true,59.997505,0.000055,0.000000,0.000000,0x000C,88,60.018356,69.870377,74.984924,-108.191765,95.062202,-180.000000,54.986290,1.707229
PMU.001,2026-07-09T06:10:16.566666Z,1783577416,566666,1,0x0000,true,59.983948,-0.000452,0.000000,0.000000,0x000D,88,65.019852,104.987488,79.994995,-72.700455,50.000000,-143.379639,59.994629,38.484795
PMU.001,2026-07-09T06:10:16.6Z,1783577416,600000,1,0x0000,true,60.014153,0.001007,0.000000,0.000000,0x000E,88,70.025673,140.596298,84.995888,-36.417160,55.014225,-106.890640,65.007111,73.650284
PMU.001,2026-07-09T06:10:16.633333Z,1783577416,633333,1,0x0000,true,60.014397,0.000008,0.000000,0.000000,0x000F,88,75.028847,175.654205,89.992332,-0.033373,60.014946,-71.738266,70.021965,109.291214
PMU.001,2026-07-09T06:10:16.666666Z,1783577416,666666,1,0x0000,true,59.996365,-0.000601,0.000000,0.000000,0x0000,88,80.020142,-180.000000,94.986473,35.246243,65.024765,-35.184689,75.012390,144.542450
PMU.001,2026-07-09T06:10:16.7Z,1783577416,700000,1,0x0000,true,59.989685,-0.000223,0.000000,0.000000,0x0001,88,85.026489,-144.567047,99.973969,71.935570,70.026726,0.280567,80.009209,-180.000000
PMU.001,2026-07-09T06:10:16.733333Z,1783577416,733333,1,0x0000,true,59.998276,0.000286,0.000000,0.000000,0x0002,88,90.014191,-109.315590,50.000000,108.156906,75.028900,37.145329,85.007706,-143.958359
PMU.001,2026-07-09T06:10:16.766666Z,1783577416,766666,1,0x0000,true,60.015648,0.000579,0.000000,0.000000,0x0003,88,95.000839,-73.919052,55.014538,144.122147,80.024727,72.802521,90.013687,-108.421928
PMU.001,2026-07-09T06:10:16.8Z,1783577416,800000,1,0x0000,true,59.993366,-0.000743,0.000000,0.000000,0x0004,88,50.000000,-37.229382,60.030853,-180.000000,85.021584,108.786987,95.020355,-72.287025
PMU.001,2026-07-09T06:10:16.833333Z,1783577416,833333,1,0x0000,true,59.992149,-0.000041,0.000000,0.000000,0x0005,88,54.990723,-1.707587,65.024940,-144.127792,90.008774,143.918213,50.000000,-35.373131
PMU.001,2026-07-09T06:10:16.866666Z,1783577416,866666,1,0x0000,true,59.990135,-0.000067,0.000000,0.000000,0x0006,88,59.994190,34.938835,70.027283,-107.812614,95.020027,179.020111,54.999111,-0.177797
PMU.001,2026-07-09T06:10:16.9Z,1783577416,900000,1,0x0000,true,59.997669,0.000251,0.000000,0.000000,0x0007,88,64.981636,71.151840,75.012810,-72.611977,50.000000,-180.000000,59.997162,36.607811
PMU.001,2026-07-09T06:10:16.933333Z,1783577416,933333,1,0x0000,true,60.014523,0.000562,0.000000,0.000000,0x0008,88,69.985321,107.567047,80.016090,-36.901455,54.996754,-143.065536,65.007042,71.968620
PMU.001,2026-07-09T06:10:16.966666Z,1783577416,966666,1,0x0000,true,59.987286,-0.000908,0.000000,0.000000,0x0009,88,74.975204,143.637436,85.000427,-1.215122,60.013214,-107.974243,70.013603,108.837227
PMU.001,2026-07-09T06:10:17Z,1783577417,0,1,0x0000,true,60.004318,0.000568,0.000000,0.000000,0x000A,88,79.988480,178.769287,89.991051,34.233696,65.026573,-72.428322,75.018425,143.960983
PMU.001,2026-07-09T06:10:17.033333Z,1783577417,33333,1,0x0000,true,60.005096,0.000026,0.000000,0.000000,0x000B,88,84.977760,-180.000000,94.996277,69.649406,70.026588,-36.509079,80.022766,179.860245
PMU.001,2026-07-09T06:10:17.066666Z,1783577417,66666,1,0x0000,true,59.992496,-0.000420,0.000000,0.000000,0x000C,88,89.979805,-144.748199,50.000000,105.477493,75.038269,0.326948,85.021233,-180.000000
PMU.001,2026-07-09T06:10:17.1Z,1783577417,100000,1,0x0000,true,60.005348,0.000428,0.000000,0.000000,0x000D,88,94.981781,-109.633591,54.986805,141.839020,80.043579,35.479557,90.036011,-143.108612
PMU.001,2026-07-09T06:10:17.133333Z,1783577417,133333,1,0x0000,true,59.993771,-0.000386,0.000000,0.000000,0x000E,88,99.966797,-72.877480,59.987175,178.410080,85.054436,72.171150,95.050377,-106.212601
PMU.001,2026-07-09T06:10:17.166666Z,1783577417,166666,1,0x0000,true,59.994675,0.000030,0.000000,0.000000,0x000F,88,50.000000,-37.399456,64.992767,-180.000000,90.049393,107.775887,50.000000,-69.839890
PMU.001,2026-07-09T06:10:17.2Z,1783577417,200000,1,0x0000,true,60.014408,0.000658,0.000000,0.000000,0x0000,88,55.010941,-1.404963,69.988281,-144.519485,95.033340,144.249252,55.010345,-34.207474
PMU.001,2026-07-09T06:10:17.233333Z,1783577417,233333,1,0x0000,true,59.995926,-0.000616,0.000000,0.000000,0x0001,88,59.998581,35.067009,74.988831,-109.399864,50.000000,179.912735,60.014374,1.314845
PMU.001,2026-07-09T06:10:17.266666Z,1783577417,266666,1,0x0000,true,60.008396,0.000416,0.000000,0.000000,0x0002,88,65.006271,71.707726,79.987885,-74.041855,55.003296,-180.000000,65.006531,37.077477
PMU.001,2026-07-09T06:10:17.3Z,1783577417,300000,1,0x0000,true,60.005093,-0.000110,0.000000,0.000000,0x0003,88,69.992119,107.737358,84.981506,-37.988316,59.991886,-144.050049,70.016640,73.480850
PMU.001,2026-07-09T06:10:17.333333Z,1783577417,333333,1,0x0000,true,59.999264,-0.000194,0.000000,0.000000,0x0004,88,74.990868,143.221085,89.994476,-2.015390,64.978889,-108.491234,75.009132,110.067299
PMU.001,2026-07-09T06:10:17.366666Z,1783577417,366666,1,0x0000,true,60.012619,0.000445,0.000000,0.000000,0x0005,88,79.976181,179.575851,94.986366,33.083828,69.989494,-73.311699,79.997871,146.207504
PMU.001,2026-07-09T06:10:17.4Z,1783577417,400000,1,0x0000,true,60.005672,-0.000232,0.000000,0.000000,0x0006,88,84.959572,-180.000000,99.976227,69.097092,74.975288,-38.121964,84.991341,-180.000000
PMU.001,2026-07-09T06:10:17.433333Z,1783577417,433333,1,0x0000,true,60.001034,-0.000155,0.000000,0.000000,0x0007,88,89.970909,-144.155365,50.000000,105.964302,79.963791,-1.641598,89.995667,-144.206528
PMU.001,2026-07-09T06:10:17.466666Z,1783577417,466666,1,0x0000,true,60.012325,0.000376,0.000000,0.000000,0x0008,88,94.970161,-108.141632,54.986187,141.907501,84.951027,33.602695,95.010406,-108.028206
PMU.001,2026-07-09T06:10:17.5Z,1783577417,500000,1,0x0000,true,59.992188,-0.000671,0.000000,0.000000,0x0009,88,99.965797,-71.810837,59.980553,178.427322,89.966934,70.115059,50.000000,-71.331772
PMU.001,2026-07-09T06:10:17.533333Z,1783577417,533333,1,0x0000,true,60.012226,0.000668,0.000000,0.000000,0x000A,88,50.000000,-35.763649,64.992798,-180.000000,94.953377,106.543839,55.006119,-35.075687
PMU.001,2026-07-09T06:10:17.566666Z,1783577417,566666,1,0x0000,true,60.011116,-0.000037,0.000000,0.000000,0x000B,88,54.989643,1.143604,69.992142,-143.560791,99.941544,143.232529,60.016800,1.595972
PMU.001,2026-07-09T06:10:17.6Z,1783577417,600000,1,0x0000,true,60.006989,-0.000138,0.000000,0.000000,0x000C,88,59.986244,37.363140,75.000305,-106.923233,50.000000,179.519089,65.018463,36.663307
PMU.001,2026-07-09T06:10:17.633333Z,1783577417,633333,1,0x0000,true,60.006283,-0.000024,0.000000,0.000000,0x000D,88,64.990662,73.619682,79.998863,-71.589584,54.989735,-180.000000,70.006310,72.223511
PMU.001,2026-07-09T06:10:17.666666Z,1783577417,666666,1,0x0000,true,59.985363,-0.000697,0.000000,0.000000,0x000E,88,70.001701,108.955780,85.014717,-35.386833,59.989727,-144.644089,75.014084,108.083191
PMU.001,2026-07-09T06:10:17.7Z,1783577417,700000,1,0x0000,true,59.996288,0.000364,0.000000,0.000000,0x000F,88,75.013206,144.134796,90.027031,-0.176930,65.005890,-108.721230,80.006226,144.624588
PMU.001,2026-07-09T06:10:17.733333Z,1783577417,733333,1,0x0000,true,60.001503,0.000174,0.000000,0.000000,0x0000,88,79.997368,-180.000000,95.022369,35.321724,69.989685,-72.810440,85.012901,-180.000000
PMU.001,2026-07-09T06:10:17.766666Z,1783577417,766666,1,0x0000,true,60.013905,0.000413,0.000000,0.000000,0x0001,88,84.995018,-143.752136,50.000000,71.787163,74.978302,-37.727890,90.002251,-143.774246
PMU.001,2026-07-09T06:10:17.8Z,1783577417,800000,1,0x0000,true,60.006798,-0.000237,0.000000,0.000000,0x0002,88,89.984451,-107.645851,55.015110,108.446243,79.970093,-1.808118,94.990013,-108.326874
PMU.001,2026-07-09T06:10:17.833333Z,1783577417,833333,1,0x0000,true,60.001724,-0.000169,0.000000,0.000000,0x0003,88,94.971306,-71.745369,60.001431,144.318100,84.983376,34.326962,99.978195,-72.289131
PMU.001,2026-07-09T06:10:17.866666Z,1783577417,866666,1,0x0000,true,60.014492,0.000426,0.000000,0.000000,0x0004,88,99.984184,-36.130203,64.991859,-180.000000,89.970177,71.247498,50.000000,-36.636662
PMU.001,2026-07-09T06:10:17.9Z,1783577417,900000,1,0x0000,true,59.992699,-0.000726,0.000000,0.000000,0x0005,88,50.000000,-0.436818,69.993629,-143.777328,94.968712,107.204048,55.015507,-0.138226
PMU.001,2026-07-09T06:10:17.933333Z,1783577417,933333,1,0x0000,true,59.990929,-0.000059,0.000000,0.000000,0x0006,88,54.991047,34.886162,75.008720,-107.707825,99.964645,143.053360,60.014515,36.809189
PMU.001,2026-07-09T06:10:17.966666Z,1783577417,966666,1,0x0000,true,59.995358,0.000148,0.000000,0.000000,0x0007,88,59.999664,70.590103,80.006470,-70.866432,50.000000,179.025986,65.000298,71.881126
PMU.001,2026-07-09T06:10:18Z,1783577418,0,1,0x0000,true,59.999866,0.000150,0.000000,0.000000,0x0008,88,64.994476,107.322205,84.998802,-35.580811,55.002609,-180.000000,70.009819,108.406960
PMU.001,2026-07-09T06:10:18.033333Z,1783577418,33333,1,0x0000,true,60.010544,0.000356,0.000000,0.000000,0x0009,88,69.984070,142.779007,90.010101,0.782807,59.987133,-144.480011,75.019966,144.883652
PMU.001,2026-07-09T06:10:18.066666Z,1783577418,66666,1,0x0000,true,60.006588,-0.000132,0.000000,0.000000,0x000A,88,74.974159,178.116852,95.026070,37.117107,65.001999,-108.453117,80.009056,-180.000000
PMU.001,2026-07-09T06:10:18.1Z,1783577418,100000,1,0x0000,true,60.012913,0.000211,0.000000,0.000000,0x000B,88,79.984047,-180.000000,50.000000,73.826012,70.006317,-72.247688,84.992477,-144.074341
PMU.001,2026-07-09T06:10:18.133333Z,1783577418,133333,1,0x0000,true,60.005135,-0.000259,0.000000,0.000000,0x000C,88,84.994751,-144.830383,55.011959,109.767113,74.999237,-36.351635,90.002754,-108.910423
PMU.001,2026-07-09T06:10:18.166666Z,1783577418,166666,1,0x0000,true,60.015579,0.000348,0.000000,0.000000,0x000D,88,89.988564,-109.738037,60.013535,146.532562,79.989746,-0.606258,94.986771,-73.241577
PMU.001,2026-07-09T06:10:18.2Z,1783577418,200000,1,0x0000,true,59.994522,-0.000702,0.000000,0.000000,0x000E,88,94.972664,-74.665337,65.000229,-180.000000,85.000923,35.329948,99.996124,-36.943008
PMU.001,2026-07-09T06:10:18.233333Z,1783577418,233333,1,0x0000,true,60.012447,0.000598,0.000000,0.000000,0x000F,88,99.982033,-38.611855,69.996109,-143.762115,90.003624,70.750732,50.000000,-0.420268
PMU.001,2026-07-09T06:10:18.266666Z,1783577418,266666,1,0x0000,true,59.993671,-0.000626,0.000000,0.000000,0x0000,88,50.000000,-2.608677,74.999161,-107.721451,95.014442,107.694069,54.994579,36.092213
PMU.001,2026-07-09T06:10:18.3Z,1783577418,300000,1,0x0000,true,60.006096,0.000414,0.000000,0.000000,0x0001,88,55.016354,34.340656,79.988716,-71.008583,50.000000,143.705124,60.004932,72.464401
PMU.001,2026-07-09T06:10:18.333333Z,1783577418,333333,1,0x0000,true,60.012989,0.000230,0.000000,0.000000,0x0002,88,60.023170,69.551956,85.003876,-35.318287,54.998768,-180.000000,64.989288,108.141991
PMU.001,2026-07-09T06:10:18.366666Z,1783577418,366666,1,0x0000,true,59.991631,-0.000712,0.000000,0.000000,0x0003,88,65.012985,104.714363,90.016724,1.580340,60.009964,-144.019272,69.994919,144.403610
PMU.001,2026-07-09T06:10:18.4Z,1783577418,400000,1,0x0000,true,59.988335,-0.000110,0.000000,0.000000,0x0004,88,70.006653,141.536987,95.016876,36.669243,65.005432,-108.173576,74.983673,179.996338
PMU.001,2026-07-09T06:10:18.433333Z,1783577418,433333,1,0x0000,true,59.991787,0.000115,0.000000,0.000000,0x0005,88,75.008270,177.157974,50.000000,72.344734,69.996597,-71.228905,79.973656,-180.000000
PMU.001,2026-07-09T06:10:18.466666Z,1783577418,466666,1,0x0000,true,59.993660,0.000062,0.000000,0.000000,0x0006,88,80.019531,-180.000000,54.992088,109.216728,74.987328,-35.955589,84.980995,-143.969330
PMU.001,2026-07-09T06:10:18.5Z,1783577418,500000,1,0x0000,true,60.004162,0.000350,0.000000,0.000000,0x0007,88,85.023750,-143.541901,59.987976,145.093781,79.983231,-0.603290,89.987473,-108.243294
PMU.001,2026-07-09T06:10:18.533333Z,1783577418,533333,1,0x0000,true,60.010273,0.000204,0.000000,0.000000,0x0008,88,90.011314,-106.938560,65.000847,-180.000000,84.979088,35.068413,94.972618,-71.293434
PMU.001,2026-07-09T06:10:18.566666Z,1783577418,566666,1,0x0000,true,60.007793,-0.000083,0.000000,0.000000,0x0009,88,94.999100,-71.765961,70.013588,-143.142990,89.994102,71.960983,99.969948,-34.835625
PMU.001,2026-07-09T06:10:18.6Z,1783577418,600000,1,0x0000,true,60.006874,-0.000031,0.000000,0.000000,0x000A,88,50.000000,-35.179104,75.016403,-107.803810,95.005310,107.898994,50.000000,1.003245
PMU.001,2026-07-09T06:10:18.633333Z,1783577418,633333,1,0x0000,true,59.995121,-0.000392,0.000000,0.000000,0x000B,88,54.988026,0.636275,80.025917,-72.161484,99.994911,144.074585,54.988098,36.469780
PMU.001,2026-07-09T06:10:18.666666Z,1783577418,666666,1,0x0000,true,60.003632,0.000284,0.000000,0.000000,0x000C,88,59.984383,37.585434,85.034416,-35.506901,50.000000,-180.000000,60.003300,72.593376
PMU.001,2026-07-09T06:10:18.7Z,1783577418,700000,1,0x0000,true,59.992989,-0.000355,0.000000,0.000000,0x000D,88,64.969955,73.900093,90.034630,1.237911,54.984882,-143.289062,65.005463,109.230118
PMU.001,2026-07-09T06:10:18.733333Z,1783577418,733333,1,0x0000,true,59.985100,-0.000263,0.000000,0.000000,0x000E,88,69.975868,109.512695,95.018593,36.366390,59.980137,-106.971375,70.015091,144.712860
PMU.001,2026-07-09T06:10:18.766666Z,1783577418,766666,1,0x0000,true,59.991760,0.000222,0.000000,0.000000,0x000F,88,74.981148,145.563843,50.000000,71.912895,64.964424,-70.160530,75.017609,-180.000000
PMU.001,2026-07-09T06:10:18.8Z,1783577418,800000,1,0x0000,true,59.986759,-0.000167,0.000000,0.000000,0x0000,88,79.976990,-180.000000,54.998840,107.111092,69.974579,-34.111191,80.007294,-144.581146
PMU.001,2026-07-09T06:10:18.833333Z,1783577418,833333,1,0x0000,true,59.994011,0.000242,0.000000,0.000000,0x0001,88,84.984245,-144.043335,60.014362,143.521225,74.986519,1.041943,85.019073,-108.492340
PMU.001,2026-07-09T06:10:18.866666Z,1783577418,866666,1,0x0000,true,60.003696,0.000323,0.000000,0.000000,0x0002,88,89.976768,-107.170296,65.000221,-180.000000,79.970421,37.824055,90.022911,-71.565620
PMU.001,2026-07-09T06:10:18.9Z,1783577418,900000,1,0x0000,true,60.002777,-0.000031,0.000000,0.000000,0x0003,88,94.983818,-71.474464,70.015190,-143.091644,84.980156,73.552879,95.012466,-35.626446
PMU.001,2026-07-09T06:10:18.933333Z,1783577418,933333,1,0x0000,true,59.987198,-0.000519,0.000000,0.000000,0x0004,88,99.987831,-35.125420,75.011871,-107.167854,89.968376,109.612419,50.000000,-0.201056
PMU.001,2026-07-09T06:10:18.966666Z,1783577418,966666,1,0x0000,true,60.006451,0.000642,0.000000,0.000000,0x0005,88,50.000000,1.569789,80.005608,-70.387550,94.982635,145.892105,54.995239,35.822811
PMU.001,2026-07-09T06:10:19Z,1783577419,0,1,0x0000,true,60.001129,-0.000177,0.000000,0.000000,0x0006,88,54.994919,37.152256,85.003487,-34.760612,99.987740,-180.000000,59.993786,71.656204
PMU.001,2026-07-09T06:10:19.033333Z,1783577419,33333,1,0x0000,true,59.995937,-0.000173,0.000000,0.000000,0x0007,88,59.991642,72.819183,89.991112,1.933314,50.000000,-143.684891,65.005699,107.976631
PMU.001,2026-07-09T06:10:19.066666Z,1783577419,66666,1,0x0000,true,60.001072,0.000171,0.000000,0.000000,0x0008,88,64.979843,107.982750,94.982109,37.764141,55.011574,-108.462624,70.003273,144.343628
PMU.001,2026-07-09T06:10:19.1Z,1783577419,100000,1,0x0000,true,60.014664,0.000453,0.000000,0.000000,0x0009,88,69.992500,144.077316,99.965919,74.206848,60.000362,-72.577423,75.004265,-180.000000
PMU.001,2026-07-09T06:10:19.133333Z,1783577419,133333,1,0x0000,true,60.004375,-0.000343,0.000000,0.000000,0x000A,88,75.004021,179.617371,50.000000,109.845566,65.014915,-37.462406,80.002419,-144.107162
PMU.001,2026-07-09T06:10:19.166666Z,1783577419,166666,1,0x0000,true,60.007149,0.000092,0.000000,0.000000,0x000B,88,80.017853,-180.000000,54.995560,145.363693,70.025757,-1.667659,85.010582,-108.174988
PMU.001,2026-07-09T06:10:19.2Z,1783577419,200000,1,0x0000,true,60.000889,-0.000209,0.000000,0.000000,0x000C,88,85.019196,-144.326553,60.002018,-180.000000,75.039429,35.146393,90.023598,-71.607658
PMU.001,2026-07-09T06:10:19.233333Z,1783577419,233333,1,0x0000,true,60.008358,0.000249,0.000000,0.000000,0x000D,88,90.023880,-108.995186,64.994789,-143.779953,80.031380,70.254883,95.019623,-35.518623
PMU.001,2026-07-09T06:10:19.266666Z,1783577419,266666,1,0x0000,true,60.008400,0.000001,0.000000,0.000000,0x000E,88,95.032730,-73.843681,70.001045,-108.081253,85.018242,105.516953,50.000000,0.367341
PMU.001,2026-07-09T06:10:19.3Z,1783577419,300000,1,0x0000,true,59.984074,-0.000811,0.000000,0.000000,0x000F,88,50.000000,-37.264053,74.991364,-73.003426,90.012703,141.932327,54.983494,36.909607
PMU.001,2026-07-09T06:10:19.333333Z,1783577419,333333,1,0x0000,true,59.998951,0.000496,0.000000,0.000000,0x0000,88,55.012970,-0.817902,79.987549,-36.199574,95.012497,178.215866,59.987404,72.283005
PMU.001,2026-07-09T06:10:19.366666Z,1783577419,366666,1,0x0000,true,60.004063,0.000170,0.000000,0.000000,0x0001,88,60.009529,34.334824,84.981255,0.409664,50.000000,-180.000000,64.992119,107.841812
PMU.001,2026-07-09T06:10:19.4Z,1783577419,400000,1,0x0000,true,60.008720,0.000155,0.000000,0.000000,0x0002,88,65.010056,70.864380,89.996643,36.022732,54.997955,-143.521393,69.978905,144.298218
PMU.001,2026-07-09T06:10:19.433333Z,1783577419,433333,1,0x0000,true,59.984138,-0.000819,0.000000,0.000000,0x0003,88,70.018944,106.004402,94.998474,71.484779,59.999569,-107.665031,74.986778,-180.000000
PMU.001,2026-07-09T06:10:19.466666Z,1783577419,466666,1,0x0000,true,59.990440,0.000210,0.000000,0.000000,0x0004,88,75.002808,141.392258,99.998573,106.893501,65.011627,-71.081383,79.993660,-144.536972
PMU.001,2026-07-09T06:10:19.5Z,1783577419,500000,1,0x0000,true,60.016270,0.000861,0.000000,0.000000,0x0005,88,79.988060,177.191666,50.000000,143.035110,70.003334,-34.839813,85.002487,-107.948013
PMU.001,2026-07-09T06:10:19.533333Z,1783577419,533333,1,0x0000,true,60.002609,-0.000455,0.000000,0.000000,0x0006,88,84.976227,-180.000000,55.001602,179.659439,74.992371,1.204862,90.006180,-71.739197
PMU.001,2026-07-09T06:10:19.566666Z,1783577419,566666,1,0x0000,true,59.996677,-0.000198,0.000000,0.000000,0x0007,88,89.980385,-144.816101,59.994190,-180.000000,80.006310,38.117302,95.014374,-35.278591
PMU.001,2026-07-09T06:10:19.6Z,1783577419,600000,1,0x0000,true,59.983387,-0.000443,0.000000,0.000000,0x0008,88,94.963768,-108.737564,64.978607,-144.194183,85.021416,73.222290,50.000000,1.321026
PMU.001,2026-07-09T06:10:19.633333Z,1783577419,633333,1,0x0000,true,60.006355,0.000766,0.000000,0.000000,0x0009,88,99.969376,-73.155037,69.974861,-108.336960,90.009933,108.402122,54.986744,37.110588
PMU.001,2026-07-09T06:10:19.666666Z,1783577419,666666,1,0x0000,true,59.991341,-0.000500,0.000000,0.000000,0x000A,88,50.000000,-37.053703,74.985260,-71.854553,94.996231,144.714050,59.999451,72.569260
PMU.001,2026-07-09T06:10:19.7Z,1783577419,700000,1,0x0000,true,60.009014,0.000589,0.000000,0.000000,0x000B,88,55.007980,-0.326206,79.970779,-36.346867,50.000000,-180.000000,64.990234,109.123299
PMU.001,2026-07-09T06:10:19.733333Z,1783577419,733333,1,0x0000,true,60.006176,-0.000095,0.000000,0.000000,0x000C,88,60.006355,36.124607,84.965416,-0.639315,55.001617,-144.132919,69.992012,145.891830
PMU.001,2026-07-09T06:10:19.766666Z,1783577419,766666,1,0x0000,true,59.987450,-0.000624,0.000000,0.000000,0x000D,88,65.004539,71.340866,89.949409,36.302208,59.986805,-107.977264,74.978737,-180.000000
PMU.001,2026-07-09T06:10:19.8Z,1783577419,800000,1,0x0000,true,59.998978,0.000384,0.000000,0.000000,0x000E,88,69.989655,108.220726,94.958282,72.079819,64.987068,-71.033585,79.991623,-143.647461
PMU.001,2026-07-09T06:10:19.833333Z,1783577419,833333,1,0x0000,true,59.986309,-0.000422,0.000000,0.000000,0x000F,88,75.000237,144.756821,99.968498,107.596542,70.003510,-35.646141,85.005806,-107.915657
PMU.001,2026-07-09T06:10:19.866666Z,1783577419,866666,1,0x0000,true,59.999916,0.000454,0.000000,0.000000,0x0000,88,79.999557,-180.000000,50.000000,143.464554,75.003258,0.887963,90.013756,-71.338013
PMU.001,2026-07-09T06:10:19.9Z,1783577419,900000,1,0x0000,true,60.013367,0.000448,0.000000,0.000000,0x0001,88,84.985207,-143.135818,55.014709,-180.000000,79.997414,36.087082,95.026184,-34.645485
PMU.001,2026-07-09T06:10:19.933333Z,1783577419,933333,1,0x0000,true,60.006741,-0.000221,0.000000,0.000000,0x0002,88,89.987122,-106.910629,60.003952,-144.817368,85.009361,71.220627,50.000000,2.026932
PMU.001,2026-07-09T06:10:19.966666Z,1783577419,966666,1,0x0000,true,59.984909,-0.000728,0.000000,0.000000,0x0003,88,94.989975,-70.707123,64.999756,-109.238457,90.000031,108.057182,55.015156,37.834385
PMU.001,2026-07-09T06:10:20Z,1783577420,0,1,0x0000,true,59.986214,0.000043,0.000000,0.000000,0x0004,88,50.000000,-34.727840,69.991653,-73.049408,95.014999,144.328705,60.015285,73.953377
PMU.001,2026-07-09T06:10:20.033333Z,1783577420,33333,1,0x0000,true,59.996326,0.000337,0.000000,0.000000,0x0005,88,54.994167,0.725350,74.985550,-36.273239,50.000000,179.705185,65.030540,110.737587
PMU.001,2026-07-09T06:10:20.066666Z,1783577420,66666,1,0x0000,true,59.985241,-0.000370,0.000000,0.000000,0x0006,88,59.989056,37.323338,79.979233,0.401685,55.003353,-180.000000,70.031181,147.341110
PMU.001,2026-07-09T06:10:20.1Z,1783577420,100000,1,0x0000,true,60.002357,0.000571,0.000000,0.000000,0x0007,88,64.998917,72.510910,84.967628,36.610554,59.991161,-144.867798,75.039070,-180.000000
PMU.001,2026-07-09T06:10:20.133333Z,1783577420,133333,1,0x0000,true,59.984406,-0.000598,0.000000,0.000000,0x0008,88,69.997154,108.910904,89.962143,72.387756,64.979576,-107.938629,80.029236,-144.547287
PMU.001,2026-07-09T06:10:20.166666Z,1783577420,166666,1,0x0000,true,60.015034,0.001021,0.000000,0.000000,0x0009,88,75.003304,144.051620,94.949791,108.370598,69.990166,-72.841331,85.034523,-108.033455
PMU.001,2026-07-09T06:10:20.2Z,1783577420,200000,1,0x0000,true,59.990185,-0.000828,0.000000,0.000000,0x000A,88,80.000137,179.821365,99.950874,144.397385,74.996201,-37.500515,90.045380,-71.354279
PMU.001,2026-07-09T06:10:20.233333Z,1783577420,233333,1,0x0000,true,59.983852,-0.000211,0.000000,0.000000,0x000B,88,85.001396,-180.000000,50.000000,179.653503,79.994957,-1.623702,95.038101,-34.525707
PMU.001,2026-07-09T06:10:20.266666Z,1783577420,266666,1,0x0000,true,60.002148,0.000610,0.000000,0.000000,0x000C,88,90.015663,-144.910110,55.004486,-180.000000,84.999161,34.196457,50.000000,1.023829
PMU.001,2026-07-09T06:10:20.3Z,1783577420,300000,1,0x0000,true,59.991131,-0.000367,0.000000,0.000000,0x000D,88,95.030022,-107.989571,60.002071,-144.506775,90.004074,69.683517,55.008629,36.396351
PMU.001,2026-07-09T06:10:20.333333Z,1783577420,333333,1,0x0000,true,60.003826,0.000423,0.000000,0.000000,0x000E,88,50.000000,-71.659584,65.001732,-107.684677,94.995895,106.069984,60.004196,73.029480
PMU.001,2026-07-09T06:10:20.366666Z,1783577420,366666,1,0x0000,true,59.988289,-0.000518,0.000000,0.000000,0x000F,88,55.006439,-35.771290,69.985077,-71.632370,99.991531,141.722275,64.998413,109.408257
PMU.001,2026-07-09T06:10:20.4Z,1783577420,400000,1,0x0000,true,60.006664,0.000613,0.000000,0.000000,0x0000,88,60.008324,0.557475,74.975815,-35.147923,50.000000,177.780701,69.992203,144.982056
PMU.001,2026-07-09T06:10:20.433333Z,1783577420,433333,1,0x0000,true,59.995590,-0.000369,0.000000,0.000000,0x0001,88,65.005287,36.540779,79.967026,1.018166,55.011105,-180.000000,75.008377,-180.000000
PMU.001,2026-07-09T06:10:20.466666Z,1783577420,466666,1,0x0000,true,59.987835,-0.000259,0.000000,0.000000,0x0002,88,70.019356,72.318153,84.953102,36.108643,60.024067,-143.184204,80.015556,-143.708725
PMU.001,2026-07-09T06:10:20.5Z,1783577420,500000,1,0x0000,true,60.000290,0.000415,0.000000,0.000000,0x0003,88,75.032127,109.194168,89.964745,71.966400,65.028458,-108.103928,85.014000,-107.822647
PMU.001,2026-07-09T06:10:20.533333Z,1783577420,533333,1,0x0000,true,60.000622,0.000011,0.000000,0.000000,0x0004,88,80.037331,145.190872,94.975533,108.769608,70.036888,-71.668915,89.999527,-71.109016
PMU.001,2026-07-09T06:10:20.566666Z,1783577420,566666,1,0x0000,true,59.996380,-0.000141,0.000000,0.000000,0x0005,88,85.020767,-180.000000,99.982994,145.184631,75.041000,-35.771587,94.984680,-35.958393
PMU.001,2026-07-09T06:10:20.6Z,1783577420,600000,1,0x0000,true,59.996506,0.000004,0.000000,0.000000,0x0006,88,90.026657,-143.950317,50.000000,-180.000000,80.056602,0.987562,99.994598,0.815503
PMU.001,2026-07-09T06:10:20.633333Z,1783577420,633333,1,0x0000,true,59.991436,-0.000169,0.000000,0.000000,0x0007,88,95.034966,-108.097641,54.989838,-143.432327,85.069168,37.287418,50.000000,36.477123
PMU.001,2026-07-09T06:10:20.666666Z,1783577420,666666,1,0x0000,true,60.009911,0.000616,0.000000,0.000000,0x0008,88,50.000000,-71.265808,59.985374,-106.661819,90.061729,73.634308,55.003277,71.546616
PMU.001,2026-07-09T06:10:20.7Z,1783577420,700000,1,0x0000,true,60.008991,-0.000031,0.000000,0.000000,0x0009,88,54.997746,-34.906799,64.992599,-70.963364,95.072708,108.902443,60.008190,107.435379
PMU.001,2026-07-09T06:10:20.733333Z,1783577420,733333,1,0x0000,true,60.015949,0.000232,0.000000,0.000000,0x000A,88,59.999149,0.998342,69.999062,-35.092030,50.000000,144.059540,65.015686,142.936539
PMU.001,2026-07-09T06:10:20.766666Z,1783577420,766666,1,0x0000,true,59.983746,-0.001073,0.000000,0.000000,0x000B,88,65.012863,36.765694,75.009506,1.461426,55.006851,179.368576,70.008476,179.214661
PMU.001,2026-07-09T06:10:20.8Z,1783577420,800000,1,0x0000,true,60.007324,0.000786,0.000000,0.000000,0x000C,88,70.005287,72.770966,80.015442,37.560951,59.990746,-180.000000,75.002007,-180.000000
PMU.001,2026-07-09T06:10:20.833333Z,1783577420,833333,1,0x0000,true,59.994511,-0.000427,0.000000,0.000000,0x000D,88,75.020523,107.985130,85.004112,73.984200,64.994896,-143.895477,79.990456,-143.476852
PMU.001,2026-07-09T06:10:20.866666Z,1783577420,866666,1,0x0000,true,60.011547,0.000568,0.000000,0.000000,0x000E,88,80.021095,143.446411,90.005615,109.778191,69.984116,-108.435936,84.985146,-107.285583
PMU.001,2026-07-09T06:10:20.9Z,1783577420,900000,1,0x0000,true,59.985237,-0.000877,0.000000,0.000000,0x000F,88,85.019356,178.882355,95.020058,145.827118,74.969559,-72.587151,89.983582,-71.459366
PMU.001,2026-07-09T06:10:20.933333Z,1783577420,933333,1,0x0000,true,60.012707,0.000916,0.000000,0.000000,0x0000,88,90.035889,-180.000000,50.000000,-180.000000,79.965309,-37.387856,94.987473,-35.948940
PMU.001,2026-07-09T06:10:20.966666Z,1783577420,966666,1,0x0000,true,60.000114,-0.000420,0.000000,0.000000,0x0001,88,95.022324,-143.081665,55.003784,-143.912964,84.975914,-2.227551,99.988556,-0.072358
PMU.001,2026-07-09T06:10:21Z,1783577421,0,1,0x0000,true,60.015980,0.000529,0.000000,0.000000,0x0002,88,50.000000,-107.679070,60.010670,-108.806458,89.975922,33.679337,50.000000,36.713776
PMU.001,2026-07-09T06:10:21.033333Z,1783577421,33333,1,0x0000,true,59.984020,-0.001065,0.000000,0.000000,0x0003,88,54.991341,-71.759476,65.012978,-72.838600,94.982300,69.746223,54.989796,73.340492
PMU.001,2026-07-09T06:10:21.066666Z,1783577421,66666,1,0x0000,true,59.993561,0.000318,0.000000,0.000000,0x0004,88,59.998829,-36.166691,70.028183,-36.620113,99.978836,105.576935,60.003113,109.530884
PMU.001,2026-07-09T06:10:21.1Z,1783577421,100000,1,0x0000,true,59.986698,-0.000229,0.000000,0.000000,0x0005,88,64.996307,0.783751,75.024139,0.194056,50.000000,141.382462,64.990921,145.724777
PMU.001,2026-07-09T06:10:21.133333Z,1783577421,133333,1,0x0000,true,60.006737,0.000668,0.000000,0.000000,0x0006,88,69.991035,36.118389,80.010216,36.021908,54.995869,177.946808,69.981430,-180.000000
PMU.001,2026-07-09T06:10:21.166666Z,1783577421,166666,1,0x0000,true,60.004028,-0.000090,0.000000,0.000000,0x0007,88,74.975296,71.320129,85.004944,71.844109,59.979488,-180.000000,74.989754,-144.921478
PMU.001,2026-07-09T06:10:21.2Z,1783577421,200000,1,0x0000,true,60.006760,0.000091,0.000000,0.000000,0x0008,88,79.963562,108.036377,90.002022,107.488708,64.976349,-144.771393,80.000488,-108.003502
PMU.001,2026-07-09T06:10:21.233333Z,1783577421,233333,1,0x0000,true,60.005165,-0.000053,0.000000,0.000000,0x0009,88,84.950523,144.891113,94.997055,142.949707,69.960739,-108.467285,85.011169,-72.486542
PMU.001,2026-07-09T06:10:21.266666Z,1783577421,266666,1,0x0000,true,60.005486,0.000011,0.000000,0.000000,0x000A,88,89.956436,-180.000000,50.000000,178.994858,74.967621,-73.350754,90.016144,-36.725777
PMU.001,2026-07-09T06:10:21.3Z,1783577421,300000,1,0x0000,true,60.008877,0.000113,0.000000,0.000000,0x000B,88,94.956902,-144.068527,55.004471,-180.000000,79.959679,-37.679340,95.020523,-0.603229
PMU.001,2026-07-09T06:10:21.333333Z,1783577421,333333,1,0x0000,true,60.005264,-0.000120,0.000000,0.000000,0x000C,88,99.945610,-108.324249,60.007706,-144.828629,84.970085,-1.671091,50.000000,35.858135
PMU.001,2026-07-09T06:10:21.366666Z,1783577421,366666,1,0x0000,true,59.999470,-0.000193,0.000000,0.000000,0x000D,88,50.000000,-72.687637,64.997383,-108.102760,89.964539,35.008144,54.991131,72.267853
PMU.001,2026-07-09T06:10:21.4Z,1783577421,400000,1,0x0000,true,60.014843,0.000512,0.000000,0.000000,0x000E,88,54.985832,-36.950478,70.012207,-72.676910,94.951782,70.961716,59.998878,109.097122
PMU.001,2026-07-09T06:10:21.433333Z,1783577421,433333,1,0x0000,true,59.990288,-0.000819,0.000000,0.000000,0x000F,88,59.981499,-0.378835,75.009712,-35.959435,99.944885,107.782066,64.988235,144.539352
PMU.001,2026-07-09T06:10:21.466666Z,1783577421,466666,1,0x0000,true,59.983868,-0.000214,0.000000,0.000000,0x0000,88,64.965355,35.411598,80.011192,-0.073469,50.000000,143.883514,69.981880,179.938522
PMU.001,2026-07-09T06:10:21.5Z,1783577421,500000,1,0x0000,true,59.997879,0.000467,0.000000,0.000000,0x0001,88,69.954750,71.577042,85.024612,35.175255,55.015572,-180.000000,74.983803,-180.000000
PMU.001,2026-07-09T06:10:21.533333Z,1783577421,533333,1,0x0000,true,59.991539,-0.000211,0.000000,0.000000,0x0002,88,74.968079,108.009789,90.028770,70.873360,60.028751,-143.084061,79.969383,-144.536560
PMU.001,2026-07-09T06:10:21.566666Z,1783577421,566666,1,0x0000,true,59.994205,0.000089,0.000000,0.000000,0x0003,88,79.967339,144.459213,95.033577,107.283844,65.037636,-106.168007,84.981445,-108.825569
PMU.001,2026-07-09T06:10:21.6Z,1783577421,600000,1,0x0000,true,59.987881,-0.000211,0.000000,0.000000,0x0004,88,84.959854,-180.000000,50.000000,143.741302,70.042854,-70.972038,89.968773,-73.083221
PMU.001,2026-07-09T06:10:21.633333Z,1783577421,633333,1,0x0000,true,60.003887,0.000534,0.000000,0.000000,0x0005,88,89.956383,-144.511307,54.997631,179.617416,75.032921,-34.680111,94.972389,-36.306938
PMU.001,2026-07-09T06:10:21.666666Z,1783577421,666666,1,0x0000,true,60.004959,0.000036,0.000000,0.000000,0x0006,88,94.969902,-107.619507,60.000492,-180.000000,80.045532,0.738515,99.974777,-0.724471
PMU.001,2026-07-09T06:10:21.7Z,1783577421,700000,1,0x0000,true,59.987740,-0.000574,0.000000,0.000000,0x0007,88,99.961861,-71.113899,64.996864,-144.699295,85.035378,36.016964,50.000000,35.461491
PMU.001,2026-07-09T06:10:21.733333Z,1783577421,733333,1,0x0000,true,59.992054,0.000144,0.000000,0.000000,0x0008,88,50.000000,-34.453899,70.003448,-109.342041,90.043472,72.666649,54.997860,72.238945
PMU.001,2026-07-09T06:10:21.766666Z,1783577421,766666,1,0x0000,true,60.014946,0.000763,0.000000,0.000000,0x0009,88,55.015987,1.309315,74.997894,-74.185349,95.053574,108.406082,60.001423,109.176567
PMU.001,2026-07-09T06:10:21.8Z,1783577421,800000,1,0x0000,true,60.013298,-0.000055,0.000000,0.000000,0x000A,88,59.999550,37.368679,79.984344,-38.462296,50.000000,143.917328,64.990311,145.707474
PMU.001,2026-07-09T06:10:21.833333Z,1783577421,833333,1,0x0000,true,59.986721,-0.000886,0.000000,0.000000,0x000B,88,64.997124,73.052391,84.996536,-3.044250,55.003963,179.222595,69.978256,-180.000000
PMU.001,2026-07-09T06:10:21.866666Z,1783577421,866666,1,0x0000,true,60.007065,0.000678,0.000000,0.000000,0x000C,88,69.997696,108.215088,89.993958,32.493454,59.993782,-180.000000,74.991508,-144.572586
PMU.001,2026-07-09T06:10:21.9Z,1783577421,900000,1,0x0000,true,60.013805,0.000225,0.000000,0.000000,0x000D,88,74.993904,143.373871,94.983414,67.645653,64.985519,-144.867798,79.990517,-109.188286
PMU.001,2026-07-09T06:10:21.933333Z,1783577421,933333,1,0x0000,true,60.006340,-0.000249,0.000000,0.000000,0x000E,88,79.988770,-180.000000,99.996826,103.033508,69.995827,-108.390457,85.004990,-73.423264
PMU.001,2026-07-09T06:10:21.966666Z,1783577421,966666,1,0x0000,true,60.013638,0.000243,0.000000,0.000000,0x000F,88,84.972733,-144.687103,50.000000,138.180405,74.988045,-72.743874,90.001373,-36.862000
PMU.001,2026-07-09T06:10:22Z,1783577422,0,1,0x0000,true,59.987492,-0.000872,0.000000,0.000000,0x0000,88,89.957748,-108.567184,55.014645,173.693924,79.994965,-36.956059,94.995293,-0.301256
PMU.001,2026-07-09T06:10:22.033333Z,1783577422,33333,1,0x0000,true,59.993866,0.000212,0.000000,0.000000,0x0001,88,94.957428,-73.127518,60.021965,-180.000000,84.984726,-1.561680,50.000000,35.894615
PMU.001,2026-07-09T06:10:22.066666Z,1783577422,66666,1,0x0000,true,60.013767,0.000663,0.000000,0.000000,0x0002,88,99.953232,-36.825912,65.033012,-143.163513,89.980858,34.535282,54.990265,71.623260
PMU.001,2026-07-09T06:10:22.1Z,1783577422,100000,1,0x0000,true,60.005802,-0.000266,0.000000,0.000000,0x0003,88,50.000000,-0.680344,70.019066,-106.793602,94.966125,70.233978,59.981701,107.602654
PMU.001,2026-07-09T06:10:22.133333Z,1783577422,133333,1,0x0000,true,59.998554,-0.000242,0.000000,0.000000,0x0004,88,54.989475,35.775192,75.007072,-71.119507,99.977493,106.289261,64.975815,143.310791
PMU.001,2026-07-09T06:10:22.166666Z,1783577422,166666,1,0x0000,true,59.996727,-0.000061,0.000000,0.000000,0x0005,88,59.991936,70.903671,80.003830,-36.068489,50.000000,142.057541,69.979103,178.738281
PMU.001,2026-07-09T06:10:22.2Z,1783577422,200000,1,0x0000,true,59.994709,-0.000067,0.000000,0.000000,0x0006,88,64.980759,107.002144,85.003105,0.017686,54.995152,178.873047,74.981430,-180.000000
PMU.001,2026-07-09T06:10:22.233333Z,1783577422,233333,1,0x0000,true,60.010162,0.000515,0.000000,0.000000,0x0007,88,69.981689,143.587662,89.999207,36.882858,59.987827,-180.000000,79.965698,-143.607880
PMU.001,2026-07-09T06:10:22.266666Z,1783577422,266666,1,0x0000,true,60.015648,0.000183,0.000000,0.000000,0x0008,88,74.985596,179.018646,94.991058,73.014847,64.987434,-143.943085,84.955704,-106.693520
PMU.001,2026-07-09T06:10:22.3Z,1783577422,300000,1,0x0000,true,59.990032,-0.000854,0.000000,0.000000,0x0009,88,79.994041,-180.000000,99.989052,108.786919,69.985222,-108.511398,89.955330,-71.035568
PMU.001,2026-07-09T06:10:22.333333Z,1783577422,333333,1,0x0000,true,60.007362,0.000578,0.000000,0.000000,0x000A,88,84.999985,-144.100510,50.000000,144.638718,74.977188,-72.135483,94.945930,-34.378887
PMU.001,2026-07-09T06:10:22.366666Z,1783577422,366666,1,0x0000,true,59.984520,-0.000761,0.000000,0.000000,0x000B,88,90.001167,-108.234726,55.011791,-180.000000,79.970039,-35.886749,99.942795,1.180501
PMU.001,2026-07-09T06:10:22.4Z,1783577422,400000,1,0x0000,true,60.013870,0.000978,0.000000,0.000000,0x000C,88,94.997391,-71.913536,60.027321,-144.164413,84.963837,-0.010403,50.000000,36.896210
PMU.001,2026-07-09T06:10:22.433333Z,1783577422,433333,1,0x0000,true,59.997074,-0.000560,0.000000,0.000000,0x000D,88,50.000000,-36.599651,65.039810,-108.372810,89.959274,36.025589,54.990952,73.198044
PMU.001,2026-07-09T06:10:22.466666Z,1783577422,466666,1,0x0000,true,60.007774,0.000357,0.000000,0.000000,0x000E,88,54.989868,-0.666183,70.046745,-71.549370,94.967552,71.109421,59.996933,109.095665
PMU.001,2026-07-09T06:10:22.5Z,1783577422,500000,1,0x0000,true,60.008389,0.000020,0.000000,0.000000,0x000F,88,59.993240,34.766197,75.030228,-36.024490,99.969421,107.973312,64.991859,145.521255
PMU.001,2026-07-09T06:10:22.533333Z,1783577422,533333,1,0x0000,true,59.988232,-0.000672,0.000000,0.000000,0x0000,88,64.997482,70.870796,80.039032,-0.033670,50.000000,144.398605,69.998711,-180.000000
PMU.001,2026-07-09T06:10:22.566666Z,1783577422,566666,1,0x0000,true,60.006275,0.000601,0.000000,0.000000,0x0001,88,70.012970,106.576889,85.050484,36.016369,54.983582,179.477310,75.012650,-144.085541
PMU.001,2026-07-09T06:10:22.6Z,1783577422,600000,1,0x0000,true,60.009991,0.000124,0.000000,0.000000,0x0002,88,75.017769,143.477448,90.054359,72.819519,59.975540,-180.000000,80.006950,-107.742561
PMU.001,2026-07-09T06:10:22.633333Z,1783577422,633333,1,0x0000,true,59.989807,-0.000673,0.000000,0.000000,0x0003,88,80.012070,-180.000000,95.043007,108.204575,64.991432,-143.072052,85.010201,-72.099297
PMU.001,2026-07-09T06:10:22.666666Z,1783577422,666666,1,0x0000,true,59.995178,0.000179,0.000000,0.000000,0x0004,88,85.024979,-143.229614,50.000000,144.714783,69.996788,-107.365379,90.009048,-35.810871
PMU.001,2026-07-09T06:10:22.7Z,1783577422,700000,1,0x0000,true,60.005348,0.000339,0.000000,0.000000,0x0005,88,90.036308,-106.977554,55.002800,179.992706,75.011154,-72.007080,95.002716,0.114962
PMU.001,2026-07-09T06:10:22.733333Z,1783577422,733333,1,0x0000,true,59.989876,-0.000516,0.000000,0.000000,0x0006,88,95.020401,-71.621231,60.012497,-180.000000,80.007347,-35.595722,50.000000,35.559875
PMU.001,2026-07-09T06:10:22.766666Z,1783577422,766666,1,0x0000,true,60.004696,0.000494,0.000000,0.000000,0x0007,88,50.000000,-36.497242,65.028244,-143.057785,85.012665,0.911688,54.990013,72.093460
PMU.001,2026-07-09T06:10:22.8Z,1783577422,800000,1,0x0000,true,59.989311,-0.000513,0.000000,0.000000,0x0008,88,55.015900,-0.093406,70.038437,-106.883530,90.019867,36.266144,60.005081,107.432121
PMU.001,2026-07-09T06:10:22.833333Z,1783577422,833333,1,0x0000,true,60.001587,0.000409,0.000000,0.000000,0x0009,88,60.031143,35.245663,75.031609,-71.547852,95.019897,71.859680,65.000946,143.626068
PMU.001,2026-07-09T06:10:22.866666Z,1783577422,866666,1,0x0000,true,59.998295,-0.000110,0.000000,0.000000,0x000A,88,65.036636,70.617310,80.034683,-35.501366,50.000000,108.153824,70.017380,179.097977
PMU.001,2026-07-09T06:10:22.9Z,1783577422,900000,1,0x0000,true,59.988472,-0.000327,0.000000,0.000000,0x000B,88,70.049995,106.918098,85.031448,0.818654,54.988911,144.512024,75.007271,-180.000000
PMU.001,2026-07-09T06:10:22.933333Z,1783577422,933333,1,0x0000,true,60.012684,0.000807,0.000000,0.000000,0x000C,88,75.060493,142.480103,90.037834,37.501854,59.977623,-180.000000,80.014938,-144.183395
PMU.001,2026-07-09T06:10:22.966666Z,1783577422,966666,1,0x0000,true,60.006424,-0.000209,0.000000,0.000000,0x000D,88,80.047508,178.708679,95.035866,73.875084,64.978645,-144.904175,85.003159,-107.541405
PMU.001,2026-07-09T06:10:23Z,1783577423,0,1,0x0000,true,59.999157,-0.000242,0.000000,0.000000,0x000E,88,85.048698,-180.000000,50.000000,109.301178,69.964287,-109.187988,90.017113,-72.477333
PMU.001,2026-07-09T06:10:23.033333Z,1783577423,33333,1,0x0000,true,60.016384,0.000574,0.000000,0.000000,0x000F,88,90.043503,-143.240265,54.999840,144.830841,74.963455,-72.240349,95.002716,-36.891014
PMU.001,2026-07-09T06:10:23.066666Z,1783577423,66666,1,0x0000,true,60.010590,-0.000193,0.000000,0.000000,0x0000,88,95.034813,-107.040085,60.013462,-180.000000,79.971138,-35.748619,50.000000,-1.712000
PMU.001,2026-07-09T06:10:23.1Z,1783577423,100000,1,0x0000,true,60.012352,0.000059,0.000000,0.000000,0x0001,88,50.000000,-70.098679,65.016472,-143.448181,84.984383,0.928054,54.988884,33.658600
PMU.001,2026-07-09T06:10:23.133333Z,1783577423,133333,1,0x0000,true,59.998077,-0.000476,0.000000,0.000000,0x0002,88,54.993309,-34.353237,70.014420,-106.722427,89.990028,37.147999,59.974621,69.618118
PMU.001,2026-07-09T06:10:23.166666Z,1783577423,166666,1,0x0000,true,59.992397,-0.000189,0.000000,0.000000,0x0003,88,59.981995,0.905101,75.024506,-69.792328,94.990570,73.189064,64.959106,105.303520
PMU.001,2026-07-09T06:10:23.2Z,1783577423,200000,1,0x0000,true,59.997803,0.000180,0.000000,0.000000,0x0004,88,64.973869,37.097824,80.038513,-34.440556,99.977432,108.766693,69.966858,141.655777
PMU.001,2026-07-09T06:10:23.233333Z,1783577423,233333,1,0x0000,true,60.007042,0.000308,0.000000,0.000000,0x0005,88,69.979683,72.903999,85.034767,2.305477,50.000000,145.515640,74.963745,177.255676
PMU.001,2026-07-09T06:10:23.266666Z,1783577423,266666,1,0x0000,true,60.010540,0.000117,0.000000,0.000000,0x0006,88,74.975220,108.161636,90.032883,37.682777,54.987644,-180.000000,79.949623,-180.000000
PMU.001,2026-07-09T06:10:23.3Z,1783577423,300000,1,0x0000,true,60.016411,0.000196,0.000000,0.000000,0x0007,88,79.960892,144.497284,95.043015,73.517273,59.992874,-143.748642,84.959511,-143.183670
PMU.001,2026-07-09T06:10:23.333333Z,1783577423,333333,1,0x0000,true,60.015888,-0.000017,0.000000,0.000000,0x0008,88,84.967300,-180.000000,50.000000,109.724739,64.984497,-107.768723,89.958832,-107.113640
PMU.001,2026-07-09T06:10:23.366666Z,1783577423,366666,1,0x0000,true,59.986069,-0.000994,0.000000,0.000000,0x0009,88,89.961029,-144.100052,55.008324,146.043472,69.975983,-71.305138,94.974861,-70.561470
PMU.001,2026-07-09T06:10:23.4Z,1783577423,400000,1,0x0000,true,60.001862,0.000526,0.000000,0.000000,0x000A,88,94.965752,-108.775261,60.008305,-180.000000,74.969414,-34.370724,99.984978,-35.136196
PMU.001,2026-07-09T06:10:23.433333Z,1783577423,433333,1,0x0000,true,60.016212,0.000478,0.000000,0.000000,0x000B,88,99.953690,-73.220306,64.996712,-144.923172,79.984116,2.338589,50.000000,0.256084
PMU.001,2026-07-09T06:10:23.466666Z,1783577423,466666,1,0x0000,true,60.005562,-0.000355,0.000000,0.000000,0x000C,88,50.000000,-37.535950,69.999855,-109.257530,84.982300,37.395142,54.996231,35.412773
PMU.001,2026-07-09T06:10:23.5Z,1783577423,500000,1,0x0000,true,60.009094,0.000118,0.000000,0.000000,0x000D,88,54.997543,-1.151290,75.012466,-73.590668,89.994797,73.496063,59.996532,71.322746
PMU.001,2026-07-09T06:10:23.533333Z,1783577423,533333,1,0x0000,true,60.014587,0.000183,0.000000,0.000000,0x000E,88,59.987392,34.209751,80.017624,-38.065609,94.992157,109.050438,65.002998,107.627960
PMU.001,2026-07-09T06:10:23.566666Z,1783577423,566666,1,0x0000,true,60.014030,-0.000019,0.000000,0.000000,0x000F,88,64.999794,71.062798,85.004356,-2.424619,99.990547,144.583069,70.009712,143.382660
PMU.001,2026-07-09T06:10:23.6Z,1783577423,600000,1,0x0000,true,60.001389,-0.000421,0.000000,0.000000,0x0000,88,69.990509,106.921715,89.996414,33.626064,50.000000,179.894684,75.020454,179.461792
PMU.001,2026-07-09T06:10:23.633333Z,1783577423,633333,1,0x0000,true,59.994232,-0.000239,0.000000,0.000000,0x0001,88,74.977165,142.906769,94.985992,69.077156,55.006626,-180.000000,80.019440,-180.000000
PMU.001,2026-07-09T06:10:23.666666Z,1783577423,666666,1,0x0000,true,60.015640,0.000714,0.000000,0.000000,0x0002,88,79.979446,179.148911,99.996078,104.641731,60.006569,-143.141785,85.024071,-144.250656
PMU.001,2026-07-09T06:10:23.7Z,1783577423,700000,1,0x0000,true,60.014133,-0.000050,0.000000,0.000000,0x0003,88,84.964729,-180.000000,50.000000,141.358261,65.010910,-106.791679,90.037041,-108.448914
PMU.001,2026-07-09T06:10:23.733333Z,1783577423,733333,1,0x0000,true,60.006104,-0.000268,0.000000,0.000000,0x0004,88,89.963852,-143.994492,54.988068,177.772888,70.004951,-70.580070,95.034340,-72.386055
PMU.001,2026-07-09T06:10:23.766666Z,1783577423,766666,1,0x0000,true,59.995449,-0.000355,0.000000,0.000000,0x0005,88,94.964951,-107.381821,59.995884,-180.000000,75.016556,-34.358032,50.000000,-35.836739
PMU.001,2026-07-09T06:10:23.8Z,1783577423,800000,1,0x0000,true,60.012127,0.000556,0.000000,0.000000,0x0006,88,99.979561,-72.080002,64.983208,-143.465439,80.006340,0.874602,54.996269,0.648931
PMU.001,2026-07-09T06:10:23.833333Z,1783577423,833333,1,0x0000,true,60.014526,0.000080,0.000000,0.000000,0x0007,88,50.000000,-36.720596,69.996155,-107.893692,85.019638,36.776245,59.981167,37.226166
PMU.001,2026-07-09T06:10:23.866666Z,1783577423,866666,1,0x0000,true,59.985138,-0.000980,0.000000,0.000000,0x0008,88,54.986568,-0.592512,74.994102,-71.524361,90.020660,72.577461,64.977730,73.710442
PMU.001,2026-07-09T06:10:23.9Z,1783577423,900000,1,0x0000,true,59.991074,0.000198,0.000000,0.000000,0x0009,88,59.973442,35.500717,79.985863,-35.677391,95.035370,108.735504,69.967514,109.341110
PMU.001,2026-07-09T06:10:23.933333Z,1783577423,933333,1,0x0000,true,60.001465,0.000346,0.000000,0.000000,0x000A,88,64.985428,70.716980,84.985558,0.874608,50.000000,144.862366,74.982841,144.497910
PMU.001,2026-07-09T06:10:23.966666Z,1783577423,966666,1,0x0000,true,59.995991,-0.000182,0.000000,0.000000,0x000B,88,69.995094,107.145126,90.000534,36.653152,54.997665,-180.000000,79.981560,179.671097
PMU.001,2026-07-09T06:10:24Z,1783577424,0,1,0x0000,true,60.005421,0.000314,0.000000,0.000000,0x000C,88,75.003944,142.346573,94.986282,72.344612,59.996532,-143.431686,84.995705,-180.000000
PMU.001,2026-07-09T06:10:24.033333Z,1783577424,33333,1,0x0000,true,59.994915,-0.000350,0.000000,0.000000,0x000D,88,79.990662,178.546356,99.982147,107.499031,64.984756,-108.026062,89.999741,-144.602127
PMU.001,2026-07-09T06:10:24.066666Z,1783577424,66666,1,0x0000,true,60.004776,0.000329,0.000000,0.000000,0x000E,88,85.000687,-180.000000,50.000000,143.021164,69.996078,-72.744812,94.983559,-109.389595
PMU.001,2026-07-09T06:10:24.1Z,1783577424,100000,1,0x0000,true,59.991482,-0.000443,0.000000,0.000000,0x000F,88,90.003365,-143.510483,55.005276,178.102722,74.992897,-37.570290,99.996994,-73.646149
PMU.001,2026-07-09T06:10:24.133333Z,1783577424,133333,1,0x0000,true,59.992287,0.000027,0.000000,0.000000,0x0000,88,95.007568,-107.354713,60.008095,-180.000000,79.997620,-1.887859,50.000000,-38.534336
PMU.001,2026-07-09T06:10:24.166666Z,1783577424,166666,1,0x0000,true,59.984764,-0.000251,0.000000,0.000000,0x0001,88,50.000000,-71.504654,64.996422,-144.771683,85.013374,34.492897,55.014900,-2.698031
PMU.001,2026-07-09T06:10:24.2Z,1783577424,200000,1,0x0000,true,60.015842,0.001036,0.000000,0.000000,0x0002,88,54.989792,-34.561092,69.984177,-108.212975,90.004547,70.986435,60.020462,33.599724
PMU.001,2026-07-09T06:10:24.233333Z,1783577424,233333,1,0x0000,true,59.989079,-0.000892,0.000000,0.000000,0x0003,88,59.995449,1.788655,74.999763,-72.389198,95.008072,106.419930,65.006958,69.672203
PMU.001,2026-07-09T06:10:24.266666Z,1783577424,266666,1,0x0000,true,59.995205,0.000204,0.000000,0.000000,0x0004,88,65.009026,38.217144,80.012306,-37.117630,50.000000,142.494049,70.017029,105.356674
PMU.001,2026-07-09T06:10:24.3Z,1783577424,300000,1,0x0000,true,59.993053,-0.000072,0.000000,0.000000,0x0005,88,69.999725,73.887627,85.009842,-1.955868,54.995861,178.368820,75.032257,141.213089
PMU.001,2026-07-09T06:10:24.333333Z,1783577424,333333,1,0x0000,true,60.014580,0.000718,0.000000,0.000000,0x0006,88,74.990227,110.409088,89.997902,34.149021,59.996292,-180.000000,80.038849,177.816254
PMU.001,2026-07-09T06:10:24.366666Z,1783577424,366666,1,0x0000,true,60.004906,-0.000322,0.000000,0.000000,0x0007,88,79.999321,145.617935,95.013771,70.001122,65.002625,-144.196228,85.034683,-180.000000
PMU.001,2026-07-09T06:10:24.4Z,1783577424,400000,1,0x0000,true,60.002907,-0.000067,0.000000,0.000000,0x0008,88,85.005318,-180.000000,50.000000,106.929298,70.002808,-108.633980,90.018661,-144.330460
PMU.001,2026-07-09T06:10:24.433333Z,1783577424,433333,1,0x0000,true,59.987827,-0.000503,0.000000,0.000000,0x0009,88,90.007736,-144.755417,54.990959,143.850708,74.995476,-72.472557,95.017235,-107.530281
PMU.001,2026-07-09T06:10:24.466666Z,1783577424,466666,1,0x0000,true,60.010654,0.000761,0.000000,0.000000,0x000A,88,94.991753,-109.017273,60.004429,179.731018,79.996193,-36.253662,50.000000,-71.586441
PMU.001,2026-07-09T06:10:24.5Z,1783577424,500000,1,0x0000,true,60.012505,0.000062,0.000000,0.000000,0x000B,88,99.998474,-72.851242,64.995293,-180.000000,85.012161,-0.159673,55.004898,-35.294167
PMU.001,2026-07-09T06:10:24.533333Z,1783577424,533333,1,0x0000,true,59.998558,-0.000465,0.000000,0.000000,0x000C,88,50.000000,-36.155045,70.005432,-143.841202,90.028488,36.065228,59.990345,1.035938
PMU.001,2026-07-09T06:10:24.566666Z,1783577424,566666,1,0x0000,true,59.988811,-0.000325,0.000000,0.000000,0x000D,88,54.996052,-0.275956,75.011826,-106.960297,95.015236,71.125916,64.979858,37.071758
PMU.001,2026-07-09T06:10:24.6Z,1783577424,600000,1,0x0000,true,59.999527,0.000357,0.000000,0.000000,0x000E,88,60.000957,35.707462,80.024445,-70.712898,50.000000,107.104729,69.987564,72.995316
PMU.001,2026-07-09T06:10:24.633333Z,1783577424,633333,1,0x0000,true,59.998455,-0.000036,0.000000,0.000000,0x000F,88,64.984665,71.314529,85.038628,-35.314907,54.987240,142.486053,74.977867,108.043358
PMU.001,2026-07-09T06:10:24.666666Z,1783577424,666666,1,0x0000,true,59.995598,-0.000095,0.000000,0.000000,0x0000,88,69.971222,107.999359,90.034851,0.181183,59.989075,179.437073,79.967812,144.830597
PMU.001,2026-07-09T06:10:24.7Z,1783577424,700000,1,0x0000,true,60.013348,0.000592,0.000000,0.000000,0x0001,88,74.955330,143.934280,95.040016,36.661549,64.985069,-180.000000,84.966438,-180.000000
PMU.001,2026-07-09T06:10:24.733333Z,1783577424,733333,1,0x0000,true,59.996571,-0.000559,0.000000,0.000000,0x0002,88,79.948860,-180.000000,50.000000,73.144073,69.996811,-144.774063,89.953232,-143.589233
PMU.001,2026-07-09T06:10:24.766666Z,1783577424,766666,1,0x0000,true,59.997349,0.000026,0.000000,0.000000,0x0003,88,84.936584,-143.479248,55.014881,109.784660,74.994774,-108.416916,94.955238,-106.866051
PMU.001,2026-07-09T06:10:24.8Z,1783577424,800000,1,0x0000,true,60.011528,0.000473,0.000000,0.000000,0x0004,88,89.952774,-108.054611,60.015499,146.542343,80.000229,-72.327827,99.939095,-70.568001
PMU.001,2026-07-09T06:10:24.833333Z,1783577424,833333,1,0x0000,true,59.997005,-0.000484,0.000000,0.000000,0x0005,88,94.945023,-72.678352,65.016159,-180.000000,84.986404,-36.586117,50.000000,-33.760880
PMU.001,2026-07-09T06:10:24.866666Z,1783577424,866666,1,0x0000,true,59.998196,0.000040,0.000000,0.000000,0x0006,88,99.937698,-36.209705,70.011009,-144.076324,89.977180,-0.912372,54.995190,2.382533
PMU.001,2026-07-09T06:10:24.9Z,1783577424,900000,1,0x0000,true,60.009243,0.000368,0.000000,0.000000,0x0007,88,50.000000,-1.135782,75.025444,-108.362717,94.973419,35.088707,60.004284,38.034946
PMU.001,2026-07-09T06:10:24.933333Z,1783577424,933333,1,0x0000,true,59.986950,-0.000743,0.000000,0.000000,0x0008,88,55.015289,33.985878,80.019188,-73.183586,99.973053,70.868004,64.995567,73.177353
PMU.001,2026-07-09T06:10:24.966666Z,1783577424,966666,1,0x0000,true,59.983692,-0.000109,0.000000,0.000000,0x0009,88,60.007328,70.571274,85.017570,-36.463608,50.000000,106.226364,69.983650,109.383255
PMU.001,2026-07-09T06:10:25Z,1783577425,0,1,0x0000,true,60.002289,0.000620,0.000000,0.000000,0x000A,88,64.995766,106.285065,90.027863,0.188061,55.000946,141.468445,74.993355,146.070709
PMU.001,2026-07-09T06:10:25.033333Z,1783577425,33333,1,0x0000,true,59.986057,-0.000541,0.000000,0.000000,0x000B,88,69.992310,142.055679,95.023621,36.170895,60.011925,177.415619,79.994316,-180.000000
PMU.001,2026-07-09T06:10:25.066666Z,1783577425,66666,1,0x0000,true,60.007141,0.000703,0.000000,0.000000,0x000C,88,75.006874,178.133820,50.000000,71.752609,64.999443,-180.000000,84.988319,-143.315292
PMU.001,2026-07-09T06:10:25.1Z,1783577425,100000,1,0x0000,true,59.996628,-0.000350,0.000000,0.000000,0x000D,88,80.021011,-180.000000,55.000885,107.328896,70.012115,-143.155594,89.994171,-107.071800
PMU.001,2026-07-09T06:10:25.133333Z,1783577425,133333,1,0x0000,true,60.003590,0.000232,0.000000,0.000000,0x000E,88,85.023499,-144.545761,59.990589,143.274841,75.002823,-107.131081,94.991219,-70.512978
PMU.001,2026-07-09T06:10:25.166666Z,1783577425,166666,1,0x0000,true,59.990070,-0.000451,0.000000,0.000000,0x000F,88,90.014435,-107.660362,65.006180,179.677094,80.006622,-70.936661,99.988251,-34.995327
PMU.001,2026-07-09T06:10:25.2Z,1783577425,200000,1,0x0000,true,60.000145,0.000336,0.000000,0.000000,0x0000,88,95.022568,-71.384933,70.016205,-180.000000,85.010323,-35.206673,50.000000,1.947188
PMU.001,2026-07-09T06:10:25.233333Z,1783577425,233333,1,0x0000,true,59.985088,-0.000502,0.000000,0.000000,0x0001,88,50.000000,-35.780434,75.030106,-144.228516,89.995483,0.910860,55.016006,37.141006
PMU.001,2026-07-09T06:10:25.266666Z,1783577425,266666,1,0x0000,true,59.996281,0.000373,0.000000,0.000000,0x0002,88,54.993309,0.341822,80.021378,-108.316963,95.001442,37.748055,60.002129,72.882240
PMU.001,2026-07-09T06:10:25.3Z,1783577425,300000,1,0x0000,true,60.010910,0.000488,0.000000,0.000000,0x0003,88,59.991539,36.109234,85.009880,-71.420441,99.991776,73.723839,65.003571,108.858551
PMU.001,2026-07-09T06:10:25.333333Z,1783577425,333333,1,0x0000,true,60.001949,-0.000299,0.000000,0.000000,0x0004,88,64.977295,71.255310,89.995102,-34.832886,50.000000,110.258995,70.017792,145.556488
PMU.001,2026-07-09T06:10:25.366666Z,1783577425,366666,1,0x0000,true,59.991638,-0.000344,0.000000,0.000000,0x0005,88,69.970695,106.901375,95.001907,1.560226,55.010677,145.724548,75.034210,-180.000000
PMU.001,2026-07-09T06:10:25.4Z,1783577425,400000,1,0x0000,true,59.999458,0.000261,0.000000,0.000000,0x0006,88,74.977356,142.562469,50.000000,37.159714,60.011883,-180.000000,80.046394,-144.499557
PMU.001,2026-07-09T06:10:25.433333Z,1783577425,433333,1,0x0000,true,60.010883,0.000381,0.000000,0.000000,0x0007,88,79.963928,178.374588,54.987171,72.364952,65.021049,-144.004120,85.035583,-107.803932
PMU.001,2026-07-09T06:10:25.466666Z,1783577425,466666,1,0x0000,true,59.996101,-0.000493,0.000000,0.000000,0x0008,88,84.959106,-180.000000,59.999161,108.075241,70.005898,-108.456558,90.032166,-72.059723
PMU.001,2026-07-09T06:10:25.5Z,1783577425,500000,1,0x0000,true,60.001324,0.000174,0.000000,0.000000,0x0009,88,89.956322,-144.445740,64.996460,143.983704,75.020851,-72.932144,95.046265,-36.161755
PMU.001,2026-07-09T06:10:25.533333Z,1783577425,533333,1,0x0000,true,60.004372,0.000102,0.000000,0.000000,0x000A,88,94.955872,-107.812080,70.009193,-180.000000,80.014755,-37.664303,50.000000,0.377073
PMU.001,2026-07-09T06:10:25.566666Z,1783577425,566666,1,0x0000,true,59.985073,-0.000643,0.000000,0.000000,0x000B,88,99.954185,-71.870399,74.996338,-144.817734,85.014549,-2.370467,54.993538,35.905392
PMU.001,2026-07-09T06:10:25.6Z,1783577425,600000,1,0x0000,true,59.985043,-0.000001,0.000000,0.000000,0x000C,88,50.000000,-35.201714,79.992546,-108.691338,90.004501,33.181343,60.006226,72.568832
PMU.001,2026-07-09T06:10:25.633333Z,1783577425,633333,1,0x0000,true,59.984295,-0.000025,0.000000,0.000000,0x000D,88,54.989132,-0.136649,85.005875,-73.085434,95.000259,69.475777,65.013283,108.080017
PMU.001,2026-07-09T06:10:25.666666Z,1783577425,666666,1,0x0000,true,59.992470,0.000272,0.000000,0.000000,0x000E,88,60.000591,35.509178,90.012253,-36.361725,99.986145,105.103180,70.003769,143.747925
PMU.001,2026-07-09T06:10:25.7Z,1783577425,700000,1,0x0000,true,60.006020,0.000452,0.000000,0.000000,0x000F,88,64.990303,71.466888,95.013145,-0.428665,50.000000,141.143326,75.018166,179.134857
PMU.001,2026-07-09T06:10:25.733333Z,1783577425,733333,1,0x0000,true,60.000408,-0.000187,0.000000,0.000000,0x0000,88,69.974319,107.085144,50.000000,35.418129,55.010868,177.306732,80.021210,-180.000000
PMU.001,2026-07-09T06:10:25.766666Z,1783577425,766666,1,0x0000,true,59.993320,-0.000236,0.000000,0.000000,0x0001,88,74.966507,142.946335,55.002064,72.272575,60.026962,-180.000000,85.037094,-143.481400
PMU.001,2026-07-09T06:10:25.8Z,1783577425,800000,1,0x0000,true,59.989815,-0.000117,0.000000,0.000000,0x0002,88,79.973419,179.750900,59.996620,108.391563,65.019524,-143.862411,90.047104,-107.976570
PMU.001,2026-07-09T06:10:25.833333Z,1783577425,833333,1,0x0000,true,60.006092,0.000543,0.000000,0.000000,0x0003,88,84.985359,-180.000000,64.992493,143.544586,70.018127,-107.708336,95.031334,-72.434372
PMU.001,2026-07-09T06:10:25.866666Z,1783577425,866666,1,0x0000,true,60.009624,0.000118,0.000000,0.000000,0x0004,88,89.980118,-143.079575,70.007317,178.985245,75.007515,-71.856644,50.000000,-36.416393
PMU.001,2026-07-09T06:10:25.9Z,1783577425,900000,1,0x0000,true,59.994286,-0.000511,0.000000,0.000000,0x0005,88,94.977730,-107.493149,75.013084,-180.000000,80.019768,-35.888145,54.993065,0.293619
PMU.001,2026-07-09T06:10:25.933333Z,1783577425,933333,1,0x0000,true,60.006866,0.000419,0.000000,0.000000,0x0006,88,99.974289,-71.104584,80.011757,-144.860107,85.023605,0.564766,60.001766,37.104294
PMU.001,2026-07-09T06:10:25.966666Z,1783577425,966666,1,0x0000,true,60.000660,-0.000207,0.000000,0.000000,0x0007,88,50.000000,-35.214832,85.019882,-109.712151,90.021637,36.985680,65.013023,73.481667
PMU.001,2026-07-09T06:10:26Z,1783577426,0,1,0x0000,true,59.992783,-0.000263,0.000000,0.000000,0x0008,88,54.985706,0.502568,90.006966,-73.872871,95.033707,72.152748,70.001846,109.929100
PMU.001,2026-07-09T06:10:26.033333Z,1783577426,33333,1,0x0000,true,59.991184,-0.000053,0.000000,0.000000,0x0009,88,59.980728,37.250408,95.014618,-37.380966,50.000000,107.510406,74.990158,145.882446
PMU.001,2026-07-09T06:10:26.066666Z,1783577426,66666,1,0x0000,true,59.995880,0.000157,0.000000,0.000000,0x000A,88,64.974945,72.982201,50.000000,-1.921889,54.983971,142.994492,79.979507,-180.000000
PMU.001,2026-07-09T06:10:26.1Z,1783577426,100000,1,0x0000,true,60.005249,0.000312,0.000000,0.000000,0x000B,88,69.987106,109.820450,55.012821,33.320770,59.971695,179.259842,84.982483,-143.948853
PMU.001,2026-07-09T06:10:26.133333Z,1783577426,133333,1,0x0000,true,60.013676,0.000281,0.000000,0.000000,0x000C,88,74.999313,146.368835,60.024960,70.008171,64.975899,-180.000000,89.981674,-108.110397
PMU.001,2026-07-09T06:10:26.166666Z,1783577426,166666,1,0x0000,true,59.990353,-0.000777,0.000000,0.000000,0x000D,88,80.007233,-180.000000,65.025772,105.460548,69.979385,-144.161835,94.979530,-72.039375
PMU.001,2026-07-09T06:10:26.2Z,1783577426,200000,1,0x0000,true,60.008286,0.000598,0.000000,0.000000,0x000E,88,84.990883,-144.772446,70.032532,141.174683,74.980530,-108.527321,99.988426,-35.273994
PMU.001,2026-07-09T06:10:26.233333Z,1783577426,233333,1,0x0000,true,60.016403,0.000271,0.000000,0.000000,0x000F,88,89.978622,-108.321281,75.029099,176.521500,79.980751,-73.216812,50.000000,1.402680
PMU.001,2026-07-09T06:10:26.266666Z,1783577426,266666,1,0x0000,true,59.992363,-0.000801,0.000000,0.000000,0x0000,88,94.981789,-72.249443,80.024429,-180.000000,84.989983,-37.853035,55.011360,37.583923
PMU.001,2026-07-09T06:10:26.3Z,1783577426,300000,1,0x0000,true,59.998760,0.000213,0.000000,0.000000,0x0001,88,99.969620,-36.962948,85.007881,-144.847977,89.985748,-1.847118,60.020638,73.343231
PMU.001,2026-07-09T06:10:26.333333Z,1783577426,333333,1,0x0000,true,59.984245,-0.000484,0.000000,0.000000,0x0002,88,50.000000,-1.068707,90.017807,-108.876038,94.979622,35.024582,65.016739,108.720070
PMU.001,2026-07-09T06:10:26.366666Z,1783577426,366666,1,0x0000,true,60.009415,0.000839,0.000000,0.000000,0x0003,88,54.990776,35.415215,95.010742,-72.581604,99.981499,70.912590,70.003197,145.280411
PMU.001,2026-07-09T06:10:26.4Z,1783577426,400000,1,0x0000,true,60.003181,-0.000208,0.000000,0.000000,0x0004,88,59.995987,71.652763,50.000000,-36.723560,50.000000,106.087868,74.993828,-180.000000
PMU.001,2026-07-09T06:10:26.433333Z,1783577426,433333,1,0x0000,true,60.001125,-0.000069,0.000000,0.000000,0x0005,88,64.999329,106.818253,55.000061,-0.275427,54.994427,141.481720,79.997169,-143.275650
PMU.001,2026-07-09T06:10:26.466666Z,1783577426,466666,1,0x0000,true,59.990101,-0.000367,0.000000,0.000000,0x0006,88,70.000229,142.607346,59.999599,35.392548,59.992725,177.095901,84.996498,-108.156731
PMU.001,2026-07-09T06:10:26.5Z,1783577426,500000,1,0x0000,true,59.989388,-0.000024,0.000000,0.000000,0x0007,88,75.011856,179.480377,64.992279,72.288841,64.981079,-180.000000,90.003349,-72.499367
PMU.001,2026-07-09T06:10:26.533333Z,1783577426,533333,1,0x0000,true,60.005489,0.000537,0.000000,0.000000,0x0008,88,80.027260,-180.000000,69.978584,108.167877,69.985214,-143.141190,95.000366,-37.427479
PMU.001,2026-07-09T06:10:26.566666Z,1783577426,566666,1,0x0000,true,60.010696,0.000174,0.000000,0.000000,0x0009,88,85.037910,-143.507294,74.977104,144.013794,74.976990,-107.171585,99.991234,-1.280802
PMU.001,2026-07-09T06:10:26.6Z,1783577426,600000,1,0x0000,true,60.002602,-0.000270,0.000000,0.000000,0x000A,88,90.052238,-107.255348,79.978127,179.242004,79.987343,-70.440407,50.000000,34.434967
PMU.001,2026-07-09T06:10:26.633333Z,1783577426,633333,1,0x0000,true,60.015392,0.000426,0.000000,0.000000,0x000B,88,95.050522,-71.325729,84.968170,-180.000000,85.001465,-35.300159,55.009205,70.951820
PMU.001,2026-07-09T06:10:26.666666Z,1783577426,666666,1,0x0000,true,59.997822,-0.000586,0.000000,0.000000,0x000C,88,50.000000,-34.413227,89.971512,-144.486023,90.011208,0.771155,60.001083,106.147507
PMU.001,2026-07-09T06:10:26.7Z,1783577426,700000,1,0x0000,true,60.005081,0.000242,0.000000,0.000000,0x000D,88,55.008636,1.214936,94.960884,-109.369438,94.998077,37.685635,65.013931,143.075745
PMU.001,2026-07-09T06:10:26.733333Z,1783577426,733333,1,0x0000,true,59.988914,-0.000539,0.000000,0.000000,0x000E,88,60.018536,36.929947,99.965034,-74.025475,50.000000,74.022614,69.998474,178.753448
PMU.001,2026-07-09T06:10:26.766666Z,1783577426,766666,1,0x0000,true,60.000877,0.000399,0.000000,0.000000,0x000F,88,65.032829,73.308784,50.000000,-38.566513,55.000889,110.147377,74.982643,-180.000000
PMU.001,2026-07-09T06:10:26.8Z,1783577426,800000,1,0x0000,true,60.002659,0.000059,0.000000,0.000000,0x0000,88,70.023781,109.867485,55.008678,-1.674997,60.000095,145.734970,79.998566,-144.141907
PMU.001,2026-07-09T06:10:26.833333Z,1783577426,833333,1,0x0000,true,60.008663,0.000200,0.000000,0.000000,0x0001,88,75.022118,145.399536,60.019245,34.942692,64.984566,-180.000000,85.013794,-108.588295
PMU.001,2026-07-09T06:10:26.866666Z,1783577426,866666,1,0x0000,true,60.014706,0.000201,0.000000,0.000000,0x0002,88,80.033554,-180.000000,65.028252,71.410118,69.982841,-144.755066,90.022873,-72.470352
PMU.001,2026-07-09T06:10:26.9Z,1783577426,900000,1,0x0000,true,60.010101,-0.000153,0.000000,0.000000,0x0003,88,85.029915,-143.824768,70.039635,107.419884,74.969070,-107.958969,95.016220,-36.929325
PMU.001,2026-07-09T06:10:26.933333Z,1783577426,933333,1,0x0000,true,60.005856,-0.000142,0.000000,0.000000,0x0004,88,90.027702,-106.989853,75.028694,142.738556,79.980339,-72.723068,50.000000,-1.071045
PMU.001,2026-07-09T06:10:26.966666Z,1783577426,966666,1,0x0000,true,59.999680,-0.000206,0.000000,0.000000,0x0005,88,95.044212,-70.105331,80.012741,178.930573,84.980812,-36.216412,54.993149,35.138058
PMU.001,2026-07-09T06:10:27Z,1783577427,0,1,0x0000,true,59.995872,-0.000127,0.000000,0.000000,0x0006,88,50.000000,-33.990242,85.018555,-180.000000,89.988419,0.728377,59.984440,71.422295
PMU.001,2026-07-09T06:10:27.033333Z,1783577427,33333,1,0x0000,true,59.987038,-0.000294,0.000000,0.000000,0x0007,88,55.006386,1.559354,90.028618,-143.630203,94.979141,36.490250,64.994270,106.525642
PMU.001,2026-07-09T06:10:27.066666Z,1783577427,66666,1,0x0000,true,59.991302,0.000142,0.000000,0.000000,0x0008,88,60.003487,37.211765,95.028397,-107.595673,99.992142,72.421913,69.980301,143.166245
PMU.001,2026-07-09T06:10:27.1Z,1783577427,100000,1,0x0000,true,60.003418,0.000404,0.000000,0.000000,0x0009,88,65.000046,73.187721,50.000000,-71.567955,50.000000,109.248787,74.996452,178.878113
PMU.001,2026-07-09T06:10:27.133333Z,1783577427,133333,1,0x0000,true,59.992970,-0.000348,0.000000,0.000000,0x000A,88,69.996033,109.891731,54.995754,-35.958729,55.009586,145.737366,80.006104,-180.000000
PMU.001,2026-07-09T06:10:27.166666Z,1783577427,166666,1,0x0000,true,60.003262,0.000343,0.000000,0.000000,0x000B,88,74.985519,145.288376,59.980446,-0.331031,60.007828,-180.000000,85.003654,-144.671188
PMU.001,2026-07-09T06:10:27.2Z,1783577427,200000,1,0x0000,true,59.994804,-0.000282,0.000000,0.000000,0x000C,88,79.970818,-180.000000,64.990250,36.325008,65.021927,-144.932724,90.009262,-108.730148
PMU.001,2026-07-09T06:10:27.233333Z,1783577427,233333,1,0x0000,true,60.016354,0.000718,0.000000,0.000000,0x000D,88,84.963966,-143.529724,69.976746,72.203979,70.014862,-109.017494,95.004959,-73.197403
PMU.001,2026-07-09T06:10:27.266666Z,1783577427,266666,1,0x0000,true,59.997177,-0.000639,0.000000,0.000000,0x000E,88,89.979836,-107.073196,74.986984,108.613754,75.008789,-72.741188,99.995216,-36.658752
PMU.001,2026-07-09T06:10:27.3Z,1783577427,300000,1,0x0000,true,59.994522,-0.000089,0.000000,0.000000,0x000F,88,94.979195,-71.532578,79.995758,144.919144,80.003098,-36.380482,50.000000,-0.027601
PMU.001,2026-07-09T06:10:27.333333Z,1783577427,333333,1,0x0000,true,59.984428,-0.000336,0.000000,0.000000,0x0000,88,99.984161,-35.340843,84.980194,-180.000000,84.994652,-0.978352,55.006313,36.606640
PMU.001,2026-07-09T06:10:27.366666Z,1783577427,366666,1,0x0000,true,59.989346,0.000164,0.000000,0.000000,0x0001,88,50.000000,0.009997,89.967369,-143.512177,90.002983,35.604305,60.012909,73.530800
PMU.001,2026-07-09T06:10:27.4Z,1783577427,400000,1,0x0000,true,60.006878,0.000584,0.000000,0.000000,0x0002,88,54.990181,35.718655,94.969795,-107.793091,94.992401,71.523842,65.016045,110.001488
PMU.001,2026-07-09T06:10:27.433333Z,1783577427,433333,1,0x0000,true,60.005901,-0.000033,0.000000,0.000000,0x0003,88,59.992645,72.356049,99.974220,-71.959465,99.982933,106.764526,70.001160,145.587341
PMU.001,2026-07-09T06:10:27.466666Z,1783577427,466666,1,0x0000,true,59.991341,-0.000485,0.000000,0.000000,0x0004,88,64.993683,108.490601,50.000000,-35.454269,50.000000,141.927567,75.001526,-180.000000
PMU.001,2026-07-09T06:10:27.5Z,1783577427,500000,1,0x0000,true,60.014641,0.000777,0.000000,0.000000,0x0005,88,69.990059,144.479614,54.989777,1.073308,54.992641,178.832886,79.991875,-144.672134
PMU.001,2026-07-09T06:10:27.533333Z,1783577427,533333,1,0x0000,true,60.010399,-0.000141,0.000000,0.000000,0x0006,88,74.977463,-180.000000,59.991573,37.937080,59.999962,-180.000000,85.005516,-107.985031
PMU.001,2026-07-09T06:10:27.566666Z,1783577427,566666,1,0x0000,true,60.015244,0.000161,0.000000,0.000000,0x0007,88,79.966698,-144.850601,64.987404,73.210579,65.013290,-144.373871,90.007675,-71.422188
PMU.001,2026-07-09T06:10:27.6Z,1783577427,600000,1,0x0000,true,59.998383,-0.000562,0.000000,0.000000,0x0008,88,84.957130,-109.159317,69.990387,108.419312,70.028824,-107.596016,94.993462,-34.515400
PMU.001,2026-07-09T06:10:27.633333Z,1783577427,633333,1,0x0000,true,60.011539,0.000439,0.000000,0.000000,0x0009,88,89.968811,-73.882561,74.975990,144.316986,75.038506,-72.083961,99.978760,2.407472
PMU.001,2026-07-09T06:10:27.666666Z,1783577427,666666,1,0x0000,true,60.007225,-0.000144,0.000000,0.000000,0x000A,88,94.967476,-38.482349,79.981537,179.769424,80.049881,-36.763252,50.000000,38.386578
PMU.001,2026-07-09T06:10:27.7Z,1783577427,700000,1,0x0000,true,59.988052,-0.000639,0.000000,0.000000,0x000B,88,99.971138,-2.319412,84.972000,-180.000000,85.034912,-0.358311,55.004585,73.839073
PMU.001,2026-07-09T06:10:27.733333Z,1783577427,733333,1,0x0000,true,60.010319,0.000742,0.000000,0.000000,0x000C,88,50.000000,32.778175,89.961143,-144.599045,90.050255,35.863617,59.998821,110.236145
PMU.001,2026-07-09T06:10:27.766666Z,1783577427,766666,1,0x0000,true,59.988815,-0.000717,0.000000,0.000000,0x000D,88,55.006226,68.630157,94.954742,-108.358353,95.060829,71.269417,65.010422,145.415909
PMU.001,2026-07-09T06:10:27.8Z,1783577427,800000,1,0x0000,true,60.016655,0.000928,0.000000,0.000000,0x000E,88,59.997456,103.979477,99.952324,-71.473999,50.000000,108.050247,70.012337,-180.000000
PMU.001,2026-07-09T06:10:27.833333Z,1783577427,833333,1,0x0000,true,60.000305,-0.000545,0.000000,0.000000,0x000F,88,64.983589,139.264053,50.000000,-34.570423,55.008812,143.196213,75.020256,-144.888901
PMU.001,2026-07-09T06:10:27.866666Z,1783577427,866666,1,0x0000,true,60.013149,0.000428,0.000000,0.000000,0x0000,88,69.981125,176.164124,55.001709,2.117733,60.012039,179.327560,80.021996,-108.785172
PMU.001,2026-07-09T06:10:27.9Z,1783577427,900000,1,0x0000,true,60.012001,-0.000038,0.000000,0.000000,0x0001,88,74.974274,-180.000000,60.015808,38.349861,65.017151,-180.000000,85.011261,-73.565598
PMU.001,2026-07-09T06:10:27.933333Z,1783577427,933333,1,0x0000,true,60.006187,-0.000194,0.000000,0.000000,0x0002,88,79.957664,-143.898148,65.018120,73.752808,70.025833,-144.458862,89.995728,-37.779888
PMU.001,2026-07-09T06:10:27.966666Z,1783577427,966666,1,0x0000,true,60.015594,0.000314,0.000000,0.000000,0x0003,88,84.965218,-107.493500,70.010796,109.020241,75.011444,-109.000008,95.011879,-1.180093
PMU.001,2026-07-09T06:10:28Z,1783577428,0,1,0x0000,true,60.012966,-0.000088,0.000000,0.000000,0x0004,88,89.952400,-71.984596,75.008156,145.581161,79.996910,-73.887733,50.000000,34.975967
PMU.001,2026-07-09T06:10:28.033333Z,1783577428,33333,1,0x0000,true,59.987041,-0.000864,0.000000,0.000000,0x0005,88,94.953766,-36.474689,80.007660,-180.000000,84.994843,-37.464783,54.983952,70.171593
PMU.001,2026-07-09T06:10:28.066666Z,1783577428,66666,1,0x0000,true,59.988586,0.000051,0.000000,0.000000,0x0006,88,99.968292,-0.071669,85.004913,-143.479004,89.982864,-2.194028,59.997017,105.576469
PMU.001,2026-07-09T06:10:28.1Z,1783577428,100000,1,0x0000,true,59.986443,-0.000071,0.000000,0.000000,0x0007,88,50.000000,35.484631,90.002647,-108.349190,94.990654,33.235790,64.990089,140.860687
PMU.001,2026-07-09T06:10:28.133333Z,1783577428,133333,1,0x0000,true,59.995132,0.000290,0.000000,0.000000,0x0008,88,54.997700,71.192413,94.988556,-72.810326,50.000000,69.635483,69.977165,177.300140
PMU.001,2026-07-09T06:10:28.166666Z,1783577428,166666,1,0x0000,true,59.988384,-0.000225,0.000000,0.000000,0x0009,88,59.998222,108.139938,50.000000,-36.200096,54.992538,104.760529,74.969223,-180.000000
PMU.001,2026-07-09T06:10:28.2Z,1783577428,200000,1,0x0000,true,59.986584,-0.000060,0.000000,0.000000,0x000A,88,64.999252,145.040955,54.991703,-0.581314,59.993629,140.443665,79.960846,-144.500473
PMU.001,2026-07-09T06:10:28.233333Z,1783577428,233333,1,0x0000,true,59.999584,0.000433,0.000000,0.000000,0x000B,88,69.988876,-180.000000,59.999706,34.747143,64.984627,176.670883,84.958122,-107.963165
PMU.001,2026-07-09T06:10:28.266666Z,1783577428,266666,1,0x0000,true,59.994270,-0.000177,0.000000,0.000000,0x000C,88,75.005188,-143.679977,65.012177,70.926285,69.982597,-180.000000,89.971237,-71.424454
PMU.001,2026-07-09T06:10:28.3Z,1783577428,300000,1,0x0000,true,60.009686,0.000514,0.000000,0.000000,0x000D,88,80.019897,-108.325066,69.997406,106.431465,74.998970,-143.753006,94.964386,-36.203011
PMU.001,2026-07-09T06:10:28.333333Z,1783577428,333333,1,0x0000,true,60.014202,0.000151,0.000000,0.000000,0x000E,88,85.005363,-73.039627,74.992844,142.884094,79.993279,-106.801460,99.958694,-0.393810
PMU.001,2026-07-09T06:10:28.366666Z,1783577428,366666,1,0x0000,true,60.001606,-0.000420,0.000000,0.000000,0x000F,88,90.015556,-36.681660,80.000412,179.807770,84.982361,-70.362709,50.000000,35.680653
PMU.001,2026-07-09T06:10:28.4Z,1783577428,400000,1,0x0000,true,60.015785,0.000473,0.000000,0.000000,0x0000,88,95.027084,-0.175708,85.002426,-180.000000,89.968895,-33.520271,55.013535,70.805405
PMU.001,2026-07-09T06:10:28.433333Z,1783577428,433333,1,0x0000,true,59.998543,-0.000575,0.000000,0.000000,0x0001,88,50.000000,35.539127,90.004158,-144.324814,94.972313,3.372003,60.028156,105.960747
PMU.001,2026-07-09T06:10:28.466666Z,1783577428,466666,1,0x0000,true,60.006943,0.000280,0.000000,0.000000,0x0002,88,55.002789,71.210655,94.988937,-108.580948,99.956688,40.196663,65.035301,142.608566
PMU.001,2026-07-09T06:10:28.5Z,1783577428,500000,1,0x0000,true,59.991478,-0.000515,0.000000,0.000000,0x0003,88,60.016701,106.471848,99.998909,-73.220192,50.000000,76.150993,70.029434,177.660461
PMU.001,2026-07-09T06:10:28.533333Z,1783577428,533333,1,0x0000,true,59.999500,0.000267,0.000000,0.000000,0x0004,88,65.017990,141.739166,50.000000,-37.774815,54.993664,111.222115,75.024544,-180.000000
PMU.001,2026-07-09T06:10:28.566666Z,1783577428,566666,1,0x0000,true,59.986763,-0.000425,0.000000,0.000000,0x0005,88,70.019508,178.213943,54.991520,-2.389820,59.980976,148.110367,80.027794,-144.270370
PMU.001,2026-07-09T06:10:28.6Z,1783577428,600000,1,0x0000,true,60.016525,0.000992,0.000000,0.000000,0x0006,88,75.023834,-180.000000,59.981430,34.187359,64.965492,-180.000000,85.044182,-107.432304
PMU.001,2026-07-09T06:10:28.633333Z,1783577428,633333,1,0x0000,true,60.016407,-0.000004,0.000000,0.000000,0x0007,88,80.026321,-143.110931,64.969612,69.317062,69.980469,-144.033890,90.042427,-70.564751
PMU.001,2026-07-09T06:10:28.666666Z,1783577428,666666,1,0x0000,true,59.999378,-0.000568,0.000000,0.000000,0x0008,88,85.019310,-107.313385,69.985199,104.789780,74.989273,-107.448265,95.046478,-34.954708
PMU.001,2026-07-09T06:10:28.7Z,1783577428,700000,1,0x0000,true,60.010914,0.000385,0.000000,0.000000,0x0009,88,90.025047,-71.087845,74.987846,140.435318,79.997612,-71.043907,50.000000,1.633777
PMU.001,2026-07-09T06:10:28.733333Z,1783577428,733333,1,0x0000,true,60.002411,-0.000283,0.000000,0.000000,0x000A,88,95.021858,-35.545708,79.998634,176.311539,85.013206,-34.134613,54.992752,37.826267
PMU.001,2026-07-09T06:10:28.766666Z,1783577428,766666,1,0x0000,true,59.990780,-0.000388,0.000000,0.000000,0x000B,88,50.000000,0.114340,84.989410,-180.000000,89.996567,1.845485,59.978252,74.413651
PMU.001,2026-07-09T06:10:28.8Z,1783577428,800000,1,0x0000,true,60.003262,0.000416,0.000000,0.000000,0x000C,88,55.010803,36.826977,89.982933,-143.909103,94.991913,37.421482,64.993179,111.213539
PMU.001,2026-07-09T06:10:28.833333Z,1783577428,833333,1,0x0000,true,60.001282,-0.000066,0.000000,0.000000,0x000D,88,59.997475,73.174858,94.971130,-108.460289,99.979042,72.867561,69.979332,147.771774
PMU.001,2026-07-09T06:10:28.866666Z,1783577428,866666,1,0x0000,true,60.002438,0.000039,0.000000,0.000000,0x000E,88,65.001221,108.493401,99.956757,-73.142265,50.000000,109.156456,74.982933,-180.000000
PMU.001,2026-07-09T06:10:28.9Z,1783577428,900000,1,0x0000,true,60.008038,0.000187,0.000000,0.000000,0x000F,88,70.013229,145.252502,50.000000,-36.692032,55.008644,144.576309,79.979980,-144.116837
PMU.001,2026-07-09T06:10:28.933333Z,1783577428,933333,1,0x0000,true,59.999969,-0.000269,0.000000,0.000000,0x0000,88,75.022774,-180.000000,54.985153,-1.308436,60.000259,179.638168,84.987617,-107.491112
PMU.001,2026-07-09T06:10:28.966666Z,1783577428,966666,1,0x0000,true,60.000759,0.000026,0.000000,0.000000,0x0001,88,80.026443,-143.775452,60.001026,35.269268,65.002075,-180.000000,89.979675,-72.195297
PMU.001,2026-07-09T06:10:29Z,1783577429,0,1,0x0000,true,60.014843,0.000469,0.000000,0.000000,0x0002,88,85.032814,-106.973930,64.986816,71.501274,69.996292,-144.098953,94.981911,-36.152599
PMU.001,2026-07-09T06:10:29.033333Z,1783577429,33333,1,0x0000,true,59.998566,-0.000543,0.000000,0.000000,0x0003,88,90.039673,-71.062149,70.002655,108.063889,74.995926,-107.200844,99.974487,-0.955986
PMU.001,2026-07-09T06:10:29.066666Z,1783577429,66666,1,0x0000,true,59.984341,-0.000474,0.000000,0.000000,0x0004,88,95.030136,-35.689976,74.998672,144.714676,80.004593,-71.625366,50.000000,35.993992
PMU.001,2026-07-09T06:10:29.1Z,1783577429,100000,1,0x0000,true,59.991688,0.000245,0.000000,0.000000,0x0005,88,50.000000,0.069450,79.984642,-180.000000,84.992775,-35.468136,54.997009,71.405212
PMU.001,2026-07-09T06:10:29.133333Z,1783577429,133333,1,0x0000,true,60.007324,0.000521,0.000000,0.000000,0x0006,88,55.004898,35.868393,84.979248,-144.623871,89.997742,0.470284,59.990097,107.552475
PMU.001,2026-07-09T06:10:29.166666Z,1783577429,166666,1,0x0000,true,60.003387,-0.000131,0.000000,0.000000,0x0007,88,60.005177,71.311501,89.989357,-108.910088,95.008591,36.286247,64.975754,143.569168
PMU.001,2026-07-09T06:10:29.2Z,1783577429,200000,1,0x0000,true,60.007519,0.000138,0.000000,0.000000,0x0008,88,64.989876,107.200027,94.987900,-72.695099,50.000000,71.362907,69.979164,178.877518
PMU.001,2026-07-09T06:10:29.233333Z,1783577429,233333,1,0x0000,true,59.992207,-0.000510,0.000000,0.000000,0x0009,88,70.003769,143.273560,99.982353,-36.574940,54.999508,106.941528,74.977127,-180.000000
PMU.001,2026-07-09T06:10:29.266666Z,1783577429,266666,1,0x0000,true,59.985374,-0.000228,0.000000,0.000000,0x000A,88,74.994362,178.523392,50.000000,-0.958897,60.005253,142.867996,79.965714,-143.906311
PMU.001,2026-07-09T06:10:29.3Z,1783577429,300000,1,0x0000,true,59.983505,-0.000062,0.000000,0.000000,0x000B,88,79.996140,-180.000000,54.990856,35.336468,64.997826,178.252991,84.966919,-108.363304
PMU.001,2026-07-09T06:10:29.333333Z,1783577429,333333,1,0x0000,true,59.996437,0.000431,0.000000,0.000000,0x000C,88,84.982826,-144.860748,59.975376,70.508781,69.983398,-180.000000,89.979118,-71.483849
PMU.001,2026-07-09T06:10:29.366666Z,1783577429,366666,1,0x0000,true,60.000183,0.000125,0.000000,0.000000,0x000D,88,89.986755,-108.931938,64.969490,106.771622,74.995720,-144.532242,94.974571,-35.813839
PMU.001,2026-07-09T06:10:29.4Z,1783577429,400000,1,0x0000,true,60.002251,0.000069,0.000000,0.000000,0x000E,88,94.989479,-73.732117,69.967796,143.600418,79.997215,-109.123695,99.964439,-0.172383
PMU.001,2026-07-09T06:10:29.433333Z,1783577429,433333,1,0x0000,true,60.001286,-0.000032,0.000000,0.000000,0x000F,88,50.000000,-38.414150,74.977585,179.343170,85.012901,-73.680359,50.000000,34.990486
PMU.001,2026-07-09T06:10:29.466666Z,1783577429,466666,1,0x0000,true,60.016499,0.000507,0.000000,0.000000,0x0000,88,55.003098,-2.304661,79.982605,-180.000000,90.008553,-38.548908,55.000454,71.762634
PMU.001,2026-07-09T06:10:29.5Z,1783577429,500000,1,0x0000,true,60.012829,-0.000122,0.000000,0.000000,0x0001,88,59.999096,33.454239,84.972824,-143.332184,95.023262,-2.151775,60.001934,107.217400
PMU.001,2026-07-09T06:10:29.533333Z,1783577429,533333,1,0x0000,true,60.009491,-0.000111,0.000000,0.000000,0x0002,88,64.993370,69.999359,89.969788,-106.993576,50.000000,34.251011,65.008949,142.839905
PMU.001,2026-07-09T06:10:29.566666Z,1783577429,566666,1,0x0000,true,59.993713,-0.000526,0.000000,0.000000,0x0003,88,69.993912,106.103195,94.977821,-70.420883,54.999249,70.321159,70.005600,178.305161
PMU.001,2026-07-09T06:10:29.6Z,1783577429,600000,1,0x0000,true,60.001343,0.000254,0.000000,0.000000,0x0004,88,74.993561,142.258438,99.974495,-33.962086,59.982784,106.837196,74.989441,-180.000000
PMU.001,2026-07-09T06:10:29.633333Z,1783577429,633333,1,0x0000,true,60.000202,-0.000038,0.000000,0.000000,0x0005,88,79.994438,177.657196,50.000000,1.094586,64.979675,142.351135,80.002075,-143.223541
PMU.001,2026-07-09T06:10:29.666666Z,1783577429,666666,1,0x0000,true,59.996948,-0.000108,0.000000,0.000000,0x0006,88,85.008194,-180.000000,55.005802,37.769161,69.973091,178.224792,84.986519,-107.974945
PMU.001,2026-07-09T06:10:29.7Z,1783577429,700000,1,0x0000,true,60.007290,0.000345,0.000000,0.000000,0x0007,88,90.020805,-143.179306,59.995232,74.192696,74.958717,-180.000000,89.974564,-72.575264
PMU.001,2026-07-09T06:10:29.733333Z,1783577429,733333,1,0x0000,true,59.990368,-0.000564,0.000000,0.000000,0x0008,88,95.032204,-106.722252,65.005219,110.906143,79.964729,-144.167786,94.974785,-36.826271
PMU.001,2026-07-09T06:10:29.766666Z,1783577429,766666,1,0x0000,true,59.993996,0.000121,0.000000,0.000000,0x0009,88,50.000000,-71.240791,70.018753,145.995102,84.978607,-108.580536,99.968155,-0.515633
PMU.001,2026-07-09T06:10:29.8Z,1783577429,800000,1,0x0000,true,59.987957,-0.000201,0.000000,0.000000,0x000A,88,54.993664,-34.352833,75.010635,-180.000000,89.977509,-72.968567,50.000000,34.883060
PMU.001,2026-07-09T06:10:29.833333Z,1783577429,833333,1,0x0000,true,60.014412,0.000882,0.000000,0.000000,0x000B,88,59.986389,1.891882,80.015442,-144.719635,94.968948,-36.540661,55.010895,71.834724
PMU.001,2026-07-09T06:10:29.866666Z,1783577429,866666,1,0x0000,true,59.997986,-0.000548,0.000000,0.000000,0x000C,88,64.985168,37.857815,85.020767,-109.518120,99.956253,0.209277,60.017326,108.292419
PMU.001,2026-07-09T06:10:29.9Z,1783577429,900000,1,0x0000,true,60.003052,0.000169,0.000000,0.000000,0x000D,88,69.993042,74.092857,90.025940,-73.203934,50.000000,36.565144,65.014786,144.129471
PMU.001,2026-07-09T06:10:29.933333Z,1783577429,933333,1,0x0000,true,60.005302,0.000075,0.000000,0.000000,0x000E,88,74.979424,110.187019,95.033798,-36.469616,54.989597,73.322830,70.014343,-180.000000
PMU.001,2026-07-09T06:10:29.966666Z,1783577429,966666,1,0x0000,true,60.014271,0.000299,0.000000,0.000000,0x000F,88,79.989609,145.464478,50.000000,0.437813,60.001854,109.660805,75.013786,-143.345596
PMU.001,2026-07-09T06:10:30Z,1783577430,0,1,0x0000,true,59.988503,-0.000859,0.000000,0.000000,0x0000,88,85.004677,-180.000000,54.998783,35.651508,65.000519,145.215820,80.001808,-108.113495
PMU.001,2026-07-09T06:10:30.033333Z,1783577430,33333,1,0x0000,true,59.983807,-0.000157,0.000000,0.000000,0x0001,88,89.998070,-143.993210,60.004341,70.783714,69.985329,-180.000000,85.007599,-71.656380
PMU.001,2026-07-09T06:10:30.066666Z,1783577430,66666,1,0x0000,true,60.006878,0.000769,0.000000,0.000000,0x0002,88,95.002655,-107.102516,64.999069,107.016541,75.001266,-143.189041,90.001686,-34.963795
PMU.001,2026-07-09T06:10:30.1Z,1783577430,100000,1,0x0000,true,60.004810,-0.000069,0.000000,0.000000,0x0003,88,99.986427,-71.074631,70.000778,142.849045,80.010582,-106.928825,95.017372,0.903342
PMU.001,2026-07-09T06:10:30.133333Z,1783577430,133333,1,0x0000,true,60.013981,0.000306,0.000000,0.000000,0x0004,88,50.000000,-35.860760,74.991081,178.964828,85.003731,-70.984520,50.000000,36.973782
PMU.001,2026-07-09T06:10:30.166666Z,1783577430,166666,1,0x0000,true,60.010380,-0.000120,0.000000,0.000000,0x0005,88,55.010979,0.757276,80.004784,-180.000000,89.994965,-35.372555,55.008652,73.601669
PMU.001,2026-07-09T06:10:30.2Z,1783577430,200000,1,0x0000,true,60.006706,-0.000122,0.000000,0.000000,0x0006,88,60.017960,37.128239,84.998207,-144.921356,94.987251,1.099708,60.008041,109.492065
PMU.001,2026-07-09T06:10:30.233333Z,1783577430,233333,1,0x0000,true,59.995510,-0.000373,0.000000,0.000000,0x0007,88,65.023125,73.721680,90.012466,-109.258514,99.976883,37.396648,65.023476,145.352509
PMU.001,2026-07-09T06:10:30.266666Z,1783577430,266666,1,0x0000,true,59.988995,-0.000217,0.000000,0.000000,0x0008,88,70.027382,109.145668,95.002136,-72.973457,50.000000,73.773560,70.010574,-180.000000
PMU.001,2026-07-09T06:10:30.3Z,1783577430,300000,1,0x0000,true,60.005795,0.000560,0.000000,0.000000,0x0009,88,75.040848,146.013123,99.991844,-36.297661,54.983852,110.065720,75.021156,-144.137589
PMU.001,2026-07-09T06:10:30.333333Z,1783577430,333333,1,0x0000,true,60.013618,0.000261,0.000000,0.000000,0x000A,88,80.027374,-180.000000,50.000000,-0.866910,59.978611,146.025009,80.007301,-108.868469
PMU.001,2026-07-09T06:10:30.366666Z,1783577430,366666,1,0x0000,true,60.014095,0.000016,0.000000,0.000000,0x000B,88,85.037338,-143.240158,54.986137,35.732475,64.986290,-180.000000,85.002136,-72.598686
PMU.001,2026-07-09T06:10:30.4Z,1783577430,400000,1,0x0000,true,59.992966,-0.000704,0.000000,0.000000,0x000C,88,90.047493,-106.832535,59.992092,72.327553,69.975227,-144.001434,89.986107,-36.686089
PMU.001,2026-07-09T06:10:30.433333Z,1783577430,433333,1,0x0000,true,60.012482,0.000651,0.000000,0.000000,0x000D,88,95.059448,-70.267357,65.005455,108.054390,74.964287,-108.507042,94.972061,-1.244320
PMU.001,2026-07-09T06:10:30.466666Z,1783577430,466666,1,0x0000,true,60.003185,-0.000310,0.000000,0.000000,0x000E,88,50.000000,-34.700512,70.000832,143.415665,79.952942,-72.725235,99.966751,35.079838
PMU.001,2026-07-09T06:10:30.5Z,1783577430,500000,1,0x0000,true,60.010315,0.000238,0.000000,0.000000,0x000F,88,54.991058,1.714689,74.994522,179.434235,84.953003,-36.646698,50.000000,70.505104
PMU.001,2026-07-09T06:10:30.533333Z,1783577430,533333,1,0x0000,true,60.007271,-0.000101,0.000000,0.000000,0x0000,88,59.999966,36.945923,80.010559,-180.000000,89.939034,-1.202250,55.008480,106.397888
PMU.001,2026-07-09T06:10:30.566666Z,1783577430,566666,1,0x0000,true,59.996811,-0.000349,0.000000,0.000000,0x0001,88,64.992790,73.182014,85.012779,-143.802612,94.934708,35.685127,60.005230,142.477768
PMU.001,2026-07-09T06:10:30.6Z,1783577430,600000,1,0x0000,true,59.988548,-0.000275,0.000000,0.000000,0x0002,88,70.001961,109.110588,90.015663,-108.215248,99.927528,72.586090,65.005821,177.675552
PMU.001,2026-07-09T06:10:30.633333Z,1783577430,633333,1,0x0000,true,60.009953,0.000713,0.000000,0.000000,0x0003,88,75.001183,145.279938,95.024208,-72.838531,50.000000,108.065567,70.001465,-180.000000
PMU.001,2026-07-09T06:10:30.666666Z,1783577430,666666,1,0x0000,true,60.011181,0.000041,0.000000,0.000000,0x0004,88,79.989922,-180.000000,50.000000,-36.018532,54.996704,144.584335,75.000954,-143.742126
PMU.001,2026-07-09T06:10:30.7Z,1783577430,700000,1,0x0000,true,59.999123,-0.000402,0.000000,0.000000,0x0005,88,84.986298,-144.225372,55.009087,-0.886672,60.006325,-180.000000,80.001511,-108.396584
PMU.001,2026-07-09T06:10:30.733333Z,1783577430,733333,1,0x0000,true,60.005760,0.000221,0.000000,0.000000,0x0006,88,89.988052,-107.353615,60.007774,34.972713,65.011177,-143.845459,85.011833,-71.847153
PMU.001,2026-07-09T06:10:30.766666Z,1783577430,766666,1,0x0000,true,59.988766,-0.000566,0.000000,0.000000,0x0007,88,94.980331,-72.010757,65.021812,71.161537,70.023605,-107.685143,90.012779,-35.667072
PMU.001,2026-07-09T06:10:30.8Z,1783577430,800000,1,0x0000,true,60.010544,0.000726,0.000000,0.000000,0x0008,88,99.996620,-35.499676,70.026154,106.494011,75.018456,-71.528557,95.009468,1.150652
PMU.001,2026-07-09T06:10:30.833333Z,1783577430,833333,1,0x0000,true,59.990761,-0.000659,0.000000,0.000000,0x0009,88,50.000000,0.789803,75.028107,143.049286,80.024017,-35.379662,50.000000,37.392452
PMU.001,2026-07-09T06:10:30.866666Z,1783577430,866666,1,0x0000,true,60.012619,0.000729,0.000000,0.000000,0x000A,88,55.014732,37.274540,80.042686,179.989639,85.018517,1.325046,55.002758,74.031700
PMU.001,2026-07-09T06:10:30.9Z,1783577430,900000,1,0x0000,true,59.986256,-0.000879,0.000000,0.000000,0x000B,88,60.025822,74.090515,85.033859,-180.000000,90.021553,37.756275,59.995594,109.935036
PMU.001,2026-07-09T06:10:30.933333Z,1783577430,933333,1,0x0000,true,59.989807,0.000118,0.000000,0.000000,0x000C,88,65.013817,110.884819,90.029572,-144.695618,95.032631,73.610588,65.007423,145.060822
PMU.001,2026-07-09T06:10:30.966666Z,1783577430,966666,1,0x0000,true,60.016155,0.000878,0.000000,0.000000,0x000D,88,70.028015,145.935181,95.042526,-108.552612,50.000000,110.529205,69.992035,-180.000000
PMU.001,2026-07-09T06:10:31Z,1783577431,0,1,0x0000,true,60.016590,0.000014,0.000000,0.000000,0x000E,88,75.030022,-180.000000,50.000000,-72.133095,54.989170,147.449402,75.007385,-143.077881
PMU.001,2026-07-09T06:10:31.033333Z,1783577431,33333,1,0x0000,true,59.995651,-0.000698,0.000000,0.000000,0x000F,88,80.040390,-143.285614,54.985413,-35.883949,59.982155,-180.000000,80.006828,-107.257553
PMU.001,2026-07-09T06:10:31.066666Z,1783577431,66666,1,0x0000,true,59.994759,-0.000030,0.000000,0.000000,0x0000,88,85.024849,-106.546814,60.000069,0.799543,64.973137,-144.764114,85.011436,-71.140488
PMU.001,2026-07-09T06:10:31.1Z,1783577431,100000,1,0x0000,true,60.014824,0.000669,0.000000,0.000000,0x0001,88,90.020470,-69.672081,64.992699,36.320637,69.957291,-109.378700,90.018883,-34.686874
PMU.001,2026-07-09T06:10:31.133333Z,1783577431,133333,1,0x0000,true,59.997448,-0.000579,0.000000,0.000000,0x0002,88,95.029999,-33.465427,69.981064,72.525780,74.949486,-72.829796,95.009552,1.121337
PMU.001,2026-07-09T06:10:31.166666Z,1783577431,166666,1,0x0000,true,60.016582,0.000638,0.000000,0.000000,0x0003,88,50.000000,1.694235,74.997009,109.120094,79.956612,-36.558208,50.000000,37.046352
PMU.001,2026-07-09T06:10:31.2Z,1783577431,200000,1,0x0000,true,60.003174,-0.000447,0.000000,0.000000,0x0004,88,55.010292,37.606255,79.998116,145.737366,84.956795,0.113277,55.003780,73.825493
PMU.001,2026-07-09T06:10:31.233333Z,1783577431,233333,1,0x0000,true,60.001347,-0.000061,0.000000,0.000000,0x0005,88,60.016525,73.184761,84.987549,-180.000000,89.953690,36.175789,60.010437,110.473488
PMU.001,2026-07-09T06:10:31.266666Z,1783577431,266666,1,0x0000,true,60.006966,0.000187,0.000000,0.000000,0x0006,88,65.002007,109.253448,89.984131,-143.430099,94.944801,71.229027,65.026062,145.530670
PMU.001,2026-07-09T06:10:31.3Z,1783577431,300000,1,0x0000,true,60.006920,-0.000002,0.000000,0.000000,0x0007,88,70.018074,145.764832,94.989525,-108.106606,99.940147,106.463524,70.039391,-180.000000
PMU.001,2026-07-09T06:10:31.333333Z,1783577431,333333,1,0x0000,true,59.990730,-0.000540,0.000000,0.000000,0x0008,88,75.002884,-180.000000,99.999802,-72.046600,50.000000,141.807846,75.036903,-144.784622
PMU.001,2026-07-09T06:10:31.366666Z,1783577431,366666,1,0x0000,true,59.998180,0.000248,0.000000,0.000000,0x0009,88,80.015350,-143.424057,50.000000,-36.963058,54.984722,177.595703,80.038322,-109.564217
PMU.001,2026-07-09T06:10:31.4Z,1783577431,400000,1,0x0000,true,60.011211,0.000434,0.000000,0.000000,0x000A,88,85.000031,-106.570541,54.988670,-0.458737,59.981365,-180.000000,85.040512,-74.362183
PMU.001,2026-07-09T06:10:31.433333Z,1783577431,433333,1,0x0000,true,59.986885,-0.000811,0.000000,0.000000,0x000B,88,89.993004,-71.348862,59.980198,35.702980,64.967186,-144.833237,90.023979,-38.942623
PMU.001,2026-07-09T06:10:31.466666Z,1783577431,466666,1,0x0000,true,60.016144,0.000975,0.000000,0.000000,0x000C,88,94.992409,-35.791920,64.985931,72.604347,69.969582,-109.780113,95.024147,-2.833599
PMU.001,2026-07-09T06:10:31.5Z,1783577431,500000,1,0x0000,true,59.999344,-0.000560,0.000000,0.000000,0x000D,88,50.000000,0.263016,69.998924,109.268951,74.960922,-73.983322,50.000000,34.026733
PMU.001,2026-07-09T06:10:31.533333Z,1783577431,533333,1,0x0000,true,59.991142,-0.000273,0.000000,0.000000,0x000E,88,55.007774,35.718422,75.002762,145.528122,79.963844,-38.760479,55.008839,69.486801
PMU.001,2026-07-09T06:10:31.566666Z,1783577431,566666,1,0x0000,true,59.998577,0.000248,0.000000,0.000000,0x000F,88,59.994953,71.663490,80.001793,-180.000000,84.960106,-2.546540,59.999168,105.430412
PMU.001,2026-07-09T06:10:31.6Z,1783577431,600000,1,0x0000,true,59.999420,0.000028,0.000000,0.000000,0x0000,88,65.002090,106.897583,84.991730,-143.520691,89.950523,32.949551,64.985458,140.529800
PMU.001,2026-07-09T06:10:31.633333Z,1783577431,633333,1,0x0000,true,59.993225,-0.000207,0.000000,0.000000,0x0001,88,69.988724,142.349899,89.998817,-108.287354,94.936783,69.700600,69.976929,176.713318
PMU.001,2026-07-09T06:10:31.666666Z,1783577431,666666,1,0x0000,true,60.000412,0.000240,0.000000,0.000000,0x0002,88,74.988007,178.247223,94.989258,-73.191872,99.946465,106.148499,74.961601,-180.000000
PMU.001,2026-07-09T06:10:31.7Z,1783577431,700000,1,0x0000,true,60.007347,0.000231,0.000000,0.000000,0x0003,88,79.996284,-180.000000,99.988792,-37.931606,50.000000,142.072449,79.975449,-144.389221
PMU.001,2026-07-09T06:10:31.733333Z,1783577431,733333,1,0x0000,true,59.983963,-0.000779,0.000000,0.000000,0x0004,88,84.989769,-144.929764,50.000000,-1.084155,54.985573,177.216492,84.974396,-108.184486
PMU.001,2026-07-09T06:10:31.766666Z,1783577431,766666,1,0x0000,true,59.989143,0.000173,0.000000,0.000000,0x0005,88,89.999474,-109.625717,55.005028,35.488304,59.969097,-180.000000,89.968269,-72.290245
PMU.001,2026-07-09T06:10:31.8Z,1783577431,800000,1,0x0000,true,59.996014,0.000229,0.000000,0.000000,0x0006,88,95.011147,-73.460152,59.996754,70.889503,64.966034,-144.270706,94.970413,-37.244473
PMU.001,2026-07-09T06:10:31.833333Z,1783577431,833333,1,0x0000,true,60.014828,0.000627,0.000000,0.000000,0x0007,88,50.000000,-36.845730,65.001373,107.064156,69.976662,-107.712479,99.973198,-2.191823
PMU.001,2026-07-09T06:10:31.866666Z,1783577431,866666,1,0x0000,true,59.989704,-0.000837,0.000000,0.000000,0x0008,88,54.993927,-0.910804,70.017143,142.614456,74.971947,-72.155540,50.000000,32.955132
PMU.001,2026-07-09T06:10:31.9Z,1783577431,900000,1,0x0000,true,60.009304,0.000653,0.000000,0.000000,0x0009,88,60.007812,34.716721,75.021866,177.764206,79.987717,-36.289917,54.985382,68.474945
PMU.001,2026-07-09T06:10:31.933333Z,1783577431,933333,1,0x0000,true,60.007442,-0.000062,0.000000,0.000000,0x000A,88,65.000633,70.572556,80.023766,-180.000000,84.980591,-0.674282,59.979191,103.970093
PMU.001,2026-07-09T06:10:31.966666Z,1783577431,966666,1,0x0000,true,60.003407,-0.000135,0.000000,0.000000,0x000B,88,70.004868,105.830772,85.010384,-144.077789,89.970642,35.848690,64.975708,139.098053
PMU.001,2026-07-09T06:10:32Z,1783577432,0,1,0x0000,true,60.014648,0.000375,0.000000,0.000000,0x000C,88,75.012138,141.504761,89.995171,-107.792450,94.972778,71.712334,69.973877,175.178741
PMU.001,2026-07-09T06:10:32.033333Z,1783577432,33333,1,0x0000,true,59.990746,-0.000797,0.000000,0.000000,0x000D,88,80.015266,178.073242,95.011642,-72.268204,99.956345,107.093018,74.972038,-180.000000
PMU.001,2026-07-09T06:10:32.066666Z,1783577432,66666,1,0x0000,true,59.993248,0.000083,0.000000,0.000000,0x000E,88,85.019409,-180.000000,50.000000,-36.222069,50.000000,143.259033,79.964226,-143.887192
PMU.001,2026-07-09T06:10:32.1Z,1783577432,100000,1,0x0000,true,60.015297,0.000735,0.000000,0.000000,0x000F,88,90.006477,-144.574554,55.005367,-0.967516,54.985619,179.678268,84.948723,-108.828018
PMU.001,2026-07-09T06:10:32.133333Z,1783577432,133333,1,0x0000,true,59.992035,-0.000775,0.000000,0.000000,0x0000,88,95.010208,-109.451332,60.009159,35.689629,59.986385,-180.000000,89.941780,-72.336235
PMU.001,2026-07-09T06:10:32.166666Z,1783577432,166666,1,0x0000,true,59.992268,0.000008,0.000000,0.000000,0x0001,88,50.000000,-73.540588,65.015488,71.747368,65.002716,-143.687973,94.943893,-36.495556
PMU.001,2026-07-09T06:10:32.2Z,1783577432,200000,1,0x0000,true,59.984005,-0.000275,0.000000,0.000000,0x0002,88,54.993336,-38.297466,70.032036,108.397522,70.001358,-106.773666,99.932175,-1.034205
PMU.001,2026-07-09T06:10:32.233333Z,1783577432,233333,1,0x0000,true,59.985920,0.000064,0.000000,0.000000,0x0003,88,59.995594,-1.868566,75.034355,144.973419,74.998352,-70.994659,50.000000,35.887444
PMU.001,2026-07-09T06:10:32.266666Z,1783577432,266666,1,0x0000,true,59.993843,0.000264,0.000000,0.000000,0x0004,88,65.005615,34.745102,80.032631,-180.000000,80.004997,-35.470768,54.985428,72.196968
PMU.001,2026-07-09T06:10:32.3Z,1783577432,300000,1,0x0000,true,59.984280,-0.000319,0.000000,0.000000,0x0005,88,70.014046,71.026184,85.022316,-143.533630,85.003082,0.866273,59.975700,107.321136
PMU.001,2026-07-09T06:10:32.333333Z,1783577432,333333,1,0x0000,true,59.993965,0.000323,0.000000,0.000000,0x0006,88,75.009781,107.389511,90.036522,-107.815468,90.019638,37.114952,64.983421,142.525742
PMU.001,2026-07-09T06:10:32.366666Z,1783577432,366666,1,0x0000,true,60.001495,0.000251,0.000000,0.000000,0x0007,88,79.999313,143.850464,95.043373,-71.877975,95.026939,72.820816,69.996857,178.419800
PMU.001,2026-07-09T06:10:32.4Z,1783577432,400000,1,0x0000,true,59.987850,-0.000455,0.000000,0.000000,0x0008,88,85.003067,178.996368,50.000000,-35.847984,50.000000,109.572029,74.998169,-180.000000
PMU.001,2026-07-09T06:10:32.433333Z,1783577432,433333,1,0x0000,true,60.016521,0.000956,0.000000,0.000000,0x0009,88,89.997009,-180.000000,55.011467,0.359310,54.994392,146.397919,80.001625,-143.066574
PMU.001,2026-07-09T06:10:32.466666Z,1783577432,466666,1,0x0000,true,60.000351,-0.000539,0.000000,0.000000,0x000A,88,94.985161,-144.484558,60.005699,36.518986,59.991592,-180.000000,84.988541,-106.728951
PMU.001,2026-07-09T06:10:32.5Z,1783577432,500000,1,0x0000,true,60.000530,0.000006,0.000000,0.000000,0x000B,88,99.976234,-107.683510,65.021866,73.272713,64.979553,-143.143341,89.980736,-70.887169
PMU.001,2026-07-09T06:10:32.533333Z,1783577432,533333,1,0x0000,true,60.005539,0.000167,0.000000,0.000000,0x000C,88,50.000000,-71.845924,70.016983,108.861588,69.982124,-107.889435,94.970558,-35.065723
PMU.001,2026-07-09T06:10:32.566666Z,1783577432,566666,1,0x0000,true,60.008316,0.000093,0.000000,0.000000,0x000D,88,54.987885,-36.329266,75.016464,144.438126,74.982498,-72.581902,99.959526,1.393951
PMU.001,2026-07-09T06:10:32.6Z,1783577432,600000,1,0x0000,true,60.005901,-0.000080,0.000000,0.000000,0x000E,88,59.990467,-0.783457,80.031296,-180.000000,79.981209,-37.222492,50.000000,36.999794
PMU.001,2026-07-09T06:10:32.633333Z,1783577432,633333,1,0x0000,true,59.989079,-0.000561,0.000000,0.000000,0x000F,88,64.991829,35.089508,85.024963,-144.477692,84.967682,-0.698354,55.006897,72.262329
PMU.001,2026-07-09T06:10:32.666666Z,1783577432,666666,1,0x0000,true,59.994888,0.000194,0.000000,0.000000,0x0000,88,69.983429,71.794739,90.038857,-109.116890,89.974838,34.391888,59.996777,108.013359
PMU.001,2026-07-09T06:10:32.7Z,1783577432,700000,1,0x0000,true,59.989590,-0.000177,0.000000,0.000000,0x0001,88,74.982178,108.700890,95.032829,-73.953964,94.987694,71.095665,65.001595,143.826874
PMU.001,2026-07-09T06:10:32.733333Z,1783577432,733333,1,0x0000,true,59.983685,-0.000197,0.000000,0.000000,0x0002,88,79.972565,144.064377,50.000000,-37.783909,99.987053,107.789528,69.989952,-180.000000
PMU.001,2026-07-09T06:10:32.766666Z,1783577432,766666,1,0x0000,true,59.989506,0.000194,0.000000,0.000000,0x0003,88,84.960075,-180.000000,55.013855,-1.952734,50.000000,143.055099,74.983749,-143.464325
PMU.001,2026-07-09T06:10:32.8Z,1783577432,800000,1,0x0000,true,60.015247,0.000858,0.000000,0.000000,0x0004,88,89.964531,-144.788589,60.001240,34.130997,54.984833,178.555786,79.980156,-108.315041
PMU.001,2026-07-09T06:10:32.833333Z,1783577432,833333,1,0x0000,true,60.004021,-0.000374,0.000000,0.000000,0x0005,88,94.980232,-108.862297,65.007828,70.114471,59.997929,-180.000000,84.977707,-73.134689
PMU.001,2026-07-09T06:10:32.866666Z,1783577432,866666,1,0x0000,true,59.986389,-0.000588,0.000000,0.000000,0x0006,88,99.991058,-73.376114,70.023216,105.430870,64.986343,-143.371597,89.961372,-37.408195
PMU.001,2026-07-09T06:10:32.9Z,1783577432,900000,1,0x0000,true,59.992592,0.000207,0.000000,0.000000,0x0007,88,50.000000,-38.191158,75.021782,140.636398,69.976631,-107.543510,94.957237,-0.534398
PMU.001,2026-07-09T06:10:32.933333Z,1783577432,933333,1,0x0000,true,60.014961,0.000746,0.000000,0.000000,0x0008,88,55.012856,-2.353278,80.015442,176.672913,74.969566,-71.513123,99.973763,34.829323
PMU.001,2026-07-09T06:10:32.966666Z,1783577432,966666,1,0x0000,true,60.002514,-0.000415,0.000000,0.000000,0x0009,88,60.009686,33.312946,85.027199,-180.000000,79.966240,-34.761898,50.000000,70.916962
PMU.001,2026-07-09T06:10:33Z,1783577433,0,1,0x0000,true,59.985767,-0.000558,0.000000,0.000000,0x000A,88,65.011047,68.584106,90.028061,-143.418457,84.974709,0.352124,54.986572,106.283073
PMU.001,2026-07-09T06:10:33.033333Z,1783577433,33333,1,0x0000,true,59.999416,0.000455,0.000000,0.000000,0x000B,88,70.020851,104.665092,95.034073,-108.071404,89.977219,35.618565,59.993500,143.012085
PMU.001,2026-07-09T06:10:33.066666Z,1783577433,66666,1,0x0000,true,60.015732,0.000544,0.000000,0.000000,0x000C,88,75.005249,141.565048,50.000000,-72.727150,94.988785,70.775253,64.983299,179.582916
PMU.001,2026-07-09T06:10:33.1Z,1783577433,100000,1,0x0000,true,60.005104,-0.000354,0.000000,0.000000,0x000D,88,79.997192,176.997314,54.990406,-36.307636,99.992233,105.956131,69.983398,-180.000000
PMU.001,2026-07-09T06:10:33.133333Z,1783577433,133333,1,0x0000,true,59.991199,-0.000463,0.000000,0.000000,0x000E,88,85.000763,-180.000000,59.975231,-0.274150,50.000000,142.407532,74.970299,-144.609116
PMU.001,2026-07-09T06:10:33.166666Z,1783577433,166666,1,0x0000,true,59.989433,-0.000059,0.000000,0.000000,0x000F,88,89.993675,-144.743927,64.959328,35.323940,54.986404,179.339371,79.982155,-109.097176
PMU.001,2026-07-09T06:10:33.2Z,1783577433,200000,1,0x0000,true,60.010921,0.000716,0.000000,0.000000,0x0000,88,95.001503,-107.855568,69.962166,71.321693,59.978951,-180.000000,84.978500,-72.963326
PMU.001,2026-07-09T06:10:33.233333Z,1783577433,233333,1,0x0000,true,59.992722,-0.000607,0.000000,0.000000,0x0001,88,99.987869,-72.465668,74.957886,106.795113,64.963249,-143.828857,89.968201,-36.894402
PMU.001,2026-07-09T06:10:33.266666Z,1783577433,266666,1,0x0000,true,60.012966,0.000675,0.000000,0.000000,0x0002,88,50.000000,-37.315102,79.944328,142.655960,69.964783,-108.240616,94.983681,-0.901656
PMU.001,2026-07-09T06:10:33.3Z,1783577433,300000,1,0x0000,true,60.001328,-0.000388,0.000000,0.000000,0x0003,88,54.996746,-1.102154,84.960396,178.011169,74.959091,-72.760902,99.976242,34.194706
PMU.001,2026-07-09T06:10:33.333333Z,1783577433,333333,1,0x0000,true,60.001873,0.000018,0.000000,0.000000,0x0004,88,59.986767,35.542988,89.961021,-180.000000,79.964127,-37.538471,50.000000,69.611290
PMU.001,2026-07-09T06:10:33.366666Z,1783577433,366666,1,0x0000,true,60.006985,0.000170,0.000000,0.000000,0x0005,88,64.989059,70.687202,94.955132,-143.176392,84.954987,-0.901898,55.003532,105.080452
PMU.001,2026-07-09T06:10:33.4Z,1783577433,400000,1,0x0000,true,59.985870,-0.000704,0.000000,0.000000,0x0006,88,69.972748,107.204819,99.952217,-106.488533,89.945976,34.830948,59.994129,140.284225
PMU.001,2026-07-09T06:10:33.433333Z,1783577433,433333,1,0x0000,true,59.996265,0.000347,0.000000,0.000000,0x0007,88,74.966286,142.941452,50.000000,-70.666504,94.945595,70.784470,64.980400,176.531281
PMU.001,2026-07-09T06:10:33.466666Z,1783577433,466666,1,0x0000,true,60.012760,0.000550,0.000000,0.000000,0x0008,88,79.953735,178.582443,55.005241,-33.802502,99.939331,106.784149,69.986183,-180.000000
PMU.001,2026-07-09T06:10:33.5Z,1783577433,500000,1,0x0000,true,59.986103,-0.000889,0.000000,0.000000,0x0009,88,84.964439,-180.000000,59.989754,1.976567,50.000000,143.638184,74.997292,-144.247391
PMU.001,2026-07-09T06:10:33.533333Z,1783577433,533333,1,0x0000,true,59.985516,-0.000020,0.000000,0.000000,0x000A,88,89.971794,-143.487289,65.004494,37.217831,55.006184,-180.000000,79.986748,-108.766869
PMU.001,2026-07-09T06:10:33.566666Z,1783577433,566666,1,0x0000,true,59.990154,0.000155,0.000000,0.000000,0x000B,88,94.977776,-106.581902,70.018478,73.485275,59.992710,-144.736069,84.985977,-73.692886
PMU.001,2026-07-09T06:10:33.6Z,1783577433,600000,1,0x0000,true,60.008022,0.000596,0.000000,0.000000,0x000C,88,99.965218,-69.722496,75.019470,108.684746,65.007744,-109.189445,89.991898,-36.769138
PMU.001,2026-07-09T06:10:33.633333Z,1783577433,633333,1,0x0000,true,60.015079,0.000235,0.000000,0.000000,0x000D,88,50.000000,-33.235661,80.035210,144.750519,70.008240,-72.947472,94.984047,-0.325085
PMU.001,2026-07-09T06:10:33.666666Z,1783577433,666666,1,0x0000,true,59.986183,-0.000963,0.000000,0.000000,0x000E,88,54.992413,2.984226,85.028664,-180.000000,75.012634,-36.381428,99.994171,36.307293
PMU.001,2026-07-09T06:10:33.7Z,1783577433,700000,1,0x0000,true,59.991280,0.000170,0.000000,0.000000,0x000F,88,60.001045,39.178932,90.035583,-143.810776,80.026978,0.287845,50.000000,71.516785
PMU.001,2026-07-09T06:10:33.733333Z,1783577433,733333,1,0x0000,true,59.986244,-0.000168,0.000000,0.000000,0x0000,88,65.006096,74.814911,95.042938,-107.315376,85.027229,36.407246,55.015846,107.560593
PMU.001,2026-07-09T06:10:33.766666Z,1783577433,766666,1,0x0000,true,59.984898,-0.000045,0.000000,0.000000,0x0001,88,69.993019,110.734268,50.000000,-71.434196,90.015526,72.376617,59.999912,143.473938
PMU.001,2026-07-09T06:10:33.8Z,1783577433,800000,1,0x0000,true,59.992592,0.000256,0.000000,0.000000,0x0002,88,75.008568,146.539978,55.015087,-35.434460,95.022301,107.547417,65.006279,178.799774
PMU.001,2026-07-09T06:10:33.833333Z,1783577433,833333,1,0x0000,true,59.996487,0.000130,0.000000,0.000000,0x0003,88,80.000069,-180.000000,60.010876,1.203163,50.000000,142.673965,70.004105,-180.000000
PMU.001,2026-07-09T06:10:33.866666Z,1783577433,866666,1,0x0000,true,60.007889,0.000380,0.000000,0.000000,0x0004,88,85.011215,-144.393692,64.997421,36.408638,55.011471,178.775711,75.000771,-144.392715
PMU.001,2026-07-09T06:10:33.9Z,1783577433,900000,1,0x0000,true,60.005623,-0.000076,0.000000,0.000000,0x0005,88,90.020195,-108.215080,70.009079,71.571037,60.007427,-180.000000,79.995453,-108.760818
PMU.001,2026-07-09T06:10:33.933333Z,1783577433,933333,1,0x0000,true,59.994514,-0.000370,0.000000,0.000000,0x0006,88,95.010674,-72.357910,75.016495,107.848854,65.012741,-144.190460,84.989723,-73.596085
PMU.001,2026-07-09T06:10:33.966666Z,1783577433,966666,1,0x0000,true,60.015648,0.000704,0.000000,0.000000,0x0007,88,50.000000,-37.263996,80.011223,144.669968,70.002319,-107.710564,89.975342,-37.182865
PMU.001,2026-07-09T06:10:34Z,1783577434,0,1,0x0000,true,59.997372,-0.000609,0.000000,0.000000,0x0008,88,54.990570,-0.710598,84.997612,-180.000000,75.007996,-71.777267,94.963142,-2.071000
PMU.001,2026-07-09T06:10:34.033333Z,1783577434,33333,1,0x0000,true,60.001408,0.000135,0.000000,0.000000,0x0009,88,60.004055,35.418419,89.997078,-143.207504,79.994896,-36.269466,99.954872,32.982933
PMU.001,2026-07-09T06:10:34.066666Z,1783577434,66666,1,0x0000,true,60.009888,0.000283,0.000000,0.000000,0x000A,88,64.991791,71.075729,95.012817,-107.667473,85.007919,-0.508641,50.000000,68.993980
PMU.001,2026-07-09T06:10:34.1Z,1783577434,100000,1,0x0000,true,60.010960,0.000036,0.000000,0.000000,0x000B,88,69.985382,106.215218,50.000000,-71.230530,90.009811,36.386547,54.995506,104.581985
PMU.001,2026-07-09T06:10:34.133333Z,1783577434,133333,1,0x0000,true,60.010239,-0.000024,0.000000,0.000000,0x000C,88,74.998192,141.611938,54.984234,-34.685703,95.015923,71.542587,59.997185,140.038208
PMU.001,2026-07-09T06:10:34.166666Z,1783577434,166666,1,0x0000,true,59.998966,-0.000376,0.000000,0.000000,0x000D,88,79.982559,177.863770,59.996822,1.747802,50.000000,106.943733,64.994415,175.247070
PMU.001,2026-07-09T06:10:34.2Z,1783577434,200000,1,0x0000,true,59.998653,-0.000010,0.000000,0.000000,0x000E,88,84.984299,-180.000000,64.982224,37.295010,55.014523,143.512695,69.999687,-180.000000
PMU.001,2026-07-09T06:10:34.233333Z,1783577434,233333,1,0x0000,true,59.987431,-0.000374,0.000000,0.000000,0x000F,88,89.976280,-143.827682,69.997208,73.324646,60.000908,178.570480,75.008255,-144.127502
PMU.001,2026-07-09T06:10:34.266666Z,1783577434,266666,1,0x0000,true,60.005966,0.000618,0.000000,0.000000,0x0000,88,94.990265,-107.144997,75.011284,109.072121,64.997353,-180.000000,80.006302,-108.650192
PMU.001,2026-07-09T06:10:34.3Z,1783577434,300000,1,0x0000,true,60.004238,-0.000058,0.000000,0.000000,0x0001,88,99.980690,-72.004921,80.007576,145.809067,70.008148,-143.694733,85.004524,-72.985771
PMU.001,2026-07-09T06:10:34.333333Z,1783577434,333333,1,0x0000,true,60.013031,0.000293,0.000000,0.000000,0x0002,88,50.000000,-36.179165,85.003395,-180.000000,74.999252,-108.011490,90.004318,-36.973267
PMU.001,2026-07-09T06:10:34.366666Z,1783577434,366666,1,0x0000,true,59.987762,-0.000842,0.000000,0.000000,0x0003,88,55.007992,-0.574721,89.993942,-143.729645,79.991837,-72.000504,94.999794,-0.317284
PMU.001,2026-07-09T06:10:34.4Z,1783577434,400000,1,0x0000,true,59.983753,-0.000134,0.000000,0.000000,0x0004,88,60.013931,34.936932,95.003181,-107.783463,84.995323,-36.198410,50.000000,36.149441
PMU.001,2026-07-09T06:10:34.433333Z,1783577434,433333,1,0x0000,true,60.012066,0.000944,0.000000,0.000000,0x0005,88,65.006279,71.580788,99.988663,-71.092278,90.003059,0.426446,55.001934,71.455750
PMU.001,2026-07-09T06:10:34.466666Z,1783577434,466666,1,0x0000,true,59.999786,-0.000409,0.000000,0.000000,0x0006,88,69.992210,107.076759,50.000000,-34.431980,95.013832,35.992653,59.996700,106.515572
PMU.001,2026-07-09T06:10:34.5Z,1783577434,500000,1,0x0000,true,59.994698,-0.000170,0.000000,0.000000,0x0007,88,74.999756,142.560028,55.007999,1.667369,50.000000,71.107956,65.002197,142.553375
PMU.001,2026-07-09T06:10:34.533333Z,1783577434,533333,1,0x0000,true,59.988503,-0.000207,0.000000,0.000000,0x0008,88,80.010979,178.668167,60.017658,37.257881,54.983963,107.418251,69.994362,177.821381
PMU.001,2026-07-09T06:10:34.566666Z,1783577434,566666,1,0x0000,true,60.010342,0.000728,0.000000,0.000000,0x0009,88,84.996353,-180.000000,65.014000,72.936348,59.992165,143.066406,75.007950,-180.000000
PMU.001,2026-07-09T06:10:34.6Z,1783577434,600000,1,0x0000,true,59.986820,-0.000784,0.000000,0.000000,0x000A,88,89.989677,-143.674622,70.013802,109.141487,64.982811,179.615250,79.999207,-144.655991
PMU.001,2026-07-09T06:10:34.633333Z,1783577434,633333,1,0x0000,true,59.993988,0.000239,0.000000,0.000000,0x000B,88,94.990547,-108.017265,74.997498,145.496368,69.981529,-180.000000,85.001785,-107.854698
PMU.001,2026-07-09T06:10:34.666666Z,1783577434,666666,1,0x0000,true,60.011082,0.000570,0.000000,0.000000,0x000C,88,99.996941,-71.516090,79.996681,-180.000000,74.995857,-143.988892,89.993851,-72.592918
PMU.001,2026-07-09T06:10:34.7Z,1783577434,700000,1,0x0000,true,59.990093,-0.000700,0.000000,0.000000,0x000D,88,50.000000,-36.326294,85.004517,-144.531723,80.008362,-107.530388,94.992058,-37.454937
PMU.001,2026-07-09T06:10:34.733333Z,1783577434,733333,1,0x0000,true,60.003014,0.000431,0.000000,0.000000,0x000E,88,55.007336,-0.675046,90.016594,-108.203133,84.997345,-71.476616,50.000000,-1.730367
PMU.001,2026-07-09T06:10:34.766666Z,1783577434,766666,1,0x0000,true,60.001110,-0.000063,0.000000,0.000000,0x000F,88,60.002808,36.171356,95.012825,-72.742073,89.982315,-36.181847,55.001614,33.434368
PMU.001,2026-07-09T06:10:34.8Z,1783577434,800000,1,0x0000,true,59.990025,-0.000370,0.000000,0.000000,0x0000,88,65.008698,72.962563,50.000000,-36.502140,94.981628,0.653655,60.003036,70.174339
PMU.001,2026-07-09T06:10:34.833333Z,1783577434,833333,1,0x0000,true,59.989582,-0.000015,0.000000,0.000000,0x0001,88,70.020767,109.788620,55.002705,-0.711007,99.993530,36.752712,65.007675,106.585991
PMU.001,2026-07-09T06:10:34.866666Z,1783577434,866666,1,0x0000,true,59.996979,0.000247,0.000000,0.000000,0x0002,88,75.035889,145.327835,60.017113,34.583820,50.000000,73.504517,70.006714,142.583160
PMU.001,2026-07-09T06:10:34.9Z,1783577434,900000,1,0x0000,true,60.004814,0.000261,0.000000,0.000000,0x0003,88,80.038834,-180.000000,65.018211,69.841980,55.008553,108.664062,75.014771,178.283844
PMU.001,2026-07-09T06:10:34.933333Z,1783577434,933333,1,0x0000,true,60.005375,0.000019,0.000000,0.000000,0x0004,88,85.040863,-144.150299,70.029091,105.865211,60.006645,145.258133,80.009941,-180.000000
PMU.001,2026-07-09T06:10:34.966666Z,1783577434,966666,1,0x0000,true,59.983944,-0.000714,0.000000,0.000000,0x0005,88,90.044823,-107.224335,75.016975,141.234818,65.006149,-180.000000,85.023109,-144.202637
PMU.001,2026-07-09T06:10:35Z,1783577435,0,1,0x0000,true,60.003658,0.000657,0.000000,0.000000,0x0006,88,95.044014,-71.130699,80.029839,177.029800,70.020447,-143.383667,90.012070,-107.405022
PMU.001,2026-07-09T06:10:35.033333Z,1783577435,33333,1,0x0000,true,59.997360,-0.000210,0.000000,0.000000,0x0007,88,50.000000,-34.629467,85.016586,-180.000000,75.028572,-107.194435,95.026009,-71.861954
PMU.001,2026-07-09T06:10:35.066666Z,1783577435,66666,1,0x0000,true,60.005280,0.000264,0.000000,0.000000,0x0008,88,54.993546,1.099534,90.024529,-144.701920,80.012291,-71.483452,50.000000,-35.350410
PMU.001,2026-07-09T06:10:35.1Z,1783577435,100000,1,0x0000,true,60.015121,0.000328,0.000000,0.000000,0x0009,88,59.981571,37.301819,95.021881,-108.741638,85.023834,-34.588783,54.984917,0.801806
PMU.001,2026-07-09T06:10:35.133333Z,1783577435,133333,1,0x0000,true,59.991062,-0.000802,0.000000,0.000000,0x000A,88,64.988197,73.989212,50.000000,-72.916000,90.026054,1.319794,59.988941,36.259892
PMU.001,2026-07-09T06:10:35.166666Z,1783577435,166666,1,0x0000,true,60.011177,0.000670,0.000000,0.000000,0x000B,88,70.004356,110.812943,55.000076,-36.876682,95.020538,37.353046,64.975769,72.813759
PMU.001,2026-07-09T06:10:35.2Z,1783577435,200000,1,0x0000,true,59.989304,-0.000729,0.000000,0.000000,0x000C,88,74.989212,146.630249,60.013027,-1.341484,50.000000,73.861511,69.981834,107.931862
PMU.001,2026-07-09T06:10:35.233333Z,1783577435,233333,1,0x0000,true,60.006866,0.000585,0.000000,0.000000,0x000D,88,79.993156,-180.000000,65.010330,35.112129,54.985519,110.357552,74.989639,143.108948
PMU.001,2026-07-09T06:10:35.266666Z,1783577435,266666,1,0x0000,true,60.002773,-0.000136,0.000000,0.000000,0x000E,88,84.983826,-143.781876,70.004417,71.431862,59.990776,146.325638,79.991692,178.293335
PMU.001,2026-07-09T06:10:35.3Z,1783577435,300000,1,0x0000,true,59.998436,-0.000145,0.000000,0.000000,0x000F,88,89.976990,-107.611420,74.990616,107.626213,64.995499,-180.000000,84.996498,-180.000000
PMU.001,2026-07-09T06:10:35.333333Z,1783577435,333333,1,0x0000,true,59.989014,-0.000314,0.000000,0.000000,0x0000,88,94.965408,-71.593201,79.995995,142.843811,70.003723,-143.824005,89.985542,-144.387115
PMU.001,2026-07-09T06:10:35.366666Z,1783577435,366666,1,0x0000,true,59.992985,0.000132,0.000000,0.000000,0x0001,88,99.970146,-35.231216,84.992691,178.439102,75.008759,-107.259293,94.969360,-108.428703
PMU.001,2026-07-09T06:10:35.4Z,1783577435,400000,1,0x0000,true,59.995193,0.000074,0.000000,0.000000,0x0002,88,50.000000,0.681211,89.992447,-180.000000,80.023628,-71.065758,99.970413,-72.209160
PMU.001,2026-07-09T06:10:35.433333Z,1783577435,433333,1,0x0000,true,60.006645,0.000382,0.000000,0.000000,0x0003,88,54.999435,37.272259,94.996353,-143.129822,85.020424,-35.024986,50.000000,-35.443661
PMU.001,2026-07-09T06:10:35.466666Z,1783577435,466666,1,0x0000,true,60.003284,-0.000112,0.000000,0.000000,0x0004,88,60.011829,73.989616,50.000000,-107.170357,90.012848,1.496822,55.014252,0.354466
PMU.001,2026-07-09T06:10:35.5Z,1783577435,500000,1,0x0000,true,60.003582,0.000010,0.000000,0.000000,0x0005,88,65.014725,110.113678,55.016354,-71.064484,94.997192,36.925415,60.000004,36.373497
PMU.001,2026-07-09T06:10:35.533333Z,1783577435,533333,1,0x0000,true,59.985126,-0.000615,0.000000,0.000000,0x0006,88,70.011055,145.897888,60.014496,-35.681355,50.000000,73.481384,64.999718,72.285278
PMU.001,2026-07-09T06:10:35.566666Z,1783577435,566666,1,0x0000,true,59.986729,0.000053,0.000000,0.000000,0x0007,88,75.000183,-180.000000,65.009476,1.195880,54.995743,108.615631,70.014290,109.154991
PMU.001,2026-07-09T06:10:35.6Z,1783577435,600000,1,0x0000,true,59.995411,0.000289,0.000000,0.000000,0x0008,88,79.999519,-144.283127,70.013145,36.342484,59.984924,143.968628,75.029945,146.037247
PMU.001,2026-07-09T06:10:35.633333Z,1783577435,633333,1,0x0000,true,60.004101,0.000290,0.000000,0.000000,0x0009,88,85.009880,-107.651451,74.999512,72.635513,64.980782,179.280289,80.024857,-180.000000
PMU.001,2026-07-09T06:10:35.666666Z,1783577435,666666,1,0x0000,true,60.006664,0.000085,0.000000,0.000000,0x000A,88,90.014259,-71.741653,79.989143,108.114471,69.989037,-180.000000,85.030907,-143.089432
PMU.001,2026-07-09T06:10:35.7Z,1783577435,700000,1,0x0000,true,59.986736,-0.000664,0.000000,0.000000,0x000B,88,95.014633,-35.756832,84.991310,144.812881,74.975586,-144.834518,90.017609,-107.512497
PMU.001,2026-07-09T06:10:35.733333Z,1783577435,733333,1,0x0000,true,60.009506,0.000759,0.000000,0.000000,0x000C,88,50.000000,0.883820,90.005798,-180.000000,79.966187,-108.883331,95.033440,-71.579849
PMU.001,2026-07-09T06:10:35.766666Z,1783577435,766666,1,0x0000,true,59.998623,-0.000363,0.000000,0.000000,0x000D,88,55.009068,36.791466,94.997398,-143.687103,84.959824,-73.695114,50.000000,-35.043644
PMU.001,2026-07-09T06:10:35.8Z,1783577435,800000,1,0x0000,true,59.993034,-0.000186,0.000000,0.000000,0x000E,88,60.010441,72.326317,99.981133,-108.623322,89.955261,-38.185032,55.006687,1.887680
PMU.001,2026-07-09T06:10:35.833333Z,1783577435,833333,1,0x0000,true,60.000942,0.000264,0.000000,0.000000,0x000F,88,65.003593,108.120880,50.000000,-73.282677,94.953514,-2.423859,60.013458,37.769039
PMU.001,2026-07-09T06:10:35.866666Z,1783577435,866666,1,0x0000,true,60.013374,0.000414,0.000000,0.000000,0x0000,88,70.005051,144.641342,55.008766,-36.422577,99.953094,33.245689,65.004593,73.207718
PMU.001,2026-07-09T06:10:35.9Z,1783577435,900000,1,0x0000,true,59.992210,-0.000705,0.000000,0.000000,0x0001,88,75.009918,-180.000000,60.010578,-0.799192,50.000000,68.487823,70.008003,109.430107
PMU.001,2026-07-09T06:10:35.933333Z,1783577435,933333,1,0x0000,true,60.015656,0.000782,0.000000,0.000000,0x0002,88,80.013344,-144.554092,64.997047,35.577656,55.007591,104.949951,75.000343,145.031403
PMU.001,2026-07-09T06:10:35.966666Z,1783577435,966666,1,0x0000,true,59.994133,-0.000717,0.000000,0.000000,0x0003,88,85.012703,-108.422806,69.994034,72.429016,60.015224,141.817276,79.993408,-180.000000
PMU.001,2026-07-09T06:10:36Z,1783577436,0,1,0x0000,true,59.991806,-0.000078,0.000000,0.000000,0x0004,88,90.010567,-72.707268,74.978973,108.180862,65.008163,177.666168,85.004715,-143.735641
PMU.001,2026-07-09T06:10:36.033333Z,1783577436,33333,1,0x0000,true,59.990452,-0.000045,0.000000,0.000000,0x0005,88,95.012077,-37.075954,79.985046,143.599319,70.002441,-180.000000,89.997063,-107.660309
PMU.001,2026-07-09T06:10:36.066666Z,1783577436,66666,1,0x0000,true,59.996033,0.000186,0.000000,0.000000,0x0006,88,50.000000,-0.453603,84.969101,179.453171,74.991753,-144.590530,95.002098,-72.013786
PMU.001,2026-07-09T06:10:36.1Z,1783577436,100000,1,0x0000,true,60.004223,0.000273,0.000000,0.000000,0x0007,88,55.013107,35.233723,89.965500,-180.000000,79.998787,-109.153770,99.994583,-36.415524
PMU.001,2026-07-09T06:10:36.133333Z,1783577436,133333,1,0x0000,true,59.997673,-0.000218,0.000000,0.000000,0x0008,88,60.016972,71.199829,94.970108,-143.872040,85.008316,-73.166039,50.000000,0.194297
PMU.001,2026-07-09T06:10:36.166666Z,1783577436,166666,1,0x0000,true,59.997589,-0.000003,0.000000,0.000000,0x0009,88,65.031395,107.644875,99.958168,-107.917122,90.023796,-36.626629,54.992828,36.565899
PMU.001,2026-07-09T06:10:36.2Z,1783577436,200000,1,0x0000,true,59.989498,-0.000270,0.000000,0.000000,0x000A,88,70.018074,144.426056,50.000000,-72.290352,95.019531,-1.105187,59.982334,72.299973
PMU.001,2026-07-09T06:10:36.233333Z,1783577436,233333,1,0x0000,true,60.009663,0.000672,0.000000,0.000000,0x000B,88,75.017609,-180.000000,54.995110,-35.618690,50.000000,35.689632,64.974243,107.643761
PMU.001,2026-07-09T06:10:36.266666Z,1783577436,266666,1,0x0000,true,59.984688,-0.000832,0.000000,0.000000,0x000C,88,80.009499,-144.645737,60.005486,1.118482,54.995529,70.954620,69.973427,143.373230
PMU.001,2026-07-09T06:10:36.3Z,1783577436,300000,1,0x0000,true,59.991451,0.000225,0.000000,0.000000,0x000D,88,85.003479,-109.006317,65.000771,37.948505,59.991074,107.427818,74.968300,-180.000000
PMU.001,2026-07-09T06:10:36.333333Z,1783577436,333333,1,0x0000,true,59.989681,-0.000059,0.000000,0.000000,0x000E,88,89.989876,-72.076393,69.994972,74.868408,64.999809,144.092300,79.982567,-143.842316
PMU.001,2026-07-09T06:10:36.366666Z,1783577436,366666,1,0x0000,true,59.998062,0.000279,0.000000,0.000000,0x000F,88,94.973328,-36.979210,75.009026,111.501015,69.988518,-180.000000,84.983078,-107.795708
PMU.001,2026-07-09T06:10:36.4Z,1783577436,400000,1,0x0000,true,59.995865,-0.000073,0.000000,0.000000,0x0000,88,99.986282,-1.347840,80.019310,147.309464,74.977791,-143.180817,89.983917,-71.417862
PMU.001,2026-07-09T06:10:36.433333Z,1783577436,433333,1,0x0000,true,60.003254,0.000246,0.000000,0.000000,0x0001,88,50.000000,34.551529,85.024651,-180.000000,79.973801,-107.873230,94.981346,-36.060322
PMU.001,2026-07-09T06:10:36.466666Z,1783577436,466666,1,0x0000,true,59.986073,-0.000573,0.000000,0.000000,0x0002,88,55.014923,71.172012,90.035263,-144.901596,84.984772,-72.058372,99.992722,-0.478378
PMU.001,2026-07-09T06:10:36.5Z,1783577436,500000,1,0x0000,true,59.989178,0.000104,0.000000,0.000000,0x0003,88,60.010891,107.498207,95.047676,-108.348091,89.974808,-35.971378,50.000000,36.259144
PMU.001,2026-07-09T06:10:36.533333Z,1783577436,533333,1,0x0000,true,59.998219,0.000301,0.000000,0.000000,0x0004,88,65.007187,143.804001,50.000000,-72.760612,94.986031,-0.106514,54.998756,71.439560
PMU.001,2026-07-09T06:10:36.566666Z,1783577436,566666,1,0x0000,true,60.013721,0.000517,0.000000,0.000000,0x0005,88,70.018547,178.880554,55.009087,-36.283333,99.978813,35.350521,59.998829,106.550957
PMU.001,2026-07-09T06:10:36.6Z,1783577436,600000,1,0x0000,true,59.990250,-0.000782,0.000000,0.000000,0x0006,88,75.017929,-180.000000,59.996746,-1.112715,50.000000,71.696480,64.999390,142.764130
PMU.001,2026-07-09T06:10:36.633333Z,1783577436,633333,1,0x0000,true,60.015415,0.000839,0.000000,0.000000,0x0007,88,80.025253,-143.150162,64.996941,34.226120,54.988403,108.635147,69.992775,178.753616
PMU.001,2026-07-09T06:10:36.666666Z,1783577436,666666,1,0x0000,true,60.004433,-0.000366,0.000000,0.000000,0x0008,88,85.016960,-106.469528,69.996651,70.964691,59.996426,145.341721,74.998192,-180.000000
PMU.001,2026-07-09T06:10:36.7Z,1783577436,700000,1,0x0000,true,59.993706,-0.000358,0.000000,0.000000,0x0009,88,90.031487,-70.721878,75.010445,107.482819,64.989090,-180.000000,79.998734,-143.096939
PMU.001,2026-07-09T06:10:36.733333Z,1783577436,733333,1,0x0000,true,59.996403,0.000090,0.000000,0.000000,0x000A,88,95.037636,-33.843063,80.025536,144.314529,69.996407,-143.712158,85.011909,-107.484978
PMU.001,2026-07-09T06:10:36.766666Z,1783577436,766666,1,0x0000,true,60.012890,0.000550,0.000000,0.000000,0x000B,88,50.000000,2.138081,85.016556,-180.000000,74.986542,-108.373848,90.001106,-71.563400
PMU.001,2026-07-09T06:10:36.8Z,1783577436,800000,1,0x0000,true,60.005371,-0.000251,0.000000,0.000000,0x000C,88,55.003448,37.652878,90.003891,-143.841019,80.002861,-72.569252,95.003197,-35.468250
PMU.001,2026-07-09T06:10:36.833333Z,1783577436,833333,1,0x0000,true,60.000713,-0.000155,0.000000,0.000000,0x000D,88,60.015423,73.353203,94.989906,-107.069870,85.007141,-35.714512,99.996239,1.465814
PMU.001,2026-07-09T06:10:36.866666Z,1783577436,866666,1,0x0000,true,59.991856,-0.000295,0.000000,0.000000,0x000E,88,65.001274,108.710510,99.985291,-70.570152,90.014473,-0.345313,50.000000,37.351604
PMU.001,2026-07-09T06:10:36.9Z,1783577436,900000,1,0x0000,true,59.992958,0.000037,0.000000,0.000000,0x000F,88,70.012360,145.386307,50.000000,-33.754173,95.030022,36.249233,54.995892,73.016891
PMU.001,2026-07-09T06:10:36.933333Z,1783577436,933333,1,0x0000,true,59.987408,-0.000185,0.000000,0.000000,0x0000,88,75.027100,-180.000000,54.983757,1.316719,50.000000,71.300545,59.999352,109.142181
PMU.001,2026-07-09T06:10:36.966666Z,1783577436,966666,1,0x0000,true,59.992809,0.000180,0.000000,0.000000,0x0001,88,80.026230,-143.948212,59.987885,37.843189,54.999798,107.086082,65.011398,144.297058
PMU.001,2026-07-09T06:10:37Z,1783577437,0,1,0x0000,true,60.016384,0.000786,0.000000,0.000000,0x0002,88,85.028297,-108.794212,64.993492,73.382469,60.010406,143.754242,70.022598,179.402740
PMU.001,2026-07-09T06:10:37.033333Z,1783577437,33333,1,0x0000,true,60.013882,-0.000083,0.000000,0.000000,0x0003,88,90.014648,-72.849144,69.988960,108.439018,65.014496,179.717667,75.030479,-180.000000
PMU.001,2026-07-09T06:10:37.066666Z,1783577437,66666,1,0x0000,true,59.991917,-0.000732,0.000000,0.000000,0x0004,88,94.999687,-37.692516,75.004501,144.999069,70.007683,-180.000000,80.018906,-143.817307
PMU.001,2026-07-09T06:10:37.1Z,1783577437,100000,1,0x0000,true,60.004719,0.000427,0.000000,0.000000,0x0005,88,99.988647,-1.787375,80.011307,-180.000000,74.994949,-143.478363,85.035263,-107.012466
PMU.001,2026-07-09T06:10:37.133333Z,1783577437,133333,1,0x0000,true,59.986149,-0.000619,0.000000,0.000000,0x0006,88,50.000000,33.874069,85.025276,-144.722946,80.006554,-106.632668,90.030670,-71.505882
PMU.001,2026-07-09T06:10:37.166666Z,1783577437,166666,1,0x0000,true,59.989193,0.000101,0.000000,0.000000,0x0007,88,55.011364,70.386673,90.032181,-109.389366,85.015396,-71.034058,95.033417,-36.039173
PMU.001,2026-07-09T06:10:37.2Z,1783577437,200000,1,0x0000,true,59.990807,0.000054,0.000000,0.000000,0x0008,88,59.997272,105.657074,95.020462,-73.783928,90.013268,-35.376923,50.000000,0.890870
PMU.001,2026-07-09T06:10:37.233333Z,1783577437,233333,1,0x0000,true,60.014194,0.000780,0.000000,0.000000,0x0009,88,64.987045,142.536346,50.000000,-37.903328,95.009995,0.840338,54.991665,36.397449
PMU.001,2026-07-09T06:10:37.266666Z,1783577437,266666,1,0x0000,true,60.014370,0.000006,0.000000,0.000000,0x000A,88,69.984184,179.461151,54.991489,-1.249970,50.000000,37.015343,59.989944,71.622742
PMU.001,2026-07-09T06:10:37.3Z,1783577437,300000,1,0x0000,true,59.985802,-0.000952,0.000000,0.000000,0x000B,88,74.978065,-180.000000,59.979633,33.812061,55.008308,72.609825,64.998184,107.355064
PMU.001,2026-07-09T06:10:37.333333Z,1783577437,333333,1,0x0000,true,60.002121,0.000544,0.000000,0.000000,0x000C,88,79.968925,-144.801056,64.987709,69.969116,60.010288,108.860016,69.999382,142.610138
PMU.001,2026-07-09T06:10:37.366666Z,1783577437,366666,1,0x0000,true,60.010174,0.000268,0.000000,0.000000,0x000D,88,84.953178,-108.833908,69.981445,105.434891,65.010056,145.482773,74.998978,178.716263
PMU.001,2026-07-09T06:10:37.4Z,1783577437,400000,1,0x0000,true,60.011135,0.000032,0.000000,0.000000,0x000E,88,89.948708,-73.531975,74.991142,142.008163,70.005577,-180.000000,79.993561,-180.000000
PMU.001,2026-07-09T06:10:37.433333Z,1783577437,433333,1,0x0000,true,60.015041,0.000130,0.000000,0.000000,0x000F,88,94.943352,-36.972862,80.000771,178.878479,75.019333,-144.648636,84.992348,-143.708084
PMU.001,2026-07-09T06:10:37.466666Z,1783577437,466666,1,0x0000,true,59.986267,-0.000959,0.000000,0.000000,0x0000,88,99.928391,-1.490412,84.995369,-180.000000,80.019272,-108.937538,89.997902,-107.352097
PMU.001,2026-07-09T06:10:37.5Z,1783577437,500000,1,0x0000,true,59.990803,0.000151,0.000000,0.000000,0x0001,88,50.000000,34.298100,89.979141,-143.997589,85.018448,-73.807777,94.982681,-72.278290
PMU.001,2026-07-09T06:10:37.533333Z,1783577437,533333,1,0x0000,true,59.994583,0.000126,0.000000,0.000000,0x0002,88,54.996819,70.294807,94.977180,-107.106476,90.026627,-37.043324,99.971176,-37.121426
PMU.001,2026-07-09T06:10:37.566666Z,1783577437,566666,1,0x0000,true,60.003036,0.000282,0.000000,0.000000,0x0003,88,59.980759,106.972992,99.960991,-70.536819,95.026825,-0.435252,50.000000,-0.728839
PMU.001,2026-07-09T06:10:37.6Z,1783577437,600000,1,0x0000,true,60.013599,0.000352,0.000000,0.000000,0x0004,88,64.990921,143.202316,50.000000,-34.880733,50.000000,34.923046,54.987404,35.355881
PMU.001,2026-07-09T06:10:37.633333Z,1783577437,633333,1,0x0000,true,60.002792,-0.000360,0.000000,0.000000,0x0005,88,70.005913,178.613022,54.989159,1.887156,55.008270,71.595467,59.988827,71.113266
PMU.001,2026-07-09T06:10:37.666666Z,1783577437,666666,1,0x0000,true,59.995811,-0.000233,0.000000,0.000000,0x0006,88,75.009453,-180.000000,59.974262,37.060749,60.023270,106.741898,64.996849,106.664436
PMU.001,2026-07-09T06:10:37.7Z,1783577437,700000,1,0x0000,true,60.010273,0.000482,0.000000,0.000000,0x0007,88,80.018738,-143.359009,64.961845,72.353065,65.029060,143.364487,69.988503,142.500687
PMU.001,2026-07-09T06:10:37.733333Z,1783577437,733333,1,0x0000,true,60.010490,0.000007,0.000000,0.000000,0x0008,88,85.029243,-106.741844,69.971001,108.375069,70.033791,179.853699,74.986404,178.777802
PMU.001,2026-07-09T06:10:37.766666Z,1783577437,766666,1,0x0000,true,59.983608,-0.000896,0.000000,0.000000,0x0009,88,90.025772,-70.206161,74.961945,144.041946,75.023666,-180.000000,79.990479,-180.000000
PMU.001,2026-07-09T06:10:37.8Z,1783577437,800000,1,0x0000,true,59.989693,0.000203,0.000000,0.000000,0x000A,88,95.030640,-34.434029,79.959602,-180.000000,80.017082,-144.368393,84.981438,-143.391357
PMU.001,2026-07-09T06:10:37.833333Z,1783577437,833333,1,0x0000,true,59.986729,-0.000099,0.000000,0.000000,0x000B,88,50.000000,2.110742,84.942963,-143.414551,85.011490,-109.053108,89.982216,-108.257278
PMU.001,2026-07-09T06:10:37.866666Z,1783577437,866666,1,0x0000,true,60.008038,0.000710,0.000000,0.000000,0x000C,88,54.995464,37.470211,89.950073,-107.422966,90.024384,-73.819717,94.981857,-71.827675
PMU.001,2026-07-09T06:10:37.9Z,1783577437,900000,1,0x0000,true,59.984543,-0.000783,0.000000,0.000000,0x000D,88,60.007896,73.335716,94.963242,-71.035393,95.032318,-38.024734,99.979347,-35.440624
PMU.001,2026-07-09T06:10:37.933333Z,1783577437,933333,1,0x0000,true,60.000698,0.000539,0.000000,0.000000,0x000E,88,65.003944,109.552399,99.971199,-35.620029,50.000000,-1.303066,50.000000,-0.355687
PMU.001,2026-07-09T06:10:37.966666Z,1783577437,966666,1,0x0000,true,59.999115,-0.000053,0.000000,0.000000,0x000F,88,70.007385,144.979706,50.000000,0.420625,54.992989,34.003185,54.990288,35.749489
PMU.001,2026-07-09T06:10:38Z,1783577438,0,1,0x0000,true,60.000530,0.000047,0.000000,0.000000,0x0000,88,74.991707,-180.000000,54.995674,35.826660,60.005795,69.682938,59.987793,71.551460
PMU.001,2026-07-09T06:10:38.033333Z,1783577438,33333,1,0x0000,true,60.002861,0.000078,0.000000,0.000000,0x0001,88,79.990181,-143.466537,59.993439,72.073410,65.000786,106.397141,64.978127,107.375008
PMU.001,2026-07-09T06:10:38.066666Z,1783577438,66666,1,0x0000,true,60.015892,0.000434,0.000000,0.000000,0x0002,88,84.996780,-106.608185,64.996910,108.490364,69.984718,142.015213,69.990959,143.031967
PMU.001,2026-07-09T06:10:38.1Z,1783577438,100000,1,0x0000,true,60.016628,0.000025,0.000000,0.000000,0x0003,88,89.994453,-71.349968,69.983574,145.313217,74.982933,177.756393,74.984978,179.683746
PMU.001,2026-07-09T06:10:38.133333Z,1783577438,133333,1,0x0000,true,60.004402,-0.000408,0.000000,0.000000,0x0004,88,95.010017,-35.135094,74.975380,-180.000000,79.994606,-180.000000,79.978821,-180.000000
PMU.001,2026-07-09T06:10:38.166666Z,1783577438,166666,1,0x0000,true,60.001125,-0.000109,0.000000,0.000000,0x0005,88,50.000000,0.910807,79.975838,-144.751984,84.983200,-143.343613,84.992958,-143.644730
PMU.001,2026-07-09T06:10:38.2Z,1783577438,200000,1,0x0000,true,59.987480,-0.000455,0.000000,0.000000,0x0006,88,55.011322,37.771545,84.978676,-109.298378,89.986237,-106.654755,89.988266,-108.067497
PMU.001,2026-07-09T06:10:38.233333Z,1783577438,233333,1,0x0000,true,59.991684,0.000140,0.000000,0.000000,0x0007,88,60.020092,72.909637,89.974968,-73.646492,94.983810,-71.528610,94.984238,-72.658371
PMU.001,2026-07-09T06:10:38.266666Z,1783577438,266666,1,0x0000,true,59.991585,-0.000003,0.000000,0.000000,0x0008,88,65.006439,109.511063,94.978134,-38.441196,99.979637,-35.827003,99.976379,-36.826145
PMU.001,2026-07-09T06:10:38.3Z,1783577438,300000,1,0x0000,true,60.008457,0.000562,0.000000,0.000000,0x0009,88,70.020729,144.590759,99.988953,-3.181748,50.000000,0.384198,50.000000,-0.669560
PMU.001,2026-07-09T06:10:38.333333Z,1783577438,333333,1,0x0000,true,59.990479,-0.000599,0.000000,0.000000,0x000A,88,75.035309,-180.000000,50.000000,33.315285,54.994072,35.710732,54.991474,35.647198
PMU.001,2026-07-09T06:10:38.366666Z,1783577438,366666,1,0x0000,true,59.988773,-0.000057,0.000000,0.000000,0x000B,88,80.046120,-143.345245,54.984673,68.833755,59.993462,72.137703,59.977913,71.829369
PMU.001,2026-07-09T06:10:38.4Z,1783577438,400000,1,0x0000,true,59.987938,-0.000028,0.000000,0.000000,0x000C,88,85.050476,-106.623520,59.971252,105.498482,64.976807,108.011017,64.967484,107.010246
PMU.001,2026-07-09T06:10:38.433333Z,1783577438,433333,1,0x0000,true,60.015270,0.000911,0.000000,0.000000,0x000D,88,90.041481,-70.582985,64.987572,140.955048,69.990059,143.798950,69.975418,142.278091
PMU.001,2026-07-09T06:10:38.466666Z,1783577438,466666,1,0x0000,true,59.984501,-0.001026,0.000000,0.000000,0x000E,88,95.056824,-35.434860,69.992729,176.116867,75.000198,179.904709,74.986702,178.816208
PMU.001,2026-07-09T06:10:38.5Z,1783577438,500000,1,0x0000,true,59.997898,0.000447,0.000000,0.000000,0x000F,88,50.000000,1.028835,75.004875,-180.000000,79.983604,-180.000000,79.992531,-180.000000
PMU.001,2026-07-09T06:10:38.533333Z,1783577438,533333,1,0x0000,true,60.010616,0.000424,0.000000,0.000000,0x0000,88,54.984425,37.694668,79.994637,-144.611053,84.983116,-144.449875,85.008484,-143.302231
PMU.001,2026-07-09T06:10:38.566666Z,1783577438,566666,1,0x0000,true,59.989506,-0.000704,0.000000,0.000000,0x0001,88,59.998432,73.313156,85.007973,-107.747154,89.999557,-109.224823,89.994881,-107.997841
PMU.001,2026-07-09T06:10:38.6Z,1783577438,600000,1,0x0000,true,60.011925,0.000747,0.000000,0.000000,0x0002,88,65.008560,109.877274,89.996948,-71.849945,94.992111,-73.993469,94.983994,-71.817482
PMU.001,2026-07-09T06:10:38.633333Z,1783577438,633333,1,0x0000,true,59.985676,-0.000875,0.000000,0.000000,0x0003,88,70.019722,146.468201,94.994232,-35.651855,99.992073,-37.900707,99.996674,-35.848515
PMU.001,2026-07-09T06:10:38.666666Z,1783577438,666666,1,0x0000,true,60.001759,0.000536,0.000000,0.000000,0x0004,88,75.025215,-180.000000,50.000000,0.563191,50.000000,-2.147401,50.000000,0.015418
PMU.001,2026-07-09T06:10:38.7Z,1783577438,700000,1,0x0000,true,59.992569,-0.000306,0.000000,0.000000,0x0005,88,80.022659,-144.366013,54.985180,35.966316,55.009151,34.442543,54.991138,35.356934
PMU.001,2026-07-09T06:10:38.733333Z,1783577438,733333,1,0x0000,true,60.014763,0.000740,0.000000,0.000000,0x0006,88,85.030548,-108.125374,59.996220,71.165848,60.001259,70.176727,60.006279,71.914001
PMU.001,2026-07-09T06:10:38.766666Z,1783577438,766666,1,0x0000,true,59.987278,-0.000916,0.000000,0.000000,0x0007,88,90.017517,-72.969963,65.012131,106.877182,64.997231,107.081535,65.001801,108.316032
PMU.001,2026-07-09T06:10:38.8Z,1783577438,800000,1,0x0000,true,59.999119,0.000395,0.000000,0.000000,0x0008,88,95.011093,-36.781845,70.021149,143.348465,70.006409,143.809387,70.005310,144.823608
PMU.001,2026-07-09T06:10:38.833333Z,1783577438,833333,1,0x0000,true,59.989719,-0.000313,0.000000,0.000000,0x0009,88,50.000000,-0.479661,75.037766,178.728546,75.004913,-180.000000,75.012535,-180.000000
PMU.001,2026-07-09T06:10:38.866666Z,1783577438,866666,1,0x0000,true,60.002472,0.000425,0.000000,0.000000,0x000A,88,55.014069,35.036072,80.053856,-180.000000,80.001022,-143.135071,79.995872,-144.309540
PMU.001,2026-07-09T06:10:38.9Z,1783577438,900000,1,0x0000,true,59.992329,-0.000338,0.000000,0.000000,0x000B,88,60.008854,70.685799,85.044258,-144.804611,84.996765,-107.893517,84.994476,-107.648773
PMU.001,2026-07-09T06:10:38.933333Z,1783577438,933333,1,0x0000,true,60.000835,0.000284,0.000000,0.000000,0x000C,88,65.021759,107.365509,90.056389,-108.897255,89.980782,-70.950127,90.009094,-72.240700
PMU.001,2026-07-09T06:10:38.966666Z,1783577438,966666,1,0x0000,true,59.999744,-0.000036,0.000000,0.000000,0x000D,88,70.008331,143.574265,95.054672,-72.817902,94.985336,-35.591766,95.011932,-35.439816
PMU.001,2026-07-09T06:10:39Z,1783577439,0,1,0x0000,true,59.986420,-0.000444,0.000000,0.000000,0x000E,88,74.999527,178.667130,50.000000,-36.022152,99.970276,-0.006851,50.000000,0.810028
PMU.001,2026-07-09T06:10:39.033333Z,1783577439,33333,1,0x0000,true,59.994507,0.000270,0.000000,0.000000,0x000F,88,80.002083,-180.000000,55.014084,-0.228920,50.000000,36.025993,55.014397,37.152664
PMU.001,2026-07-09T06:10:39.066666Z,1783577439,66666,1,0x0000,true,59.998436,0.000131,0.000000,0.000000,0x0000,88,84.999847,-143.694672,60.006180,36.619698,55.011044,72.548965,60.020733,73.100060
PMU.001,2026-07-09T06:10:39.1Z,1783577439,100000,1,0x0000,true,60.011971,0.000451,0.000000,0.000000,0x0001,88,90.009468,-108.100426,64.996803,73.388000,60.011211,108.069885,65.013580,109.108543
PMU.001,2026-07-09T06:10:39.133333Z,1783577439,133333,1,0x0000,true,60.013191,0.000041,0.000000,0.000000,0x0002,88,94.996033,-72.329697,69.999107,110.004288,65.003487,143.151276,70.000336,145.779388
PMU.001,2026-07-09T06:10:39.166666Z,1783577439,166666,1,0x0000,true,59.991390,-0.000727,0.000000,0.000000,0x0003,88,99.991234,-36.002445,75.004601,145.674530,70.005226,178.765732,75.013092,-180.000000
PMU.001,2026-07-09T06:10:39.2Z,1783577439,200000,1,0x0000,true,60.001900,0.000350,0.000000,0.000000,0x0004,88,50.000000,-0.621006,79.989746,-180.000000,75.015388,-180.000000,79.998581,-143.920990
PMU.001,2026-07-09T06:10:39.233333Z,1783577439,233333,1,0x0000,true,60.015495,0.000453,0.000000,0.000000,0x0005,88,55.015167,36.058815,84.990273,-144.300797,80.026871,-144.279449,84.991310,-107.064796
PMU.001,2026-07-09T06:10:39.266666Z,1783577439,266666,1,0x0000,true,60.012447,-0.000102,0.000000,0.000000,0x0006,88,60.016201,71.990471,89.981819,-107.781548,85.019646,-109.100380,89.980194,-70.873070
PMU.001,2026-07-09T06:10:39.3Z,1783577439,300000,1,0x0000,true,60.004230,-0.000274,0.000000,0.000000,0x0007,88,65.019211,107.295273,94.985847,-72.478210,90.004997,-73.824265,94.973412,-35.724133
PMU.001,2026-07-09T06:10:39.333333Z,1783577439,333333,1,0x0000,true,59.997520,-0.000224,0.000000,0.000000,0x0008,88,70.020020,143.708313,99.978271,-35.896545,95.021057,-38.451447,99.978699,0.428723
PMU.001,2026-07-09T06:10:39.366666Z,1783577439,366666,1,0x0000,true,60.002014,0.000150,0.000000,0.000000,0x0009,88,75.011345,179.432129,50.000000,0.044617,50.000000,-3.139252,50.000000,36.515484
PMU.001,2026-07-09T06:10:39.4Z,1783577439,400000,1,0x0000,true,59.991570,-0.000348,0.000000,0.000000,0x000A,88,80.000847,-180.000000,54.989456,36.315445,54.991333,32.725494,54.995834,72.358376
PMU.001,2026-07-09T06:10:39.433333Z,1783577439,433333,1,0x0000,true,60.004215,0.000422,0.000000,0.000000,0x000B,88,84.990898,-143.838120,59.991108,72.874962,59.981354,68.313156,59.992733,107.932106
PMU.001,2026-07-09T06:10:39.466666Z,1783577439,466666,1,0x0000,true,59.995785,-0.000281,0.000000,0.000000,0x000C,88,89.978142,-108.095772,64.999817,109.409538,64.965828,103.810410,64.991806,144.626617
PMU.001,2026-07-09T06:10:39.5Z,1783577439,500000,1,0x0000,true,59.987103,-0.000289,0.000000,0.000000,0x000D,88,94.961739,-71.266792,69.989616,144.950623,69.953354,139.904861,69.975792,-180.000000
PMU.001,2026-07-09T06:10:39.533333Z,1783577439,533333,1,0x0000,true,59.992779,0.000189,0.000000,0.000000,0x000E,88,99.962112,-35.102924,74.975388,-180.000000,74.957764,176.339935,74.990746,-144.432571
PMU.001,2026-07-09T06:10:39.566666Z,1783577439,566666,1,0x0000,true,60.014961,0.000739,0.000000,0.000000,0x000F,88,50.000000,1.285466,79.964340,-144.496567,79.953758,-180.000000,79.988396,-109.327705
PMU.001,2026-07-09T06:10:39.6Z,1783577439,600000,1,0x0000,true,60.009907,-0.000168,0.000000,0.000000,0x0000,88,55.006474,36.965622,84.957176,-108.332062,84.966682,-144.606216,84.973793,-73.937637
PMU.001,2026-07-09T06:10:39.633333Z,1783577439,633333,1,0x0000,true,60.011372,0.000049,0.000000,0.000000,0x0001,88,59.996235,73.317062,89.952339,-72.476578,89.969521,-109.401199,89.978043,-38.705818
PMU.001,2026-07-09T06:10:39.666666Z,1783577439,666666,1,0x0000,true,60.011593,0.000007,0.000000,0.000000,0x0002,88,65.007591,109.089775,94.953346,-36.217873,94.976959,-72.745514,94.980255,-2.458072
PMU.001,2026-07-09T06:10:39.7Z,1783577439,700000,1,0x0000,true,60.011017,-0.000019,0.000000,0.000000,0x0003,88,69.994499,144.993393,99.963501,0.350795,99.983765,-35.955471,99.989426,33.664536
PMU.001,2026-07-09T06:10:39.733333Z,1783577439,733333,1,0x0000,true,59.988998,-0.000734,0.000000,0.000000,0x0004,88,74.993904,-180.000000,50.000000,36.889271,50.000000,-0.840224,50.000000,69.056808
PMU.001,2026-07-09T06:10:39.766666Z,1783577439,766666,1,0x0000,true,59.999607,0.000354,0.000000,0.000000,0x0005,88,79.989456,-143.418503,54.995541,72.890175,55.010227,35.167210,55.015331,105.975372
PMU.001,2026-07-09T06:10:39.8Z,1783577439,800000,1,0x0000,true,59.992340,-0.000242,0.000000,0.000000,0x0006,88,84.991592,-107.589836,59.988861,108.602562,60.015892,70.979965,60.012554,141.331924
PMU.001,2026-07-09T06:10:39.833333Z,1783577439,833333,1,0x0000,true,60.015533,0.000773,0.000000,0.000000,0x0007,88,90.002052,-72.440552,64.994240,145.067535,65.017715,106.649864,65.006828,176.563751
PMU.001,2026-07-09T06:10:39.866666Z,1783577439,866666,1,0x0000,true,60.013145,-0.000080,0.000000,0.000000,0x0008,88,94.996391,-37.161224,70.002846,-180.000000,70.001244,142.458481,70.013443,-180.000000
PMU.001,2026-07-09T06:10:39.9Z,1783577439,900000,1,0x0000,true,60.006077,-0.000236,0.000000,0.000000,0x0009,88,50.000000,-1.525308,75.012230,-144.193359,75.017281,178.781830,75.019951,-143.045258
PMU.001,2026-07-09T06:10:39.933333Z,1783577439,933333,1,0x0000,true,59.999641,-0.000215,0.000000,0.000000,0x000A,88,54.987911,34.346901,80.018684,-107.273407,80.019508,-180.000000,80.019814,-106.579285
PMU.001,2026-07-09T06:10:39.966666Z,1783577439,966666,1,0x0000,true,59.983551,-0.000536,0.000000,0.000000,0x000B,88,59.976166,70.332008,85.020187,-71.259094,85.021492,-144.797623,85.032806,-69.853241
PMU.001,2026-07-09T06:10:40Z,1783577440,0,1,0x0000,true,60.007717,0.000806,0.000000,0.000000,0x000C,88,64.969612,106.671677,90.009903,-35.556442,90.037178,-109.572739,90.043221,-32.919468
PMU.001,2026-07-09T06:10:40.033333Z,1783577440,33333,1,0x0000,true,59.990746,-0.000566,0.000000,0.000000,0x000D,88,69.966591,143.625198,95.012939,0.669971,95.034409,-73.125648,95.038788,3.282292
PMU.001,2026-07-09T06:10:40.066666Z,1783577440,66666,1,0x0000,true,60.014835,0.000803,0.000000,0.000000,0x000E,88,74.954414,179.932114,50.000000,37.402950,50.000000,-36.852959,50.000000,39.788128
PMU.001,2026-07-09T06:10:40.1Z,1783577440,100000,1,0x0000,true,60.007351,-0.000249,0.000000,0.000000,0x000F,88,79.939934,-180.000000,54.996445,73.330826,54.993523,-0.686638,54.995789,76.680054
PMU.001,2026-07-09T06:10:40.133333Z,1783577440,133333,1,0x0000,true,59.984108,-0.000775,0.000000,0.000000,0x0000,88,84.931519,-144.395798,59.982681,109.981499,60.007877,36.041561,59.999435,113.466774
PMU.001,2026-07-09T06:10:40.166666Z,1783577440,166666,1,0x0000,true,59.987873,0.000126,0.000000,0.000000,0x0001,88,89.940605,-107.603432,64.993088,146.654678,65.021469,71.887482,65.001747,149.761612
PMU.001,2026-07-09T06:10:40.2Z,1783577440,200000,1,0x0000,true,59.989590,0.000057,0.000000,0.000000,0x0002,88,94.926033,-72.204506,70.008080,-180.000000,70.012421,108.416695,69.989845,-180.000000
PMU.001,2026-07-09T06:10:40.233333Z,1783577440,233333,1,0x0000,true,59.996983,0.000246,0.000000,0.000000,0x0003,88,99.928299,-35.630589,75.006424,-143.481461,75.016960,145.264023,75.001678,-144.085419
PMU.001,2026-07-09T06:10:40.266666Z,1783577440,266666,1,0x0000,true,59.997688,0.000024,0.000000,0.000000,0x0004,88,50.000000,-0.574270,80.022362,-107.069931,80.016342,-180.000000,80.013603,-108.189781
PMU.001,2026-07-09T06:10:40.3Z,1783577440,300000,1,0x0000,true,60.011791,0.000470,0.000000,0.000000,0x0005,88,54.994205,36.366791,85.012672,-71.646759,85.021988,-143.846741,85.017601,-71.632179
PMU.001,2026-07-09T06:10:40.333333Z,1783577440,333333,1,0x0000,true,60.005768,-0.000201,0.000000,0.000000,0x0006,88,59.982849,72.293846,90.007607,-36.200390,90.005913,-108.723793,90.026894,-34.724464
PMU.001,2026-07-09T06:10:40.366666Z,1783577440,366666,1,0x0000,true,60.005829,0.000002,0.000000,0.000000,0x0007,88,64.986053,109.168167,95.005325,-0.640768,95.018341,-72.433380,95.012230,1.057985
PMU.001,2026-07-09T06:10:40.4Z,1783577440,400000,1,0x0000,true,59.996758,-0.000302,0.000000,0.000000,0x0008,88,69.993279,145.281204,50.000000,35.196819,50.000000,-36.422157,50.000000,36.713139
PMU.001,2026-07-09T06:10:40.433333Z,1783577440,433333,1,0x0000,true,59.994625,-0.000071,0.000000,0.000000,0x0009,88,74.987289,-180.000000,54.991367,71.570290,55.014545,0.126577,54.984211,72.580566
PMU.001,2026-07-09T06:10:40.466666Z,1783577440,466666,1,0x0000,true,60.007034,0.000414,0.000000,0.000000,0x000A,88,80.000336,-143.644196,59.989620,108.359573,60.025642,36.686619,59.987949,109.127319
PMU.001,2026-07-09T06:10:40.5Z,1783577440,500000,1,0x0000,true,59.987553,-0.000649,0.000000,0.000000,0x000B,88,84.999809,-108.168091,64.990448,145.003784,65.036079,73.638458,64.984428,144.242508
PMU.001,2026-07-09T06:10:40.533333Z,1783577440,533333,1,0x0000,true,59.986591,-0.000032,0.000000,0.000000,0x000C,88,89.993172,-72.268837,69.976669,-180.000000,70.035255,109.347534,69.972847,-180.000000
PMU.001,2026-07-09T06:10:40.566666Z,1783577440,566666,1,0x0000,true,60.000828,0.000475,0.000000,0.000000,0x000D,88,94.977676,-36.369118,74.987442,-144.169113,75.045822,144.658676,74.976143,-143.454529
PMU.001,2026-07-09T06:10:40.6Z,1783577440,600000,1,0x0000,true,59.984600,-0.000541,0.000000,0.000000,0x000E,88,99.973480,-0.532697,79.984810,-108.393898,80.049911,-180.000000,79.981262,-106.720215
PMU.001,2026-07-09T06:10:40.633333Z,1783577440,633333,1,0x0000,true,59.987663,0.000102,0.000000,0.000000,0x000F,88,50.000000,35.408344,84.986984,-72.876945,85.061218,-144.768478,84.967964,-70.109238
PMU.001,2026-07-09T06:10:40.666666Z,1783577440,666666,1,0x0000,true,60.015781,0.000937,0.000000,0.000000,0x0000,88,54.995518,71.296234,89.986816,-36.974194,90.058609,-108.379623,89.975861,-33.302876
PMU.001,2026-07-09T06:10:40.7Z,1783577440,700000,1,0x0000,true,60.013195,-0.000086,0.000000,0.000000,0x0001,88,59.980453,107.798279,94.970329,-0.431230,95.058487,-73.280579,94.977631,3.541137
PMU.001,2026-07-09T06:10:40.733333Z,1783577440,733333,1,0x0000,true,60.016041,0.000095,0.000000,0.000000,0x0002,88,64.978088,143.346893,99.979309,35.658268,50.000000,-36.650829,99.993370,40.494495
PMU.001,2026-07-09T06:10:40.766666Z,1783577440,766666,1,0x0000,true,59.989429,-0.000887,0.000000,0.000000,0x0003,88,69.993332,178.697433,50.000000,72.499893,55.016312,-1.491575,50.000000,76.512131
PMU.001,2026-07-09T06:10:40.8Z,1783577440,800000,1,0x0000,true,60.008896,0.000649,0.000000,0.000000,0x0004,88,75.001297,-180.000000,54.989605,107.624290,60.002483,34.971771,54.990898,111.757820
PMU.001,2026-07-09T06:10:40.833333Z,1783577440,833333,1,0x0000,true,60.001930,-0.000232,0.000000,0.000000,0x0005,88,80.000526,-144.313721,59.978039,143.536484,64.998581,70.157196,59.989143,147.601532
PMU.001,2026-07-09T06:10:40.866666Z,1783577440,866666,1,0x0000,true,60.006077,0.000138,0.000000,0.000000,0x0006,88,85.000465,-109.184258,64.978470,179.459213,69.994347,105.809258,65.001022,-180.000000
PMU.001,2026-07-09T06:10:40.9Z,1783577440,900000,1,0x0000,true,59.983925,-0.000738,0.000000,0.000000,0x0007,88,89.995071,-73.684898,69.982788,-180.000000,74.988663,141.326569,70.014679,-144.936752
PMU.001,2026-07-09T06:10:40.933333Z,1783577440,933333,1,0x0000,true,59.986031,0.000070,0.000000,0.000000,0x0008,88,95.010269,-36.864494,74.998955,-143.439560,79.977585,177.443176,75.013550,-109.222794
PMU.001,2026-07-09T06:10:40.966666Z,1783577440,966666,1,0x0000,true,60.004837,0.000627,0.000000,0.000000,0x0009,88,50.000000,-0.365827,80.006577,-107.836517,84.970680,-180.000000,80.006760,-73.799446
PMU.001,2026-07-09T06:10:41Z,1783577441,0,1,0x0000,true,59.995064,-0.000326,0.000000,0.000000,0x000A,88,54.987846,34.985073,85.002014,-71.544418,89.959923,-143.439621,85.022484,-38.716194
PMU.001,2026-07-09T06:10:41.033333Z,1783577441,33333,1,0x0000,true,59.984058,-0.000367,0.000000,0.000000,0x000B,88,59.985893,70.390587,89.986145,-35.028084,94.959000,-108.216248,90.016502,-2.924186
PMU.001,2026-07-09T06:10:41.066666Z,1783577441,66666,1,0x0000,true,59.993248,0.000306,0.000000,0.000000,0x000C,88,64.992973,105.593033,94.995583,1.279637,99.968529,-73.164474,95.024216,32.137848
PMU.001,2026-07-09T06:10:41.1Z,1783577441,100000,1,0x0000,true,59.996765,0.000117,0.000000,0.000000,0x000D,88,69.985680,142.423920,99.987816,37.951412,50.000000,-37.557991,50.000000,68.513878
PMU.001,2026-07-09T06:10:41.133333Z,1783577441,133333,1,0x0000,true,59.984043,-0.000424,0.000000,0.000000,0x000E,88,74.978767,178.665833,50.000000,73.746857,55.002991,-1.442613,54.999531,104.536118
PMU.001,2026-07-09T06:10:41.166666Z,1783577441,166666,1,0x0000,true,59.985641,0.000053,0.000000,0.000000,0x000F,88,79.986351,-180.000000,54.990173,109.030724,60.005859,34.461304,59.998009,140.356461
PMU.001,2026-07-09T06:10:41.2Z,1783577441,200000,1,0x0000,true,59.984493,-0.000038,0.000000,0.000000,0x0000,88,84.970940,-143.945709,59.980434,145.094116,65.018639,70.082825,65.001755,175.738419
PMU.001,2026-07-09T06:10:41.233333Z,1783577441,233333,1,0x0000,true,60.009762,0.000842,0.000000,0.000000,0x0001,88,89.980797,-108.436386,64.985016,-180.000000,70.005287,106.100395,69.997963,-180.000000
PMU.001,2026-07-09T06:10:41.266666Z,1783577441,266666,1,0x0000,true,60.008686,-0.000036,0.000000,0.000000,0x0002,88,94.968102,-72.348808,69.996719,-144.626373,74.997887,141.505035,75.002258,-143.265152
PMU.001,2026-07-09T06:10:41.3Z,1783577441,300000,1,0x0000,true,59.995346,-0.000445,0.000000,0.000000,0x0003,88,99.971756,-36.123444,74.986427,-108.038239,80.005829,178.329514,79.994385,-107.827591
PMU.001,2026-07-09T06:10:41.333333Z,1783577441,333333,1,0x0000,true,60.012333,0.000566,0.000000,0.000000,0x0004,88,50.000000,-0.214747,79.973259,-71.790672,85.011536,-180.000000,85.006714,-70.898071
PMU.001,2026-07-09T06:10:41.366666Z,1783577441,366666,1,0x0000,true,60.015423,0.000103,0.000000,0.000000,0x0005,88,55.010376,36.166706,84.962814,-35.513607,90.002098,-143.963257,90.017944,-35.338337
PMU.001,2026-07-09T06:10:41.4Z,1783577441,400000,1,0x0000,true,60.011124,-0.000143,0.000000,0.000000,0x0006,88,60.010174,71.948158,89.964607,0.079995,94.989006,-107.799561,95.023209,1.168374
PMU.001,2026-07-09T06:10:41.433333Z,1783577441,433333,1,0x0000,true,59.995270,-0.000528,0.000000,0.000000,0x0007,88,65.006813,107.776772,94.971039,36.757603,50.000000,-72.312965,50.000000,37.127140
PMU.001,2026-07-09T06:10:41.466666Z,1783577441,466666,1,0x0000,true,60.001396,0.000204,0.000000,0.000000,0x0008,88,70.005943,144.109970,99.965813,73.652672,55.002277,-36.996223,55.016621,73.705833
PMU.001,2026-07-09T06:10:41.5Z,1783577441,500000,1,0x0000,true,59.997520,-0.000129,0.000000,0.000000,0x0009,88,75.004555,179.647385,50.000000,109.074623,60.016506,-1.268741,60.021152,108.759941
PMU.001,2026-07-09T06:10:41.533333Z,1783577441,533333,1,0x0000,true,60.008533,0.000367,0.000000,0.000000,0x000A,88,79.988190,-180.000000,54.990494,145.733337,65.009315,34.615650,65.027672,144.380890
PMU.001,2026-07-09T06:10:41.566666Z,1783577441,566666,1,0x0000,true,59.997341,-0.000373,0.000000,0.000000,0x000B,88,84.989922,-143.280609,59.979218,-180.000000,70.011635,71.311150,70.022842,-180.000000
PMU.001,2026-07-09T06:10:41.6Z,1783577441,600000,1,0x0000,true,59.995235,-0.000070,0.000000,0.000000,0x000C,88,89.998749,-108.000351,64.992424,-143.052353,75.015190,107.631058,75.029778,-143.715591
PMU.001,2026-07-09T06:10:41.633333Z,1783577441,633333,1,0x0000,true,59.993057,-0.000073,0.000000,0.000000,0x000D,88,95.001434,-72.942398,70.004684,-107.152290,80.022003,144.030518,80.015968,-107.211273
PMU.001,2026-07-09T06:10:41.666666Z,1783577441,666666,1,0x0000,true,60.007545,0.000483,0.000000,0.000000,0x000E,88,50.000000,-37.768047,74.997749,-72.035233,85.030930,-180.000000,85.012917,-72.165909
PMU.001,2026-07-09T06:10:41.7Z,1783577441,700000,1,0x0000,true,59.990582,-0.000565,0.000000,0.000000,0x000F,88,54.985432,-1.188245,80.006493,-35.379307,90.014854,-144.337921,90.001488,-35.405067
PMU.001,2026-07-09T06:10:41.733333Z,1783577441,733333,1,0x0000,true,59.983822,-0.000225,0.000000,0.000000,0x0000,88,59.996937,34.867329,85.012238,1.519902,95.023956,-108.296799,94.986237,1.021733
PMU.001,2026-07-09T06:10:41.766666Z,1783577441,766666,1,0x0000,true,59.996559,0.000425,0.000000,0.000000,0x0001,88,64.994354,70.825455,89.998001,36.790016,50.000000,-72.942520,99.990105,36.405972
PMU.001,2026-07-09T06:10:41.8Z,1783577441,800000,1,0x0000,true,59.996677,0.000004,0.000000,0.000000,0x0002,88,70.001060,107.390099,95.009727,71.904976,54.988625,-36.765652,50.000000,72.656631
PMU.001,2026-07-09T06:10:41.833333Z,1783577441,833333,1,0x0000,true,60.001087,0.000147,0.000000,0.000000,0x0003,88,74.996063,143.951538,99.997017,108.022446,59.990841,-1.525730,55.010342,107.892235
PMU.001,2026-07-09T06:10:41.866666Z,1783577441,866666,1,0x0000,true,60.002335,0.000042,0.000000,0.000000,0x0004,88,80.008934,-180.000000,50.000000,143.447189,64.982697,34.785492,60.005608,143.593781
PMU.001,2026-07-09T06:10:41.9Z,1783577441,900000,1,0x0000,true,60.005676,0.000111,0.000000,0.000000,0x0005,88,84.993813,-143.470963,55.001839,179.217865,69.970505,70.542992,65.014519,178.646133
PMU.001,2026-07-09T06:10:41.933333Z,1783577441,933333,1,0x0000,true,59.999126,-0.000218,0.000000,0.000000,0x0006,88,89.999405,-106.722717,60.009979,-180.000000,74.980301,106.721672,70.013535,-180.000000
PMU.001,2026-07-09T06:10:41.966666Z,1783577441,966666,1,0x0000,true,60.001137,0.000067,0.000000,0.000000,0x0007,88,94.998489,-69.790108,64.999161,-144.711472,79.986214,142.843811,75.029404,-143.813171
PMU.001,2026-07-09T06:10:42Z,1783577442,0,1,0x0000,true,60.008522,0.000246,0.000000,0.000000,0x0008,88,50.000000,-34.464622,70.004761,-108.306831,84.971642,179.239899,80.041969,-108.464020
PMU.001,2026-07-09T06:10:42.033333Z,1783577442,33333,1,0x0000,true,60.002949,-0.000186,0.000000,0.000000,0x0009,88,54.985435,2.030489,75.007576,-72.553116,89.971710,-180.000000,85.028740,-71.948860
PMU.001,2026-07-09T06:10:42.066666Z,1783577442,66666,1,0x0000,true,59.984886,-0.000602,0.000000,0.000000,0x000A,88,60.001385,38.967934,80.007912,-35.720531,94.963631,-144.213654,90.033821,-36.439827
PMU.001,2026-07-09T06:10:42.1Z,1783577442,100000,1,0x0000,true,59.987293,0.000080,0.000000,0.000000,0x000B,88,64.985603,75.448593,84.991791,0.305321,99.948082,-108.943077,95.045387,0.208693
PMU.001,2026-07-09T06:10:42.133333Z,1783577442,133333,1,0x0000,true,59.995972,0.000289,0.000000,0.000000,0x000C,88,69.975014,111.668709,89.981644,36.272186,50.000000,-72.140854,50.000000,37.127777
PMU.001,2026-07-09T06:10:42.166666Z,1783577442,166666,1,0x0000,true,59.985138,-0.000361,0.000000,0.000000,0x000D,88,74.984276,148.568619,94.982109,72.993217,54.998692,-35.656582,55.013054,72.358315
PMU.001,2026-07-09T06:10:42.2Z,1783577442,200000,1,0x0000,true,59.991108,0.000199,0.000000,0.000000,0x000E,88,79.989037,-180.000000,99.990074,108.201309,59.983147,1.263318,60.027271,108.460579
PMU.001,2026-07-09T06:10:42.233333Z,1783577442,233333,1,0x0000,true,59.997189,0.000203,0.000000,0.000000,0x000F,88,84.991127,-143.433090,50.000000,143.707245,64.994667,37.601406,65.016884,144.848206
PMU.001,2026-07-09T06:10:42.266666Z,1783577442,266666,1,0x0000,true,59.983833,-0.000445,0.000000,0.000000,0x0000,88,90.002335,-108.353798,55.015293,-180.000000,69.989967,74.129570,70.011795,-180.000000
PMU.001,2026-07-09T06:10:42.3Z,1783577442,300000,1,0x0000,true,60.001614,0.000593,0.000000,0.000000,0x0001,88,94.997047,-72.214874,60.022400,-143.220398,74.980499,110.821571,75.025299,-143.650772
PMU.001,2026-07-09T06:10:42.333333Z,1783577442,333333,1,0x0000,true,60.016373,0.000492,0.000000,0.000000,0x0002,88,99.980629,-35.287045,65.008987,-107.928131,79.980957,147.223251,80.013687,-108.139069
PMU.001,2026-07-09T06:10:42.366666Z,1783577442,366666,1,0x0000,true,59.984871,-0.001050,0.000000,0.000000,0x0003,88,50.000000,1.116907,70.024544,-71.068375,84.972351,-180.000000,85.021317,-71.759300
PMU.001,2026-07-09T06:10:42.4Z,1783577442,400000,1,0x0000,true,60.007023,0.000738,0.000000,0.000000,0x0004,88,55.008213,37.993675,75.040657,-34.700214,89.976799,-144.599564,90.037834,-36.270203
PMU.001,2026-07-09T06:10:42.433333Z,1783577442,433333,1,0x0000,true,60.013271,0.000208,0.000000,0.000000,0x0005,88,60.024845,74.874290,80.028465,1.060961,94.965660,-107.863724,95.027039,-0.457097
PMU.001,2026-07-09T06:10:42.466666Z,1783577442,466666,1,0x0000,true,60.004482,-0.000293,0.000000,0.000000,0x0006,88,65.008934,110.915123,85.036674,36.307411,99.951736,-71.172424,50.000000,36.357132
PMU.001,2026-07-09T06:10:42.5Z,1783577442,500000,1,0x0000,true,59.991127,-0.000445,0.000000,0.000000,0x0007,88,70.024292,146.644714,90.024025,72.297005,50.000000,-34.365421,54.999832,72.056931
PMU.001,2026-07-09T06:10:42.533333Z,1783577442,533333,1,0x0000,true,60.014164,0.000768,0.000000,0.000000,0x0008,88,75.009995,-180.000000,95.013000,108.512520,54.988422,2.532506,60.012543,108.146721
PMU.001,2026-07-09T06:10:42.566666Z,1783577442,566666,1,0x0000,true,60.000038,-0.000471,0.000000,0.000000,0x0009,88,79.994514,-144.353943,50.000000,144.702271,59.999882,39.245144,64.997841,144.154388
PMU.001,2026-07-09T06:10:42.6Z,1783577442,600000,1,0x0000,true,59.983368,-0.000556,0.000000,0.000000,0x000A,88,85.001518,-107.614967,54.995461,-180.000000,64.999748,75.076256,69.992310,-180.000000
PMU.001,2026-07-09T06:10:42.633333Z,1783577442,633333,1,0x0000,true,59.995255,0.000396,0.000000,0.000000,0x000B,88,89.989128,-72.345375,59.978802,-144.878815,69.985237,111.740929,74.981728,-144.160431
PMU.001,2026-07-09T06:10:42.666666Z,1783577442,666666,1,0x0000,true,59.997242,0.000066,0.000000,0.000000,0x000C,88,94.974533,-36.373440,64.978142,-108.989243,74.974556,148.106003,79.976326,-108.916664
PMU.001,2026-07-09T06:10:42.7Z,1783577442,700000,1,0x0000,true,59.995193,-0.000068,0.000000,0.000000,0x000D,88,99.974724,0.152853,69.975220,-72.293449,79.978386,-180.000000,84.974129,-73.171104
PMU.001,2026-07-09T06:10:42.733333Z,1783577442,733333,1,0x0000,true,60.008152,0.000432,0.000000,0.000000,0x000E,88,50.000000,36.950527,74.975151,-36.625767,84.970985,-143.587372,89.962029,-36.980480
PMU.001,2026-07-09T06:10:42.766666Z,1783577442,766666,1,0x0000,true,59.984737,-0.000780,0.000000,0.000000,0x000F,88,55.012463,72.833633,79.968849,-1.342887,89.967537,-107.348595,94.950653,-1.299742
PMU.001,2026-07-09T06:10:42.8Z,1783577442,800000,1,0x0000,true,59.993587,0.000295,0.000000,0.000000,0x0000,88,60.009151,108.917656,84.973351,34.555901,94.970711,-71.493408,99.941849,34.818260
PMU.001,2026-07-09T06:10:42.833333Z,1783577442,833333,1,0x0000,true,60.007843,0.000475,0.000000,0.000000,0x0001,88,65.004013,144.897522,89.969101,70.994125,99.961510,-34.657730,50.000000,71.359123
PMU.001,2026-07-09T06:10:42.866666Z,1783577442,866666,1,0x0000,true,60.007206,-0.000021,0.000000,0.000000,0x0002,88,69.987633,-180.000000,94.967781,107.575912,50.000000,1.364567,54.990685,107.451012
PMU.001,2026-07-09T06:10:42.9Z,1783577442,900000,1,0x0000,true,59.995945,-0.000375,0.000000,0.000000,0x0003,88,74.974144,-143.668503,99.957932,142.922897,55.016357,36.646629,59.980362,143.137115
PMU.001,2026-07-09T06:10:42.933333Z,1783577442,933333,1,0x0000,true,59.984142,-0.000393,0.000000,0.000000,0x0004,88,79.968925,-107.875160,50.000000,179.218613,60.008163,72.772789,64.986832,179.876099
PMU.001,2026-07-09T06:10:42.966666Z,1783577442,966666,1,0x0000,true,60.011787,0.000922,0.000000,0.000000,0x0005,88,84.984268,-72.406700,55.010193,-180.000000,65.017708,109.682610,69.981331,-180.000000
PMU.001,2026-07-09T06:10:43Z,1783577443,0,1,0x0000,true,60.013603,0.000061,0.000000,0.000000,0x0006,88,89.998268,-37.054634,60.009708,-144.439209,70.020142,144.838425,74.995491,-143.109314
PMU.001,2026-07-09T06:10:43.033333Z,1783577443,33333,1,0x0000,true,59.995651,-0.000598,0.000000,0.000000,0x0007,88,94.993279,-0.758277,65.007599,-108.776428,75.017319,-180.000000,79.995049,-106.663445
PMU.001,2026-07-09T06:10:43.066666Z,1783577443,66666,1,0x0000,true,59.995319,-0.000011,0.000000,0.000000,0x0008,88,99.998238,35.234001,70.024002,-72.863182,80.016075,-144.429596,84.982315,-71.397240
PMU.001,2026-07-09T06:10:43.1Z,1783577443,100000,1,0x0000,true,59.995495,0.000006,0.000000,0.000000,0x0009,88,50.000000,71.746544,75.030266,-37.112381,85.009895,-109.194275,89.983719,-35.998253
PMU.001,2026-07-09T06:10:43.133333Z,1783577443,133333,1,0x0000,true,60.014217,0.000624,0.000000,0.000000,0x000A,88,55.014919,108.380898,80.026031,-0.412337,90.012192,-72.674744,94.991402,0.160957
PMU.001,2026-07-09T06:10:43.166666Z,1783577443,166666,1,0x0000,true,59.989838,-0.000813,0.000000,0.000000,0x000B,88,60.016521,145.326614,85.017174,35.305004,95.012512,-37.424564,99.980049,36.934326
PMU.001,2026-07-09T06:10:43.2Z,1783577443,200000,1,0x0000,true,59.995041,0.000173,0.000000,0.000000,0x000C,88,65.024849,-180.000000,90.015633,71.273499,50.000000,-1.165860,50.000000,72.897758
PMU.001,2026-07-09T06:10:43.233333Z,1783577443,233333,1,0x0000,true,59.984669,-0.000346,0.000000,0.000000,0x000D,88,70.026787,-143.272629,95.014412,106.416206,54.995945,35.295448,55.001408,109.239922
PMU.001,2026-07-09T06:10:43.266666Z,1783577443,266666,1,0x0000,true,59.998714,0.000468,0.000000,0.000000,0x000E,88,75.038040,-107.859077,50.000000,143.268555,59.988617,70.715302,60.004848,144.603287
PMU.001,2026-07-09T06:10:43.3Z,1783577443,300000,1,0x0000,true,59.996246,-0.000082,0.000000,0.000000,0x000F,88,80.051903,-71.732979,54.990471,178.582565,65.004875,106.352203,65.010986,-180.000000
PMU.001,2026-07-09T06:10:43.333333Z,1783577443,333333,1,0x0000,true,59.990314,-0.000198,0.000000,0.000000,0x0000,88,85.040070,-36.676189,59.995216,-180.000000,70.021408,141.664749,70.017021,-143.530594
PMU.001,2026-07-09T06:10:43.366666Z,1783577443,366666,1,0x0000,true,59.998875,0.000285,0.000000,0.000000,0x0001,88,90.056274,0.131802,65.000267,-143.765839,75.037613,176.787918,75.004959,-107.496353
PMU.001,2026-07-09T06:10:43.4Z,1783577443,400000,1,0x0000,true,60.007496,0.000287,0.000000,0.000000,0x0002,88,95.062576,35.889362,69.991318,-108.421875,80.046013,-180.000000,79.997353,-71.381737
PMU.001,2026-07-09T06:10:43.433333Z,1783577443,433333,1,0x0000,true,60.000416,-0.000236,0.000000,0.000000,0x0003,88,50.000000,71.196838,74.981285,-72.077606,85.058487,-144.379242,84.996155,-36.251915
PMU.001,2026-07-09T06:10:43.466666Z,1783577443,466666,1,0x0000,true,59.983570,-0.000562,0.000000,0.000000,0x0004,88,54.999168,106.364784,79.985657,-35.881035,90.045036,-108.215950,90.007744,-1.027964
PMU.001,2026-07-09T06:10:43.5Z,1783577443,500000,1,0x0000,true,59.986992,0.000114,0.000000,0.000000,0x0005,88,59.984886,143.280945,84.996727,0.687225,95.037979,-72.957672,94.998550,34.360703
PMU.001,2026-07-09T06:10:43.533333Z,1783577443,533333,1,0x0000,true,59.994099,0.000237,0.000000,0.000000,0x0006,88,64.999977,-180.000000,89.980949,35.944050,50.000000,-37.205471,99.995636,69.420761
PMU.001,2026-07-09T06:10:43.566666Z,1783577443,566666,1,0x0000,true,59.998444,0.000145,0.000000,0.000000,0x0007,88,70.002853,-143.740204,94.973396,71.487236,54.987320,-1.665610,50.000000,105.821037
PMU.001,2026-07-09T06:10:43.6Z,1783577443,600000,1,0x0000,true,59.995075,-0.000112,0.000000,0.000000,0x0008,88,74.994591,-108.668434,99.959816,107.656235,59.991177,35.237156,55.013168,141.652267
PMU.001,2026-07-09T06:10:43.633333Z,1783577443,633333,1,0x0000,true,60.002995,0.000264,0.000000,0.000000,0x0009,88,79.995491,-72.411766,50.000000,144.124176,64.980827,71.383545,60.017960,177.906723
PMU.001,2026-07-09T06:10:43.666666Z,1783577443,666666,1,0x0000,true,60.001129,-0.000062,0.000000,0.000000,0x000A,88,84.991646,-36.961258,54.999741,-180.000000,69.967140,107.568810,65.008125,-180.000000
PMU.001,2026-07-09T06:10:43.7Z,1783577443,700000,1,0x0000,true,60.012768,0.000388,0.000000,0.000000,0x000B,88,90.000977,-0.012098,60.013870,-144.137283,74.958359,144.304581,70.003571,-144.201996
PMU.001,2026-07-09T06:10:43.733333Z,1783577443,733333,1,0x0000,true,60.008739,-0.000134,0.000000,0.000000,0x000C,88,95.008102,36.408058,65.017159,-107.416321,79.955521,-180.000000,75.018906,-108.554665
PMU.001,2026-07-09T06:10:43.766666Z,1783577443,766666,1,0x0000,true,60.000103,-0.000288,0.000000,0.000000,0x000D,88,50.000000,71.713898,70.021683,-70.698326,84.954483,-143.838638,80.033630,-72.648293
PMU.001,2026-07-09T06:10:43.8Z,1783577443,800000,1,0x0000,true,59.998592,-0.000050,0.000000,0.000000,0x000E,88,54.988922,107.102333,75.007362,-33.926296,89.957245,-108.292824,85.024666,-37.113564
PMU.001,2026-07-09T06:10:43.833333Z,1783577443,833333,1,0x0000,true,59.984287,-0.000477,0.000000,0.000000,0x000F,88,59.980717,142.292068,80.010925,2.369010,94.950607,-71.760582,90.033379,-0.333783
PMU.001,2026-07-09T06:10:43.866666Z,1783577443,866666,1,0x0000,true,60.015247,0.001032,0.000000,0.000000,0x0000,88,64.989647,177.390015,84.999924,37.924088,99.950989,-36.155560,95.043175,36.159286
PMU.001,2026-07-09T06:10:43.9Z,1783577443,900000,1,0x0000,true,60.004887,-0.000345,0.000000,0.000000,0x0001,88,70.004387,-180.000000,89.993698,73.240944,50.000000,-1.059254,50.000000,71.597092
PMU.001,2026-07-09T06:10:43.933333Z,1783577443,933333,1,0x0000,true,59.983620,-0.000709,0.000000,0.000000,0x0002,88,75.018440,-143.168060,95.010277,109.039650,55.011047,35.533310,54.989445,108.295738
PMU.001,2026-07-09T06:10:43.966666Z,1783577443,966666,1,0x0000,true,59.993759,0.000338,0.000000,0.000000,0x0003,88,80.029984,-106.997017,50.000000,144.460907,59.999760,70.919243,59.982605,144.172256
PMU.001,2026-07-09T06:10:44Z,1783577444,0,1,0x0000,true,60.009792,0.000534,0.000000,0.000000,0x0004,88,85.029961,-71.720840,54.984699,-180.000000,65.001205,107.519035,64.972862,-180.000000
PMU.001,2026-07-09T06:10:44.033333Z,1783577444,33333,1,0x0000,true,60.015991,0.000207,0.000000,0.000000,0x0005,88,90.036568,-34.800007,59.975758,-144.821686,69.989807,142.900772,69.986481,-143.787003
PMU.001,2026-07-09T06:10:44.066666Z,1783577444,66666,1,0x0000,true,59.990585,-0.000847,0.000000,0.000000,0x0006,88,95.047279,1.968993,64.974007,-108.129341,74.992134,179.633743,74.981598,-108.157433
PMU.001,2026-07-09T06:10:44.1Z,1783577444,100000,1,0x0000,true,60.015724,0.000838,0.000000,0.000000,0x0007,88,50.000000,38.077084,69.970490,-72.878639,79.982269,-180.000000,79.981445,-73.100815
PMU.001,2026-07-09T06:10:44.133333Z,1783577444,133333,1,0x0000,true,59.985088,-0.001021,0.000000,0.000000,0x0008,88,54.990116,73.680008,74.957542,-37.242779,84.969185,-143.438156,84.984634,-36.619637
PMU.001,2026-07-09T06:10:44.166666Z,1783577444,166666,1,0x0000,true,59.989006,0.000131,0.000000,0.000000,0x0009,88,59.998470,110.581146,79.973251,-1.738471,89.953522,-107.510048,89.997414,-0.841093
PMU.001,2026-07-09T06:10:44.2Z,1783577444,200000,1,0x0000,true,60.010460,0.000715,0.000000,0.000000,0x000A,88,64.999886,147.411514,84.986870,33.926125,94.956566,-71.979218,94.993027,34.787888
PMU.001,2026-07-09T06:10:44.233333Z,1783577444,233333,1,0x0000,true,59.991386,-0.000636,0.000000,0.000000,0x000B,88,69.999733,-180.000000,89.994637,70.631882,99.956917,-35.060425,99.994415,70.760056
PMU.001,2026-07-09T06:10:44.266666Z,1783577444,266666,1,0x0000,true,60.010242,0.000629,0.000000,0.000000,0x000C,88,74.997078,-143.585327,94.979691,107.457008,50.000000,1.006869,50.000000,107.574631
PMU.001,2026-07-09T06:10:44.3Z,1783577444,300000,1,0x0000,true,59.985619,-0.000821,0.000000,0.000000,0x000D,88,80.009575,-107.287521,99.974396,143.354919,54.999500,37.208042,55.004322,143.163101
PMU.001,2026-07-09T06:10:44.333333Z,1783577444,333333,1,0x0000,true,60.001846,0.000541,0.000000,0.000000,0x000E,88,85.001167,-71.813812,50.000000,178.981522,59.995102,73.853180,59.992409,178.630051
PMU.001,2026-07-09T06:10:44.366666Z,1783577444,366666,1,0x0000,true,59.990189,-0.000389,0.000000,0.000000,0x000F,88,90.000336,-35.239548,54.990059,-180.000000,65.003731,110.536507,64.980522,-180.000000
PMU.001,2026-07-09T06:10:44.4Z,1783577444,400000,1,0x0000,true,60.002766,0.000419,0.000000,0.000000,0x0000,88,95.014824,0.439034,59.991055,-144.298050,70.000458,146.194397,69.987167,-143.631790
PMU.001,2026-07-09T06:10:44.433333Z,1783577444,433333,1,0x0000,true,60.015110,0.000411,0.000000,0.000000,0x0001,88,50.000000,35.545422,64.996315,-108.810059,75.008240,-180.000000,75.001892,-107.977104
PMU.001,2026-07-09T06:10:44.466666Z,1783577444,466666,1,0x0000,true,59.992527,-0.000753,0.000000,0.000000,0x0002,88,54.994762,72.346298,69.996796,-73.347137,80.009163,-144.693695,80.002502,-71.032433
PMU.001,2026-07-09T06:10:44.5Z,1783577444,500000,1,0x0000,true,60.013298,0.000692,0.000000,0.000000,0x0003,88,60.004990,108.195137,75.001953,-37.444092,85.016045,-108.143379,84.995056,-34.898689
PMU.001,2026-07-09T06:10:44.533333Z,1783577444,533333,1,0x0000,true,59.984421,-0.000963,0.000000,0.000000,0x0004,88,64.995316,144.003464,80.003082,-1.154204,90.007950,-71.219986,90.003662,0.766894
PMU.001,2026-07-09T06:10:44.566666Z,1783577444,566666,1,0x0000,true,60.013054,0.000954,0.000000,0.000000,0x0005,88,70.005493,179.386948,84.991547,33.970020,95.006287,-35.505562,95.017380,36.884369
PMU.001,2026-07-09T06:10:44.6Z,1783577444,600000,1,0x0000,true,59.987198,-0.000862,0.000000,0.000000,0x0006,88,74.995804,-180.000000,89.998718,69.193275,50.000000,1.363573,50.000000,72.222153
PMU.001,2026-07-09T06:10:44.633333Z,1783577444,633333,1,0x0000,true,60.008709,0.000717,0.000000,0.000000,0x0007,88,80.009972,-144.867966,95.000542,105.564415,55.003387,36.871902,54.995392,107.320030
PMU.001,2026-07-09T06:10:44.666666Z,1783577444,666666,1,0x0000,true,59.994778,-0.000464,0.000000,0.000000,0x0008,88,85.000961,-108.163849,99.992256,141.049301,59.992775,72.350037,59.997227,143.512344
PMU.001,2026-07-09T06:10:44.7Z,1783577444,700000,1,0x0000,true,59.985310,-0.000316,0.000000,0.000000,0x0009,88,90.001022,-72.622932,50.000000,177.424927,64.978134,109.168633,64.999977,179.638336
PMU.001,2026-07-09T06:10:44.733333Z,1783577444,733333,1,0x0000,true,60.013695,0.000946,0.000000,0.000000,0x000A,88,95.005753,-36.043659,55.013870,-180.000000,69.974915,145.602203,70.015137,-180.000000
PMU.001,2026-07-09T06:10:44.766666Z,1783577444,766666,1,0x0000,true,59.984474,-0.000974,0.000000,0.000000,0x000B,88,50.000000,-0.937155,60.002537,-143.473770,74.970497,-180.000000,75.031097,-144.632721
PMU.001,2026-07-09T06:10:44.8Z,1783577444,800000,1,0x0000,true,59.986496,0.000067,0.000000,0.000000,0x000C,88,54.990318,34.312675,65.001846,-107.727333,79.953888,-143.430756,80.021446,-109.351891
PMU.001,2026-07-09T06:10:44.833333Z,1783577444,833333,1,0x0000,true,59.995438,0.000298,0.000000,0.000000,0x000D,88,60.004093,70.677399,70.012177,-71.888054,84.946594,-107.268745,85.013107,-72.697594
PMU.001,2026-07-09T06:10:44.866666Z,1783577444,866666,1,0x0000,true,59.989983,-0.000182,0.000000,0.000000,0x000E,88,64.994278,107.467087,75.004135,-35.366482,89.940948,-71.639351,90.014847,-37.391460
PMU.001,2026-07-09T06:10:44.9Z,1783577444,900000,1,0x0000,true,59.989838,-0.000005,0.000000,0.000000,0x000F,88,69.996376,143.245743,80.017097,0.569726,94.954254,-36.541069,95.021965,-2.101297
PMU.001,2026-07-09T06:10:44.933333Z,1783577444,933333,1,0x0000,true,60.009598,0.000659,0.000000,0.000000,0x0000,88,74.984772,178.511841,85.001518,37.360580,99.941353,-1.297649,50.000000,34.810619
PMU.001,2026-07-09T06:10:44.966666Z,1783577444,966666,1,0x0000,true,59.990318,-0.000643,0.000000,0.000000,0x0001,88,79.982399,-180.000000,90.014778,72.593513,50.000000,34.358902,55.008373,70.544685
PMU.001,2026-07-09T06:10:45Z,1783577445,0,1,0x0000,true,60.010880,0.000685,0.000000,0.000000,0x0002,88,84.973343,-143.108261,95.017578,108.009163,55.000660,70.464951,60.005058,107.106133
PMU.001,2026-07-09T06:10:45.033333Z,1783577445,33333,1,0x0000,true,59.984066,-0.000894,0.000000,0.000000,0x0003,88,89.959984,-106.532532,50.000000,143.270874,59.994709,106.057037,64.995995,143.748062
PMU.001,2026-07-09T06:10:45.066666Z,1783577445,66666,1,0x0000,true,60.008694,0.000821,0.000000,0.000000,0x0004,88,94.967010,-69.947662,54.987301,178.385544,64.979858,141.794785,69.999001,178.910416
PMU.001,2026-07-09T06:10:45.1Z,1783577445,100000,1,0x0000,true,60.008801,0.000004,0.000000,0.000000,0x0005,88,99.961433,-33.777142,59.979092,-180.000000,69.968605,178.719696,75.002022,-180.000000
PMU.001,2026-07-09T06:10:45.133333Z,1783577445,133333,1,0x0000,true,60.003429,-0.000179,0.000000,0.000000,0x0006,88,50.000000,1.292175,64.981079,-144.800766,74.980667,-180.000000,79.997360,-144.469986
PMU.001,2026-07-09T06:10:45.166666Z,1783577445,166666,1,0x0000,true,59.996090,-0.000245,0.000000,0.000000,0x0007,88,55.002949,38.207996,69.993538,-108.313164,79.982277,-144.529510,84.985672,-108.042137
PMU.001,2026-07-09T06:10:45.2Z,1783577445,200000,1,0x0000,true,60.007122,0.000368,0.000000,0.000000,0x0008,88,59.997505,74.101479,74.981842,-72.011742,84.989128,-107.787613,90.000153,-71.195389
PMU.001,2026-07-09T06:10:45.233333Z,1783577445,233333,1,0x0000,true,60.001476,-0.000188,0.000000,0.000000,0x0009,88,64.990959,109.665527,79.997192,-36.669647,89.990532,-72.673996,94.991516,-34.672298
PMU.001,2026-07-09T06:10:45.266666Z,1783577445,266666,1,0x0000,true,60.016640,0.000505,0.000000,0.000000,0x000A,88,69.990341,146.416580,85.006927,-1.561859,94.991341,-35.741508,99.998055,1.839951
PMU.001,2026-07-09T06:10:45.3Z,1783577445,300000,1,0x0000,true,59.994762,-0.000729,0.000000,0.000000,0x000B,88,74.980370,-180.000000,90.020653,34.664555,50.000000,0.501865,50.000000,38.218082
PMU.001,2026-07-09T06:10:45.333333Z,1783577445,333333,1,0x0000,true,60.001984,0.000241,0.000000,0.000000,0x000C,88,79.969322,-143.338776,95.035721,71.027885,54.985844,36.690334,54.997860,74.372047
PMU.001,2026-07-09T06:10:45.366666Z,1783577445,366666,1,0x0000,true,60.006367,0.000146,0.000000,0.000000,0x000D,88,84.971809,-107.324989,50.000000,107.708809,59.980583,72.520515,59.996769,110.798958
PMU.001,2026-07-09T06:10:45.4Z,1783577445,400000,1,0x0000,true,59.994438,-0.000398,0.000000,0.000000,0x000E,88,89.987244,-71.423286,55.004532,144.344040,64.982414,109.253082,65.001442,146.187515
PMU.001,2026-07-09T06:10:45.433333Z,1783577445,433333,1,0x0000,true,60.006195,0.000392,0.000000,0.000000,0x000F,88,94.979660,-36.082413,59.991577,-180.000000,69.990746,144.869125,70.013496,-180.000000
PMU.001,2026-07-09T06:10:45.466666Z,1783577445,466666,1,0x0000,true,60.010628,0.000148,0.000000,0.000000,0x0000,88,99.984451,-0.221862,65.003624,-143.720734,74.979141,-180.000000,75.020386,-143.524475
PMU.001,2026-07-09T06:10:45.5Z,1783577445,500000,1,0x0000,true,60.008675,-0.000065,0.000000,0.000000,0x0001,88,50.000000,35.504517,70.004692,-108.508728,79.974945,-144.539871,80.004250,-107.072205
PMU.001,2026-07-09T06:10:45.533333Z,1783577445,533333,1,0x0000,true,59.997570,-0.000370,0.000000,0.000000,0x0002,88,54.995575,70.893364,75.018921,-73.223694,84.961426,-109.159660,85.000549,-70.490189
PMU.001,2026-07-09T06:10:45.566666Z,1783577445,566666,1,0x0000,true,59.997952,0.000013,0.000000,0.000000,0x0003,88,59.994900,106.999825,80.017052,-36.886185,89.949867,-72.534515,90.002800,-33.874424
PMU.001,2026-07-09T06:10:45.6Z,1783577445,600000,1,0x0000,true,59.992634,-0.000177,0.000000,0.000000,0x0004,88,64.987968,143.363266,85.021950,-0.456644,94.959244,-37.236012,95.012047,2.172408
PMU.001,2026-07-09T06:10:45.633333Z,1783577445,633333,1,0x0000,true,59.996029,0.000113,0.000000,0.000000,0x0005,88,69.990295,178.778732,90.007523,36.410801,99.962952,-1.288265,50.000000,38.123653
PMU.001,2026-07-09T06:10:45.666666Z,1783577445,666666,1,0x0000,true,59.989952,-0.000203,0.000000,0.000000,0x0006,88,74.988190,-180.000000,95.002541,71.811531,50.000000,35.293575,55.000210,73.358856
PMU.001,2026-07-09T06:10:45.7Z,1783577445,700000,1,0x0000,true,59.999882,0.000331,0.000000,0.000000,0x0007,88,80.003853,-144.270767,99.992920,108.393196,55.015266,70.994484,60.000759,109.291565
PMU.001,2026-07-09T06:10:45.733333Z,1783577445,733333,1,0x0000,true,59.987869,-0.000400,0.000000,0.000000,0x0008,88,85.010017,-108.736031,50.000000,145.284653,60.000057,107.764351,65.003952,145.600632
PMU.001,2026-07-09T06:10:45.766666Z,1783577445,766666,1,0x0000,true,60.004047,0.000539,0.000000,0.000000,0x0009,88,90.014114,-71.872902,55.014317,-180.000000,64.988304,143.971420,70.017647,-180.000000
PMU.001,2026-07-09T06:10:45.8Z,1783577445,800000,1,0x0000,true,59.988567,-0.000516,0.000000,0.000000,0x000A,88,95.007774,-35.058731,60.019997,-144.745392,69.988205,179.735504,75.007584,-143.596283
PMU.001,2026-07-09T06:10:45.833333Z,1783577445,833333,1,0x0000,true,60.014759,0.000873,0.000000,0.000000,0x000B,88,50.000000,0.386010,65.012650,-109.473068,74.974304,-180.000000,80.014359,-107.661652
PMU.001,2026-07-09T06:10:45.866666Z,1783577445,866666,1,0x0000,true,59.994564,-0.000673,0.000000,0.000000,0x000C,88,54.983616,35.470776,70.023300,-73.338692,79.960907,-143.350952,85.012520,-72.210503
PMU.001,2026-07-09T06:10:45.9Z,1783577445,900000,1,0x0000,true,59.996979,0.000080,0.000000,0.000000,0x000D,88,59.969894,71.010345,75.016663,-38.033432,84.949562,-106.482407,90.007309,-36.523178
PMU.001,2026-07-09T06:10:45.933333Z,1783577445,933333,1,0x0000,true,59.992416,-0.000152,0.000000,0.000000,0x000E,88,64.956978,106.096855,80.017723,-2.459238,89.945839,-69.534126,95.004967,-1.475890
PMU.001,2026-07-09T06:10:45.966666Z,1783577445,966666,1,0x0000,true,59.988461,-0.000132,0.000000,0.000000,0x000F,88,69.957153,141.146347,85.009048,32.704620,94.935974,-34.326084,50.000000,33.980507
PMU.001,2026-07-09T06:10:46Z,1783577446,0,1,0x0000,true,59.994732,0.000209,0.000000,0.000000,0x0000,88,74.948021,177.217606,90.023964,69.592758,99.951324,2.486277,54.983391,69.461327
PMU.001,2026-07-09T06:10:46.033333Z,1783577446,33333,1,0x0000,true,60.011555,0.000561,0.000000,0.000000,0x0001,88,79.935257,-180.000000,95.031380,105.704170,50.000000,39.301147,59.990238,105.715485
PMU.001,2026-07-09T06:10:46.066666Z,1783577446,66666,1,0x0000,true,59.989555,-0.000733,0.000000,0.000000,0x0002,88,84.949829,-144.011063,50.000000,141.578354,54.984020,75.603622,64.985367,141.975464
PMU.001,2026-07-09T06:10:46.1Z,1783577446,100000,1,0x0000,true,59.992874,0.000111,0.000000,0.000000,0x0003,88,89.939667,-108.894409,54.994736,177.218475,59.969269,111.484985,69.991631,177.390884
PMU.001,2026-07-09T06:10:46.133333Z,1783577446,133333,1,0x0000,true,59.984222,-0.000288,0.000000,0.000000,0x0004,88,94.933128,-73.429909,60.000908,-180.000000,64.958862,147.984589,74.983337,-180.000000
PMU.001,2026-07-09T06:10:46.166666Z,1783577446,166666,1,0x0000,true,60.008865,0.000821,0.000000,0.000000,0x0005,88,99.934158,-36.870449,64.997116,-143.810501,69.969070,-180.000000,79.994232,-144.049637
PMU.001,2026-07-09T06:10:46.2Z,1783577446,200000,1,0x0000,true,59.991127,-0.000591,0.000000,0.000000,0x0006,88,50.000000,-1.386135,70.012787,-108.325829,74.977264,-144.900681,84.978127,-108.347794
PMU.001,2026-07-09T06:10:46.233333Z,1783577446,233333,1,0x0000,true,59.991257,0.000004,0.000000,0.000000,0x0007,88,55.014500,34.001717,75.014221,-73.261230,79.987152,-108.329727,89.984444,-71.556358
PMU.001,2026-07-09T06:10:46.266666Z,1783577446,266666,1,0x0000,true,60.014664,0.000780,0.000000,0.000000,0x0008,88,60.013309,69.915718,80.004105,-36.353455,85.001640,-72.758682,95.000366,-34.774189
PMU.001,2026-07-09T06:10:46.3Z,1783577446,300000,1,0x0000,true,59.995689,-0.000632,0.000000,0.000000,0x0009,88,65.004791,105.512642,85.013298,-0.343689,89.996216,-37.505356,50.000000,0.713039
PMU.001,2026-07-09T06:10:46.333333Z,1783577446,333333,1,0x0000,true,59.991402,-0.000143,0.000000,0.000000,0x000A,88,70.011528,141.790985,90.010567,35.769180,94.989052,-0.606790,55.010452,36.565315
PMU.001,2026-07-09T06:10:46.366666Z,1783577446,366666,1,0x0000,true,60.005917,0.000484,0.000000,0.000000,0x000B,88,75.022903,178.712875,95.011017,71.044128,99.980598,36.164249,60.014458,73.287804
PMU.001,2026-07-09T06:10:46.4Z,1783577446,400000,1,0x0000,true,60.004631,-0.000043,0.000000,0.000000,0x000C,88,80.037491,-180.000000,50.000000,106.497787,50.000000,71.970886,64.999496,109.382080
PMU.001,2026-07-09T06:10:46.433333Z,1783577446,433333,1,0x0000,true,59.993427,-0.000373,0.000000,0.000000,0x000D,88,85.024055,-143.304672,54.991680,143.056488,55.003498,108.818398,70.006561,145.907791
PMU.001,2026-07-09T06:10:46.466666Z,1783577446,466666,1,0x0000,true,60.002720,0.000310,0.000000,0.000000,0x000E,88,90.033768,-107.896423,59.984646,179.146225,59.997402,145.113708,75.011902,-180.000000
PMU.001,2026-07-09T06:10:46.5Z,1783577446,500000,1,0x0000,true,59.991230,-0.000383,0.000000,0.000000,0x000F,88,95.039902,-72.371185,64.999565,-180.000000,64.993904,-180.000000,80.002853,-143.495514
PMU.001,2026-07-09T06:10:46.533333Z,1783577446,533333,1,0x0000,true,59.993965,0.000091,0.000000,0.000000,0x0000,88,50.000000,-36.718544,70.011086,-144.141327,70.003616,-144.349457,84.993721,-108.269463
PMU.001,2026-07-09T06:10:46.566666Z,1783577446,566666,1,0x0000,true,60.016052,0.000736,0.000000,0.000000,0x0001,88,55.006363,-1.535218,75.016663,-107.646324,75.000916,-108.476616,90.007195,-71.525238
PMU.001,2026-07-09T06:10:46.6Z,1783577446,600000,1,0x0000,true,59.997677,-0.000613,0.000000,0.000000,0x0002,88,60.002338,33.613426,80.005577,-71.588707,79.998405,-72.297821,95.002213,-35.829399
PMU.001,2026-07-09T06:10:46.633333Z,1783577446,633333,1,0x0000,true,59.998608,0.000031,0.000000,0.000000,0x0003,88,64.997581,68.667480,84.989594,-35.108986,85.014183,-35.546658,99.996605,0.298335
PMU.001,2026-07-09T06:10:46.666666Z,1783577446,666666,1,0x0000,true,59.998566,-0.000001,0.000000,0.000000,0x0004,88,69.981987,105.155243,89.986038,0.511894,90.024300,0.223318,50.000000,35.600563
PMU.001,2026-07-09T06:10:46.7Z,1783577446,700000,1,0x0000,true,60.001957,0.000113,0.000000,0.000000,0x0005,88,74.976295,141.898361,94.990486,35.751408,95.035133,35.397667,55.004807,72.202225
PMU.001,2026-07-09T06:10:46.733333Z,1783577446,733333,1,0x0000,true,60.007500,0.000185,0.000000,0.000000,0x0006,88,79.992897,177.772797,99.996826,72.452324,50.000000,71.304031,59.990395,107.586464
PMU.001,2026-07-09T06:10:46.766666Z,1783577446,766666,1,0x0000,true,60.003040,-0.000149,0.000000,0.000000,0x0007,88,84.978149,-180.000000,50.000000,107.630692,54.998627,107.305580,65.001663,144.364487
PMU.001,2026-07-09T06:10:46.8Z,1783577446,800000,1,0x0000,true,60.006245,0.000107,0.000000,0.000000,0x0008,88,89.987099,-144.044327,55.005783,143.287018,59.994087,142.858673,70.017326,-180.000000
PMU.001,2026-07-09T06:10:46.833333Z,1783577446,833333,1,0x0000,true,59.994385,-0.000395,0.000000,0.000000,0x0009,88,94.991989,-108.633568,60.005180,179.020676,65.001877,178.885971,75.017624,-143.274017
PMU.001,2026-07-09T06:10:46.866666Z,1783577446,866666,1,0x0000,true,60.008877,0.000483,0.000000,0.000000,0x000A,88,99.989815,-73.223106,65.005470,-180.000000,69.990105,-180.000000,80.018257,-107.862564
PMU.001,2026-07-09T06:10:46.9Z,1783577446,900000,1,0x0000,true,60.011131,0.000075,0.000000,0.000000,0x000B,88,50.000000,-36.300350,69.995384,-144.068405,74.985191,-144.570190,85.028427,-72.377380
PMU.001,2026-07-09T06:10:46.933333Z,1783577446,933333,1,0x0000,true,60.004288,-0.000228,0.000000,0.000000,0x000C,88,55.001266,0.517610,75.004883,-107.610886,79.979546,-108.565613,90.036331,-37.120434
PMU.001,2026-07-09T06:10:46.966666Z,1783577446,966666,1,0x0000,true,60.015297,0.000367,0.000000,0.000000,0x000D,88,59.985577,37.241962,80.007164,-71.786827,84.973083,-71.919014,95.038055,-0.747083
PMU.001,2026-07-09T06:10:47Z,1783577447,0,1,0x0000,true,60.014927,-0.000012,0.000000,0.000000,0x000E,88,64.987457,72.767136,85.009712,-36.542412,89.984459,-35.294975,50.000000,34.687805
PMU.001,2026-07-09T06:10:47.033333Z,1783577447,33333,1,0x0000,true,59.987011,-0.000931,0.000000,0.000000,0x000F,88,69.975060,108.838913,90.012581,-0.710655,94.970177,0.002941,54.987686,69.944107
PMU.001,2026-07-09T06:10:47.066666Z,1783577447,66666,1,0x0000,true,60.012703,0.000856,0.000000,0.000000,0x0000,88,74.962822,145.059433,95.016174,34.507294,99.972931,36.805977,59.994289,106.636574
PMU.001,2026-07-09T06:10:47.1Z,1783577447,100000,1,0x0000,true,59.994144,-0.000619,0.000000,0.000000,0x0001,88,79.959885,-180.000000,50.000000,70.892365,50.000000,72.183632,64.983856,143.354462
PMU.001,2026-07-09T06:10:47.133333Z,1783577447,133333,1,0x0000,true,60.002518,0.000279,0.000000,0.000000,0x0002,88,84.952347,-143.830765,55.016068,106.299858,55.005520,108.896790,69.983681,179.907333
PMU.001,2026-07-09T06:10:47.166666Z,1783577447,166666,1,0x0000,true,60.015968,0.000448,0.000000,0.000000,0x0003,88,89.946289,-107.840820,60.020107,141.658401,59.998844,145.071854,74.999222,-180.000000
PMU.001,2026-07-09T06:10:47.2Z,1783577447,200000,1,0x0000,true,60.013721,-0.000075,0.000000,0.000000,0x0004,88,94.948730,-72.361923,65.016693,177.219879,65.009254,-180.000000,79.993210,-144.161026
PMU.001,2026-07-09T06:10:47.233333Z,1783577447,233333,1,0x0000,true,59.996288,-0.000581,0.000000,0.000000,0x0005,88,99.950500,-36.244392,70.007935,-180.000000,69.998894,-144.832764,84.990120,-107.662704
PMU.001,2026-07-09T06:10:47.266666Z,1783577447,266666,1,0x0000,true,59.991631,-0.000155,0.000000,0.000000,0x0006,88,50.000000,-0.937267,74.992798,-143.121429,75.006798,-109.002228,90.002258,-71.273788
PMU.001,2026-07-09T06:10:47.3Z,1783577447,300000,1,0x0000,true,60.008877,0.000575,0.000000,0.000000,0x0007,88,55.016548,34.835274,80.006630,-107.913849,79.994835,-72.138809,95.000603,-35.611759
PMU.001,2026-07-09T06:10:47.333333Z,1783577447,333333,1,0x0000,true,59.984921,-0.000799,0.000000,0.000000,0x0008,88,60.015575,70.684052,85.000420,-71.281822,84.992859,-35.630119,50.000000,-0.158511
PMU.001,2026-07-09T06:10:47.366666Z,1783577447,366666,1,0x0000,true,60.012562,0.000921,0.000000,0.000000,0x0009,88,65.011459,106.422554,89.988098,-34.521160,89.992744,-0.223383,55.006004,35.082169
PMU.001,2026-07-09T06:10:47.4Z,1783577447,400000,1,0x0000,true,60.009033,-0.000118,0.000000,0.000000,0x000A,88,70.006805,142.373444,95.001411,1.123559,94.993095,34.901249,60.015629,71.683296
PMU.001,2026-07-09T06:10:47.433333Z,1783577447,433333,1,0x0000,true,60.000584,-0.000282,0.000000,0.000000,0x000B,88,75.004692,178.307968,50.000000,37.820633,50.000000,71.160652,65.027397,107.837616
PMU.001,2026-07-09T06:10:47.466666Z,1783577447,466666,1,0x0000,true,59.993176,-0.000247,0.000000,0.000000,0x000C,88,80.009331,-180.000000,55.011799,73.921379,55.004219,106.400978,70.028419,144.377609
PMU.001,2026-07-09T06:10:47.5Z,1783577447,500000,1,0x0000,true,59.988094,-0.000169,0.000000,0.000000,0x000D,88,85.008545,-144.239243,60.001854,109.892265,59.988281,142.796204,75.023903,179.780731
PMU.001,2026-07-09T06:10:47.533333Z,1783577447,533333,1,0x0000,true,59.985210,-0.000096,0.000000,0.000000,0x000E,88,90.000549,-108.013817,64.993996,146.480057,64.983269,179.399200,80.015091,-180.000000
PMU.001,2026-07-09T06:10:47.566666Z,1783577447,566666,1,0x0000,true,60.012047,0.000895,0.000000,0.000000,0x000F,88,94.998169,-71.666519,69.995964,-180.000000,69.999016,-180.000000,85.022659,-144.745346
PMU.001,2026-07-09T06:10:47.6Z,1783577447,600000,1,0x0000,true,59.990147,-0.000730,0.000000,0.000000,0x0000,88,50.000000,-35.427864,75.001289,-143.234451,75.010124,-144.080124,90.039322,-109.214577
PMU.001,2026-07-09T06:10:47.633333Z,1783577447,633333,1,0x0000,true,59.985188,-0.000165,0.000000,0.000000,0x0001,88,54.995888,-0.242556,79.986320,-108.120598,80.025864,-107.294167,95.055794,-73.471703
PMU.001,2026-07-09T06:10:47.666666Z,1783577447,666666,1,0x0000,true,59.983536,-0.000055,0.000000,0.000000,0x0002,88,59.986370,36.301750,84.991455,-71.300949,85.016182,-72.119934,50.000000,-38.337513
PMU.001,2026-07-09T06:10:47.7Z,1783577447,700000,1,0x0000,true,59.995956,0.000414,0.000000,0.000000,0x0003,88,64.971214,72.682152,89.980858,-36.199104,90.008484,-36.255127,54.988598,-1.788196
PMU.001,2026-07-09T06:10:47.733333Z,1783577447,733333,1,0x0000,true,59.999870,0.000130,0.000000,0.000000,0x0004,88,69.978188,108.697044,94.986382,-0.285862,95.022720,0.058658,60.003216,34.099632
PMU.001,2026-07-09T06:10:47.766666Z,1783577447,766666,1,0x0000,true,59.991676,-0.000273,0.000000,0.000000,0x0005,88,74.982864,144.392410,99.969963,36.228542,50.000000,35.951733,64.995514,70.000519
PMU.001,2026-07-09T06:10:47.8Z,1783577447,800000,1,0x0000,true,60.010597,0.000631,0.000000,0.000000,0x0006,88,79.998703,-180.000000,50.000000,73.100594,54.988083,72.466957,69.996040,105.641273
PMU.001,2026-07-09T06:10:47.833333Z,1783577447,833333,1,0x0000,true,60.002392,-0.000274,0.000000,0.000000,0x0007,88,85.010986,-143.767303,55.011898,108.980553,59.978691,107.746452,75.002968,142.521133
PMU.001,2026-07-09T06:10:47.866666Z,1783577447,866666,1,0x0000,true,60.005753,0.000112,0.000000,0.000000,0x0008,88,89.997620,-107.914093,59.997143,145.756378,64.971107,144.078247,80.014603,178.157227
PMU.001,2026-07-09T06:10:47.9Z,1783577447,900000,1,0x0000,true,60.002960,-0.000093,0.000000,0.000000,0x0009,88,94.995087,-72.530495,64.989746,-180.000000,69.977684,-180.000000,85.001259,-180.000000
PMU.001,2026-07-09T06:10:47.933333Z,1783577447,933333,1,0x0000,true,60.006718,0.000125,0.000000,0.000000,0x000A,88,99.987839,-36.430561,70.003197,-143.530777,74.989319,-143.517838,90.000259,-143.106277
PMU.001,2026-07-09T06:10:47.966666Z,1783577447,966666,1,0x0000,true,59.984230,-0.000750,0.000000,0.000000,0x000B,88,50.000000,-0.855846,74.992264,-106.985703,79.988960,-108.128639,94.988464,-106.864471
PMU.001,2026-07-09T06:10:48Z,1783577448,0,1,0x0000,true,59.994308,0.000336,0.000000,0.000000,0x000C,88,54.989811,34.935692,79.975937,-70.563164,84.998779,-72.607262,50.000000,-71.456047
PMU.001,2026-07-09T06:10:48.033333Z,1783577448,33333,1,0x0000,true,59.989086,-0.000174,0.000000,0.000000,0x000D,88,59.992039,71.526749,84.964798,-34.906090,89.982666,-37.372704,55.001572,-35.165051
PMU.001,2026-07-09T06:10:48.066666Z,1783577448,66666,1,0x0000,true,59.998852,0.000326,0.000000,0.000000,0x000E,88,65.006172,106.940529,89.958092,0.687222,94.999146,-1.118020,60.002186,1.204512
PMU.001,2026-07-09T06:10:48.1Z,1783577448,100000,1,0x0000,true,60.012146,0.000443,0.000000,0.000000,0x000F,88,70.016937,143.066162,94.964691,37.556065,99.989204,35.491680,65.004242,37.154766
PMU.001,2026-07-09T06:10:48.133333Z,1783577448,133333,1,0x0000,true,59.996178,-0.000532,0.000000,0.000000,0x0000,88,75.016380,178.620956,99.970535,72.706108,50.000000,71.197075,70.015968,73.301331
PMU.001,2026-07-09T06:10:48.166666Z,1783577448,166666,1,0x0000,true,60.008423,0.000408,0.000000,0.000000,0x0001,88,80.026787,-180.000000,50.000000,109.520569,54.985470,107.405884,74.999481,109.131577
PMU.001,2026-07-09T06:10:48.2Z,1783577448,200000,1,0x0000,true,60.014927,0.000217,0.000000,0.000000,0x0002,88,85.032906,-143.685120,55.004303,145.290833,59.985653,143.977005,79.990891,145.599518
PMU.001,2026-07-09T06:10:48.233333Z,1783577448,233333,1,0x0000,true,59.985603,-0.000977,0.000000,0.000000,0x0003,88,90.032791,-107.037766,59.988071,-180.000000,64.979744,-180.000000,85.005836,-180.000000
PMU.001,2026-07-09T06:10:48.266666Z,1783577448,266666,1,0x0000,true,60.015148,0.000985,0.000000,0.000000,0x0004,88,95.042206,-70.486641,64.984161,-144.919846,69.971924,-144.425934,90.010590,-143.336044
PMU.001,2026-07-09T06:10:48.3Z,1783577448,300000,1,0x0000,true,60.012627,-0.000084,0.000000,0.000000,0x0005,88,50.000000,-35.284260,69.984459,-108.924301,74.972122,-107.561813,95.009445,-106.837257
PMU.001,2026-07-09T06:10:48.333333Z,1783577448,333333,1,0x0000,true,60.008507,-0.000137,0.000000,0.000000,0x0006,88,54.996548,0.068155,74.980209,-73.376740,79.974457,-71.975555,50.000000,-71.687973
PMU.001,2026-07-09T06:10:48.366666Z,1783577448,366666,1,0x0000,true,60.009705,0.000040,0.000000,0.000000,0x0007,88,60.000717,36.596954,79.975067,-37.068668,84.978371,-36.310730,55.012016,-35.851143
PMU.001,2026-07-09T06:10:48.4Z,1783577448,400000,1,0x0000,true,59.985722,-0.000799,0.000000,0.000000,0x0008,88,65.007706,71.702995,84.976067,-0.328523,89.989677,-0.757055,60.016884,0.651021
PMU.001,2026-07-09T06:10:48.433333Z,1783577448,433333,1,0x0000,true,60.004452,0.000624,0.000000,0.000000,0x0009,88,70.010948,107.803162,89.970467,35.027794,94.996162,34.294136,65.007164,36.079613
PMU.001,2026-07-09T06:10:48.466666Z,1783577448,466666,1,0x0000,true,59.992760,-0.000390,0.000000,0.000000,0x000A,88,75.021980,142.857040,94.956062,71.127495,99.998016,71.031662,70.012436,72.239815
PMU.001,2026-07-09T06:10:48.5Z,1783577448,500000,1,0x0000,true,59.990971,-0.000060,0.000000,0.000000,0x000B,88,80.033684,179.299454,99.961922,106.766678,50.000000,107.257957,75.003403,108.390167
PMU.001,2026-07-09T06:10:48.533333Z,1783577448,533333,1,0x0000,true,60.016571,0.000853,0.000000,0.000000,0x000C,88,85.022148,-180.000000,50.000000,142.479996,54.991081,143.199875,80.004288,143.577332
PMU.001,2026-07-09T06:10:48.566666Z,1783577448,566666,1,0x0000,true,59.993130,-0.000781,0.000000,0.000000,0x000D,88,90.016838,-143.224365,55.013992,179.209946,59.988937,-180.000000,85.013260,179.914902
PMU.001,2026-07-09T06:10:48.6Z,1783577448,600000,1,0x0000,true,59.999390,0.000209,0.000000,0.000000,0x000E,88,95.020676,-106.757233,60.016579,-180.000000,64.991150,-144.237900,90.025528,-180.000000
PMU.001,2026-07-09T06:10:48.633333Z,1783577448,633333,1,0x0000,true,59.988525,-0.000362,0.000000,0.000000,0x000F,88,50.000000,-71.699867,65.021156,-143.533920,69.994614,-107.671791,95.040001,-143.717392
PMU.001,2026-07-09T06:10:48.666666Z,1783577448,666666,1,0x0000,true,59.993824,0.000177,0.000000,0.000000,0x0000,88,55.007145,-35.583092,70.019508,-107.759346,75.003281,-72.497383,50.000000,-108.489830
PMU.001,2026-07-09T06:10:48.7Z,1783577448,700000,1,0x0000,true,60.008808,0.000499,0.000000,0.000000,0x0001,88,60.005554,1.320021,75.011620,-70.946571,80.011009,-36.864845,55.000561,-73.023933
PMU.001,2026-07-09T06:10:48.733333Z,1783577448,733333,1,0x0000,true,59.994781,-0.000468,0.000000,0.000000,0x0002,88,65.019798,38.196438,80.012383,-34.634945,85.022980,-1.594616,59.992409,-37.099503
PMU.001,2026-07-09T06:10:48.766666Z,1783577448,766666,1,0x0000,true,60.007141,0.000412,0.000000,0.000000,0x0003,88,70.036278,73.316414,84.998047,2.011301,90.022522,35.068012,64.983360,-0.741481
PMU.001,2026-07-09T06:10:48.8Z,1783577448,800000,1,0x0000,true,60.001480,-0.000189,0.000000,0.000000,0x0004,88,75.038643,110.183685,90.008888,38.681446,95.013321,71.107681,69.992531,35.399715
PMU.001,2026-07-09T06:10:48.833333Z,1783577448,833333,1,0x0000,true,59.987473,-0.000467,0.000000,0.000000,0x0005,88,80.043793,146.842224,95.006821,75.560661,99.999756,107.353561,74.998940,70.841133
PMU.001,2026-07-09T06:10:48.866666Z,1783577448,866666,1,0x0000,true,60.002300,0.000494,0.000000,0.000000,0x0006,88,85.032745,-180.000000,50.000000,111.789581,50.000000,144.271301,80.002090,105.925957
PMU.001,2026-07-09T06:10:48.9Z,1783577448,900000,1,0x0000,true,60.001923,-0.000013,0.000000,0.000000,0x0007,88,90.030304,-143.123413,55.001934,147.450150,54.989799,179.480499,85.005470,142.783035
PMU.001,2026-07-09T06:10:48.933333Z,1783577448,933333,1,0x0000,true,59.999542,-0.000079,0.000000,0.000000,0x0008,88,95.039101,-106.965836,60.015869,-180.000000,60.002102,-180.000000,90.009590,179.183945
PMU.001,2026-07-09T06:10:48.966666Z,1783577448,966666,1,0x0000,true,59.987869,-0.000389,0.000000,0.000000,0x0009,88,50.000000,-70.341331,65.029961,-144.068573,65.002411,-143.635681,95.001266,-180.000000
PMU.001,2026-07-09T06:10:49Z,1783577449,0,1,0x0000,true,59.996460,0.000286,0.000000,0.000000,0x000A,88,54.994556,-34.710194,70.014824,-107.608383,70.013008,-106.971718,50.000000,-144.523499
PMU.001,2026-07-09T06:10:49.033333Z,1783577449,33333,1,0x0000,true,60.014488,0.000601,0.000000,0.000000,0x000B,88,59.980724,1.259526,75.025017,-72.514175,75.001358,-71.124336,54.989418,-109.408249
PMU.001,2026-07-09T06:10:49.066666Z,1783577449,66666,1,0x0000,true,59.983887,-0.001020,0.000000,0.000000,0x000C,88,64.975471,36.426125,80.028297,-35.643929,79.986511,-35.815407,59.985558,-73.090912
PMU.001,2026-07-09T06:10:49.1Z,1783577449,100000,1,0x0000,true,59.985172,0.000043,0.000000,0.000000,0x000D,88,69.962982,72.475700,85.036316,0.704068,84.992523,-0.161827,64.980423,-36.311951
PMU.001,2026-07-09T06:10:49.133333Z,1783577449,133333,1,0x0000,true,59.984478,-0.000023,0.000000,0.000000,0x000E,88,74.956985,108.057526,90.047112,36.132603,89.988205,36.022972,69.988182,-1.245778
PMU.001,2026-07-09T06:10:49.166666Z,1783577449,166666,1,0x0000,true,60.010307,0.000861,0.000000,0.000000,0x000F,88,79.951149,144.308823,95.036758,72.322006,94.976151,71.573616,74.980682,35.105717
PMU.001,2026-07-09T06:10:49.2Z,1783577449,200000,1,0x0000,true,60.001793,-0.000284,0.000000,0.000000,0x0000,88,84.946388,179.357986,50.000000,108.735634,99.963196,107.672150,79.965096,70.934738
PMU.001,2026-07-09T06:10:49.233333Z,1783577449,233333,1,0x0000,true,60.002853,0.000035,0.000000,0.000000,0x0001,88,89.960075,-180.000000,55.000294,145.403564,50.000000,144.622406,84.975555,106.036346
PMU.001,2026-07-09T06:10:49.266666Z,1783577449,266666,1,0x0000,true,60.007576,0.000157,0.000000,0.000000,0x0002,88,94.971085,-144.035233,60.016838,-180.000000,54.993645,-180.000000,89.991737,141.248291
PMU.001,2026-07-09T06:10:49.3Z,1783577449,300000,1,0x0000,true,60.003822,-0.000125,0.000000,0.000000,0x0003,88,99.974480,-108.599411,65.011192,-144.634933,60.001785,-143.838120,94.978867,177.919006
PMU.001,2026-07-09T06:10:49.333333Z,1783577449,333333,1,0x0000,true,60.013752,0.000331,0.000000,0.000000,0x0004,88,50.000000,-71.725967,70.002403,-107.793312,64.996910,-107.911819,99.988419,-180.000000
PMU.001,2026-07-09T06:10:49.366666Z,1783577449,366666,1,0x0000,true,59.994232,-0.000651,0.000000,0.000000,0x0005,88,54.986008,-35.226543,75.018959,-71.038597,69.981720,-71.563583,50.000000,-143.440659
PMU.001,2026-07-09T06:10:49.4Z,1783577449,400000,1,0x0000,true,60.010952,0.000557,0.000000,0.000000,0x0006,88,59.975723,0.909818,80.027451,-35.084091,74.971626,-35.494663,55.004578,-107.035896
PMU.001,2026-07-09T06:10:49.433333Z,1783577449,433333,1,0x0000,true,60.007641,-0.000110,0.000000,0.000000,0x0007,88,64.959633,36.965630,85.011955,1.658913,79.958473,-0.397425,60.002655,-71.279793
PMU.001,2026-07-09T06:10:49.466666Z,1783577449,466666,1,0x0000,true,60.008854,0.000040,0.000000,0.000000,0x0008,88,69.943047,73.103676,90.023392,38.426048,84.965591,36.125957,64.987717,-34.691891
PMU.001,2026-07-09T06:10:49.5Z,1783577449,500000,1,0x0000,true,60.001858,-0.000233,0.000000,0.000000,0x0009,88,74.956299,109.359871,95.016106,74.131500,89.955574,72.117592,69.992607,1.899510
PMU.001,2026-07-09T06:10:49.533333Z,1783577449,533333,1,0x0000,true,60.014774,0.000431,0.000000,0.000000,0x000A,88,79.963203,144.798782,50.000000,109.887192,94.955383,107.223747,74.990204,37.829308
PMU.001,2026-07-09T06:10:49.566666Z,1783577449,566666,1,0x0000,true,59.992401,-0.000746,0.000000,0.000000,0x000B,88,84.972954,-180.000000,54.998039,146.624710,99.965553,143.443512,79.973557,74.524452
PMU.001,2026-07-09T06:10:49.6Z,1783577449,600000,1,0x0000,true,59.997723,0.000177,0.000000,0.000000,0x000C,88,89.967331,-144.077911,59.989239,-180.000000,50.000000,-180.000000,84.970551,109.687614
PMU.001,2026-07-09T06:10:49.633333Z,1783577449,633333,1,0x0000,true,60.006088,0.000279,0.000000,0.000000,0x000D,88,94.981026,-107.994003,64.975861,-143.708603,55.009418,-143.936340,89.974365,146.505737
PMU.001,2026-07-09T06:10:49.666666Z,1783577449,666666,1,0x0000,true,60.001698,-0.000146,0.000000,0.000000,0x000E,88,99.991722,-72.135262,69.974617,-108.419838,59.996082,-107.580933,94.975296,-180.000000
PMU.001,2026-07-09T06:10:49.7Z,1783577449,700000,1,0x0000,true,59.993679,-0.000267,0.000000,0.000000,0x000F,88,50.000000,-35.649475,74.981918,-72.382332,64.987915,-70.686028,99.975983,-144.731934
PMU.001,2026-07-09T06:10:49.733333Z,1783577449,733333,1,0x0000,true,59.990280,-0.000113,0.000000,0.000000,0x0000,88,55.012341,1.179499,79.976341,-36.813091,69.972000,-34.603352,50.000000,-108.101303
PMU.001,2026-07-09T06:10:49.766666Z,1783577449,766666,1,0x0000,true,59.991108,0.000028,0.000000,0.000000,0x0001,88,59.997581,36.420177,84.975655,-0.518891,74.988319,1.389919,55.001575,-71.185020
PMU.001,2026-07-09T06:10:49.8Z,1783577449,800000,1,0x0000,true,59.986679,-0.000148,0.000000,0.000000,0x0002,88,65.007286,72.432335,89.979973,36.276684,79.988380,36.641907,60.017441,-35.732059
PMU.001,2026-07-09T06:10:49.833333Z,1783577449,833333,1,0x0000,true,59.985767,-0.000030,0.000000,0.000000,0x0003,88,70.007210,109.184540,94.968948,72.222687,84.985542,72.693634,65.011429,0.627071
PMU.001,2026-07-09T06:10:49.866666Z,1783577449,866666,1,0x0000,true,60.015633,0.000996,0.000000,0.000000,0x0004,88,75.018349,144.601257,99.975662,108.701942,89.976707,107.885239,69.998428,36.638641
PMU.001,2026-07-09T06:10:49.9Z,1783577449,900000,1,0x0000,true,60.006428,-0.000307,0.000000,0.000000,0x0005,88,80.005569,-180.000000,50.000000,144.505783,94.984138,143.632416,75.000534,73.394470
PMU.001,2026-07-09T06:10:49.933333Z,1783577449,933333,1,0x0000,true,59.984615,-0.000727,0.000000,0.000000,0x0006,88,84.992149,-143.786407,55.009777,-180.000000,99.975883,179.912155,80.001091,109.234734
PMU.001,2026-07-09T06:10:49.966666Z,1783577449,966666,1,0x0000,true,59.992096,0.000249,0.000000,0.000000,0x0007,88,89.978821,-106.885452,59.995087,-143.790375,50.000000,-180.000000,84.987350,146.025818
PMU.001,2026-07-09T06:10:50Z,1783577450,0,1,0x0000,true,59.991371,-0.000024,0.000000,0.000000,0x0008,88,94.972816,-71.772186,64.986343,-107.390152,54.990723,-143.952591,90.000771,-180.000000
PMU.001,2026-07-09T06:10:50.033333Z,1783577450,33333,1,0x0000,true,59.985340,-0.000201,0.000000,0.000000,0x0009,88,99.959747,-35.242863,69.990128,-72.277168,59.981899,-107.281334,94.996498,-144.629349
PMU.001,2026-07-09T06:10:50.066666Z,1783577450,66666,1,0x0000,true,60.008118,0.000759,0.000000,0.000000,0x000A,88,50.000000,-0.013839,75.001663,-35.449245,64.998138,-71.855072,99.990341,-109.114731
PMU.001,2026-07-09T06:10:50.1Z,1783577450,100000,1,0x0000,true,59.985447,-0.000756,0.000000,0.000000,0x000B,88,54.995007,35.918755,79.986488,-0.218708,69.992691,-35.532429,50.000000,-73.950813
PMU.001,2026-07-09T06:10:50.133333Z,1783577450,133333,1,0x0000,true,59.999577,0.000471,0.000000,0.000000,0x000C,88,59.988873,72.291931,84.973877,35.736736,74.980804,1.078496,54.999363,-37.763744
PMU.001,2026-07-09T06:10:50.166666Z,1783577450,166666,1,0x0000,true,59.998501,-0.000036,0.000000,0.000000,0x000D,88,64.996323,108.719200,89.958321,70.820564,79.990150,37.646175,59.992973,-2.467285
PMU.001,2026-07-09T06:10:50.2Z,1783577450,200000,1,0x0000,true,60.011059,0.000419,0.000000,0.000000,0x000E,88,69.998627,145.279648,94.958153,106.944862,84.997208,73.151764,64.993332,33.136051
PMU.001,2026-07-09T06:10:50.233333Z,1783577450,233333,1,0x0000,true,60.014400,0.000111,0.000000,0.000000,0x000F,88,75.005730,-180.000000,99.958771,143.367691,89.989502,108.304779,69.992935,69.782120
PMU.001,2026-07-09T06:10:50.266666Z,1783577450,266666,1,0x0000,true,60.010139,-0.000142,0.000000,0.000000,0x0000,88,79.999168,-143.187347,50.000000,178.464630,95.003494,145.225555,74.977242,106.254509
PMU.001,2026-07-09T06:10:50.3Z,1783577450,300000,1,0x0000,true,60.004021,-0.000204,0.000000,0.000000,0x0001,88,84.995605,-107.696449,54.987797,-180.000000,99.998947,-180.000000,79.964195,143.192078
PMU.001,2026-07-09T06:10:50.333333Z,1783577450,333333,1,0x0000,true,60.010201,0.000206,0.000000,0.000000,0x0002,88,89.998825,-72.382271,59.997746,-143.129059,50.000000,-144.201767,84.950233,179.182770
PMU.001,2026-07-09T06:10:50.366666Z,1783577450,366666,1,0x0000,true,60.009125,-0.000036,0.000000,0.000000,0x0003,88,94.993828,-36.964699,65.005455,-106.350212,55.000858,-108.802727,89.951416,-180.000000
PMU.001,2026-07-09T06:10:50.4Z,1783577450,400000,1,0x0000,true,60.008747,-0.000013,0.000000,0.000000,0x0004,88,50.000000,-0.237781,69.989540,-70.169670,59.995934,-72.551018,94.935959,-144.040710
PMU.001,2026-07-09T06:10:50.433333Z,1783577450,433333,1,0x0000,true,60.005589,-0.000105,0.000000,0.000000,0x0005,88,54.985832,35.234352,74.992538,-33.607529,64.985451,-35.865547,99.928230,-108.722801
PMU.001,2026-07-09T06:10:50.466666Z,1783577450,466666,1,0x0000,true,60.000462,-0.000171,0.000000,0.000000,0x0006,88,59.973373,71.201157,79.983047,1.971617,69.995132,-0.047892,50.000000,-72.561142
PMU.001,2026-07-09T06:10:50.5Z,1783577450,500000,1,0x0000,true,60.003029,0.000086,0.000000,0.000000,0x0007,88,64.980461,107.714218,84.967285,37.755989,74.989410,36.220196,55.010387,-37.328217
PMU.001,2026-07-09T06:10:50.533333Z,1783577450,533333,1,0x0000,true,60.003399,0.000012,0.000000,0.000000,0x0008,88,69.985138,144.515396,89.957939,74.183197,79.993286,71.995010,60.017845,-0.482281
PMU.001,2026-07-09T06:10:50.566666Z,1783577450,566666,1,0x0000,true,60.013397,0.000333,0.000000,0.000000,0x0009,88,74.980537,179.759155,94.957069,110.588371,85.005745,108.626099,65.012100,35.862629
PMU.001,2026-07-09T06:10:50.6Z,1783577450,600000,1,0x0000,true,59.996227,-0.000572,0.000000,0.000000,0x000A,88,79.990593,-180.000000,99.953323,147.000473,89.993057,145.296478,69.997833,71.441833
PMU.001,2026-07-09T06:10:50.633333Z,1783577450,633333,1,0x0000,true,59.989983,-0.000208,0.000000,0.000000,0x000B,88,85.001007,-143.832458,50.000000,-180.000000,94.976974,-180.000000,74.981651,107.723030
PMU.001,2026-07-09T06:10:50.666666Z,1783577450,666666,1,0x0000,true,60.000160,0.000339,0.000000,0.000000,0x000C,88,90.017319,-107.046028,54.999802,-143.309814,99.963570,-144.560165,79.973976,143.200180
PMU.001,2026-07-09T06:10:50.7Z,1783577450,700000,1,0x0000,true,59.985970,-0.000473,0.000000,0.000000,0x000D,88,95.000725,-70.869102,60.000690,-107.916481,50.000000,-109.137634,84.988388,179.384338
PMU.001,2026-07-09T06:10:50.733333Z,1783577450,733333,1,0x0000,true,60.014191,0.000941,0.000000,0.000000,0x000E,88,50.000000,-35.132000,64.996445,-71.676491,54.993382,-73.245255,89.993546,-180.000000
PMU.001,2026-07-09T06:10:50.766666Z,1783577450,766666,1,0x0000,true,59.986965,-0.000908,0.000000,0.000000,0x000F,88,54.983803,0.721441,69.985886,-35.652969,60.001213,-36.373146,94.985229,-143.096603
PMU.001,2026-07-09T06:10:50.8Z,1783577450,800000,1,0x0000,true,59.988739,0.000059,0.000000,0.000000,0x0000,88,59.972908,36.042961,74.982224,-0.460667,64.985893,-0.610517,99.986771,-108.025597
PMU.001,2026-07-09T06:10:50.833333Z,1783577450,833333,1,0x0000,true,60.014404,0.000856,0.000000,0.000000,0x0001,88,64.970406,72.067299,79.981140,35.857430,69.990257,35.526253,50.000000,-71.763039
PMU.001,2026-07-09T06:10:50.866666Z,1783577450,866666,1,0x0000,true,59.996792,-0.000587,0.000000,0.000000,0x0002,88,69.963661,108.452370,84.982742,72.272575,75.006432,71.042564,54.994694,-36.657879
PMU.001,2026-07-09T06:10:50.9Z,1783577450,900000,1,0x0000,true,59.988567,-0.000274,0.000000,0.000000,0x0003,88,74.970085,144.644562,89.976372,107.686714,79.996040,107.651863,60.004723,-0.792022
PMU.001,2026-07-09T06:10:50.933333Z,1783577450,933333,1,0x0000,true,59.995182,0.000220,0.000000,0.000000,0x0004,88,79.976204,-180.000000,94.979477,142.748810,85.011696,142.799332,65.007652,34.357613
PMU.001,2026-07-09T06:10:50.966666Z,1783577450,966666,1,0x0000,true,59.993748,-0.000048,0.000000,0.000000,0x0005,88,84.971718,-144.396500,99.993912,178.789520,90.013596,178.083801,70.020142,69.945038
PMU.001,2026-07-09T06:10:51Z,1783577451,0,1,0x0000,true,59.991848,-0.000063,0.000000,0.000000,0x0006,88,89.955048,-107.468086,50.000000,-180.000000,95.019592,-180.000000,75.035599,105.380447
PMU.001,2026-07-09T06:10:51.033333Z,1783577451,33333,1,0x0000,true,60.016487,0.000821,0.000000,0.000000,0x0007,88,94.958405,-71.897621,55.010876,-143.708084,50.000000,-143.261551,80.046600,141.606918
PMU.001,2026-07-09T06:10:51.066666Z,1783577451,66666,1,0x0000,true,60.008980,-0.000250,0.000000,0.000000,0x0008,88,99.968140,-35.979195,60.026455,-107.464592,54.995579,-107.923767,85.047073,177.181351
PMU.001,2026-07-09T06:10:51.1Z,1783577451,100000,1,0x0000,true,60.009720,0.000025,0.000000,0.000000,0x0009,88,50.000000,-0.202751,65.014526,-71.693214,59.996712,-72.843430,90.054367,-180.000000
PMU.001,2026-07-09T06:10:51.133333Z,1783577451,133333,1,0x0000,true,59.987316,-0.000747,0.000000,0.000000,0x000A,88,54.986526,36.572250,70.028931,-36.290386,64.980339,-36.648548,95.042984,-144.188126
PMU.001,2026-07-09T06:10:51.166666Z,1783577451,166666,1,0x0000,true,59.983795,-0.000117,0.000000,0.000000,0x000B,88,59.979393,72.665596,75.018219,0.435655,69.976746,-0.374981,50.000000,-108.143906
PMU.001,2026-07-09T06:10:51.2Z,1783577451,200000,1,0x0000,true,60.008560,0.000826,0.000000,0.000000,0x000C,88,64.976646,107.956345,80.022247,37.222546,74.978828,35.700180,54.987289,-71.401550
PMU.001,2026-07-09T06:10:51.233333Z,1783577451,233333,1,0x0000,true,59.985474,-0.000770,0.000000,0.000000,0x000D,88,69.992416,143.606140,85.034889,73.376511,79.991951,71.804016,59.975227,-34.518951
PMU.001,2026-07-09T06:10:51.266666Z,1783577451,266666,1,0x0000,true,59.983467,-0.000067,0.000000,0.000000,0x000E,88,74.982857,-180.000000,90.047363,109.267952,85.007904,107.678680,64.976082,1.035076
PMU.001,2026-07-09T06:10:51.3Z,1783577451,300000,1,0x0000,true,60.010445,0.000899,0.000000,0.000000,0x000F,88,79.979843,-143.238815,95.063576,144.632034,90.018707,143.203201,69.976486,37.518005
PMU.001,2026-07-09T06:10:51.333333Z,1783577451,333333,1,0x0000,true,59.992435,-0.000600,0.000000,0.000000,0x0000,88,84.974464,-106.790283,50.000000,179.739059,95.012268,178.582672,74.988136,73.163834
PMU.001,2026-07-09T06:10:51.366666Z,1783577451,366666,1,0x0000,true,60.016636,0.000807,0.000000,0.000000,0x0001,88,89.959129,-70.558388,55.012920,-180.000000,50.000000,-180.000000,79.979164,108.253197
PMU.001,2026-07-09T06:10:51.4Z,1783577451,400000,1,0x0000,true,60.001507,-0.000504,0.000000,0.000000,0x0002,88,94.945244,-35.343296,60.011879,-144.193832,54.999340,-144.038971,84.991005,144.712402
PMU.001,2026-07-09T06:10:51.433333Z,1783577451,433333,1,0x0000,true,60.009804,0.000277,0.000000,0.000000,0x0003,88,99.938576,1.386768,65.019058,-108.229767,60.015106,-108.400597,90.003670,-180.000000
PMU.001,2026-07-09T06:10:51.466666Z,1783577451,466666,1,0x0000,true,60.006638,-0.000106,0.000000,0.000000,0x0004,88,50.000000,37.958645,70.011528,-72.934181,64.998604,-72.770279,95.000183,-144.359009
PMU.001,2026-07-09T06:10:51.5Z,1783577451,500000,1,0x0000,true,60.005959,-0.000023,0.000000,0.000000,0x0005,88,55.012444,73.599983,75.003929,-35.987408,69.995445,-36.185638,50.000000,-109.186295
PMU.001,2026-07-09T06:10:51.533333Z,1783577451,533333,1,0x0000,true,60.010815,0.000162,0.000000,0.000000,0x0006,88,60.022385,110.272926,80.020485,0.390081,75.003441,-0.247683,54.996048,-73.806374
PMU.001,2026-07-09T06:10:51.566666Z,1783577451,566666,1,0x0000,true,60.016014,0.000173,0.000000,0.000000,0x0007,88,65.025536,146.453232,85.010788,35.899635,80.015228,35.202652,60.001984,-38.353359
PMU.001,2026-07-09T06:10:51.6Z,1783577451,600000,1,0x0000,true,60.009064,-0.000232,0.000000,0.000000,0x0008,88,70.021629,-180.000000,90.013947,71.513290,85.000847,70.776260,65.005287,-3.105045
PMU.001,2026-07-09T06:10:51.633333Z,1783577451,633333,1,0x0000,true,59.992477,-0.000553,0.000000,0.000000,0x0009,88,75.010597,-144.617340,95.030540,107.983337,89.989937,106.566521,70.002884,32.005249
PMU.001,2026-07-09T06:10:51.666666Z,1783577451,666666,1,0x0000,true,60.007233,0.000492,0.000000,0.000000,0x000A,88,79.998764,-109.152443,50.000000,143.733551,95.004692,142.678741,75.004013,68.872162
PMU.001,2026-07-09T06:10:51.7Z,1783577451,700000,1,0x0000,true,60.005295,-0.000065,0.000000,0.000000,0x000B,88,84.992294,-72.507652,55.014324,-180.000000,50.000000,178.769531,80.011040,104.600929
PMU.001,2026-07-09T06:10:51.733333Z,1783577451,733333,1,0x0000,true,59.994720,-0.000352,0.000000,0.000000,0x000C,88,90.006126,-36.274181,60.020130,-143.367752,54.995358,-180.000000,85.024872,141.350647
PMU.001,2026-07-09T06:10:51.766666Z,1783577451,766666,1,0x0000,true,59.986584,-0.000271,0.000000,0.000000,0x000D,88,94.990250,-0.130185,65.006294,-107.221069,59.995003,-144.392227,90.011490,176.975662
PMU.001,2026-07-09T06:10:51.8Z,1783577451,800000,1,0x0000,true,59.991222,0.000155,0.000000,0.000000,0x000E,88,99.981499,35.100468,70.022263,-71.129410,65.003044,-108.033218,95.000023,-180.000000
PMU.001,2026-07-09T06:10:51.833333Z,1783577451,833333,1,0x0000,true,60.014309,0.000770,0.000000,0.000000,0x000F,88,50.000000,71.061852,75.014053,-34.552700,70.009605,-71.935097,50.000000,-144.205963
PMU.001,2026-07-09T06:10:51.866666Z,1783577451,866666,1,0x0000,true,59.989075,-0.000841,0.000000,0.000000,0x0000,88,55.012501,106.466377,80.019882,1.222695,74.999680,-36.604191,54.987690,-108.120132
PMU.001,2026-07-09T06:10:51.9Z,1783577451,900000,1,0x0000,true,60.005802,0.000558,0.000000,0.000000,0x0001,88,60.025234,143.369843,85.022858,37.465076,79.987518,0.055289,59.992695,-71.821968
PMU.001,2026-07-09T06:10:51.933333Z,1783577451,933333,1,0x0000,true,60.011627,0.000194,0.000000,0.000000,0x0002,88,65.013817,178.725342,90.025215,74.300583,85.000038,36.217007,64.998039,-35.376629
PMU.001,2026-07-09T06:10:51.966666Z,1783577451,966666,1,0x0000,true,60.008732,-0.000097,0.000000,0.000000,0x0003,88,70.015854,-180.000000,95.030594,109.794693,89.992836,71.340065,70.002579,1.142379
PMU.001,2026-07-09T06:10:52Z,1783577452,0,1,0x0000,true,60.000275,-0.000282,0.000000,0.000000,0x0004,88,75.008316,-143.181763,50.000000,144.979004,95.006371,107.849220,75.004959,37.869995
PMU.001,2026-07-09T06:10:52.033333Z,1783577452,33333,1,0x0000,true,59.989433,-0.000361,0.000000,0.000000,0x0005,88,80.002754,-106.374466,55.015453,-180.000000,99.993614,143.057022,80.020393,73.129494
PMU.001,2026-07-09T06:10:52.066666Z,1783577452,66666,1,0x0000,true,59.990589,0.000039,0.000000,0.000000,0x0006,88,85.013847,-71.111404,60.024902,-143.320358,50.000000,178.704895,85.006584,109.481689
PMU.001,2026-07-09T06:10:52.1Z,1783577452,100000,1,0x0000,true,60.005138,0.000485,0.000000,0.000000,0x0007,88,90.029961,-35.201481,65.013847,-107.752815,55.005100,-180.000000,90.009392,145.562088
PMU.001,2026-07-09T06:10:52.133333Z,1783577452,133333,1,0x0000,true,60.004036,-0.000037,0.000000,0.000000,0x0008,88,95.035767,0.064320,69.998070,-72.364784,59.998817,-144.579391,95.009552,-180.000000
PMU.001,2026-07-09T06:10:52.166666Z,1783577452,166666,1,0x0000,true,59.986805,-0.000574,0.000000,0.000000,0x0009,88,50.000000,36.481445,75.011215,-37.144501,65.004089,-109.183327,50.000000,-143.785248
PMU.001,2026-07-09T06:10:52.2Z,1783577452,200000,1,0x0000,true,59.995308,0.000283,0.000000,0.000000,0x000A,88,55.012085,71.648918,80.016281,-1.697898,69.995872,-72.815742,55.000977,-108.433884
PMU.001,2026-07-09T06:10:52.233333Z,1783577452,233333,1,0x0000,true,59.999332,0.000134,0.000000,0.000000,0x000B,88,60.002399,107.716095,85.027649,33.775284,74.979385,-37.716526,60.015217,-72.513527
PMU.001,2026-07-09T06:10:52.266666Z,1783577452,266666,1,0x0000,true,59.985302,-0.000468,0.000000,0.000000,0x000C,88,65.016350,143.333420,90.031158,69.742966,79.972145,-2.413190,65.030731,-36.923717
PMU.001,2026-07-09T06:10:52.3Z,1783577452,300000,1,0x0000,true,59.997288,0.000400,0.000000,0.000000,0x000D,88,70.002342,179.213501,95.021370,105.413857,84.978508,33.258396,70.043495,-1.866229
PMU.001,2026-07-09T06:10:52.333333Z,1783577452,333333,1,0x0000,true,60.005539,0.000275,0.000000,0.000000,0x000E,88,75.002823,-180.000000,50.000000,140.921127,89.973534,69.044746,75.057495,33.668972
PMU.001,2026-07-09T06:10:52.366666Z,1783577452,366666,1,0x0000,true,60.004265,-0.000042,0.000000,0.000000,0x000F,88,79.992188,-144.892273,55.007950,176.444260,94.986183,104.803009,80.065903,70.552681
PMU.001,2026-07-09T06:10:52.4Z,1783577452,400000,1,0x0000,true,60.010513,0.000208,0.000000,0.000000,0x0000,88,85.007172,-108.468269,59.996635,-180.000000,99.991020,141.303711,85.073227,105.947701
PMU.001,2026-07-09T06:10:52.433333Z,1783577452,433333,1,0x0000,true,59.990208,-0.000677,0.000000,0.000000,0x0001,88,90.014671,-72.299088,65.010933,-144.456360,50.000000,177.906372,90.068710,141.610718
PMU.001,2026-07-09T06:10:52.466666Z,1783577452,466666,1,0x0000,true,60.009155,0.000632,0.000000,0.000000,0x0002,88,95.018387,-37.033115,69.999573,-108.671051,55.015984,-180.000000,95.072128,177.972183
PMU.001,2026-07-09T06:10:52.5Z,1783577452,500000,1,0x0000,true,59.983944,-0.000840,0.000000,0.000000,0x0003,88,50.000000,-0.446727,74.987160,-73.426872,60.023811,-143.497269,50.000000,-180.000000
PMU.001,2026-07-09T06:10:52.533333Z,1783577452,533333,1,0x0000,true,59.987877,0.000131,0.000000,0.000000,0x0004,88,54.989704,34.690903,80.003593,-37.817532,65.024635,-107.311127,55.002880,-144.344269
PMU.001,2026-07-09T06:10:52.566666Z,1783577452,566666,1,0x0000,true,60.016075,0.000940,0.000000,0.000000,0x0005,88,59.996517,69.907104,84.990913,-2.737022,70.017052,-71.183739,59.992138,-107.792038
PMU.001,2026-07-09T06:10:52.6Z,1783577452,600000,1,0x0000,true,60.008083,-0.000266,0.000000,0.000000,0x0006,88,64.997299,105.872917,89.992882,32.495438,75.022217,-34.901661,64.998802,-71.638245
PMU.001,2026-07-09T06:10:52.633333Z,1783577452,633333,1,0x0000,true,59.986530,-0.000718,0.000000,0.000000,0x0007,88,70.010315,141.060669,94.986618,67.566734,80.008606,0.640298,70.010315,-36.483131
PMU.001,2026-07-09T06:10:52.666666Z,1783577452,666666,1,0x0000,true,59.989513,0.000099,0.000000,0.000000,0x0008,88,75.008911,177.087570,99.999046,103.875336,85.010628,37.094902,75.021446,-0.329634
PMU.001,2026-07-09T06:10:52.7Z,1783577452,700000,1,0x0000,true,60.003971,0.000482,0.000000,0.000000,0x0009,88,80.011948,-180.000000,50.000000,139.208054,89.998833,73.622482,80.037033,35.784111
PMU.001,2026-07-09T06:10:52.733333Z,1783577452,733333,1,0x0000,true,60.000187,-0.000126,0.000000,0.000000,0x000A,88,85.028191,-143.637909,54.996872,176.090424,94.988625,109.077415,85.044533,71.784668
PMU.001,2026-07-09T06:10:52.766666Z,1783577452,766666,1,0x0000,true,59.996372,-0.000127,0.000000,0.000000,0x000B,88,90.028587,-108.230591,60.010876,-180.000000,99.974113,145.753555,90.031975,108.060448
PMU.001,2026-07-09T06:10:52.8Z,1783577452,800000,1,0x0000,true,59.992844,-0.000118,0.000000,0.000000,0x000C,88,95.040710,-73.044640,64.994881,-143.484665,50.000000,-180.000000,95.044388,143.543777
PMU.001,2026-07-09T06:10:52.833333Z,1783577452,833333,1,0x0000,true,59.989849,-0.000100,0.000000,0.000000,0x000D,88,50.000000,-37.552399,70.003181,-107.179390,54.989685,-143.194580,50.000000,179.814377
PMU.001,2026-07-09T06:10:52.866666Z,1783577452,866666,1,0x0000,true,59.986111,-0.000125,0.000000,0.000000,0x000E,88,55.015697,-2.472995,74.992264,-70.274986,59.979946,-106.616638,54.996960,-180.000000
PMU.001,2026-07-09T06:10:52.9Z,1783577452,900000,1,0x0000,true,60.008095,0.000733,0.000000,0.000000,0x000F,88,60.012268,33.258102,80.008842,-33.440128,64.984543,-71.548019,60.002560,-144.442017
PMU.001,2026-07-09T06:10:52.933333Z,1783577452,933333,1,0x0000,true,60.015102,0.000234,0.000000,0.000000,0x0000,88,65.018806,69.550323,84.999130,3.279210,69.996704,-35.464584,65.017906,-108.122749
PMU.001,2026-07-09T06:10:52.966666Z,1783577452,966666,1,0x0000,true,60.003872,-0.000374,0.000000,0.000000,0x0001,88,70.030441,106.450638,90.009155,39.122101,74.999214,1.201016,70.004280,-71.230530
PMU.001,2026-07-09T06:10:53Z,1783577453,0,1,0x0000,true,59.999996,-0.000129,0.000000,0.000000,0x0002,88,75.023796,143.120651,95.016136,74.725609,79.997795,36.279137,74.994736,-35.743248
PMU.001,2026-07-09T06:10:53.033333Z,1783577453,33333,1,0x0000,true,60.009235,0.000308,0.000000,0.000000,0x0003,88,80.038040,178.671890,50.000000,111.295265,84.998558,72.239883,79.990829,0.814231
PMU.001,2026-07-09T06:10:53.066666Z,1783577453,66666,1,0x0000,true,59.998352,-0.000363,0.000000,0.000000,0x0004,88,85.045624,-180.000000,55.015369,148.220886,90.014946,107.522820,84.978920,36.793800
PMU.001,2026-07-09T06:10:53.1Z,1783577453,100000,1,0x0000,true,59.994942,-0.000114,0.000000,0.000000,0x0005,88,90.047157,-143.083420,60.031483,-180.000000,94.998932,142.853149,89.979225,72.009476
PMU.001,2026-07-09T06:10:53.133333Z,1783577453,133333,1,0x0000,true,60.013058,0.000604,0.000000,0.000000,0x0006,88,95.039543,-106.664314,65.031776,-144.311859,50.000000,178.211502,94.979271,108.486519
PMU.001,2026-07-09T06:10:53.166666Z,1783577453,166666,1,0x0000,true,60.007870,-0.000173,0.000000,0.000000,0x0007,88,50.000000,-71.509598,70.023056,-107.810104,55.014893,-180.000000,99.969307,145.219391
PMU.001,2026-07-09T06:10:53.2Z,1783577453,200000,1,0x0000,true,59.985531,-0.000745,0.000000,0.000000,0x0008,88,55.014305,-34.797897,75.016518,-71.904495,59.999180,-144.034775,50.000000,-180.000000
PMU.001,2026-07-09T06:10:53.233333Z,1783577453,233333,1,0x0000,true,59.987206,0.000056,0.000000,0.000000,0x0009,88,60.028721,1.347614,80.028160,-34.983486,64.997650,-107.923882,54.994221,-144.052719
PMU.001,2026-07-09T06:10:53.266666Z,1783577453,266666,1,0x0000,true,60.008980,0.000726,0.000000,0.000000,0x000A,88,65.044052,36.858448,85.013878,1.119126,70.008011,-71.060577,60.005009,-108.847595
PMU.001,2026-07-09T06:10:53.3Z,1783577453,300000,1,0x0000,true,59.991653,-0.000578,0.000000,0.000000,0x000B,88,70.036766,73.223175,89.997513,37.973454,74.998299,-35.101990,64.994255,-73.563377
PMU.001,2026-07-09T06:10:53.333333Z,1783577453,333333,1,0x0000,true,60.011574,0.000664,0.000000,0.000000,0x000C,88,75.022057,108.723633,94.982628,73.028198,80.006401,0.019263,69.991173,-37.796085
PMU.001,2026-07-09T06:10:53.366666Z,1783577453,366666,1,0x0000,true,60.013268,0.000056,0.000000,0.000000,0x000D,88,80.033508,144.602966,99.967194,109.877861,85.020950,36.162674,75.005646,-1.145291
PMU.001,2026-07-09T06:10:53.4Z,1783577453,400000,1,0x0000,true,60.013397,0.000004,0.000000,0.000000,0x000E,88,85.031937,-180.000000,50.000000,146.283447,90.011826,72.464279,79.999146,34.242500
PMU.001,2026-07-09T06:10:53.433333Z,1783577453,433333,1,0x0000,true,59.988136,-0.000842,0.000000,0.000000,0x000F,88,90.019859,-144.819534,55.008797,-180.000000,95.006943,108.306816,85.006050,70.665337
PMU.001,2026-07-09T06:10:53.466666Z,1783577453,466666,1,0x0000,true,59.983517,-0.000154,0.000000,0.000000,0x0000,88,95.006218,-108.299126,59.995407,-143.468231,99.999481,144.246979,89.992218,107.177528
PMU.001,2026-07-09T06:10:53.5Z,1783577453,500000,1,0x0000,true,59.985695,0.000073,0.000000,0.000000,0x0001,88,50.000000,-71.377945,64.979095,-107.424957,50.000000,179.377502,94.993477,143.287888
PMU.001,2026-07-09T06:10:53.533333Z,1783577453,533333,1,0x0000,true,60.009769,0.000802,0.000000,0.000000,0x0002,88,55.007301,-35.655994,69.987129,-72.263954,55.006916,-180.000000,99.996361,178.908417
PMU.001,2026-07-09T06:10:53.566666Z,1783577453,566666,1,0x0000,true,60.012756,0.000100,0.000000,0.000000,0x0003,88,59.999374,1.258543,74.975670,-35.380833,60.017063,-144.354767,50.000000,-180.000000
PMU.001,2026-07-09T06:10:53.6Z,1783577453,600000,1,0x0000,true,60.006889,-0.000196,0.000000,0.000000,0x0004,88,65.014595,36.410976,79.980659,0.477794,65.020142,-108.907516,54.985016,-143.181992
PMU.001,2026-07-09T06:10:53.633333Z,1783577453,633333,1,0x0000,true,59.984787,-0.000737,0.000000,0.000000,0x0005,88,70.010971,73.054131,84.974113,35.715614,70.018478,-72.139511,59.990311,-107.176544
PMU.001,2026-07-09T06:10:53.666666Z,1783577453,666666,1,0x0000,true,59.990627,0.000195,0.000000,0.000000,0x0006,88,75.005531,108.131905,89.976852,71.128822,75.013924,-36.690689,64.983551,-71.194992
PMU.001,2026-07-09T06:10:53.7Z,1783577453,700000,1,0x0000,true,60.007637,0.000567,0.000000,0.000000,0x0007,88,79.994583,143.647507,94.990555,107.556381,80.007179,-0.174362,69.973900,-34.834461
PMU.001,2026-07-09T06:10:53.733333Z,1783577453,733333,1,0x0000,true,59.999035,-0.000287,0.000000,0.000000,0x0008,88,84.996674,179.619980,50.000000,144.409836,85.008881,35.137486,74.983994,2.102285
PMU.001,2026-07-09T06:10:53.766666Z,1783577453,766666,1,0x0000,true,59.990868,-0.000272,0.000000,0.000000,0x0009,88,90.013138,-180.000000,54.995441,-180.000000,90.006790,71.726906,79.994347,37.939346
PMU.001,2026-07-09T06:10:53.8Z,1783577453,800000,1,0x0000,true,60.009785,0.000631,0.000000,0.000000,0x000A,88,95.023033,-144.676102,60.000237,-143.107147,95.017525,108.150154,84.995224,73.036003
PMU.001,2026-07-09T06:10:53.833333Z,1783577453,833333,1,0x0000,true,59.991032,-0.000625,0.000000,0.000000,0x000B,88,50.000000,-109.352768,64.988861,-106.281029,50.000000,144.943970,90.007889,108.794205
PMU.001,2026-07-09T06:10:53.866666Z,1783577453,866666,1,0x0000,true,60.013271,0.000741,0.000000,0.000000,0x000C,88,55.001995,-72.697136,69.980347,-70.682533,55.002365,-180.000000,95.004150,144.315704
PMU.001,2026-07-09T06:10:53.9Z,1783577453,900000,1,0x0000,true,60.005817,-0.000248,0.000000,0.000000,0x000D,88,60.000729,-36.640572,74.983276,-33.776794,60.002617,-143.245453,99.994057,179.686951
PMU.001,2026-07-09T06:10:53.933333Z,1783577453,933333,1,0x0000,true,59.984455,-0.000712,0.000000,0.000000,0x000E,88,65.004097,-0.915534,79.968666,1.888615,65.009583,-107.217216,50.000000,-180.000000
PMU.001,2026-07-09T06:10:53.966666Z,1783577453,966666,1,0x0000,true,59.987156,0.000090,0.000000,0.000000,0x000F,88,70.004135,35.018692,84.962837,38.719688,70.022850,-72.042694,54.995098,-144.543900
PMU.001,2026-07-09T06:10:54Z,1783577454,0,1,0x0000,true,60.014599,0.000915,0.000000,0.000000,0x0000,88,75.014999,71.441650,89.978882,74.413773,75.017998,-36.367489,59.981419,-107.652153
PMU.001,2026-07-09T06:10:54.033333Z,1783577454,33333,1,0x0000,true,59.991962,-0.000755,0.000000,0.000000,0x0001,88,80.026360,107.851425,94.983932,109.726723,80.021927,-0.690247,64.990662,-70.753181
PMU.001,2026-07-09T06:10:54.066666Z,1783577454,66666,1,0x0000,true,60.012997,0.000701,0.000000,0.000000,0x0002,88,85.038849,143.033691,99.990402,145.424072,85.029755,34.896709,69.982285,-34.689789
PMU.001,2026-07-09T06:10:54.1Z,1783577454,100000,1,0x0000,true,59.989521,-0.000783,0.000000,0.000000,0x0003,88,90.037521,178.540344,50.000000,-180.000000,90.015419,70.687439,74.972008,1.857955
PMU.001,2026-07-09T06:10:54.133333Z,1783577454,133333,1,0x0000,true,59.997478,0.000265,0.000000,0.000000,0x0004,88,95.025398,-180.000000,54.995937,-144.230026,95.020142,106.936234,79.958748,37.338715
PMU.001,2026-07-09T06:10:54.166666Z,1783577454,166666,1,0x0000,true,60.006519,0.000301,0.000000,0.000000,0x0005,88,50.000000,-143.323044,60.002937,-108.786224,50.000000,143.773956,84.959984,74.088654
PMU.001,2026-07-09T06:10:54.2Z,1783577454,200000,1,0x0000,true,59.990429,-0.000536,0.000000,0.000000,0x0006,88,55.007023,-107.573227,64.998497,-73.031693,54.986900,179.120895,89.953270,110.828857
PMU.001,2026-07-09T06:10:54.233333Z,1783577454,233333,1,0x0000,true,59.994308,0.000129,0.000000,0.000000,0x0007,88,60.001579,-71.362961,69.982948,-36.306351,60.000294,-180.000000,94.957428,146.945633
PMU.001,2026-07-09T06:10:54.266666Z,1783577454,266666,1,0x0000,true,59.986389,-0.000264,0.000000,0.000000,0x0008,88,65.017845,-35.966015,74.988159,-0.079123,64.999016,-143.179886,99.970879,-180.000000
PMU.001,2026-07-09T06:10:54.3Z,1783577454,300000,1,0x0000,true,59.992966,0.000219,0.000000,0.000000,0x0009,88,70.012383,-0.027534,79.990822,35.123844,69.994423,-107.044754,50.000000,-143.442474
PMU.001,2026-07-09T06:10:54.333333Z,1783577454,333333,1,0x0000,true,59.987499,-0.000182,0.000000,0.000000,0x000A,88,75.027916,35.898937,85.006683,71.339767,74.994072,-70.651993,54.996887,-106.818314
PMU.001,2026-07-09T06:10:54.366666Z,1783577454,366666,1,0x0000,true,59.990143,0.000088,0.000000,0.000000,0x000B,88,80.028137,72.380882,89.990150,107.982346,79.989975,-34.430588,59.990490,-71.772774
PMU.001,2026-07-09T06:10:54.4Z,1783577454,400000,1,0x0000,true,60.009758,0.000654,0.000000,0.000000,0x000C,88,85.013031,107.557388,94.987221,144.721451,85.001694,1.148268,64.992165,-35.578419
PMU.001,2026-07-09T06:10:54.433333Z,1783577454,433333,1,0x0000,true,60.007523,-0.000075,0.000000,0.000000,0x000D,88,90.018280,144.293686,99.986794,-180.000000,90.001312,37.092869,69.976395,-0.515336
PMU.001,2026-07-09T06:10:54.466666Z,1783577454,466666,1,0x0000,true,60.008789,0.000042,0.000000,0.000000,0x000E,88,95.025848,179.682053,50.000000,-143.143051,94.992058,72.410660,74.985077,35.571484
PMU.001,2026-07-09T06:10:54.5Z,1783577454,500000,1,0x0000,true,60.007465,-0.000044,0.000000,0.000000,0x000F,88,50.000000,-180.000000,55.013172,-106.321129,99.975677,109.071655,80.000725,70.619232
PMU.001,2026-07-09T06:10:54.533333Z,1783577454,533333,1,0x0000,true,59.987862,-0.000653,0.000000,0.000000,0x0000,88,54.989532,-144.256897,60.021774,-71.124863,50.000000,144.333786,85.004364,107.245483
PMU.001,2026-07-09T06:10:54.566666Z,1783577454,566666,1,0x0000,true,60.008850,0.000700,0.000000,0.000000,0x0001,88,59.978626,-108.507500,65.021072,-34.458916,54.997189,-180.000000,90.008453,143.933746
PMU.001,2026-07-09T06:10:54.6Z,1783577454,600000,1,0x0000,true,59.995586,-0.000442,0.000000,0.000000,0x0002,88,64.967422,-72.922813,70.031181,1.348362,59.981426,-144.768768,94.993095,-180.000000
PMU.001,2026-07-09T06:10:54.633333Z,1783577454,633333,1,0x0000,true,60.013905,0.000611,0.000000,0.000000,0x0003,88,69.971146,-36.204643,75.025620,36.793625,64.982040,-108.379616,99.977249,-144.153732
PMU.001,2026-07-09T06:10:54.666666Z,1783577454,666666,1,0x0000,true,59.992054,-0.000728,0.000000,0.000000,0x0004,88,74.974014,-0.500823,80.015053,72.707916,69.977325,-72.483803,50.000000,-108.329498
PMU.001,2026-07-09T06:10:54.7Z,1783577454,700000,1,0x0000,true,59.989071,-0.000099,0.000000,0.000000,0x0005,88,79.969040,34.646248,85.001328,108.134186,74.983810,-36.879944,55.004593,-72.578117
PMU.001,2026-07-09T06:10:54.733333Z,1783577454,733333,1,0x0000,true,59.989109,0.000001,0.000000,0.000000,0x0006,88,84.985443,71.499062,90.016800,143.249847,79.997536,-0.366647,60.021122,-37.172546
PMU.001,2026-07-09T06:10:54.766666Z,1783577454,766666,1,0x0000,true,59.992180,0.000102,0.000000,0.000000,0x0007,88,89.980522,106.763817,95.014290,179.951630,84.999855,35.055767,65.029938,-0.438928
PMU.001,2026-07-09T06:10:54.8Z,1783577454,800000,1,0x0000,true,60.015873,0.000790,0.000000,0.000000,0x0008,88,94.992630,143.169113,50.000000,-180.000000,89.998764,71.913940,70.016579,35.190929
PMU.001,2026-07-09T06:10:54.833333Z,1783577454,833333,1,0x0000,true,60.007626,-0.000275,0.000000,0.000000,0x0009,88,50.000000,-180.000000,54.995026,-143.089890,94.991539,107.963867,75.022079,70.668251
PMU.001,2026-07-09T06:10:54.866666Z,1783577454,866666,1,0x0000,true,59.986340,-0.000710,0.000000,0.000000,0x000A,88,54.992039,-144.425217,60.000134,-106.702377,99.991379,144.587616,80.031647,107.118889
PMU.001,2026-07-09T06:10:54.9Z,1783577454,900000,1,0x0000,true,59.986897,0.000019,0.000000,0.000000,0x000B,88,59.983273,-108.088821,64.988091,-70.757309,50.000000,-180.000000,85.021706,143.368622
PMU.001,2026-07-09T06:10:54.933333Z,1783577454,933333,1,0x0000,true,60.015377,0.000949,0.000000,0.000000,0x000C,88,64.989830,-71.895111,69.989059,-34.572514,54.994473,-144.924973,90.019241,179.958267
PMU.001,2026-07-09T06:10:54.966666Z,1783577454,966666,1,0x0000,true,60.006001,-0.000313,0.000000,0.000000,0x000D,88,69.995338,-35.625393,74.997871,1.964974,60.005981,-108.448280,95.022575,-180.000000
PMU.001,2026-07-09T06:10:55Z,1783577455,0,1,0x0000,true,60.004154,-0.000062,0.000000,0.000000,0x000E,88,75.001556,-0.224718,80.013695,37.713264,65.005020,-71.692688,50.000000,-143.183624
PMU.001,2026-07-09T06:10:55.033333Z,1783577455,33333,1,0x0000,true,59.990128,-0.000468,0.000000,0.000000,0x000F,88,80.004890,35.148270,85.030083,73.297012,70.010422,-34.900551,54.989220,-107.061539
PMU.001,2026-07-09T06:10:55.066666Z,1783577455,66666,1,0x0000,true,59.992638,0.000084,0.000000,0.000000,0x0000,88,85.018959,70.517532,90.045135,109.575417,75.025948,0.859572,59.998940,-71.301003
PMU.001,2026-07-09T06:10:55.1Z,1783577455,100000,1,0x0000,true,59.998234,0.000187,0.000000,0.000000,0x0001,88,90.017799,105.807228,95.037971,144.839417,80.026741,36.403690,64.982346,-35.232952
PMU.001,2026-07-09T06:10:55.133333Z,1783577455,133333,1,0x0000,true,59.984016,-0.000474,0.000000,0.000000,0x0002,88,95.009361,141.759171,50.000000,-180.000000,85.024406,73.294975,69.998405,1.222411
PMU.001,2026-07-09T06:10:55.166666Z,1783577455,166666,1,0x0000,true,59.985481,0.000049,0.000000,0.000000,0x0003,88,50.000000,177.011627,55.012608,-144.695557,90.022186,110.246407,75.008675,36.786694
PMU.001,2026-07-09T06:10:55.2Z,1783577455,200000,1,0x0000,true,60.013012,0.000918,0.000000,0.000000,0x0004,88,55.002010,-180.000000,60.019024,-108.720421,95.030220,146.017426,80.024307,72.384903
PMU.001,2026-07-09T06:10:55.233333Z,1783577455,233333,1,0x0000,true,60.015209,0.000073,0.000000,0.000000,0x0005,88,60.011341,-144.658203,65.034180,-72.017982,50.000000,-180.000000,85.021454,107.751709
PMU.001,2026-07-09T06:10:55.266666Z,1783577455,266666,1,0x0000,true,59.986172,-0.000968,0.000000,0.000000,0x0006,88,65.003433,-108.708183,70.046333,-36.615040,55.008503,-143.847794,90.005913,143.137695
PMU.001,2026-07-09T06:10:55.3Z,1783577455,300000,1,0x0000,true,59.987198,0.000034,0.000000,0.000000,0x0007,88,69.991318,-72.515579,75.042801,0.059244,60.009789,-108.440880,95.019005,178.585510
PMU.001,2026-07-09T06:10:55.333333Z,1783577455,333333,1,0x0000,true,59.996841,0.000321,0.000000,0.000000,0x0008,88,74.999687,-37.279560,80.056473,36.931992,65.010544,-72.338028,50.000000,-180.000000
PMU.001,2026-07-09T06:10:55.366666Z,1783577455,366666,1,0x0000,true,59.997608,0.000026,0.000000,0.000000,0x0009,88,79.985367,-1.043765,85.048233,73.204979,70.007759,-35.631279,55.016193,-144.129837
PMU.001,2026-07-09T06:10:55.4Z,1783577455,400000,1,0x0000,true,60.005661,0.000268,0.000000,0.000000,0x000A,88,84.991280,34.148479,90.060516,109.448006,75.018295,-0.353006,60.019932,-108.821022
PMU.001,2026-07-09T06:10:55.433333Z,1783577455,433333,1,0x0000,true,59.993980,-0.000389,0.000000,0.000000,0x000B,88,89.999062,70.958511,95.060204,145.729095,80.009308,34.754547,65.014519,-72.289131
PMU.001,2026-07-09T06:10:55.466666Z,1783577455,466666,1,0x0000,true,60.009533,0.000518,0.000000,0.000000,0x000C,88,94.984406,106.019440,50.000000,-180.000000,85.025475,70.704620,70.005096,-36.796833
PMU.001,2026-07-09T06:10:55.5Z,1783577455,500000,1,0x0000,true,60.015625,0.000203,0.000000,0.000000,0x000D,88,99.984688,142.157135,55.008892,-144.731873,90.018776,107.487839,74.996429,-1.701925
PMU.001,2026-07-09T06:10:55.533333Z,1783577455,533333,1,0x0000,true,59.992424,-0.000773,0.000000,0.000000,0x000E,88,50.000000,178.188766,60.004757,-108.943474,95.007919,142.696701,80.007584,34.219536
PMU.001,2026-07-09T06:10:55.566666Z,1783577455,566666,1,0x0000,true,59.994102,0.000056,0.000000,0.000000,0x000F,88,55.008835,-180.000000,65.015060,-72.944847,50.000000,178.869370,84.998428,70.207962
PMU.001,2026-07-09T06:10:55.6Z,1783577455,600000,1,0x0000,true,59.990597,-0.000117,0.000000,0.000000,0x0000,88,59.996414,-143.858582,70.017830,-37.527916,55.004238,-180.000000,89.987579,106.140495
PMU.001,2026-07-09T06:10:55.633333Z,1783577455,633333,1,0x0000,true,60.010220,0.000654,0.000000,0.000000,0x0001,88,64.984818,-108.750610,75.010307,-2.160871,59.987736,-143.494522,94.982063,142.779465
PMU.001,2026-07-09T06:10:55.666666Z,1783577455,666666,1,0x0000,true,60.007820,-0.000080,0.000000,0.000000,0x0002,88,69.998894,-72.328300,80.015472,33.319016,64.971748,-107.251663,99.970779,179.395981
PMU.001,2026-07-09T06:10:55.7Z,1783577455,700000,1,0x0000,true,60.008186,0.000012,0.000000,0.000000,0x0003,88,75.010162,-36.432312,85.016609,70.213966,69.973648,-70.983345,50.000000,-180.000000
PMU.001,2026-07-09T06:10:55.733333Z,1783577455,733333,1,0x0000,true,60.012367,0.000139,0.000000,0.000000,0x0004,88,79.997635,-0.374111,89.999985,106.995209,74.971710,-35.565247,54.988537,-143.288071
PMU.001,2026-07-09T06:10:55.766666Z,1783577455,766666,1,0x0000,true,60.000702,-0.000389,0.000000,0.000000,0x0005,88,85.000740,35.545952,95.011040,143.931305,79.983589,1.269616,59.993679,-107.248459
PMU.001,2026-07-09T06:10:55.8Z,1783577455,800000,1,0x0000,true,59.999809,-0.000030,0.000000,0.000000,0x0006,88,90.016129,71.742577,50.000000,179.033432,84.985779,36.837223,64.979889,-71.146423
PMU.001,2026-07-09T06:10:55.833333Z,1783577455,833333,1,0x0000,true,60.006134,0.000211,0.000000,0.000000,0x0007,88,95.022514,108.038757,54.987190,-180.000000,89.997437,72.771210,69.982956,-35.834869
PMU.001,2026-07-09T06:10:55.866666Z,1783577455,866666,1,0x0000,true,60.008904,0.000092,0.000000,0.000000,0x0008,88,50.000000,143.160950,59.993683,-144.426270,95.004295,109.206985,74.984154,0.815981
PMU.001,2026-07-09T06:10:55.9Z,1783577455,900000,1,0x0000,true,59.986809,-0.000736,0.000000,0.000000,0x0009,88,55.005833,-180.000000,65.009079,-107.667305,50.000000,144.608063,79.970222,36.032703
PMU.001,2026-07-09T06:10:55.933333Z,1783577455,933333,1,0x0000,true,59.995796,0.000300,0.000000,0.000000,0x000A,88,59.998695,-144.734146,70.002319,-71.993790,55.003315,179.882553,84.964394,72.840172
PMU.001,2026-07-09T06:10:55.966666Z,1783577455,966666,1,0x0000,true,59.984699,-0.000370,0.000000,0.000000,0x000B,88,64.997124,-109.268593,75.008873,-36.857857,60.011600,-180.000000,89.977875,109.261902
PMU.001,2026-07-09T06:10:56Z,1783577456,0,1,0x0000,true,59.999149,0.000482,0.000000,0.000000,0x000C,88,70.011665,-74.008560,80.009659,-0.876419,65.023651,-144.574509,94.983559,145.466644
PMU.001,2026-07-09T06:10:56.033333Z,1783577456,33333,1,0x0000,true,59.990028,-0.000304,0.000000,0.000000,0x000D,88,75.007393,-37.116291,85.010834,34.286331,70.030396,-108.118095,99.993271,-180.000000
PMU.001,2026-07-09T06:10:56.066666Z,1783577456,66666,1,0x0000,true,59.995392,0.000179,0.000000,0.000000,0x000E,88,80.007523,-1.255272,90.009445,69.739868,75.045029,-72.385719,50.000000,-144.844193
PMU.001,2026-07-09T06:10:56.1Z,1783577456,100000,1,0x0000,true,60.008762,0.000446,0.000000,0.000000,0x000F,88,84.996284,35.354313,95.012619,106.566452,80.060295,-36.922443,54.995739,-109.101608
PMU.001,2026-07-09T06:10:56.133333Z,1783577456,133333,1,0x0000,true,60.011578,0.000094,0.000000,0.000000,0x0000,88,89.983337,71.101791,99.997513,143.066879,85.075699,-0.661174,59.997681,-73.742439
PMU.001,2026-07-09T06:10:56.166666Z,1783577456,166666,1,0x0000,true,59.995621,-0.000532,0.000000,0.000000,0x0001,88,94.980804,107.782249,50.000000,179.791992,90.063927,35.962692,65.011124,-36.788265
PMU.001,2026-07-09T06:10:56.2Z,1783577456,200000,1,0x0000,true,59.995411,-0.000007,0.000000,0.000000,0x0002,88,99.964233,142.927872,55.007210,-180.000000,95.080063,71.948616,70.014404,-1.664276
PMU.001,2026-07-09T06:10:56.233333Z,1783577456,233333,1,0x0000,true,60.002808,0.000247,0.000000,0.000000,0x0003,88,50.000000,179.018021,60.013317,-144.657333,50.000000,107.940430,75.016754,35.254810
PMU.001,2026-07-09T06:10:56.266666Z,1783577456,266666,1,0x0000,true,60.000931,-0.000063,0.000000,0.000000,0x0004,88,54.984283,-180.000000,65.014862,-109.364250,55.004765,143.108261,80.032791,71.655266
PMU.001,2026-07-09T06:10:56.3Z,1783577456,300000,1,0x0000,true,60.006836,0.000197,0.000000,0.000000,0x0005,88,59.995018,-143.597626,70.018944,-73.935478,59.999630,179.623184,85.044571,107.715973
PMU.001,2026-07-09T06:10:56.333333Z,1783577456,333333,1,0x0000,true,59.996052,-0.000359,0.000000,0.000000,0x0006,88,65.003685,-108.001572,75.026573,-38.211376,64.986237,-180.000000,90.052299,143.328766
PMU.001,2026-07-09T06:10:56.366666Z,1783577456,366666,1,0x0000,true,59.995743,-0.000010,0.000000,0.000000,0x0007,88,70.002960,-72.023750,80.010056,-2.441461,69.993607,-144.068344,95.040199,178.733170
PMU.001,2026-07-09T06:10:56.4Z,1783577456,400000,1,0x0000,true,59.997738,0.000067,0.000000,0.000000,0x0008,88,75.005875,-36.476021,85.022041,34.189747,74.980011,-108.138435,50.000000,-180.000000
PMU.001,2026-07-09T06:10:56.433333Z,1783577456,433333,1,0x0000,true,60.006100,0.000279,0.000000,0.000000,0x0009,88,80.013725,0.463989,90.026329,69.485802,79.971481,-72.476700,55.010372,-143.574890
PMU.001,2026-07-09T06:10:56.466666Z,1783577456,466666,1,0x0000,true,59.987221,-0.000629,0.000000,0.000000,0x000A,88,85.000702,37.026363,95.042061,105.827736,84.956047,-37.023281,60.018452,-106.886795
PMU.001,2026-07-09T06:10:56.5Z,1783577456,500000,1,0x0000,true,60.005470,0.000608,0.000000,0.000000,0x000B,88,90.005844,73.751938,50.000000,141.071152,89.967117,-1.426123,65.031052,-71.128014
PMU.001,2026-07-09T06:10:56.533333Z,1783577456,533333,1,0x0000,true,60.014538,0.000302,0.000000,0.000000,0x000C,88,94.997368,109.500175,55.016449,176.755676,94.983406,35.216747,70.046112,-35.324463
PMU.001,2026-07-09T06:10:56.566666Z,1783577456,566666,1,0x0000,true,60.001270,-0.000442,0.000000,0.000000,0x000D,88,50.000000,145.508072,60.005749,-180.000000,99.980522,71.226974,75.062645,0.432746
PMU.001,2026-07-09T06:10:56.6Z,1783577456,600000,1,0x0000,true,59.997299,-0.000132,0.000000,0.000000,0x000E,88,55.005787,-180.000000,65.001976,-143.396591,50.000000,106.412338,80.064156,36.657585
PMU.001,2026-07-09T06:10:56.633333Z,1783577456,633333,1,0x0000,true,59.999710,0.000080,0.000000,0.000000,0x000F,88,60.001617,-144.312729,69.986160,-107.109741,54.987690,141.554169,85.055984,72.865463
PMU.001,2026-07-09T06:10:56.666666Z,1783577456,666666,1,0x0000,true,60.016071,0.000545,0.000000,0.000000,0x0000,88,64.994156,-109.143684,75.002335,-70.843407,60.000149,178.440964,90.068733,108.148399
PMU.001,2026-07-09T06:10:56.7Z,1783577456,700000,1,0x0000,true,59.985138,-0.001031,0.000000,0.000000,0x0001,88,69.997559,-72.229958,80.016678,-34.594028,65.011360,-180.000000,95.059822,144.248505
PMU.001,2026-07-09T06:10:56.733333Z,1783577456,733333,1,0x0000,true,60.003284,0.000605,0.000000,0.000000,0x0002,88,74.987206,-35.590359,85.010765,0.861903,70.010956,-144.898621,50.000000,179.523499
PMU.001,2026-07-09T06:10:56.766666Z,1783577456,766666,1,0x0000,true,59.986179,-0.000570,0.000000,0.000000,0x0003,88,79.994507,-0.348220,90.026718,36.539204,75.025780,-108.322029,54.994827,-180.000000
PMU.001,2026-07-09T06:10:56.8Z,1783577456,800000,1,0x0000,true,60.010792,0.000820,0.000000,0.000000,0x0004,88,84.997322,35.313053,95.042763,73.317642,80.040123,-71.467751,59.987282,-144.419342
PMU.001,2026-07-09T06:10:56.833333Z,1783577456,833333,1,0x0000,true,59.986233,-0.000819,0.000000,0.000000,0x0005,88,90.004753,72.245369,50.000000,110.018211,85.052773,-34.983776,64.990341,-109.269470
PMU.001,2026-07-09T06:10:56.866666Z,1783577456,866666,1,0x0000,true,59.984627,-0.000054,0.000000,0.000000,0x0006,88,95.002647,107.601631,54.999710,146.809830,90.063072,0.106293,69.984612,-74.117851
PMU.001,2026-07-09T06:10:56.9Z,1783577456,900000,1,0x0000,true,60.001938,0.000577,0.000000,0.000000,0x0007,88,50.000000,144.192856,59.986046,-180.000000,95.077202,36.996876,74.997002,-37.793812
PMU.001,2026-07-09T06:10:56.933333Z,1783577456,933333,1,0x0000,true,60.004284,0.000078,0.000000,0.000000,0x0008,88,54.985256,-180.000000,65.002686,-144.852936,50.000000,72.292519,79.985115,-2.268986
PMU.001,2026-07-09T06:10:56.966666Z,1783577456,966666,1,0x0000,true,60.005798,0.000050,0.000000,0.000000,0x0009,88,59.973717,-144.180069,69.994476,-109.449165,55.001892,107.845085,84.983696,33.863934
PMU.001,2026-07-09T06:10:57Z,1783577457,0,1,0x0000,true,59.986389,-0.000647,0.000000,0.000000,0x000A,88,64.990250,-109.065346,74.983070,-72.779480,59.993240,142.959930,89.997963,70.774742
PMU.001,2026-07-09T06:10:57.033333Z,1783577457,33333,1,0x0000,true,59.988316,0.000064,0.000000,0.000000,0x000B,88,69.999405,-72.710533,79.966835,-36.072094,65.001961,179.049774,94.994514,106.138397
PMU.001,2026-07-09T06:10:57.066666Z,1783577457,66666,1,0x0000,true,60.005203,0.000563,0.000000,0.000000,0x000C,88,75.013031,-37.216835,84.961739,-0.332486,69.993042,-180.000000,99.995277,141.543625
PMU.001,2026-07-09T06:10:57.1Z,1783577457,100000,1,0x0000,true,59.985664,-0.000651,0.000000,0.000000,0x000D,88,80.028358,-1.934188,89.953423,35.694004,74.998764,-143.359055,50.000000,176.662659
PMU.001,2026-07-09T06:10:57.133333Z,1783577457,133333,1,0x0000,true,60.007317,0.000722,0.000000,0.000000,0x000E,88,85.013344,34.718178,94.946014,71.341873,80.007988,-107.041840,55.012478,-180.000000
PMU.001,2026-07-09T06:10:57.166666Z,1783577457,166666,1,0x0000,true,59.987946,-0.000646,0.000000,0.000000,0x000F,88,89.996788,71.135010,99.948624,106.980644,85.013237,-71.777145,60.004700,-144.213181
PMU.001,2026-07-09T06:10:57.2Z,1783577457,200000,1,0x0000,true,59.991074,0.000104,0.000000,0.000000,0x0000,88,95.013107,106.713112,50.000000,143.457687,90.015755,-36.406315,64.991379,-107.345337
PMU.001,2026-07-09T06:10:57.233333Z,1783577457,233333,1,0x0000,true,60.001858,0.000359,0.000000,0.000000,0x0001,88,50.000000,142.258804,54.998058,178.871063,95.030266,-0.534165,69.990105,-71.977478
PMU.001,2026-07-09T06:10:57.266666Z,1783577457,266666,1,0x0000,true,60.011818,0.000332,0.000000,0.000000,0x0002,88,55.014900,177.575134,60.008327,-180.000000,50.000000,34.762817,74.981857,-35.538612
PMU.001,2026-07-09T06:10:57.3Z,1783577457,300000,1,0x0000,true,59.983650,-0.000939,0.000000,0.000000,0x0003,88,60.011650,-180.000000,65.015671,-144.595306,54.995438,69.893860,79.978897,1.163766
PMU.001,2026-07-09T06:10:57.333333Z,1783577457,333333,1,0x0000,true,59.991177,0.000251,0.000000,0.000000,0x0004,88,65.012947,-144.510559,70.000702,-108.165710,59.984413,106.785263,84.965416,36.911476
PMU.001,2026-07-09T06:10:57.366666Z,1783577457,366666,1,0x0000,true,59.995361,0.000139,0.000000,0.000000,0x0005,88,70.001320,-108.382828,75.007767,-71.283577,64.989479,143.065643,89.979042,73.038162
PMU.001,2026-07-09T06:10:57.4Z,1783577457,400000,1,0x0000,true,60.014782,0.000647,0.000000,0.000000,0x0006,88,75.009750,-71.597038,80.021248,-34.728313,69.997147,179.165878,94.991936,109.061165
PMU.001,2026-07-09T06:10:57.433333Z,1783577457,433333,1,0x0000,true,60.015610,0.000028,0.000000,0.000000,0x0007,88,79.997597,-35.214539,85.017677,1.510458,74.985710,-180.000000,99.994690,145.189011
PMU.001,2026-07-09T06:10:57.466666Z,1783577457,466666,1,0x0000,true,59.993889,-0.000724,0.000000,0.000000,0x0008,88,84.992081,1.570254,90.009956,37.891094,79.969696,-143.313004,50.000000,-180.000000
PMU.001,2026-07-09T06:10:57.5Z,1783577457,500000,1,0x0000,true,60.001537,0.000255,0.000000,0.000000,0x0009,88,89.976265,37.076717,94.995354,73.385849,84.955269,-108.239380,54.986946,-144.072189
PMU.001,2026-07-09T06:10:57.533333Z,1783577457,533333,1,0x0000,true,60.004898,0.000112,0.000000,0.000000,0x000A,88,94.976128,73.384621,99.986267,109.758209,89.942482,-71.595810,59.972576,-107.251663
PMU.001,2026-07-09T06:10:57.566666Z,1783577457,566666,1,0x0000,true,59.996704,-0.000273,0.000000,0.000000,0x000B,88,99.986275,109.885033,50.000000,146.521484,94.945442,-34.805191,64.960419,-70.452354
PMU.001,2026-07-09T06:10:57.6Z,1783577457,600000,1,0x0000,true,60.002369,0.000189,0.000000,0.000000,0x000C,88,50.000000,145.987122,54.998459,-180.000000,99.934662,0.574386,69.944252,-35.299747
PMU.001,2026-07-09T06:10:57.633333Z,1783577457,633333,1,0x0000,true,59.989616,-0.000425,0.000000,0.000000,0x000D,88,54.991314,-180.000000,59.985828,-143.163040,50.000000,36.743622,74.929626,0.701508
PMU.001,2026-07-09T06:10:57.666666Z,1783577457,666666,1,0x0000,true,59.988712,-0.000030,0.000000,0.000000,0x000E,88,59.985897,-143.409363,64.971611,-107.440750,54.996094,71.857994,79.925568,36.345818
PMU.001,2026-07-09T06:10:57.7Z,1783577457,700000,1,0x0000,true,59.995724,0.000234,0.000000,0.000000,0x000F,88,64.970818,-107.291939,69.985245,-72.317398,59.990803,107.085915,84.939964,72.297699
PMU.001,2026-07-09T06:10:57.733333Z,1783577457,733333,1,0x0000,true,60.012577,0.000562,0.000000,0.000000,0x0000,88,69.969551,-72.058662,74.980087,-37.231239,64.989700,142.659866,89.925079,108.483727
PMU.001,2026-07-09T06:10:57.766666Z,1783577457,766666,1,0x0000,true,60.007072,-0.000183,0.000000,0.000000,0x0001,88,74.981728,-35.241924,79.982590,-1.037232,69.994858,178.557083,94.932419,144.588211
PMU.001,2026-07-09T06:10:57.8Z,1783577457,800000,1,0x0000,true,59.987778,-0.000643,0.000000,0.000000,0x0002,88,79.977692,0.056049,84.984329,35.676979,75.009811,-180.000000,99.917854,-180.000000
PMU.001,2026-07-09T06:10:57.833333Z,1783577457,833333,1,0x0000,true,60.008266,0.000683,0.000000,0.000000,0x0003,88,84.990257,36.502087,89.975327,71.404350,79.994781,-143.361633,50.000000,-143.267624
PMU.001,2026-07-09T06:10:57.866666Z,1783577457,866666,1,0x0000,true,60.004250,-0.000134,0.000000,0.000000,0x0004,88,90.005234,72.549622,94.974258,106.763290,84.990776,-106.822746,55.003880,-107.396461
PMU.001,2026-07-09T06:10:57.9Z,1783577457,900000,1,0x0000,true,60.007023,0.000092,0.000000,0.000000,0x0005,88,95.019829,109.121490,99.960808,143.608704,90.000839,-71.055855,60.009800,-72.274162
PMU.001,2026-07-09T06:10:57.933333Z,1783577457,933333,1,0x0000,true,60.004436,-0.000086,0.000000,0.000000,0x0006,88,50.000000,145.401947,50.000000,-180.000000,94.995667,-34.750233,65.024780,-35.775551
PMU.001,2026-07-09T06:10:57.966666Z,1783577457,966666,1,0x0000,true,59.985142,-0.000643,0.000000,0.000000,0x0007,88,55.003269,-180.000000,54.993259,-143.294830,99.993057,1.366602,70.037300,0.048281
PMU.001,2026-07-09T06:10:58Z,1783577458,0,1,0x0000,true,59.985477,0.000011,0.000000,0.000000,0x0008,88,60.007500,-144.275024,59.985188,-107.838608,50.000000,38.144573,75.026352,36.121284
PMU.001,2026-07-09T06:10:58.033333Z,1783577458,33333,1,0x0000,true,59.986748,0.000042,0.000000,0.000000,0x0009,88,64.991325,-107.603073,64.997780,-71.562767,54.997566,74.066620,80.010674,72.500229
PMU.001,2026-07-09T06:10:58.066666Z,1783577458,66666,1,0x0000,true,59.988647,0.000063,0.000000,0.000000,0x000A,88,69.999161,-71.107498,69.998962,-36.296207,59.988960,110.742592,85.005692,108.273766
PMU.001,2026-07-09T06:10:58.1Z,1783577458,100000,1,0x0000,true,60.004726,0.000536,0.000000,0.000000,0x000B,88,75.004517,-35.203636,75.002686,-1.027553,64.989365,146.529755,90.011726,144.676208
PMU.001,2026-07-09T06:10:58.133333Z,1783577458,133333,1,0x0000,true,60.014786,0.000335,0.000000,0.000000,0x000C,88,79.994972,1.599169,80.005592,34.407043,70.005898,-180.000000,94.998543,-180.000000
PMU.001,2026-07-09T06:10:58.166666Z,1783577458,166666,1,0x0000,true,60.015457,0.000022,0.000000,0.000000,0x000D,88,84.991638,38.455944,85.000755,70.513741,75.003868,-143.559509,99.990616,-144.362625
PMU.001,2026-07-09T06:10:58.2Z,1783577458,200000,1,0x0000,true,59.988029,-0.000914,0.000000,0.000000,0x000E,88,89.976227,73.568565,89.997993,106.458511,80.016098,-106.763878,50.000000,-108.393318
PMU.001,2026-07-09T06:10:58.233333Z,1783577458,233333,1,0x0000,true,59.992352,0.000144,0.000000,0.000000,0x000F,88,94.968842,108.896210,94.988869,142.092972,85.015297,-71.325256,54.992683,-73.116264
PMU.001,2026-07-09T06:10:58.266666Z,1783577458,266666,1,0x0000,true,60.008068,0.000524,0.000000,0.000000,0x0000,88,99.972862,144.821991,99.977753,178.597473,89.998871,-36.045292,59.987591,-36.722805
PMU.001,2026-07-09T06:10:58.3Z,1783577458,300000,1,0x0000,true,60.012802,0.000158,0.000000,0.000000,0x0001,88,50.000000,-180.000000,50.000000,-180.000000,95.013237,0.346828,64.987679,-1.068470
PMU.001,2026-07-09T06:10:58.333333Z,1783577458,333333,1,0x0000,true,60.013496,0.000023,0.000000,0.000000,0x0002,88,54.986752,-144.146439,55.011810,-144.577652,99.997482,37.298901,69.973244,34.330631
PMU.001,2026-07-09T06:10:58.366666Z,1783577458,366666,1,0x0000,true,60.006607,-0.000230,0.000000,0.000000,0x0003,88,59.975563,-108.702927,60.002640,-109.001701,50.000000,73.827293,74.985115,69.572533
PMU.001,2026-07-09T06:10:58.4Z,1783577458,400000,1,0x0000,true,59.987648,-0.000632,0.000000,0.000000,0x0004,88,64.960831,-72.341347,65.012184,-73.416672,55.003700,110.715668,80.001381,106.503975
PMU.001,2026-07-09T06:10:58.433333Z,1783577458,433333,1,0x0000,true,59.989532,0.000063,0.000000,0.000000,0x0005,88,69.952911,-35.406525,70.006050,-37.181690,60.013237,147.517822,85.017395,143.123932
PMU.001,2026-07-09T06:10:58.466666Z,1783577458,466666,1,0x0000,true,60.002705,0.000439,0.000000,0.000000,0x0006,88,74.953262,0.182354,75.007889,-0.701443,65.011993,-180.000000,90.016106,179.477234
PMU.001,2026-07-09T06:10:58.5Z,1783577458,500000,1,0x0000,true,59.995579,-0.000238,0.000000,0.000000,0x0007,88,79.944138,36.435810,80.022247,34.771446,70.008583,-143.429001,95.017738,-180.000000
PMU.001,2026-07-09T06:10:58.533333Z,1783577458,533333,1,0x0000,true,60.014061,0.000616,0.000000,0.000000,0x0008,88,84.937424,73.149902,85.034531,70.039696,74.996017,-108.310196,50.000000,-143.113739
PMU.001,2026-07-09T06:10:58.566666Z,1783577458,566666,1,0x0000,true,60.011818,-0.000075,0.000000,0.000000,0x0009,88,89.945045,109.643211,90.034538,106.729195,80.002693,-72.786308,54.984623,-106.315063
PMU.001,2026-07-09T06:10:58.6Z,1783577458,600000,1,0x0000,true,60.013687,0.000062,0.000000,0.000000,0x000A,88,94.938057,144.819550,95.027687,142.624725,85.010628,-36.420475,59.995670,-70.551674
PMU.001,2026-07-09T06:10:58.633333Z,1783577458,633333,1,0x0000,true,60.009571,-0.000137,0.000000,0.000000,0x000B,88,99.940186,-180.000000,50.000000,178.999695,90.002342,-0.601539,65.009285,-34.047119
PMU.001,2026-07-09T06:10:58.666666Z,1783577458,666666,1,0x0000,true,59.991249,-0.000611,0.000000,0.000000,0x000C,88,50.000000,-144.834747,54.993340,-180.000000,94.996750,36.144436,70.005531,1.037994
PMU.001,2026-07-09T06:10:58.7Z,1783577458,700000,1,0x0000,true,60.000607,0.000312,0.000000,0.000000,0x000D,88,54.985401,-109.352997,59.979481,-144.358032,99.986954,71.591331,75.007065,37.666637
PMU.001,2026-07-09T06:10:58.733333Z,1783577458,733333,1,0x0000,true,59.997578,-0.000101,0.000000,0.000000,0x000E,88,59.979427,-72.440903,64.980446,-108.406380,50.000000,107.110909,80.000015,73.537621
PMU.001,2026-07-09T06:10:58.766666Z,1783577458,766666,1,0x0000,true,60.006718,0.000305,0.000000,0.000000,0x000F,88,64.983177,-36.784351,69.986008,-71.836372,54.990681,142.276932,84.990807,110.376503
PMU.001,2026-07-09T06:10:58.8Z,1783577458,800000,1,0x0000,true,59.985706,-0.000700,0.000000,0.000000,0x0000,88,69.999306,-0.728484,74.969749,-36.709408,59.993748,178.738937,89.981667,145.453400
PMU.001,2026-07-09T06:10:58.833333Z,1783577458,833333,1,0x0000,true,59.994270,0.000285,0.000000,0.000000,0x0001,88,74.995232,34.931038,79.984070,-0.389912,65.003708,-180.000000,94.966469,-180.000000
PMU.001,2026-07-09T06:10:58.866666Z,1783577458,866666,1,0x0000,true,60.016037,0.000726,0.000000,0.000000,0x0002,88,79.982681,70.866135,84.994354,35.725292,70.008400,-144.831543,99.952721,-144.070847
PMU.001,2026-07-09T06:10:58.9Z,1783577458,900000,1,0x0000,true,60.004608,-0.000381,0.000000,0.000000,0x0003,88,84.991913,107.228584,89.984184,70.915901,75.011139,-109.113205,50.000000,-108.033279
PMU.001,2026-07-09T06:10:58.933333Z,1783577458,933333,1,0x0000,true,59.983616,-0.000700,0.000000,0.000000,0x0004,88,89.980881,142.339355,94.976723,107.845535,80.021667,-73.353020,54.990643,-71.127373
PMU.001,2026-07-09T06:10:58.966666Z,1783577458,966666,1,0x0000,true,59.985882,0.000076,0.000000,0.000000,0x0005,88,94.965210,177.893906,99.986824,142.984970,85.030167,-37.991051,59.990074,-35.100178
PMU.001,2026-07-09T06:10:59Z,1783577459,0,1,0x0000,true,59.985714,-0.000006,0.000000,0.000000,0x0006,88,99.957260,-180.000000,50.000000,178.123642,90.016647,-2.625113,64.994987,0.571585
PMU.001,2026-07-09T06:10:59.033333Z,1783577459,33333,1,0x0000,true,60.014439,0.000957,0.000000,0.000000,0x0007,88,50.000000,-143.850769,55.001087,-180.000000,95.027206,33.527626,70.010643,35.628139
PMU.001,2026-07-09T06:10:59.066666Z,1783577459,66666,1,0x0000,true,59.993229,-0.000707,0.000000,0.000000,0x0008,88,55.008080,-108.796188,59.990662,-144.262024,50.000000,70.289627,74.996941,70.761574
PMU.001,2026-07-09T06:10:59.1Z,1783577459,100000,1,0x0000,true,59.996609,0.000113,0.000000,0.000000,0x0009,88,59.994507,-72.742950,64.976608,-108.677223,55.007931,106.634476,80.009659,107.674652
PMU.001,2026-07-09T06:10:59.133333Z,1783577459,133333,1,0x0000,true,60.015381,0.000626,0.000000,0.000000,0x000A,88,64.980011,-37.033592,69.974922,-72.071251,59.996143,143.005203,85.003586,144.082047
PMU.001,2026-07-09T06:10:59.166666Z,1783577459,166666,1,0x0000,true,60.010719,-0.000155,0.000000,0.000000,0x000B,88,69.977081,-1.306167,74.970284,-35.242390,64.993576,179.403732,89.998726,179.725250
PMU.001,2026-07-09T06:10:59.2Z,1783577459,200000,1,0x0000,true,60.016426,0.000190,0.000000,0.000000,0x000C,88,74.974396,34.148537,79.963623,0.933315,69.982544,-180.000000,94.990547,-180.000000
PMU.001,2026-07-09T06:10:59.233333Z,1783577459,233333,1,0x0000,true,59.996746,-0.000656,0.000000,0.000000,0x000D,88,79.966331,70.137489,84.959808,36.597210,74.992050,-143.362091,99.999268,-144.753784
PMU.001,2026-07-09T06:10:59.266666Z,1783577459,266666,1,0x0000,true,59.984596,-0.000405,0.000000,0.000000,0x000E,88,84.979729,106.058540,89.945793,73.211395,79.985733,-107.252487,50.000000,-108.657639
PMU.001,2026-07-09T06:10:59.3Z,1783577459,300000,1,0x0000,true,60.006439,0.000728,0.000000,0.000000,0x000F,88,89.979340,141.783875,94.951439,108.804825,85.001511,-71.129768,55.014278,-72.139565
PMU.001,2026-07-09T06:10:59.333333Z,1783577459,333333,1,0x0000,true,59.996799,-0.000321,0.000000,0.000000,0x0000,88,94.980583,176.952972,99.964424,143.952774,89.999069,-34.680935,60.012512,-35.710258
PMU.001,2026-07-09T06:10:59.366666Z,1783577459,366666,1,0x0000,true,60.002434,0.000188,0.000000,0.000000,0x0001,88,99.988365,-180.000000,50.000000,-180.000000,95.008041,1.293916,65.019005,-0.295594
PMU.001,2026-07-09T06:10:59.4Z,1783577459,400000,1,0x0000,true,59.996342,-0.000203,0.000000,0.000000,0x0002,88,50.000000,-143.196396,54.989300,-143.735123,50.000000,36.434811,70.006775,36.436741
PMU.001,2026-07-09T06:10:59.433333Z,1783577459,433333,1,0x0000,true,59.986744,-0.000320,0.000000,0.000000,0x0003,88,54.986420,-107.887695,59.998482,-107.853127,54.991848,72.988731,74.990959,71.629913
PMU.001,2026-07-09T06:10:59.466666Z,1783577459,466666,1,0x0000,true,60.001534,0.000493,0.000000,0.000000,0x0004,88,59.987129,-72.724243,65.008499,-72.029823,59.999428,109.047745,79.976036,106.935059
PMU.001,2026-07-09T06:10:59.5Z,1783577459,500000,1,0x0000,true,59.992893,-0.000288,0.000000,0.000000,0x0005,88,64.978600,-36.795959,70.012520,-36.267422,65.013664,145.627945,84.986389,143.561203
PMU.001,2026-07-09T06:10:59.533333Z,1783577459,533333,1,0x0000,true,59.985786,-0.000237,0.000000,0.000000,0x0006,88,69.962631,-1.379782,74.997978,0.382030,70.007904,-180.000000,89.999283,179.125488
PMU.001,2026-07-09T06:10:59.566666Z,1783577459,566666,1,0x0000,true,60.004234,0.000615,0.000000,0.000000,0x0007,88,74.953049,34.907948,80.009117,35.961411,75.019196,-143.964417,94.997566,-180.000000
PMU.001,2026-07-09T06:10:59.6Z,1783577459,600000,1,0x0000,true,60.010983,0.000225,0.000000,0.000000,0x0008,88,79.944885,71.054626,85.004486,72.401382,80.008835,-108.175385,50.000000,-143.808105
PMU.001,2026-07-09T06:10:59.633333Z,1783577459,633333,1,0x0000,true,60.009613,-0.000046,0.000000,0.000000,0x0009,88,84.952431,107.336121,90.004005,107.700119,85.010597,-72.073471,55.003555,-107.184357
PMU.001,2026-07-09T06:10:59.666666Z,1783577459,666666,1,0x0000,true,59.984226,-0.000846,0.000000,0.000000,0x000A,88,89.941223,143.817657,95.005745,143.784256,90.004051,-36.414936,59.994850,-71.521400
PMU.001,2026-07-09T06:10:59.7Z,1783577459,700000,1,0x0000,true,59.989082,0.000162,0.000000,0.000000,0x000B,88,94.929756,179.279633,50.000000,179.067307,95.017868,-0.931844,64.997894,-35.558086
PMU.001,2026-07-09T06:10:59.733333Z,1783577459,733333,1,0x0000,true,60.006687,0.000587,0.000000,0.000000,0x000C,88,99.940613,-180.000000,54.994125,-180.000000,50.000000,35.980656,70.006813,1.290354
PMU.001,2026-07-09T06:10:59.766666Z,1783577459,766666,1,0x0000,true,60.015644,0.000299,0.000000,0.000000,0x000D,88,50.000000,-144.706635,59.999222,-143.520859,54.998142,71.293083,75.020279,37.761742
PMU.001,2026-07-09T06:10:59.8Z,1783577459,800000,1,0x0000,true,59.987099,-0.000952,0.000000,0.000000,0x000E,88,55.013878,-109.581894,64.984749,-106.586159,60.011894,106.964264,80.026924,73.672127
PMU.001,2026-07-09T06:10:59.833333Z,1783577459,833333,1,0x0000,true,60.010384,0.000776,0.000000,0.000000,0x000F,88,60.005260,-72.923874,69.979774,-70.551743,65.020195,143.460480,85.016655,109.802483
PMU.001,2026-07-09T06:10:59.866666Z,1783577459,866666,1,0x0000,true,59.998341,-0.000401,0.000000,0.000000,0x0000,88,65.008881,-36.341393,74.973251,-34.553402,70.016960,179.741394,90.005234,146.489532
PMU.001,2026-07-09T06:10:59.9Z,1783577459,900000,1,0x0000,true,60.009785,0.000381,0.000000,0.000000,0x0001,88,70.014549,-0.683908,79.966896,1.698949,75.006996,-180.000000,94.998398,-180.000000
PMU.001,2026-07-09T06:10:59.933333Z,1783577459,933333,1,0x0000,true,59.991764,-0.000601,0.000000,0.000000,0x0002,88,75.007034,34.421780,84.959389,37.649670,80.007698,-143.784317,99.990829,-144.079254
PMU.001,2026-07-09T06:10:59.966666Z,1783577459,966666,1,0x0000,true,60.008507,0.000558,0.000000,0.000000,0x0003,88,80.014656,70.983215,89.946861,73.622482,85.011002,-106.943047,50.000000,-107.988991
PMU.001,2026-07-09T06:11:00Z,1783577460,0,1,0x0000,true,60.013725,0.000174,0.000000,0.000000,0x0004,88,85.003456,107.636810,94.953140,109.194397,90.018745,-70.002396,55.011196,-72.189987
PMU.001,2026-07-09T06:11:00.033333Z,1783577460,33333,1,0x0000,true,60.007076,-0.000222,0.000000,0.000000,0x0005,88,89.999603,144.560608,99.964417,145.648422,95.034218,-34.591816,60.025276,-36.224522
PMU.001,2026-07-09T06:11:00.066666Z,1783577460,66666,1,0x0000,true,59.987255,-0.000661,0.000000,0.000000,0x0006,88,95.002518,-180.000000,50.000000,-180.000000,50.000000,2.127116,65.028206,-1.160917
PMU.001,2026-07-09T06:11:00.1Z,1783577460,100000,1,0x0000,true,60.001629,0.000479,0.000000,0.000000,0x0007,88,50.000000,-143.193588,54.997730,-144.599213,54.997536,38.740608,70.032005,35.479385
PMU.001,2026-07-09T06:11:00.133333Z,1783577460,133333,1,0x0000,true,59.992241,-0.000313,0.000000,0.000000,0x0008,88,55.013783,-107.997971,59.996826,-109.191139,60.004585,73.866699,75.034767,71.409943
PMU.001,2026-07-09T06:11:00.166666Z,1783577460,166666,1,0x0000,true,60.013790,0.000718,0.000000,0.000000,0x0009,88,60.007660,-72.191742,65.003311,-73.503464,65.011086,109.031029,80.049431,107.178810
PMU.001,2026-07-09T06:11:00.2Z,1783577460,200000,1,0x0000,true,59.995037,-0.000625,0.000000,0.000000,0x000A,88,65.016571,-36.748455,70.007896,-37.521793,70.001610,145.074249,85.050179,143.452271
PMU.001,2026-07-09T06:11:00.233333Z,1783577460,233333,1,0x0000,true,59.986195,-0.000295,0.000000,0.000000,0x000B,88,70.005714,-0.322822,75.006973,-1.644049,74.993614,-180.000000,90.053719,178.790802
PMU.001,2026-07-09T06:11:00.266666Z,1783577460,266666,1,0x0000,true,60.005947,0.000658,0.000000,0.000000,0x000C,88,74.991127,35.212727,79.990692,34.742420,79.984886,-144.624344,95.054779,-180.000000
PMU.001,2026-07-09T06:11:00.3Z,1783577460,300000,1,0x0000,true,60.008331,0.000079,0.000000,0.000000,0x000D,88,79.997551,70.323601,85.006500,71.074097,84.987656,-109.055275,50.000000,-143.432388
PMU.001,2026-07-09T06:11:00.333333Z,1783577460,333333,1,0x0000,true,60.009701,0.000046,0.000000,0.000000,0x000E,88,85.007362,106.142303,90.012711,107.746864,89.985245,-73.287743,54.993286,-107.707527
PMU.001,2026-07-09T06:11:00.366666Z,1783577460,366666,1,0x0000,true,60.001137,-0.000285,0.000000,0.000000,0x000F,88,90.006630,142.255753,95.025391,142.937592,94.986984,-36.847950,60.003891,-72.159622
PMU.001,2026-07-09T06:11:00.4Z,1783577460,400000,1,0x0000,true,60.015469,0.000478,0.000000,0.000000,0x0000,88,95.014679,178.896515,50.000000,179.819031,50.000000,-1.151064,65.012787,-35.854294
PMU.001,2026-07-09T06:11:00.433333Z,1783577460,433333,1,0x0000,true,59.989532,-0.000865,0.000000,0.000000,0x0001,88,50.000000,-180.000000,55.008987,-180.000000,55.005970,35.498272,70.014458,-0.799429
PMU.001,2026-07-09T06:11:00.466666Z,1783577460,466666,1,0x0000,true,60.005207,0.000522,0.000000,0.000000,0x0002,88,54.991146,-144.950745,60.019817,-143.334061,60.014950,70.712257,75.014847,34.996307
PMU.001,2026-07-09T06:11:00.5Z,1783577460,500000,1,0x0000,true,60.008919,0.000124,0.000000,0.000000,0x0003,88,60.005096,-109.806000,65.012978,-107.045280,65.010323,106.049866,80.019272,70.806038
PMU.001,2026-07-09T06:11:00.533333Z,1783577460,533333,1,0x0000,true,59.984646,-0.000809,0.000000,0.000000,0x0004,88,65.016174,-74.018829,70.016685,-71.432556,70.018555,142.487747,85.015999,106.279449
PMU.001,2026-07-09T06:11:00.566666Z,1783577460,566666,1,0x0000,true,60.003773,0.000638,0.000000,0.000000,0x0005,88,70.025467,-37.658241,75.030220,-36.140293,75.013451,177.975037,90.015549,141.450592
PMU.001,2026-07-09T06:11:00.6Z,1783577460,600000,1,0x0000,true,59.988964,-0.000494,0.000000,0.000000,0x0006,88,75.041840,-2.097863,80.014603,-1.090384,80.015892,-180.000000,95.000999,177.111160
PMU.001,2026-07-09T06:11:00.633333Z,1783577460,633333,1,0x0000,true,59.996609,0.000255,0.000000,0.000000,0x0007,88,80.055153,33.115074,85.003342,34.650562,85.023193,-144.647827,50.000000,-180.000000
PMU.001,2026-07-09T06:11:00.666666Z,1783577460,666666,1,0x0000,true,59.994667,-0.000065,0.000000,0.000000,0x0008,88,85.053413,68.232422,90.000534,70.231926,90.038994,-108.847244,55.011986,-143.294769
PMU.001,2026-07-09T06:11:00.7Z,1783577460,700000,1,0x0000,true,60.012398,0.000591,0.000000,0.000000,0x0009,88,90.069870,104.677345,94.988976,106.030350,95.043236,-72.532471,60.017338,-107.500488
PMU.001,2026-07-09T06:11:00.733333Z,1783577460,733333,1,0x0000,true,60.002766,-0.000321,0.000000,0.000000,0x000A,88,95.053444,141.231735,99.975571,141.932861,50.000000,-37.270752,65.016296,-70.565666
PMU.001,2026-07-09T06:11:00.766666Z,1783577460,766666,1,0x0000,true,59.983372,-0.000646,0.000000,0.000000,0x000B,88,50.000000,177.080704,50.000000,178.474899,54.983864,-0.656269,70.005325,-33.883457
PMU.001,2026-07-09T06:11:00.8Z,1783577460,800000,1,0x0000,true,60.014824,0.001048,0.000000,0.000000,0x000C,88,55.001179,-180.000000,55.009460,-180.000000,59.967911,34.437237,75.007767,1.778221
PMU.001,2026-07-09T06:11:00.833333Z,1783577460,833333,1,0x0000,true,60.010929,-0.000130,0.000000,0.000000,0x000D,88,59.998920,-144.010284,60.009651,-143.106567,64.954796,71.135246,80.022202,37.989773
PMU.001,2026-07-09T06:11:00.866666Z,1783577460,866666,1,0x0000,true,59.986115,-0.000827,0.000000,0.000000,0x000E,88,64.986771,-107.595268,65.000153,-107.955063,69.966003,106.631332,85.022316,73.891647
PMU.001,2026-07-09T06:11:00.9Z,1783577460,900000,1,0x0000,true,60.004204,0.000603,0.000000,0.000000,0x000F,88,69.985153,-71.909515,70.012016,-72.406052,74.974419,142.555481,90.038696,110.172089
PMU.001,2026-07-09T06:11:00.933333Z,1783577460,933333,1,0x0000,true,60.003990,-0.000007,0.000000,0.000000,0x0000,88,74.987564,-35.016659,75.012306,-36.826786,79.958511,178.315018,95.049507,147.026932
PMU.001,2026-07-09T06:11:00.966666Z,1783577460,966666,1,0x0000,true,59.994778,-0.000307,0.000000,0.000000,0x0001,88,79.983078,1.562152,80.016418,-0.789860,84.954750,-180.000000,50.000000,-180.000000
PMU.001,2026-07-09T06:11:01Z,1783577461,0,1,0x0000,true,60.000961,0.000206,0.000000,0.000000,0x0002,88,84.996475,37.312660,85.028191,35.514305,89.946915,-143.302933,55.005474,-144.075745
PMU.001,2026-07-09T06:11:01.033333Z,1783577461,33333,1,0x0000,true,59.989704,-0.000375,0.000000,0.000000,0x0003,88,90.009315,73.001099,90.031944,71.614471,94.946884,-107.970268,60.003185,-107.722916
PMU.001,2026-07-09T06:11:01.066666Z,1783577461,66666,1,0x0000,true,60.000042,0.000345,0.000000,0.000000,0x0004,88,95.020058,108.109062,95.030502,107.665268,99.933273,-71.973328,65.017807,-72.626961
PMU.001,2026-07-09T06:11:01.1Z,1783577461,100000,1,0x0000,true,60.016335,0.000543,0.000000,0.000000,0x0005,88,50.000000,144.610168,50.000000,143.238998,50.000000,-36.456551,70.009628,-35.828995
PMU.001,2026-07-09T06:11:01.133333Z,1783577461,133333,1,0x0000,true,60.000122,-0.000540,0.000000,0.000000,0x0006,88,54.995693,-180.000000,55.005127,178.778625,54.983879,-0.536956,75.006477,0.461767
PMU.001,2026-07-09T06:11:01.166666Z,1783577461,166666,1,0x0000,true,60.011646,0.000384,0.000000,0.000000,0x0007,88,60.008190,-144.304169,60.004360,-180.000000,59.980896,35.562859,80.001862,37.388138
PMU.001,2026-07-09T06:11:01.2Z,1783577461,200000,1,0x0000,true,60.004513,-0.000238,0.000000,0.000000,0x0008,88,64.995468,-108.509186,65.013313,-144.028885,64.977905,71.310341,85.003830,74.003670
PMU.001,2026-07-09T06:11:01.233333Z,1783577461,233333,1,0x0000,true,59.994827,-0.000323,0.000000,0.000000,0x0009,88,70.002380,-73.183121,70.001938,-108.489372,69.964516,108.181572,90.019661,109.698807
PMU.001,2026-07-09T06:11:01.266666Z,1783577461,266666,1,0x0000,true,60.005016,0.000340,0.000000,0.000000,0x000A,88,75.013756,-37.961906,75.003845,-72.460724,74.962173,143.510956,95.023872,146.530518
PMU.001,2026-07-09T06:11:01.3Z,1783577461,300000,1,0x0000,true,60.014194,0.000306,0.000000,0.000000,0x000B,88,80.028297,-2.287872,80.003883,-36.065575,79.949974,179.619629,50.000000,-180.000000
PMU.001,2026-07-09T06:11:01.333333Z,1783577461,333333,1,0x0000,true,59.986473,-0.000924,0.000000,0.000000,0x000C,88,85.033249,33.292732,85.011047,-0.441256,84.938568,-180.000000,54.990433,-143.525177
PMU.001,2026-07-09T06:11:01.366666Z,1783577461,366666,1,0x0000,true,59.990479,0.000134,0.000000,0.000000,0x000D,88,90.031815,68.454727,90.022606,34.945019,89.948593,-143.237717,60.004341,-107.091156
PMU.001,2026-07-09T06:11:01.4Z,1783577461,400000,1,0x0000,true,60.008324,0.000595,0.000000,0.000000,0x000E,88,95.034660,103.522934,95.035202,70.738655,94.957176,-107.213142,65.000145,-71.529266
PMU.001,2026-07-09T06:11:01.433333Z,1783577461,433333,1,0x0000,true,60.000488,-0.000261,0.000000,0.000000,0x000F,88,50.000000,140.368988,50.000000,107.645096,99.955826,-70.805000,70.005211,-36.022335
PMU.001,2026-07-09T06:11:01.466666Z,1783577461,466666,1,0x0000,true,60.012886,0.000413,0.000000,0.000000,0x0000,88,55.006794,175.626694,55.005821,144.453613,50.000000,-35.052628,75.018288,-0.014379
PMU.001,2026-07-09T06:11:01.5Z,1783577461,500000,1,0x0000,true,60.004330,-0.000285,0.000000,0.000000,0x0001,88,60.002338,-180.000000,60.001091,-180.000000,54.999466,0.079641,80.015800,35.862026
PMU.001,2026-07-09T06:11:01.533333Z,1783577461,533333,1,0x0000,true,60.000557,-0.000126,0.000000,0.000000,0x0002,88,64.997368,-144.230392,65.002876,-144.395035,59.995865,36.573471,85.006844,71.627220
PMU.001,2026-07-09T06:11:01.566666Z,1783577461,566666,1,0x0000,true,59.994442,-0.000204,0.000000,0.000000,0x0003,88,69.987930,-107.320801,69.987854,-107.692368,64.997658,73.343285,90.023026,108.389984
PMU.001,2026-07-09T06:11:01.6Z,1783577461,600000,1,0x0000,true,59.996101,0.000055,0.000000,0.000000,0x0004,88,75.000076,-70.746658,74.978004,-71.227036,69.993210,108.806847,95.035294,144.402603
PMU.001,2026-07-09T06:11:01.633333Z,1783577461,633333,1,0x0000,true,60.015289,0.000640,0.000000,0.000000,0x0005,88,79.988159,-34.574505,79.979530,-35.201710,74.990265,145.485550,50.000000,-180.000000
PMU.001,2026-07-09T06:11:01.666666Z,1783577461,666666,1,0x0000,true,60.002781,-0.000417,0.000000,0.000000,0x0006,88,84.999718,2.351106,84.972137,0.853227,79.995918,-180.000000,54.995335,-144.039200
PMU.001,2026-07-09T06:11:01.7Z,1783577461,700000,1,0x0000,true,60.014202,0.000381,0.000000,0.000000,0x0007,88,89.997597,37.867714,89.982735,36.888577,84.983292,-144.520935,59.984264,-107.594620
PMU.001,2026-07-09T06:11:01.733333Z,1783577461,733333,1,0x0000,true,59.999100,-0.000503,0.000000,0.000000,0x0008,88,95.000572,74.572769,94.988426,73.085091,89.973343,-108.265663,64.982727,-71.643898
PMU.001,2026-07-09T06:11:01.766666Z,1783577461,766666,1,0x0000,true,60.015770,0.000556,0.000000,0.000000,0x0009,88,50.000000,110.682846,99.979515,108.527618,94.974007,-72.178200,69.995811,-36.047146
PMU.001,2026-07-09T06:11:01.8Z,1783577461,800000,1,0x0000,true,60.004524,-0.000375,0.000000,0.000000,0x000A,88,55.014305,146.884781,50.000000,144.454193,99.972977,-36.561287,75.001381,0.306505
PMU.001,2026-07-09T06:11:01.833333Z,1783577461,833333,1,0x0000,true,60.010368,0.000195,0.000000,0.000000,0x000B,88,60.029327,-180.000000,54.992519,179.961533,50.000000,-0.396306,79.992310,37.072296
PMU.001,2026-07-09T06:11:01.866666Z,1783577461,866666,1,0x0000,true,59.989086,-0.000709,0.000000,0.000000,0x000C,88,65.035301,-143.177628,59.989475,-180.000000,54.998825,35.060787,85.007019,73.067482
PMU.001,2026-07-09T06:11:01.9Z,1783577461,900000,1,0x0000,true,59.990780,0.000056,0.000000,0.000000,0x000D,88,70.034798,-107.323196,64.986633,-144.197449,60.005741,71.239464,90.016159,109.539169
PMU.001,2026-07-09T06:11:01.933333Z,1783577461,933333,1,0x0000,true,59.989079,-0.000057,0.000000,0.000000,0x000E,88,75.041756,-71.201752,69.994186,-108.819214,64.999878,106.816978,95.001549,144.748199
PMU.001,2026-07-09T06:11:01.966666Z,1783577461,966666,1,0x0000,true,60.005463,0.000546,0.000000,0.000000,0x000F,88,80.028496,-34.318104,75.008232,-72.687462,70.013176,143.597519,50.000000,-180.000000
PMU.001,2026-07-09T06:11:02Z,1783577462,0,1,0x0000,true,60.013454,0.000266,0.000000,0.000000,0x0000,88,85.031174,1.972715,80.020920,-36.940044,75.014603,179.403229,54.997395,-144.105011
PMU.001,2026-07-09T06:11:02.033333Z,1783577462,33333,1,0x0000,true,60.001884,-0.000386,0.000000,0.000000,0x0001,88,90.020569,37.717396,85.016716,-0.804731,80.013847,-180.000000,59.985989,-107.857323
PMU.001,2026-07-09T06:11:02.066666Z,1783577462,66666,1,0x0000,true,60.011909,0.000334,0.000000,0.000000,0x0002,88,95.013718,73.454613,90.005531,34.245995,85.006081,-144.214066,64.978462,-72.471977
PMU.001,2026-07-09T06:11:02.1Z,1783577462,100000,1,0x0000,true,59.987747,-0.000805,0.000000,0.000000,0x0003,88,50.000000,108.648666,95.008804,69.695107,89.990250,-108.206223,69.971832,-35.766449
PMU.001,2026-07-09T06:11:02.133333Z,1783577462,133333,1,0x0000,true,59.988647,0.000030,0.000000,0.000000,0x0004,88,54.983364,145.193268,50.000000,106.320778,94.984436,-72.496689,74.979126,-0.632550
PMU.001,2026-07-09T06:11:02.166666Z,1783577462,166666,1,0x0000,true,59.987507,-0.000038,0.000000,0.000000,0x0005,88,59.979752,-180.000000,54.993240,142.616211,99.985146,-35.839191,79.965195,35.873634
PMU.001,2026-07-09T06:11:02.2Z,1783577462,200000,1,0x0000,true,60.014351,0.000895,0.000000,0.000000,0x0006,88,64.976311,-143.508575,59.978985,179.145020,50.000000,0.979700,84.955299,72.247803
PMU.001,2026-07-09T06:11:02.233333Z,1783577462,233333,1,0x0000,true,59.995888,-0.000615,0.000000,0.000000,0x0007,88,69.987770,-107.278313,64.995407,-180.000000,55.009159,36.997272,89.967285,107.796524
PMU.001,2026-07-09T06:11:02.266666Z,1783577462,266666,1,0x0000,true,60.009335,0.000448,0.000000,0.000000,0x0008,88,74.997917,-71.554443,70.001984,-144.708862,59.997570,73.949867,94.955376,143.792526
PMU.001,2026-07-09T06:11:02.3Z,1783577462,300000,1,0x0000,true,60.007717,-0.000054,0.000000,0.000000,0x0009,88,79.993988,-36.173641,75.001877,-108.285721,64.992256,110.774475,99.958725,-180.000000
PMU.001,2026-07-09T06:11:02.333333Z,1783577462,333333,1,0x0000,true,60.005009,-0.000090,0.000000,0.000000,0x000A,88,84.994179,-0.949982,79.997986,-73.022141,69.991852,146.250870,50.000000,-144.098709
PMU.001,2026-07-09T06:11:02.366666Z,1783577462,366666,1,0x0000,true,60.014206,0.000307,0.000000,0.000000,0x000B,88,89.995201,34.913250,84.992874,-36.450790,74.991798,-180.000000,55.002537,-108.365639
PMU.001,2026-07-09T06:11:02.4Z,1783577462,400000,1,0x0000,true,60.001740,-0.000416,0.000000,0.000000,0x000C,88,95.000275,71.127594,90.005310,0.039892,79.986855,-144.362228,59.995670,-71.541733
PMU.001,2026-07-09T06:11:02.433333Z,1783577462,433333,1,0x0000,true,60.011562,0.000327,0.000000,0.000000,0x000D,88,50.000000,106.717529,95.016029,35.336700,84.986832,-108.793045,65.007545,-36.103634
PMU.001,2026-07-09T06:11:02.466666Z,1783577462,466666,1,0x0000,true,59.991070,-0.000683,0.000000,0.000000,0x000E,88,55.012173,142.261002,50.000000,71.553024,89.972076,-72.910805,70.013718,-0.565872
PMU.001,2026-07-09T06:11:02.5Z,1783577462,500000,1,0x0000,true,60.014999,0.000798,0.000000,0.000000,0x000F,88,60.025280,178.568314,55.007324,108.029427,94.981606,-35.969692,75.004562,34.612732
PMU.001,2026-07-09T06:11:02.533333Z,1783577462,533333,1,0x0000,true,59.995163,-0.000661,0.000000,0.000000,0x0000,88,65.020721,-180.000000,59.998917,143.970886,99.992950,-0.266921,80.008827,70.792984
PMU.001,2026-07-09T06:11:02.566666Z,1783577462,566666,1,0x0000,true,59.988514,-0.000222,0.000000,0.000000,0x0001,88,70.014809,-144.046661,64.994164,-180.000000,50.000000,35.931168,85.009506,107.049179
PMU.001,2026-07-09T06:11:02.6Z,1783577462,600000,1,0x0000,true,59.991829,0.000110,0.000000,0.000000,0x0002,88,75.030113,-108.796021,70.005661,-144.417480,55.003807,72.025795,90.002502,143.224991
PMU.001,2026-07-09T06:11:02.633333Z,1783577462,633333,1,0x0000,true,60.001087,0.000309,0.000000,0.000000,0x0003,88,80.027008,-72.979240,75.010628,-109.357254,60.012058,107.157188,95.018654,179.456482
PMU.001,2026-07-09T06:11:02.666666Z,1783577462,666666,1,0x0000,true,60.002285,0.000040,0.000000,0.000000,0x0004,88,85.025635,-36.934387,79.995132,-74.059570,65.020462,142.685867,50.000000,-180.000000
PMU.001,2026-07-09T06:11:02.7Z,1783577462,700000,1,0x0000,true,60.015366,0.000436,0.000000,0.000000,0x0005,88,90.015800,-1.303367,84.978714,-37.344486,70.023170,177.818954,54.998001,-144.857651
PMU.001,2026-07-09T06:11:02.733333Z,1783577462,733333,1,0x0000,true,59.983418,-0.001065,0.000000,0.000000,0x0006,88,95.023521,34.994331,89.990150,-2.199746,75.016609,-180.000000,60.001812,-107.939796
PMU.001,2026-07-09T06:11:02.766666Z,1783577462,766666,1,0x0000,true,59.984966,0.000052,0.000000,0.000000,0x0007,88,50.000000,70.801254,94.991760,33.326187,80.032349,-143.640182,64.994553,-72.159561
PMU.001,2026-07-09T06:11:02.8Z,1783577462,800000,1,0x0000,true,60.015537,0.001019,0.000000,0.000000,0x0008,88,55.012039,106.374458,99.999542,69.565071,85.034515,-107.116043,70.008720,-36.230408
PMU.001,2026-07-09T06:11:02.833333Z,1783577462,833333,1,0x0000,true,59.993454,-0.000736,0.000000,0.000000,0x0009,88,60.018970,142.150909,50.000000,105.287834,90.031891,-71.353409,75.020004,0.072594
PMU.001,2026-07-09T06:11:02.866666Z,1783577462,866666,1,0x0000,true,60.007000,0.000452,0.000000,0.000000,0x000A,88,65.010895,179.038757,54.984539,141.721573,95.030792,-34.486084,80.034973,36.675419
PMU.001,2026-07-09T06:11:02.9Z,1783577462,900000,1,0x0000,true,59.991127,-0.000529,0.000000,0.000000,0x000B,88,70.021515,-180.000000,59.990967,176.835709,50.000000,2.270384,85.049530,73.321609
PMU.001,2026-07-09T06:11:02.933333Z,1783577462,933333,1,0x0000,true,60.010201,0.000636,0.000000,0.000000,0x000C,88,75.012039,-143.809723,64.987480,-180.000000,55.006493,37.936146,90.057083,109.612717
PMU.001,2026-07-09T06:11:02.966666Z,1783577462,966666,1,0x0000,true,59.987644,-0.000752,0.000000,0.000000,0x000D,88,79.999023,-108.310959,69.979019,-144.593094,60.018330,73.458344,95.070839,145.517395
PMU.001,2026-07-09T06:11:03Z,1783577463,0,1,0x0000,true,59.989410,0.000059,0.000000,0.000000,0x000E,88,84.985176,-71.387093,74.981300,-109.185196,65.026421,108.703796,50.000000,-180.000000
PMU.001,2026-07-09T06:11:03.033333Z,1783577463,33333,1,0x0000,true,59.984554,-0.000162,0.000000,0.000000,0x000F,88,89.981766,-34.690838,79.968971,-73.309143,70.033127,144.355576,54.989101,-143.262772
PMU.001,2026-07-09T06:11:03.066666Z,1783577463,66666,1,0x0000,true,59.994820,0.000342,0.000000,0.000000,0x0000,88,94.991966,0.523379,84.973793,-36.659401,75.017242,179.951981,59.984558,-106.574028
PMU.001,2026-07-09T06:11:03.1Z,1783577463,100000,1,0x0000,true,59.995186,0.000012,0.000000,0.000000,0x0001,88,50.000000,36.192287,89.979050,-1.142038,80.006752,-180.000000,64.973557,-70.436737
PMU.001,2026-07-09T06:11:03.133333Z,1783577463,133333,1,0x0000,true,60.008518,0.000444,0.000000,0.000000,0x0002,88,55.015327,71.692345,94.980659,34.354752,85.011421,-143.823013,69.959740,-34.598217
PMU.001,2026-07-09T06:11:03.166666Z,1783577463,166666,1,0x0000,true,60.011967,0.000115,0.000000,0.000000,0x0003,88,60.020092,107.206612,99.976089,70.101067,90.003548,-107.840248,74.963593,0.938147
PMU.001,2026-07-09T06:11:03.2Z,1783577463,200000,1,0x0000,true,59.999584,-0.000413,0.000000,0.000000,0x0004,88,65.020966,142.960220,50.000000,106.790909,94.998009,-71.667160,79.949791,36.889626
PMU.001,2026-07-09T06:11:03.233333Z,1783577463,233333,1,0x0000,true,59.989246,-0.000345,0.000000,0.000000,0x0005,88,70.030441,179.624878,55.005196,142.940201,50.000000,-36.214672,84.944801,73.721336
PMU.001,2026-07-09T06:11:03.266666Z,1783577463,266666,1,0x0000,true,59.985592,-0.000122,0.000000,0.000000,0x0006,88,75.019402,-180.000000,60.018871,179.632904,54.994091,0.070145,89.946564,109.099922
PMU.001,2026-07-09T06:11:03.3Z,1783577463,300000,1,0x0000,true,59.992199,0.000220,0.000000,0.000000,0x0007,88,80.016266,-143.966980,65.007126,-180.000000,59.989662,36.828129,94.958214,144.523972
PMU.001,2026-07-09T06:11:03.333333Z,1783577463,333333,1,0x0000,true,60.009949,0.000592,0.000000,0.000000,0x0008,88,85.029167,-107.069756,70.018806,-144.769119,64.976837,72.165207,99.964111,179.970169
PMU.001,2026-07-09T06:11:03.366666Z,1783577463,366666,1,0x0000,true,59.998573,-0.000379,0.000000,0.000000,0x0009,88,90.030830,-70.868584,75.013092,-108.549934,69.973816,108.696289,50.000000,-180.000000
PMU.001,2026-07-09T06:11:03.4Z,1783577463,400000,1,0x0000,true,60.003666,0.000170,0.000000,0.000000,0x000A,88,95.020760,-34.581024,79.996773,-72.825249,74.984070,144.219650,54.984127,-144.699753
PMU.001,2026-07-09T06:11:03.433333Z,1783577463,433333,1,0x0000,true,60.008842,0.000173,0.000000,0.000000,0x000B,88,50.000000,1.878415,84.988503,-36.378220,79.972427,179.883942,59.988903,-109.312897
PMU.001,2026-07-09T06:11:03.466666Z,1783577463,466666,1,0x0000,true,60.002781,-0.000202,0.000000,0.000000,0x000C,88,55.000546,38.208633,89.985741,-1.296894,84.979500,-180.000000,64.988556,-72.590935
PMU.001,2026-07-09T06:11:03.5Z,1783577463,500000,1,0x0000,true,60.001434,-0.000045,0.000000,0.000000,0x000D,88,60.015633,74.468384,94.996140,34.788292,89.990631,-143.646240,69.987358,-36.568291
PMU.001,2026-07-09T06:11:03.533333Z,1783577463,533333,1,0x0000,true,60.000832,-0.000020,0.000000,0.000000,0x000E,88,65.030365,111.378548,50.000000,69.895615,94.984085,-106.737411,74.980553,0.148775
PMU.001,2026-07-09T06:11:03.566666Z,1783577463,566666,1,0x0000,true,60.008305,0.000249,0.000000,0.000000,0x000F,88,70.037910,148.020309,55.000446,106.157051,99.982933,-70.709763,79.978142,36.777889
