timestamp_utc,soc,fracsec,idcode,stat_hex,crc_ok,frequency_hz,rocof_hz_s,frame_bytes,PZR.AI_mag,PZR.AI_angle_deg,PZR.BV_mag,PZR.BV_angle_deg,PZR.CI_mag,PZR.CI_angle_deg,PZR.AV_mag,PZR.AV_angle_deg,PZR.BI_mag,PZR.BI_angle_deg,PZR.CV_mag,PZR.CV_angle_deg,ANA1,ANA2,ANA3,digital_hex
2026-07-08T11:41:18.933333Z,1783510878,933333,1,0x0000,true,59.983932,-0.001017,88,85.036743,144.274496,74.997536,-37.059117,80.031105,36.852146,50.000000,-107.839897,79.973793,-107.034371,69.995583,-180.000005,0.000000,0.000000,0.000000,0x0000
2026-07-08T11:41:18.966666Z,1783510878,966666,1,0x0000,true,60.005589,0.000722,88,90.053116,179.600562,79.985184,-1.435382,85.031357,73.727924,54.989651,-71.055742,84.973984,-70.186218,75.010979,-144.197629,0.000000,0.000000,0.000000,0x0001
2026-07-08T11:41:19Z,1783510879,0,1,0x0000,true,59.987663,-0.000598,88,95.053482,-180.000005,84.970955,34.250602,90.024551,108.780980,59.976799,-34.922470,89.986229,-34.341460,80.015320,-108.568999,0.000000,0.000000,0.000000,0x0002
2026-07-08T11:41:19.033333Z,1783510879,33333,1,0x0000,true,60.001125,0.000449,88,50.000000,-144.864474,89.973587,70.292776,95.010941,145.065500,64.969757,1.276548,95.000969,1.866418,85.014183,-73.279945,0.000000,0.000000,0.000000,0x0003
2026-07-08T11:41:19.066666Z,1783510879,66666,1,0x0000,true,59.992352,-0.000292,88,54.995640,-108.835417,94.962967,105.696249,50.000000,-180.000005,69.969978,36.815710,99.994598,37.398820,90.016769,-37.716127,0.000000,0.000000,0.000000,0x0004
2026-07-08T11:41:19.1Z,1783510879,100000,1,0x0000,true,59.992859,0.000017,88,59.990173,-72.763692,99.962479,141.208424,55.012600,-143.833457,74.956787,73.198331,50.000000,74.196379,95.028542,-2.543059,0.000000,0.000000,0.000000,0x0005
2026-07-08T11:41:19.133333Z,1783510879,133333,1,0x0000,true,59.993320,0.000015,88,64.999565,-37.453537,50.000000,177.563526,60.022556,-107.811626,79.957176,109.621285,54.986134,110.482012,50.000000,33.356834,0.000000,0.000000,0.000000,0x0006
2026-07-08T11:41:19.166666Z,1783510879,166666,1,0x0000,true,60.002945,0.000321,88,70.002380,-0.949624,55.015102,-180.000005,65.018677,-72.512075,84.949226,146.370995,59.969852,147.321593,55.011059,68.462292,0.000000,0.000000,0.000000,0x0007
2026-07-08T11:41:19.2Z,1783510879,200000,1,0x0000,true,59.989540,-0.000447,88,75.005463,35.295324,60.020588,-143.500294,70.016708,-37.035454,89.955826,-180.000005,64.970779,-180.000005,60.009544,104.315205,0.000000,0.000000,0.000000,0x0008
2026-07-08T11:41:19.233333Z,1783510879,233333,1,0x0000,true,60.000778,0.000375,88,79.999771,71.844759,65.026962,-106.889134,75.013130,-0.337565,94.944771,-143.587597,69.965614,-144.536147,64.995613,139.793577,0.000000,0.000000,0.000000,0x0009
2026-07-08T11:41:19.266666Z,1783510879,266666,1,0x0000,true,59.994663,-0.000204,88,84.988098,107.070633,70.016060,-70.806044,79.999229,35.870839,99.954857,-107.032862,74.981369,-107.699830,69.984207,176.169840,0.000000,0.000000,0.000000,0x000A
2026-07-08T11:41:19.3Z,1783510879,300000,1,0x0000,true,59.997604,0.000098,88,89.989998,142.477364,75.025314,-35.670745,84.987991,71.794400,50.000000,-71.230656,79.989685,-71.151679,74.989998,-180.000005,0.000000,0.000000,0.000000,0x000B
2026-07-08T11:41:19.333333Z,1783510879,333333,1,0x0000,true,59.987602,-0.000333,88,94.995399,178.841209,80.027092,-0.238887,89.997803,107.112946,55.016518,-35.372436,84.993721,-34.705410,79.984329,-144.667354,0.000000,0.000000,0.000000,0x000C
2026-07-08T11:41:19.366666Z,1783510879,366666,1,0x0000,true,59.992939,0.000178,88,99.997818,-180.000005,85.013641,36.380723,95.002144,143.425271,60.014854,0.084543,90.000114,2.244624,84.974960,-108.440127,0.000000,0.000000,0.000000,0x000D
2026-07-08T11:41:19.4Z,1783510879,400000,1,0x0000,true,60.002831,0.000330,88,50.000000,-144.275028,90.019073,72.514110,50.000000,179.186680,65.008774,36.261939,94.988785,38.578169,89.984871,-71.512122,0.000000,0.000000,0.000000,0x000E
2026-07-08T11:41:19.433333Z,1783510879,433333,1,0x0000,true,59.985653,-0.000573,88,54.992992,-108.887122,95.017952,108.189076,54.993019,-180.000005,69.997963,72.175415,99.990311,74.129921,94.978241,-35.334027,0.000000,0.000000,0.000000,0x000F
2026-07-08T11:41:19.466666Z,1783510879,466666,1,0x0000,true,60.003906,0.000608,88,59.990589,-72.022357,50.000000,144.519645,59.981945,-143.488983,75.000969,107.478518,50.000000,109.563993,99.994354,0.884926,0.000000,0.000000,0.000000,0x0000
2026-07-08T11:41:19.5Z,1783510879,500000,1,0x0000,true,60.004818,0.000030,88,65.007225,-35.165523,55.000717,-180.000005,64.990616,-107.409451,80.003151,144.360993,54.988327,145.771700,50.000000,37.668845,0.000000,0.000000,0.000000,0x0001
2026-07-08T11:41:19.533333Z,1783510879,533333,1,0x0000,true,59.990917,-0.000463,88,70.003624,0.238183,60.001526,-144.328413,69.974701,-71.436935,84.998672,-180.000005,60.004875,-180.000005,55.010990,74.443086,0.000000,0.000000,0.000000,0x0002
2026-07-08T11:41:19.566666Z,1783510879,566666,1,0x0000,true,60.007504,0.000553,88,75.013809,35.977034,65.002922,-107.816046,74.969559,-35.028844,89.988670,-143.433604,65.016884,-143.904450,59.994942,111.318280,0.000000,0.000000,0.000000,0x0003
2026-07-08T11:41:19.6Z,1783510879,600000,1,0x0000,true,59.992924,-0.000486,88,80.007195,72.044849,70.008308,-72.490621,79.971428,1.672659,94.985893,-107.398250,70.029007,-107.572133,65.005386,148.009639,0.000000,0.000000,0.000000,0x0004
2026-07-08T11:41:19.633333Z,1783510879,633333,1,0x0000,true,60.011005,0.000603,88,85.019897,107.530038,74.994026,-36.400947,84.975601,38.387743,99.975197,-72.171037,75.025497,-72.080530,70.000755,-180.000005,0.000000,0.000000,0.000000,0x0005
2026-07-08T11:41:19.666666Z,1783510879,666666,1,0x0000,true,59.986084,-0.000831,88,90.021576,144.296298,80.004593,-1.055702,89.972137,75.027579,50.000000,-35.752861,80.040565,-36.104513,75.007263,-143.854316,0.000000,0.000000,0.000000,0x0006
2026-07-08T11:41:19.7Z,1783510879,700000,1,0x0000,true,59.988747,0.000089,88,95.025826,-180.000005,85.009438,35.510171,94.970680,110.399462,54.994694,-0.341112,85.028831,-0.141844,79.997086,-107.894442,0.000000,0.000000,0.000000,0x0007
2026-07-08T11:41:19.733333Z,1783510879,733333,1,0x0000,true,59.985863,-0.000096,88,50.000000,-144.159735,89.998367,70.644886,99.954132,147.101730,59.978863,36.516599,90.030617,35.698014,85.009918,-71.789441,0.000000,0.000000,0.000000,0x0008
2026-07-08T11:41:19.766666Z,1783510879,766666,1,0x0000,true,60.007748,0.000729,88,54.987980,-107.371967,95.004227,107.063584,50.000000,-180.000005,64.968796,73.333801,95.043686,72.216034,90.013908,-35.384263,0.000000,0.000000,0.000000,0x0009
2026-07-08T11:41:19.8Z,1783510879,800000,1,0x0000,true,59.983494,-0.000808,88,59.992832,-70.632229,99.987885,142.537169,55.015266,-143.513339,69.968246,108.578329,50.000000,107.994286,95.017143,0.872984,0.000000,0.000000,0.000000,0x000A
2026-07-08T11:41:19.833333Z,1783510879,833333,1,0x0000,true,60.000244,0.000558,88,64.989563,-34.985294,50.000000,179.346738,60.003223,-107.952376,74.970901,145.426134,54.991940,144.449294,50.000000,37.626593,0.000000,0.000000,0.000000,0x000B
2026-07-08T11:41:19.866666Z,1783510879,866666,1,0x0000,true,59.995319,-0.000164,88,69.981934,0.839470,55.000214,-180.000005,64.997406,-71.835367,79.981712,-180.000005,59.999722,-180.000005,54.989895,72.767019,0.000000,0.000000,0.000000,0x000C
2026-07-08T11:41:19.9Z,1783510879,900000,1,0x0000,true,59.988892,-0.000214,88,74.991951,37.673107,60.015072,-143.451731,70.007301,-36.327795,84.990112,-144.236738,64.998848,-144.037679,59.987682,108.843115,0.000000,0.000000,0.000000,0x000D
2026-07-08T11:41:19.933333Z,1783510879,933333,1,0x0000,true,59.997665,0.000292,88,79.989159,74.389824,65.017776,-107.263552,75.007019,-0.468876,90.004524,-108.176673,70.006813,-107.983091,64.975838,144.225837,0.000000,0.000000,0.000000,0x000E
2026-07-08T11:41:19.966666Z,1783510879,966666,1,0x0000,true,60.002819,0.000172,88,84.977486,110.329412,70.028725,-72.123301,79.998184,35.280116,95.010864,-71.812766,75.020149,-71.370416,69.971306,-180.000005,0.000000,0.000000,0.000000,0x000F
2026-07-08T11:41:20Z,1783510880,0,1,0x0000,true,59.992249,-0.000352,88,89.985123,147.229031,75.045074,-35.395977,84.991905,71.033421,50.000000,-36.268998,80.029999,-35.467547,74.975670,-144.154544,0.000000,0.000000,0.000000,0x0000
2026-07-08T11:41:20.033333Z,1783510880,33333,1,0x0000,true,60.010067,0.000594,88,94.999893,-180.000005,80.043251,-0.308823,90.000977,107.288161,55.001850,-0.745281,85.024788,0.226890,79.978706,-108.312409,0.000000,0.000000,0.000000,0x0001
2026-07-08T11:41:20.066666Z,1783510880,66666,1,0x0000,true,59.983570,-0.000883,88,50.000000,-144.938267,85.032043,36.052115,94.995789,143.439683,59.988052,36.183187,90.020103,36.256061,84.969727,-73.255391,0.000000,0.000000,0.000000,0x0002
2026-07-08T11:41:20.1Z,1783510880,100000,1,0x0000,true,59.996284,0.000424,88,54.991455,-108.656480,90.018814,71.497785,99.997276,-180.000005,64.993660,72.159316,95.012566,72.310762,89.965866,-38.069152,0.000000,0.000000,0.000000,0x0003
2026-07-08T11:41:20.133333Z,1783510880,133333,1,0x0000,true,60.012577,0.000543,88,59.985947,-73.226895,95.030785,107.484413,50.000000,-144.937393,69.985405,108.401174,50.000000,108.251689,94.967812,-2.051228,0.000000,0.000000,0.000000,0x0004
2026-07-08T11:41:20.166666Z,1783510880,166666,1,0x0000,true,59.985863,-0.000890,88,65.001869,-36.346278,50.000000,142.836413,54.991032,-108.538277,74.993553,143.680378,54.995171,144.431535,99.966301,33.907767,0.000000,0.000000,0.000000,0x0005
2026-07-08T11:41:20.2Z,1783510880,200000,1,0x0000,true,60.009731,0.000796,88,69.995926,0.292801,55.015141,179.587926,60.003021,-73.351164,79.983360,-180.000005,59.990753,-180.000005,50.000000,69.006521,0.000000,0.000000,0.000000,0x0006
2026-07-08T11:41:20.233333Z,1783510880,233333,1,0x0000,true,60.009296,-0.000014,88,75.002686,36.737788,60.023308,-180.000005,64.994408,-37.825058,84.974968,-143.736809,64.989235,-144.601716,55.001553,104.087438,0.000000,0.000000,0.000000,0x0007
2026-07-08T11:41:20.266666Z,1783510880,266666,1,0x0000,true,60.000702,-0.000286,88,80.016838,73.393887,65.027267,-144.200306,69.983093,-1.101698,89.967926,-108.612992,69.982811,-109.510014,60.003807,140.340430,0.000000,0.000000,0.000000,0x0008
2026-07-08T11:41:20.3Z,1783510880,300000,1,0x0000,true,60.014805,0.000470,88,85.020386,109.574662,70.040657,-107.907215,74.980400,34.783626,94.977264,-71.687903,74.996185,-73.605110,65.011711,175.534127,0.000000,0.000000,0.000000,0x0009
2026-07-08T11:41:20.333333Z,1783510880,333333,1,0x0000,true,60.015656,0.000028,88,90.027084,146.142976,75.044144,-71.336681,79.968735,70.699725,99.976456,-36.546252,79.999092,-38.167247,69.999344,-180.000005,0.000000,0.000000,0.000000,0x000A
2026-07-08T11:41:20.366666Z,1783510880,366666,1,0x0000,true,60.016491,0.000028,88,95.040459,-180.000005,80.038979,-35.826719,84.974594,106.177046,50.000000,-1.045908,85.003319,-2.537334,75.002220,-143.552750,0.000000,0.000000,0.000000,0x000B
2026-07-08T11:41:20.4Z,1783510880,400000,1,0x0000,true,60.013924,-0.000086,88,50.000000,-143.682728,85.031975,-0.686700,89.989319,141.327556,55.014347,34.772910,90.017998,32.844747,79.995071,-106.637981,0.000000,0.000000,0.000000,0x000C
2026-07-08T11:41:20.433333Z,1783510880,433333,1,0x0000,true,60.010258,-0.000122,88,54.993408,-108.119203,90.025963,35.950281,94.980621,178.118179,60.014885,70.628159,95.010246,68.656515,84.992104,-70.753533,0.000000,0.000000,0.000000,0x000D
2026-07-08T11:41:20.466666Z,1783510880,466666,1,0x0000,true,60.002506,-0.000258,88,60.008926,-72.436192,95.019798,72.479959,99.986664,-180.000005,65.002327,105.886380,50.000000,104.328100,89.980415,-34.915364,0.000000,0.000000,0.000000,0x000E
2026-07-08T11:41:20.5Z,1783510880,500000,1,0x0000,true,59.986031,-0.000549,88,65.001617,-35.613686,50.000000,108.624713,50.000000,-144.743935,70.011261,142.674497,55.008801,141.174505,94.995102,1.351966,0.000000,0.000000,0.000000,0x000F
2026-07-08T11:41:20.533333Z,1783510880,533333,1,0x0000,true,59.994946,0.000297,88,70.011574,-0.478737,54.984158,144.889950,55.000301,-109.317963,75.008308,179.375712,60.022102,176.379745,50.000000,37.068085,0.000000,0.000000,0.000000,0x0000
2026-07-08T11:41:20.566666Z,1783510880,566666,1,0x0000,true,59.998722,0.000126,88,75.016693,35.380124,59.994621,-180.000005,60.007027,-73.599393,79.992371,-180.000005,65.031586,-180.000005,55.011398,73.322129,0.000000,0.000000,0.000000,0x0001
2026-07-08T11:41:20.6Z,1783510880,600000,1,0x0000,true,59.989357,-0.000312,88,80.007370,70.730495,64.989464,-144.333782,65.011520,-36.865424,84.986458,-143.458957,70.033768,-143.515798,59.994801,108.498402,0.000000,0.000000,0.000000,0x0002
2026-07-08T11:41:20.633333Z,1783510880,633333,1,0x0000,true,60.010654,0.000710,88,84.996147,107.679599,69.987503,-107.562338,70.019348,-1.311282,89.971504,-107.082982,75.045197,-107.687884,64.992668,144.401264,0.000000,0.000000,0.000000,0x0003
2026-07-08T11:41:20.666666Z,1783510880,666666,1,0x0000,true,60.003262,-0.000246,88,90.010338,142.938401,74.973167,-72.409144,75.028778,34.192210,94.967278,-70.659734,80.033394,-71.068036,69.987801,-180.000005,0.000000,0.000000,0.000000,0x0004
2026-07-08T11:41:20.7Z,1783510880,700000,1,0x0000,true,59.996948,-0.000210,88,95.007645,179.786493,79.981270,-36.018654,80.039040,70.852974,99.959061,-35.107808,85.037674,-34.998354,74.995781,-144.776282,0.000000,0.000000,0.000000,0x0005
2026-07-08T11:41:20.733333Z,1783510880,733333,1,0x0000,true,59.983948,-0.000433,88,99.992088,-180.000005,84.986862,0.903520,85.039696,106.774496,50.000000,1.387538,90.034988,1.700585,79.998329,-108.195258,0.000000,0.000000,0.000000,0x0006
2026-07-08T11:41:20.766666Z,1783510880,766666,1,0x0000,true,59.992077,0.000271,88,50.000000,-143.674682,89.977318,36.373438,90.050735,143.625792,55.008057,37.482982,95.024628,37.931428,84.986763,-71.337487,0.000000,0.000000,0.000000,0x0007
2026-07-08T11:41:20.8Z,1783510880,800000,1,0x0000,true,60.012562,0.000683,88,54.986008,-108.117393,94.978508,72.316171,95.042854,178.998891,60.019543,73.181850,50.000000,74.029087,89.993034,-35.684316,0.000000,0.000000,0.000000,0x0008
2026-07-08T11:41:20.833333Z,1783510880,833333,1,0x0000,true,59.996048,-0.000550,88,59.990498,-72.659307,99.993225,108.791178,50.000000,-180.000005,65.008545,109.109198,55.003712,110.283772,94.977066,0.136076,0.000000,0.000000,0.000000,0x0009
2026-07-08T11:41:20.866666Z,1783510880,866666,1,0x0000,true,60.000271,0.000141,88,64.981880,-37.103066,50.000000,144.187711,54.983356,-144.174597,70.009743,145.734175,59.995445,146.523882,99.974731,35.433351,0.000000,0.000000,0.000000,0x000A
2026-07-08T11:41:20.9Z,1783510880,900000,1,0x0000,true,59.998489,-0.000059,88,69.996971,-1.408105,54.989777,-180.000005,59.979038,-107.443602,75.026070,-180.000005,64.980408,-180.000005,50.000000,71.850127,0.000000,0.000000,0.000000,0x000B
2026-07-08T11:41:20.933333Z,1783510880,933333,1,0x0000,true,59.998196,-0.000010,88,74.989754,34.554272,60.004734,-143.919476,64.986938,-70.846315,80.020912,-143.527273,69.970673,-144.335298,54.999329,106.903478,0.000000,0.000000,0.000000,0x000C
2026-07-08T11:41:20.966666Z,1783510880,966666,1,0x0000,true,59.997330,-0.000029,88,79.993614,70.562582,65.004707,-107.987756,69.984398,-35.093710,85.017136,-107.962348,74.980865,-108.990230,59.988708,143.039611,0.000000,0.000000,0.000000,0x000D
2026-07-08T11:41:21Z,1783510881,0,1,0x0000,true,60.005234,0.000263,88,84.980247,105.697649,70.013504,-71.268011,74.981430,1.290600,90.004326,-71.719787,79.980843,-73.654076,64.985924,178.760216,0.000000,0.000000,0.000000,0x000E
2026-07-08T11:41:21.033333Z,1783510881,33333,1,0x0000,true,59.998287,-0.000232,88,89.996643,142.617902,75.008224,-34.628991,79.979950,36.988302,95.013916,-35.565649,84.996750,-37.735938,69.986771,-180.000005,0.000000,0.000000,0.000000,0x000F
2026-07-08T11:41:21.066666Z,1783510881,66666,1,0x0000,true,59.988632,-0.000322,88,95.006996,177.907945,79.993195,2.155920,84.970375,73.684094,99.999954,1.177354,90.002441,-1.796350,74.999191,-144.777457,0.000000,0.000000,0.000000,0x0000
2026-07-08T11:41:21.1Z,1783510881,100000,1,0x0000,true,59.994705,0.000202,88,99.997047,-180.000005,84.999962,38.423366,89.959251,109.572101,50.000000,36.557980,94.997330,34.168766,79.991264,-108.826271,0.000000,0.000000,0.000000,0x0001
2026-07-08T11:41:21.133333Z,1783510881,133333,1,0x0000,true,59.993408,-0.000043,88,50.000000,-143.924667,90.007225,73.962821,94.973289,144.687176,54.983685,73.025350,99.988045,69.811384,84.984467,-72.623755,0.000000,0.000000,0.000000,0x0002
2026-07-08T11:41:21.166666Z,1783510881,166666,1,0x0000,true,59.989838,-0.000119,88,55.004044,-108.718839,94.990776,109.186714,99.970184,-180.000005,59.990276,108.974903,50.000000,105.472717,89.976334,-36.754928,0.000000,0.000000,0.000000,0x0003
2026-07-08T11:41:21.2Z,1783510881,200000,1,0x0000,true,60.004890,0.000502,88,60.016979,-72.156871,50.000000,144.265589,50.000000,-144.730534,64.996956,144.517090,55.009155,142.026284,94.964531,-1.437195,0.000000,0.000000,0.000000,0x0004
2026-07-08T11:41:21.233333Z,1783510881,233333,1,0x0000,true,60.015114,0.000341,88,65.003059,-36.840770,55.007820,-180.000005,54.992390,-108.477891,69.993095,-180.000005,60.000984,178.091418,99.948334,35.081815,0.000000,0.000000,0.000000,0x0005
2026-07-08T11:41:21.266666Z,1783510881,266666,1,0x0000,true,60.005436,-0.000323,88,69.999809,-0.842314,59.994415,-144.053129,60.003349,-71.811769,74.990959,-144.032270,64.989784,-180.000005,50.000000,71.658704,0.000000,0.000000,0.000000,0x0006
2026-07-08T11:41:21.3Z,1783510881,300000,1,0x0000,true,59.997066,-0.000279,88,75.010056,34.917638,64.998680,-107.780085,65.015106,-36.362541,79.988060,-107.561348,69.977020,-143.353581,55.011063,108.441397,0.000000,0.000000,0.000000,0x0007
2026-07-08T11:41:21.333333Z,1783510881,333333,1,0x0000,true,59.995178,-0.000063,88,80.008904,71.529552,69.986092,-71.056316,70.026268,-1.031518,84.990646,-70.766531,74.970955,-107.338219,60.004539,144.740437,0.000000,0.000000,0.000000,0x0008
2026-07-08T11:41:21.366666Z,1783510881,366666,1,0x0000,true,60.011700,0.000551,88,85.010757,108.248014,74.976685,-34.899555,75.040398,34.564883,89.988716,-34.800367,79.975166,-71.143162,64.999397,-180.000005,0.000000,0.000000,0.000000,0x0009
2026-07-08T11:41:21.4Z,1783510881,400000,1,0x0000,true,59.989105,-0.000753,88,90.008774,145.194727,79.972321,1.292761,80.055138,69.672144,94.980293,0.539049,84.967018,-35.028717,69.985939,-143.404002,0.000000,0.000000,0.000000,0x000A
2026-07-08T11:41:21.433333Z,1783510881,433333,1,0x0000,true,59.983994,-0.000170,88,95.012650,-180.000005,84.985672,38.243028,85.070152,105.482976,99.980217,36.033506,89.960960,1.056061,74.997795,-107.960367,0.000000,0.000000,0.000000,0x000B
2026-07-08T11:41:21.466666Z,1783510881,466666,1,0x0000,true,59.988792,0.000160,88,50.000000,-143.078885,89.975090,74.998155,90.076607,141.206730,50.000000,72.030915,94.960472,36.552092,79.997986,-71.640522,0.000000,0.000000,0.000000,0x000C
2026-07-08T11:41:21.5Z,1783510881,500000,1,0x0000,true,59.987980,-0.000027,88,55.001690,-106.506022,94.965393,111.665854,95.086914,176.887064,55.013985,107.259003,99.944801,72.583539,85.003174,-35.552654,0.000000,0.000000,0.000000,0x000D
2026-07-08T11:41:21.533333Z,1783510881,533333,1,0x0000,true,59.985332,-0.000088,88,60.001751,-70.164204,99.974670,148.265881,50.000000,-180.000005,60.003300,142.755380,50.000000,109.286906,89.992851,0.883938,0.000000,0.000000,0.000000,0x000E
2026-07-08T11:41:21.566666Z,1783510881,566666,1,0x0000,true,59.991325,0.000200,88,64.996704,-33.648807,50.000000,-180.000005,55.011070,-144.155309,64.991585,177.972217,55.002411,145.491758,94.987976,36.250051,0.000000,0.000000,0.000000,0x000F
2026-07-08T11:41:21.6Z,1783510881,600000,1,0x0000,true,60.009789,0.000615,88,70.011765,1.627252,55.014603,-144.397958,60.027161,-107.861050,70.005081,-180.000005,60.013992,-180.000005,99.998047,72.046953,0.000000,0.000000,0.000000,0x0000
2026-07-08T11:41:21.633333Z,1783510881,633333,1,0x0000,true,60.014336,0.000152,88,75.004196,37.982767,60.022110,-107.872593,65.031059,-72.549614,75.017128,-144.909007,65.012573,-144.622876,50.000000,108.877266,0.000000,0.000000,0.000000,0x0001
2026-07-08T11:41:21.666666Z,1783510881,666666,1,0x0000,true,60.004753,-0.000319,88,80.018501,74.917005,65.008789,-72.823381,70.039742,-37.343089,80.028778,-109.402603,70.022835,-107.722328,54.987400,144.990368,0.000000,0.000000,0.000000,0x0002
2026-07-08T11:41:21.7Z,1783510881,700000,1,0x0000,true,60.014915,0.000339,88,85.019310,110.025728,70.021988,-37.621054,75.052040,-0.453206,85.022804,-72.884819,75.006859,-71.656375,59.987743,-180.000005,0.000000,0.000000,0.000000,0x0003
2026-07-08T11:41:21.733333Z,1783510881,733333,1,0x0000,true,60.007824,-0.000236,88,90.011589,145.219548,75.027809,-2.039460,80.047150,35.968524,90.025795,-37.089198,79.999496,-35.361068,64.976379,-144.849488,0.000000,0.000000,0.000000,0x0004
2026-07-08T11:41:21.766666Z,1783510881,766666,1,0x0000,true,60.015045,0.000241,88,95.005043,-180.000005,80.024544,34.138983,85.054344,72.697419,95.022942,-1.400648,85.005196,1.347371,69.981232,-108.361019,0.000000,0.000000,0.000000,0x0005
2026-07-08T11:41:21.8Z,1783510881,800000,1,0x0000,true,60.010422,-0.000154,88,50.000000,-144.185553,85.017014,70.602095,90.045601,107.952554,50.000000,34.856016,90.005142,36.515776,74.965706,-72.951775,0.000000,0.000000,0.000000,0x0006
2026-07-08T11:41:21.833333Z,1783510881,833333,1,0x0000,true,59.995888,-0.000484,88,54.993698,-108.544335,90.018845,106.377314,95.057159,143.517601,54.985428,70.700832,95.017929,72.029584,79.959999,-36.459867,0.000000,0.000000,0.000000,0x0007
2026-07-08T11:41:21.866666Z,1783510881,866666,1,0x0000,true,60.013386,0.000583,88,59.992954,-72.016231,95.006950,142.468102,50.000000,178.716954,59.994659,106.917862,50.000000,108.012359,84.950768,-0.561721,0.000000,0.000000,0.000000,0x0008
2026-07-08T11:41:21.9Z,1783510881,900000,1,0x0000,true,59.987282,-0.000870,88,64.993073,-36.465062,50.000000,177.621706,55.011768,-180.000005,65.006783,143.083598,54.993027,143.854439,89.942375,36.098748,0.000000,0.000000,0.000000,0x0009
2026-07-08T11:41:21.933333Z,1783510881,933333,1,0x0000,true,60.005730,0.000615,88,69.996231,-0.826871,54.988171,-180.000005,60.007587,-143.335509,70.019913,179.365562,59.987797,-180.000005,94.943008,72.993528,0.000000,0.000000,0.000000,0x000A
2026-07-08T11:41:21.966666Z,1783510881,966666,1,0x0000,true,60.008873,0.000105,88,74.995857,35.190996,59.997406,-144.462708,65.012543,-107.478805,75.016769,-180.000005,64.977875,-144.537895,99.928513,108.522144,0.000000,0.000000,0.000000,0x000B
2026-07-08T11:41:22Z,1783510882,0,1,0x0000,true,60.008080,-0.000026,88,80.002831,71.751916,64.988068,-109.146607,70.014465,-70.688763,80.003082,-144.628299,69.980492,-108.610724,50.000000,144.253418,0.000000,0.000000,0.000000,0x000C
2026-07-08T11:41:22.033333Z,1783510882,33333,1,0x0000,true,59.996845,-0.000374,88,85.004944,107.529526,70.004463,-72.755243,75.005058,-34.830775,85.018341,-109.183156,74.979347,-72.616584,54.983353,179.693616,0.000000,0.000000,0.000000,0x000D
2026-07-08T11:41:22.066666Z,1783510882,66666,1,0x0000,true,60.009724,0.000429,88,90.019951,143.755879,74.988976,-37.657015,79.998276,0.837782,90.018494,-73.491456,79.986496,-36.608393,59.974308,-180.000005,0.000000,0.000000,0.000000,0x000E
2026-07-08T11:41:22.1Z,1783510882,100000,1,0x0000,true,59.984783,-0.000831,88,95.021507,178.896533,79.975983,-2.435046,84.999458,37.599843,95.023384,-37.212237,84.974869,0.218774,64.983490,-143.146258,0.000000,0.000000,0.000000,0x000F
2026-07-08T11:41:22.133333Z,1783510882,133333,1,0x0000,true,59.983879,-0.000030,88,50.000000,-180.000005,84.978127,33.338427,89.994843,74.383239,50.000000,-0.644908,89.982964,36.764654,69.985275,-107.247938,0.000000,0.000000,0.000000,0x0000
2026-07-08T11:41:22.166666Z,1783510882,166666,1,0x0000,true,60.012131,0.000942,88,55.001484,-143.437511,89.974968,69.145297,95.001976,109.542902,54.987110,34.941059,94.982033,72.279452,74.971779,-70.372798,0.000000,0.000000,0.000000,0x0001
2026-07-08T11:41:22.2Z,1783510882,200000,1,0x0000,true,59.985470,-0.000889,88,60.017529,-107.114810,94.970192,105.971765,99.989098,146.236713,59.976341,71.378523,99.983788,107.827589,79.962486,-34.044269,0.000000,0.000000,0.000000,0x0002
2026-07-08T11:41:22.233333Z,1783510882,233333,1,0x0000,true,59.987995,0.000084,88,65.000977,-71.507218,99.961105,141.225035,50.000000,-180.000005,64.972145,107.038510,50.000000,143.496551,84.973289,2.378102,0.000000,0.000000,0.000000,0x0003
2026-07-08T11:41:22.266666Z,1783510882,266666,1,0x0000,true,60.015381,0.000913,88,69.991646,-35.563784,50.000000,177.894476,54.991108,-144.906029,69.979080,142.729562,54.994915,179.159919,89.982361,38.621827,0.000000,0.000000,0.000000,0x0004
2026-07-08T11:41:22.3Z,1783510882,300000,1,0x0000,true,59.987785,-0.000920,88,74.983398,-0.474532,55.007095,-180.000005,60.000652,-108.429451,74.982300,178.468472,59.981087,-180.000005,94.997177,74.541891,0.000000,0.000000,0.000000,0x0005
2026-07-08T11:41:22.333333Z,1783510882,333333,1,0x0000,true,60.003803,0.000534,88,79.970993,35.664277,60.023411,-143.267207,64.986343,-72.449353,79.966362,-180.000005,64.965668,-143.603867,50.000000,111.087481,0.000000,0.000000,0.000000,0x0006
2026-07-08T11:41:22.366666Z,1783510882,366666,1,0x0000,true,59.984322,-0.000649,88,84.972504,71.656785,65.037643,-106.813360,69.991043,-36.470540,84.952240,-144.944086,69.961983,-107.638399,55.006409,146.974374,0.000000,0.000000,0.000000,0x0007
2026-07-08T11:41:22.4Z,1783510882,400000,1,0x0000,true,59.985588,0.000042,88,89.967186,108.486750,70.047577,-71.587308,74.993355,-0.521451,89.935951,-109.043724,74.948082,-71.533924,60.018856,-180.000005,0.000000,0.000000,0.000000,0x0008
2026-07-08T11:41:22.433333Z,1783510882,433333,1,0x0000,true,59.992786,0.000240,88,94.976868,144.563549,75.053101,-36.012357,79.998085,36.350072,94.928307,-72.830136,79.933556,-34.972481,65.012245,-144.353425,0.000000,0.000000,0.000000,0x0009
2026-07-08T11:41:22.466666Z,1783510882,466666,1,0x0000,true,60.008038,0.000508,88,99.993507,-180.000005,80.057831,-0.637153,84.999390,73.016894,99.922836,-37.411743,84.931709,0.742938,70.020882,-108.568937,0.000000,0.000000,0.000000,0x000A
2026-07-08T11:41:22.5Z,1783510882,500000,1,0x0000,true,59.986267,-0.000726,88,50.000000,-144.911971,85.052589,35.099482,90.002029,109.888298,50.000000,-1.146511,89.942345,36.297606,75.035416,-72.645667,0.000000,0.000000,0.000000,0x000B
2026-07-08T11:41:22.533333Z,1783510882,533333,1,0x0000,true,59.989288,0.000101,88,55.007427,-109.100265,90.059052,70.338354,95.009155,146.465361,55.015701,33.961859,94.926537,72.020192,80.032555,-36.272430,0.000000,0.000000,0.000000,0x000C
2026-07-08T11:41:22.566666Z,1783510882,566666,1,0x0000,true,59.994484,0.000173,88,59.995140,-73.260698,95.061852,105.699220,99.999580,-180.000005,59.999249,70.804651,99.929771,107.521296,85.016350,-0.263599,0.000000,0.000000,0.000000,0x000D
2026-07-08T11:41:22.6Z,1783510882,600000,1,0x0000,true,59.995255,0.000026,88,64.984726,-37.538808,50.000000,142.373272,50.000000,-144.639310,64.985107,107.660495,50.000000,143.762286,90.022285,35.551490,0.000000,0.000000,0.000000,0x000E
2026-07-08T11:41:22.633333Z,1783510882,633333,1,0x0000,true,60.012039,0.000559,88,69.977684,-2.378797,55.006950,178.191508,54.993423,-108.798985,69.996750,142.974260,54.991943,179.082410,95.026665,71.849417,0.000000,0.000000,0.000000,0x000F
2026-07-08T11:41:22.666666Z,1783510882,666666,1,0x0000,true,59.987877,-0.000805,88,74.984070,33.642274,60.012753,-180.000005,60.001717,-72.986753,74.980400,179.075416,59.979321,-180.000005,50.000000,107.398195,0.000000,0.000000,0.000000,0x0000
2026-07-08T11:41:22.7Z,1783510882,700000,1,0x0000,true,59.993347,0.000182,88,79.969322,70.365982,65.014595,-143.198481,65.008438,-37.819512,79.975357,-180.000005,64.964256,-143.391994,54.999958,143.045540,0.000000,0.000000,0.000000,0x0001
2026-07-08T11:41:22.733333Z,1783510882,733333,1,0x0000,true,60.013206,0.000662,88,84.969856,106.236557,70.006935,-106.877181,69.999153,-2.067373,84.986847,-144.723307,69.957840,-106.716836,60.014732,179.744365,0.000000,0.000000,0.000000,0x0002
2026-07-08T11:41:22.766666Z,1783510882,766666,1,0x0000,true,60.011391,-0.000061,88,89.979507,142.273073,75.007469,-71.405864,75.007111,34.102387,89.984398,-108.698096,74.963234,-70.012130,65.003273,-180.000005,0.000000,0.000000,0.000000,0x0003
2026-07-08T11:41:22.8Z,1783510882,800000,1,0x0000,true,60.006336,-0.000168,88,94.992172,178.333835,80.021828,-35.968760,80.019135,69.680483,94.997986,-72.205317,79.957809,-33.644839,69.999741,-144.279810,0.000000,0.000000,0.000000,0x0004
2026-07-08T11:41:22.833333Z,1783510882,833333,1,0x0000,true,59.986542,-0.000660,88,99.985786,-180.000005,85.022346,0.148425,85.004364,105.887139,99.999062,-36.300061,84.969528,1.401281,75.001053,-108.592194,0.000000,0.000000,0.000000,0x0005
2026-07-08T11:41:22.866666Z,1783510882,866666,1,0x0000,true,59.988346,0.000060,88,50.000000,-143.402772,90.028183,35.326565,90.001022,142.823422,50.000000,0.007719,89.985771,37.282174,80.009590,-72.737410,0.000000,0.000000,0.000000,0x0006
2026-07-08T11:41:22.9Z,1783510882,900000,1,0x0000,true,59.994797,0.000215,88,54.999382,-107.673657,95.025391,71.871451,95.008514,178.320147,55.009903,35.185682,94.974678,72.891396,85.014534,-36.021625,0.000000,0.000000,0.000000,0x0007
2026-07-08T11:41:22.933333Z,1783510882,933333,1,0x0000,true,60.012943,0.000605,88,60.015327,-70.739825,50.000000,107.313685,50.000000,-180.000005,59.993355,72.081104,99.964882,109.059406,90.003967,0.189284,0.000000,0.000000,0.000000,0x0008
2026-07-08T11:41:22.966666Z,1783510882,966666,1,0x0000,true,59.988503,-0.000815,88,65.008049,-35.310883,54.993500,143.169576,54.990570,-143.908466,64.991425,108.202894,50.000000,145.969339,95.003693,35.637752,0.000000,0.000000,0.000000,0x0009
2026-07-08T11:41:23Z,1783510883,0,1,0x0000,true,59.984047,-0.000149,88,70.018753,0.538420,59.978706,179.470652,59.987034,-107.182190,70.004257,143.882060,55.001705,-180.000005,50.000000,71.100965,0.000000,0.000000,0.000000,0x000A
2026-07-08T11:41:23.033333Z,1783510883,33333,1,0x0000,true,59.985775,0.000058,88,75.008240,35.676342,64.985413,-180.000005,64.974106,-71.700498,75.007004,-180.000005,59.985378,-144.941409,55.016155,107.812029,0.000000,0.000000,0.000000,0x000B
2026-07-08T11:41:23.066666Z,1783510883,66666,1,0x0000,true,60.005699,0.000664,88,80.005043,71.738679,69.985977,-143.511359,69.959450,-35.138239,79.990852,-144.030166,65.001160,-109.045070,60.027237,144.558768,0.000000,0.000000,0.000000,0x000C
2026-07-08T11:41:23.1Z,1783510883,100000,1,0x0000,true,59.986549,-0.000638,88,84.992668,108.442920,74.978966,-107.203576,74.958527,0.435078,84.994453,-108.014982,69.992592,-72.318446,65.027214,-180.000005,0.000000,0.000000,0.000000,0x000D
2026-07-08T11:41:23.133333Z,1783510883,133333,1,0x0000,true,60.004547,0.000600,88,90.002647,145.111085,79.974426,-70.447281,79.954010,36.248244,89.996048,-72.837540,75.006760,-35.913794,70.042160,-143.101083,0.000000,0.000000,0.000000,0x000E
2026-07-08T11:41:23.166666Z,1783510883,166666,1,0x0000,true,59.999374,-0.000172,88,94.991211,-180.000005,84.981674,-33.825105,84.944664,72.354878,94.995071,-37.743974,80.015327,1.030645,75.046387,-107.536916,0.000000,0.000000,0.000000,0x000F
2026-07-08T11:41:23.2Z,1783510883,200000,1,0x0000,true,60.012749,0.000446,88,99.994820,-143.253150,89.990372,1.924703,89.937225,108.737909,99.993568,-2.289501,85.001122,37.918198,80.054192,-72.397075,0.000000,0.000000,0.000000,0x0000
2026-07-08T11:41:23.233333Z,1783510883,233333,1,0x0000,true,59.993099,-0.000655,88,50.000000,-106.894660,94.995331,38.419872,94.946663,144.041777,50.000000,34.454141,90.001839,74.831395,85.064316,-36.439476,0.000000,0.000000,0.000000,0x0001
2026-07-08T11:41:23.266666Z,1783510883,266666,1,0x0000,true,60.010330,0.000574,88,55.015511,-71.466243,99.992645,74.308579,99.945946,179.354088,54.986423,69.817046,94.999214,111.619279,90.051620,-0.219707,0.000000,0.000000,0.000000,0x0002
2026-07-08T11:41:23.3Z,1783510883,300000,1,0x0000,true,60.000095,-0.000341,88,60.018440,-35.591119,50.000000,109.659124,50.000000,-180.000005,59.987679,105.360463,50.000000,146.845857,95.040794,35.653202,0.000000,0.000000,0.000000,0x0003
2026-07-08T11:41:23.333333Z,1783510883,333333,1,0x0000,true,59.997421,-0.000089,88,65.009811,-0.068393,55.012085,145.990922,54.986462,-144.239006,64.974388,140.658839,54.988388,-180.000005,50.000000,70.723979,0.000000,0.000000,0.000000,0x0004
2026-07-08T11:41:23.366666Z,1783510883,366666,1,0x0000,true,60.005867,0.000282,88,70.007614,35.963401,60.025913,-180.000005,59.983273,-107.433521,69.975998,176.587178,59.999947,-144.403135,55.008408,107.235821,0.000000,0.000000,0.000000,0x0005
2026-07-08T11:41:23.4Z,1783510883,400000,1,0x0000,true,59.993824,-0.000401,88,74.993256,71.178549,65.018471,-143.172199,64.997261,-70.964463,74.974510,-180.000005,64.983978,-107.534526,60.017735,142.928511,0.000000,0.000000,0.000000,0x0006
2026-07-08T11:41:23.433333Z,1783510883,433333,1,0x0000,true,60.008907,0.000503,88,79.998520,107.418132,70.028824,-107.638222,70.001427,-34.432107,79.987946,-144.628764,69.992462,-71.695246,65.033607,179.533080,0.000000,0.000000,0.000000,0x0007
2026-07-08T11:41:23.466666Z,1783510883,466666,1,0x0000,true,60.008511,-0.000013,88,85.011604,144.192670,75.020058,-72.559053,74.991013,0.856600,84.988144,-108.363417,74.987274,-35.335123,70.032021,-180.000005,0.000000,0.000000,0.000000,0x0008
2026-07-08T11:41:23.5Z,1783510883,500000,1,0x0000,true,60.004185,-0.000144,88,90.020576,-180.000005,80.032234,-36.310839,79.996086,37.728008,89.987320,-72.375218,79.990677,0.881381,75.035072,-144.840350,0.000000,0.000000,0.000000,0x0009
2026-07-08T11:41:23.533333Z,1783510883,533333,1,0x0000,true,60.014435,0.000342,88,95.036453,-144.183572,85.026138,-0.153670,84.995728,72.792140,94.976608,-36.159472,84.993652,35.970283,80.036247,-109.117005,0.000000,0.000000,0.000000,0x000A
2026-07-08T11:41:23.566666Z,1783510883,566666,1,0x0000,true,60.012596,-0.000061,88,50.000000,-109.030849,90.039970,35.575795,89.987343,108.951407,99.962044,-0.790505,90.000908,71.889469,85.040398,-72.458519,0.000000,0.000000,0.000000,0x000B
2026-07-08T11:41:23.6Z,1783510883,600000,1,0x0000,true,59.999783,-0.000427,88,55.004288,-72.974048,95.048485,71.812411,95.000160,144.947420,50.000000,35.074476,94.985893,108.497364,90.053841,-37.154132,0.000000,0.000000,0.000000,0x000C
2026-07-08T11:41:23.633333Z,1783510883,633333,1,0x0000,true,59.992947,-0.000228,88,59.994324,-37.167588,50.000000,108.370705,99.988998,-180.000005,55.007236,71.819289,50.000000,144.370036,95.058540,-0.962574,0.000000,0.000000,0.000000,0x000D
2026-07-08T11:41:23.666666Z,1783510883,666666,1,0x0000,true,60.008492,0.000518,88,64.980568,-0.369796,55.009834,144.198844,50.000000,-143.518885,59.994587,107.001744,55.016582,-180.000005,50.000000,34.579154,0.000000,0.000000,0.000000,0x000E
2026-07-08T11:41:23.7Z,1783510883,700000,1,0x0000,true,60.011810,0.000111,88,69.996925,36.362483,60.013943,-180.000005,54.986584,-107.082702,65.002785,142.405332,60.006699,-144.651782,55.006920,69.720809,0.000000,0.000000,0.000000,0x000F
2026-07-08T11:41:23.733333Z,1783510883,733333,1,0x0000,true,59.992622,-0.000640,88,74.981636,73.122154,65.028664,-143.289405,59.992775,-70.975132,69.990562,179.293873,65.019783,-109.594176,60.023026,105.869059,0.000000,0.000000,0.000000,0x0000
2026-07-08T11:41:23.766666Z,1783510883,766666,1,0x0000,true,59.988903,-0.000124,88,79.966660,109.357722,70.018562,-107.808587,64.992638,-35.439758,75.001945,-180.000005,70.012459,-73.299507,65.037750,141.856445,0.000000,0.000000,0.000000,0x0001
2026-07-08T11:41:23.8Z,1783510883,800000,1,0x0000,true,60.006439,0.000585,88,84.981575,145.051170,75.003670,-71.853556,69.986267,0.787588,79.999443,-143.385751,75.016350,-37.314631,70.052353,177.515565,0.000000,0.000000,0.000000,0x0002
2026-07-08T11:41:23.833333Z,1783510883,833333,1,0x0000,true,59.994308,-0.000404,88,89.980034,-180.000005,79.995529,-36.398034,74.983902,37.038364,85.003830,-106.648930,80.020622,-1.167429,75.056778,-180.000005,0.000000,0.000000,0.000000,0x0003
2026-07-08T11:41:23.866666Z,1783510883,866666,1,0x0000,true,60.005825,0.000384,88,94.964363,-144.160787,85.004265,0.191910,79.971146,72.519062,89.991737,-71.344604,85.007729,34.468546,80.063225,-144.859051,0.000000,0.000000,0.000000,0x0004
2026-07-08T11:41:23.9Z,1783510883,900000,1,0x0000,true,59.994148,-0.000389,88,99.966087,-107.855107,90.009109,36.524928,84.967232,107.795295,94.977425,-34.456645,90.019157,70.769509,85.079018,-108.046981,0.000000,0.000000,0.000000,0x0005
2026-07-08T11:41:24.433333Z,1783510884,433333,1,0x0000,true,59.999451,-0.000408,88,69.993454,73.615547,64.995338,-143.383484,59.997204,-108.708232,65.034920,179.942249,60.024117,-107.536807,64.982895,108.365978,0.000000,0.000000,0.000000,0x0005
2026-07-08T11:41:24.466666Z,1783510884,466666,1,0x0000,true,59.996777,-0.000089,88,74.985718,109.951716,70.006248,-106.866690,65.003128,-72.785897,70.050217,-180.000005,65.027985,-71.735066,69.970680,143.728422,0.000000,0.000000,0.000000,0x0006
2026-07-08T11:41:24.5Z,1783510884,500000,1,0x0000,true,59.995132,-0.000055,88,80.001701,145.012525,74.999290,-70.082187,70.000351,-35.840642,75.063614,-143.109593,70.037613,-35.430315,74.966530,-180.000005,0.000000,0.000000,0.000000,0x0007
2026-07-08T11:41:24.533333Z,1783510884,533333,1,0x0000,true,59.991154,-0.000133,88,85.007843,-180.000005,79.982628,-33.666986,74.991432,-0.348109,80.061813,-107.900562,75.023041,1.099768,79.956108,-144.337047,0.000000,0.000000,0.000000,0x0008
2026-07-08T11:41:24.566666Z,1783510884,566666,1,0x0000,true,60.003471,0.000411,88,90.017609,-143.061509,84.966972,2.808134,79.987343,36.168802,85.057137,-71.006947,80.022079,36.367725,84.965988,-108.986617,0.000000,0.000000,0.000000,0x0009
2026-07-08T11:41:24.6Z,1783510884,600000,1,0x0000,true,59.999245,-0.000141,88,95.032272,-106.848385,89.950577,39.266409,84.997681,71.620940,90.054855,-35.601900,85.008530,71.629792,89.968018,-73.833423,0.000000,0.000000,0.000000,0x000A
2026-07-08T11:41:24.633333Z,1783510884,633333,1,0x0000,true,59.988716,-0.000351,88,50.000000,-71.402074,94.940704,76.176055,90.005630,107.988228,95.043945,-0.525004,89.998413,107.285756,94.953445,-37.471494,0.000000,0.000000,0.000000,0x000B
2026-07-08T11:41:24.666666Z,1783510884,666666,1,0x0000,true,60.011929,0.000774,88,54.997799,-34.796218,99.949615,111.244268,94.999207,144.730479,50.000000,34.905047,95.007202,143.775277,99.947922,-1.174787,0.000000,0.000000,0.000000,0x000C
2026-07-08T11:41:24.7Z,1783510884,700000,1,0x0000,true,60.008007,-0.000131,88,59.989822,2.150553,50.000000,147.169102,99.990067,-180.000005,55.002850,70.122178,50.000000,-180.000005,50.000000,35.468196,0.000000,0.000000,0.000000,0x000D
2026-07-08T11:41:24.733333Z,1783510884,733333,1,0x0000,true,60.000237,-0.000259,88,64.997612,38.188759,55.007420,-180.000005,50.000000,-143.063558,59.997543,105.695497,55.009052,-144.788932,54.987244,71.399567,0.000000,0.000000,0.000000,0x000E
2026-07-08T11:41:24.766666Z,1783510884,766666,1,0x0000,true,60.007385,0.000238,88,69.995529,73.310422,60.018509,-143.409193,55.011738,-107.640209,64.982811,141.356530,60.021835,-107.881096,59.982594,107.910821,0.000000,0.000000,0.000000,0x000F
2026-07-08T11:41:24.8Z,1783510884,800000,1,0x0000,true,60.011383,0.000133,88,74.986946,108.938471,65.015793,-108.094895,60.008106,-72.450590,69.971245,177.774825,65.023544,-72.469578,64.971817,143.041742,0.000000,0.000000,0.000000,0x0000
2026-07-08T11:41:24.833333Z,1783510884,833333,1,0x0000,true,59.998955,-0.000414,88,79.974945,143.996944,70.003723,-71.160128,65.020874,-35.844850,74.980980,-180.000005,70.030899,-36.029839,69.957443,178.862369,0.000000,0.000000,0.000000,0x0001
2026-07-08T11:41:24.866666Z,1783510884,866666,1,0x0000,true,59.991798,-0.000239,88,84.963570,-180.000005,74.999306,-35.305931,70.030273,-0.222164,79.995186,-144.791732,75.022789,-0.844415,74.950699,-180.000005,0.000000,0.000000,0.000000,0x0002
2026-07-08T11:41:24.9Z,1783510884,900000,1,0x0000,true,59.994362,0.000085,88,89.967094,-144.727378,79.996384,1.486032,75.017548,35.410723,84.979919,-109.135064,80.018639,34.279633,79.952080,-144.820870,0.000000,0.000000,0.000000,0x0003
2026-07-08T11:41:24.933333Z,1783510884,933333,1,0x0000,true,59.987270,-0.000236,88,94.973961,-108.697270,84.998405,37.800692,80.006027,70.885185,89.965179,-72.296412,85.005913,70.702703,84.940758,-108.657409,0.000000,0.000000,0.000000,0x0004
2026-07-08T11:41:24.966666Z,1783510884,966666,1,0x0000,true,60.015358,0.000936,88,99.973793,-72.230138,89.996620,74.215893,84.992302,107.810390,94.951393,-36.376000,90.011276,106.784625,89.943977,-72.981391,0.000000,0.000000,0.000000,0x0005
2026-07-08T11:41:25Z,1783510885,0,1,0x0000,true,59.984730,-0.001021,88,50.000000,-36.985611,94.983612,110.559172,89.985512,144.219649,99.948631,-0.075621,95.019035,142.006531,94.955132,-36.212509,0.000000,0.000000,0.000000,0x0006
2026-07-08T11:41:25.033333Z,1783510885,33333,1,0x0000,true,59.988689,0.000132,88,54.997307,-0.169285,99.997086,146.946165,94.999588,-180.000005,50.000000,36.203715,50.000000,177.108554,99.959923,-0.668742,0.000000,0.000000,0.000000,0x0007
2026-07-08T11:41:25.066666Z,1783510885,66666,1,0x0000,true,59.993099,0.000147,88,59.991287,35.706945,50.000000,-180.000005,50.000000,-144.538018,54.996975,72.629233,55.008343,-180.000005,50.000000,34.750350,0.000000,0.000000,0.000000,0x0008
2026-07-08T11:41:25.1Z,1783510885,100000,1,0x0000,true,60.006420,0.000444,88,65.005554,71.989429,55.013302,-143.891855,55.014050,-108.343254,59.992722,109.037850,60.023865,-144.617043,55.008591,70.807792,0.000000,0.000000,0.000000,0x0009
2026-07-08T11:41:25.133333Z,1783510885,133333,1,0x0000,true,60.007393,0.000032,88,69.995384,108.817939,60.024414,-107.463888,60.029705,-71.537243,64.981789,144.230031,65.039383,-109.031191,60.008602,106.770576,0.000000,0.000000,0.000000,0x000A
2026-07-08T11:41:25.166666Z,1783510885,166666,1,0x0000,true,60.005650,-0.000058,88,75.002800,144.315368,65.026878,-72.167369,65.033806,-35.458702,69.980286,-180.000005,70.046867,-73.700869,65.010101,143.148471,0.000000,0.000000,0.000000,0x000B
2026-07-08T11:41:25.2Z,1783510885,200000,1,0x0000,true,59.990147,-0.000517,88,80.006638,179.825507,70.020889,-35.917759,70.027084,0.227749,74.966705,-143.535428,75.061707,-37.457147,70.025574,179.258656,0.000000,0.000000,0.000000,0x000C
2026-07-08T11:41:25.233333Z,1783510885,233333,1,0x0000,true,60.006939,0.000560,88,85.015694,-180.000005,75.011993,0.889300,75.035645,35.626383,79.973015,-107.416145,80.045998,-2.135741,75.023468,-180.000005,0.000000,0.000000,0.000000,0x000D
2026-07-08T11:41:25.266666Z,1783510885,266666,1,0x0000,true,60.000324,-0.000220,88,90.004196,-144.375856,80.000671,37.615867,80.044243,72.151919,84.989258,-71.570513,85.057289,33.240977,80.029190,-144.347128,0.000000,0.000000,0.000000,0x000E
2026-07-08T11:41:25.3Z,1783510885,300000,1,0x0000,true,59.993420,-0.000230,88,95.000282,-108.564675,85.017227,72.790098,85.039200,107.814475,89.990860,-36.291305,90.043007,69.147107,85.025879,-108.366859,0.000000,0.000000,0.000000,0x000F
2026-07-08T11:41:25.333333Z,1783510885,333333,1,0x0000,true,59.996845,0.000114,88,99.998245,-72.831011,90.031837,109.118918,90.025169,143.818649,94.987305,-0.362326,95.054878,105.870002,90.031860,-71.893840,0.000000,0.000000,0.000000,0x0000
2026-07-08T11:41:25.366666Z,1783510885,366666,1,0x0000,true,59.992630,-0.000141,88,50.000000,-37.009220,95.018936,144.586335,95.031059,179.027673,99.993431,35.553365,50.000000,141.052450,95.037521,-36.553376,0.000000,0.000000,0.000000,0x0001
2026-07-08T11:41:25.4Z,1783510885,400000,1,0x0000,true,60.005547,0.000431,88,54.997551,-1.670736,50.000000,179.839195,50.000000,-180.000005,50.000000,70.652467,55.012886,177.926947,50.000000,0.391704,0.000000,0.000000,0.000000,0x0002
2026-07-08T11:41:25.433333Z,1783510885,433333,1,0x0000,true,59.985737,-0.000660,88,59.985054,33.797900,54.994465,-180.000005,54.991306,-143.688670,55.013607,106.972258,60.005180,-180.000005,54.993061,37.211352,0.000000,0.000000,0.000000,0x0003
2026-07-08T11:41:25.466666Z,1783510885,466666,1,0x0000,true,59.992802,0.000235,88,64.987816,69.644932,60.002380,-143.064828,59.976070,-107.342946,60.003326,142.835607,65.014572,-143.193646,59.983952,73.507712,0.000000,0.000000,0.000000,0x0004
2026-07-08T11:41:25.5Z,1783510885,500000,1,0x0000,true,59.993439,0.000021,88,69.982300,106.278413,65.002922,-107.888903,64.982330,-71.879149,64.996841,179.716047,70.027412,-108.073209,64.983803,110.028412,0.000000,0.000000,0.000000,0x0005
2026-07-08T11:41:25.533333Z,1783510885,533333,1,0x0000,true,59.999569,0.000204,88,74.973404,142.383353,70.010460,-71.147765,69.986214,-35.751006,69.995972,-180.000005,75.037201,-71.366051,69.968842,145.674302,0.000000,0.000000,0.000000,0x0006
2026-07-08T11:41:25.566666Z,1783510885,566666,1,0x0000,true,59.987095,-0.000416,88,79.971359,178.591702,75.001305,-34.415838,74.976952,-0.190220,74.993477,-144.792429,80.025986,-34.504552,74.966393,-180.000005,0.000000,0.000000,0.000000,0x0007
2026-07-08T11:41:25.6Z,1783510885,600000,1,0x0000,true,59.984680,-0.000080,88,84.971245,-180.000005,80.005173,1.309490,79.992470,36.304542,79.999626,-107.877831,85.023239,0.604168,79.956177,-143.462058,0.000000,0.000000,0.000000,0x0008
2026-07-08T11:41:25.633333Z,1783510885,633333,1,0x0000,true,59.993015,0.000278,88,89.954819,-143.163101,85.020767,38.191331,84.995255,72.973871,84.993652,-71.701489,90.031456,37.232871,84.942535,-106.810853,0.000000,0.000000,0.000000,0x0009
2026-07-08T11:41:25.666666Z,1783510885,666666,1,0x0000,true,60.002365,0.000312,88,94.952377,-107.526773,90.005646,74.001118,90.011513,109.452081,90.009308,-36.565083,95.025810,72.764341,89.948914,-70.474862,0.000000,0.000000,0.000000,0x000A
2026-07-08T11:41:25.7Z,1783510885,700000,1,0x0000,true,60.010162,0.000260,88,99.957108,-71.036208,94.993637,109.379647,95.025597,145.283369,95.004997,0.080523,50.000000,108.334628,94.956779,-34.878580,0.000000,0.000000,0.000000,0x000B
2026-07-08T11:41:25.733333Z,1783510885,733333,1,0x0000,true,59.991348,-0.000627,88,50.000000,-34.926309,99.996918,145.206912,50.000000,-180.000005,99.991852,36.955370,54.986439,143.651309,99.958000,1.149195,0.000000,0.000000,0.000000,0x000C
2026-07-08T11:41:25.766666Z,1783510885,766666,1,0x0000,true,59.992420,0.000036,88,54.988491,0.928064,50.000000,-180.000005,55.009926,-144.169816,50.000000,73.735792,59.985191,179.733354,50.000000,37.982190,0.000000,0.000000,0.000000,0x000D
2026-07-08T11:41:25.8Z,1783510885,800000,1,0x0000,true,60.011303,0.000629,88,59.976112,37.703880,54.990353,-143.306248,60.002483,-108.713771,54.999416,108.923021,64.991646,-180.000005,55.005928,74.027448,0.000000,0.000000,0.000000,0x000E
2026-07-08T11:41:25.833333Z,1783510885,833333,1,0x0000,true,60.001987,-0.000311,88,64.982994,72.843551,59.991310,-108.199274,65.012344,-71.973043,59.994370,145.124376,70.003883,-143.739200,59.996330,110.393861,0.000000,0.000000,0.000000,0x000F
2026-07-08T11:41:25.866666Z,1783510885,866666,1,0x0000,true,59.988808,-0.000439,88,69.991547,108.082423,64.999657,-71.665459,70.001709,-35.473851,64.991508,-180.000005,75.010773,-106.974047,65.004967,146.335136,0.000000,0.000000,0.000000,0x0000
2026-07-08T11:41:25.9Z,1783510885,900000,1,0x0000,true,59.999557,0.000358,88,74.976768,144.247462,69.998268,-35.262440,74.988052,1.124544,69.999695,-144.779547,80.020119,-70.852551,69.990906,-180.000005,0.000000,0.000000,0.000000,0x0001
2026-07-08T11:41:25.933333Z,1783510885,933333,1,0x0000,true,59.992264,-0.000243,88,79.961906,-180.000005,75.009911,0.451989,80.000351,37.097063,75.013123,-107.825546,85.027382,-34.130998,75.005310,-144.516803,0.000000,0.000000,0.000000,0x0002
2026-07-08T11:41:25.966666Z,1783510885,966666,1,0x0000,true,60.012032,0.000659,88,84.976173,-144.152044,80.014153,35.780390,84.986305,73.195715,80.016701,-71.411568,90.042503,2.562694,80.016273,-108.166298,0.000000,0.000000,0.000000,0x0003
2026-07-08T11:41:26Z,1783510886,0,1,0x0000,true,60.005615,-0.000214,88,89.980019,-108.225918,85.003738,72.620033,89.977020,108.756501,85.013931,-35.078083,95.045250,39.494660,85.011848,-71.223724,0.000000,0.000000,0.000000,0x0004
2026-07-08T11:41:26.033333Z,1783510886,33333,1,0x0000,true,59.989128,-0.000550,88,94.994804,-71.587308,90.009308,108.035745,94.974113,144.243268,90.004974,1.356121,50.000000,75.162694,90.000130,-36.027691,0.000000,0.000000,0.000000,0x0005
2026-07-08T11:41:26.066666Z,1783510886,66666,1,0x0000,true,60.010326,0.000707,88,99.994591,-35.722501,95.003136,144.892109,99.976562,-180.000005,94.996117,37.317217,55.014351,110.306619,95.005440,-0.518312,0.000000,0.000000,0.000000,0x0006
2026-07-08T11:41:26.1Z,1783510886,100000,1,0x0000,true,60.005203,-0.000171,88,50.000000,0.047999,99.994583,-180.000005,50.000000,-144.776460,99.998253,74.192472,60.008453,145.715215,50.000000,36.083172,0.000000,0.000000,0.000000,0x0007
2026-07-08T11:41:26.133333Z,1783510886,133333,1,0x0000,true,60.009365,0.000139,88,55.007401,36.015622,50.000000,-144.233528,54.996651,-108.687482,50.000000,110.196175,65.023964,-180.000005,54.985851,71.944773,0.000000,0.000000,0.000000,0x0008
2026-07-08T11:41:26.166666Z,1783510886,166666,1,0x0000,true,59.994518,-0.000495,88,59.993633,72.564182,54.989334,-107.323008,60.006466,-72.080926,55.000629,145.248590,70.026619,-143.295989,59.973488,108.777886,0.000000,0.000000,0.000000,0x0009
2026-07-08T11:41:26.2Z,1783510886,200000,1,0x0000,true,59.998886,0.000146,88,64.990845,108.783426,59.984768,-71.153250,65.006401,-36.052337,59.991219,-180.000005,75.040543,-108.137782,64.969650,145.465927,0.000000,0.000000,0.000000,0x000A
2026-07-08T11:41:26.233333Z,1783510886,233333,1,0x0000,true,60.006355,0.000249,88,70.003593,144.653940,64.980881,-35.628367,70.003654,-0.420384,65.003845,-143.577338,80.029991,-72.431574,69.958191,-180.000005,0.000000,0.000000,0.000000,0x000B
2026-07-08T11:41:26.266666Z,1783510886,266666,1,0x0000,true,60.008209,0.000062,88,75.001450,-180.000005,69.983032,-0.242963,75.009453,35.724953,69.987328,-106.802978,85.025757,-35.911284,74.965813,-144.546761,0.000000,0.000000,0.000000,0x000C
2026-07-08T11:41:26.3Z,1783510886,300000,1,0x0000,true,60.009811,0.000053,88,80.002716,-144.118057,74.969017,35.042070,80.012558,71.389315,74.983177,-71.657830,90.020264,0.337803,79.967827,-109.342449,0.000000,0.000000,0.000000,0x000D
2026-07-08T11:41:26.333333Z,1783510886,333333,1,0x0000,true,60.016235,0.000214,88,85.008224,-109.044428,79.974319,70.859490,85.007904,107.851201,79.995689,-36.491990,95.035843,36.628156,84.967926,-73.442552,0.000000,0.000000,0.000000,0x000E
2026-07-08T11:41:26.366666Z,1783510886,366666,1,0x0000,true,60.012630,-0.000120,88,89.996613,-73.808356,84.959427,107.668534,89.999641,143.962971,85.009949,0.388801,50.000000,73.451827,89.970161,-38.107681,0.000000,0.000000,0.000000,0x000F
2026-07-08T11:41:26.4Z,1783510886,400000,1,0x0000,true,60.008049,-0.000153,88,95.009323,-36.967432,89.949821,143.879151,95.002922,179.230461,90.010612,36.811229,55.000854,109.372707,94.967110,-2.203590,0.000000,0.000000,0.000000,0x0000
2026-07-08T11:41:26.433333Z,1783510886,433333,1,0x0000,true,59.996658,-0.000380,88,50.000000,-1.262913,94.949677,179.569444,50.000000,-180.000005,95.024094,73.083045,60.013718,145.312001,99.957901,34.033197,0.000000,0.000000,0.000000,0x0001
2026-07-08T11:41:26.466666Z,1783510886,466666,1,0x0000,true,59.988518,-0.000271,88,55.007065,35.024527,99.944000,-180.000005,54.990055,-144.220004,50.000000,109.323912,65.012489,-180.000005,50.000000,69.979721,0.000000,0.000000,0.000000,0x0002
2026-07-08T11:41:26.5Z,1783510886,500000,1,0x0000,true,59.993580,0.000169,88,60.005150,70.594001,50.000000,-144.768127,59.979561,-107.892585,54.983833,146.155161,70.020744,-143.403824,55.014988,106.048939,0.000000,0.000000,0.000000,0x0003
2026-07-08T11:41:26.533333Z,1783510886,533333,1,0x0000,true,60.016018,0.000748,88,64.999054,105.771442,55.007229,-108.164897,64.983925,-71.626363,59.979984,-180.000005,75.006340,-107.889955,60.021507,142.963591,0.000000,0.000000,0.000000,0x0004
2026-07-08T11:41:26.566666Z,1783510886,566666,1,0x0000,true,60.007515,-0.000283,88,70.004517,141.428984,60.004341,-71.411813,69.994972,-35.797404,64.977089,-143.133663,80.019089,-72.163346,65.035263,179.004833,0.000000,0.000000,0.000000,0x0005
2026-07-08T11:41:26.6Z,1783510886,600000,1,0x0000,true,59.988060,-0.000648,88,75.019287,177.507409,64.996948,-36.132783,75.010826,-0.563427,69.982430,-106.664489,85.035507,-35.572469,70.051468,-180.000005,0.000000,0.000000,0.000000,0x0006
2026-07-08T11:41:26.633333Z,1783510886,633333,1,0x0000,true,60.015358,0.000910,88,80.004539,-180.000005,69.990707,0.485254,80.022179,36.306407,74.971390,-71.257868,90.040268,0.899620,75.051758,-144.778973,0.000000,0.000000,0.000000,0x0007
2026-07-08T11:41:26.666666Z,1783510886,666666,1,0x0000,true,59.997543,-0.000594,88,84.998840,-144.362168,74.993469,35.894673,85.017738,72.327769,79.972839,-36.018238,95.050507,35.966373,80.053574,-108.567305,0.000000,0.000000,0.000000,0x0008
2026-07-08T11:41:26.7Z,1783510886,700000,1,0x0000,true,59.986641,-0.000363,88,89.995544,-108.196371,79.979439,72.497206,90.013779,108.548119,84.984497,0.257369,50.000000,72.433623,85.045006,-72.475185,0.000000,0.000000,0.000000,0x0009
2026-07-08T11:41:26.733333Z,1783510886,733333,1,0x0000,true,60.012653,0.000867,88,95.010307,-71.754996,84.978851,107.851836,95.029671,144.561787,89.997360,36.563867,55.004723,107.805971,90.045036,-36.969652,0.000000,0.000000,0.000000,0x000A
2026-07-08T11:41:26.766666Z,1783510886,766666,1,0x0000,true,60.008926,-0.000124,88,50.000000,-36.349717,89.995407,144.579163,50.000000,-180.000005,95.009537,73.061195,60.007839,144.691137,95.044136,-0.195000,0.000000,0.000000,0.000000,0x000B
2026-07-08T11:41:26.8Z,1783510886,800000,1,0x0000,true,60.010944,0.000067,88,54.985664,0.391595,94.998291,-180.000005,54.996937,-144.462121,50.000000,108.871446,65.013931,-180.000005,50.000000,35.934250,0.000000,0.000000,0.000000,0x000C
2026-07-08T11:41:26.833333Z,1783510886,833333,1,0x0000,true,59.993736,-0.000574,88,59.971371,37.094498,50.000000,-144.121964,59.984531,-109.295581,55.013332,145.695120,70.007362,-144.894322,54.986385,71.628453,0.000000,0.000000,0.000000,0x000D
2026-07-08T11:41:26.866666Z,1783510886,866666,1,0x0000,true,60.014786,0.000702,88,64.979454,72.931968,55.016441,-108.101240,64.987251,-72.617506,59.997002,-180.000005,75.005539,-109.406510,59.999813,107.229749,0.000000,0.000000,0.000000,0x000E
2026-07-08T11:41:26.9Z,1783510886,900000,1,0x0000,true,59.985287,-0.000983,88,69.995041,108.262993,60.024689,-72.477623,69.995636,-37.422405,64.997833,-144.829913,80.016121,-72.635182,65.007408,142.611481,0.000000,0.000000,0.000000,0x000F
2026-07-08T11:41:26.933333Z,1783510886,933333,1,0x0000,true,59.993511,0.000274,88,74.987122,145.214371,65.026451,-36.109632,74.981979,-1.883534,70.005531,-108.449272,85.005684,-36.827789,70.013443,179.084555,0.000000,0.000000,0.000000,0x0000
2026-07-08T11:41:26.966666Z,1783510886,966666,1,0x0000,true,60.011578,0.000602,88,79.982979,-180.000005,70.037560,-0.836954,79.988274,33.700334,75.000267,-71.678409,90.012817,-1.514485,75.022156,-180.000005,0.000000,0.000000,0.000000,0x0001
2026-07-08T11:41:27Z,1783510887,0,1,0x0000,true,60.013096,0.000051,88,84.983185,-143.511536,75.049362,36.005660,84.980515,70.325772,79.987862,-34.734613,95.011429,34.062970,80.021149,-143.874014,0.000000,0.000000,0.000000,0x0002
2026-07-08T11:41:27.033333Z,1783510887,33333,1,0x0000,true,59.984249,-0.000962,88,89.989731,-107.425475,80.062218,72.408099,89.986382,105.399463,84.975258,1.158812,99.994957,70.755555,85.030640,-107.514595,0.000000,0.000000,0.000000,0x0003
2026-07-08T11:41:27.066666Z,1783510887,66666,1,0x0000,true,59.989758,0.000184,88,94.979179,-70.994072,85.077980,108.205701,94.995956,141.797008,89.989632,38.004166,50.000000,105.823126,90.025795,-70.747407,0.000000,0.000000,0.000000,0x0004
2026-07-08T11:41:27.1Z,1783510887,100000,1,0x0000,true,60.015877,0.000871,88,99.964066,-35.506260,90.066322,143.875012,99.993927,177.536028,94.997955,74.552785,55.002056,142.101758,95.024597,-34.905740,0.000000,0.000000,0.000000,0x0005
2026-07-08T11:41:27.133333Z,1783510887,133333,1,0x0000,true,60.001667,-0.000474,88,50.000000,0.477391,95.071564,-180.000005,50.000000,-180.000005,99.996185,109.903099,59.999390,178.177847,50.000000,1.325161,0.000000,0.000000,0.000000,0x0006
2026-07-08T11:41:27.166666Z,1783510887,166666,1,0x0000,true,59.993217,-0.000282,88,54.999958,35.703615,50.000000,-144.142140,54.985668,-143.349975,50.000000,146.523472,64.989449,-180.000005,54.997547,36.841651,0.000000,0.000000,0.000000,0x0007
2026-07-08T11:41:27.2Z,1783510887,200000,1,0x0000,true,59.995682,0.000082,88,59.995014,72.396727,55.014355,-108.085749,59.969284,-107.926100,55.012924,-180.000005,69.997650,-143.761822,59.982273,72.487999,0.000000,0.000000,0.000000,0x0008
2026-07-08T11:41:27.233333Z,1783510887,233333,1,0x0000,true,60.002075,0.000213,88,65.002892,107.576613,60.003784,-71.573969,64.984039,-72.801996,60.000885,-144.230441,74.994957,-107.884020,64.972778,107.863666,0.000000,0.000000,0.000000,0x0009
2026-07-08T11:41:27.266666Z,1783510887,266666,1,0x0000,true,59.989506,-0.000419,88,70.008163,144.380705,65.019135,-35.725834,69.987915,-36.099387,64.997398,-109.055336,79.994217,-71.150928,69.972939,143.656077,0.000000,0.000000,0.000000,0x000A
2026-07-08T11:41:27.3Z,1783510887,300000,1,0x0000,true,59.989040,-0.000016,88,75.019432,179.598649,70.010971,0.905784,75.001007,0.568193,69.998047,-73.089868,84.990921,-35.048665,74.985420,179.756072,0.000000,0.000000,0.000000,0x000B
2026-07-08T11:41:27.333333Z,1783510887,333333,1,0x0000,true,60.009804,0.000692,88,80.007217,-180.000005,75.004654,36.548930,79.984741,37.055962,75.002083,-37.300192,89.991837,1.251597,79.985870,-180.000005,0.000000,0.000000,0.000000,0x000C
2026-07-08T11:41:27.366666Z,1783510887,366666,1,0x0000,true,60.013908,0.000137,88,85.000557,-143.677073,79.992393,73.198789,84.984818,72.907536,80.007149,-1.546013,94.987038,37.002803,84.993668,-143.048682,0.000000,0.000000,0.000000,0x000D
2026-07-08T11:41:27.4Z,1783510887,400000,1,0x0000,true,59.985725,-0.000939,88,89.989891,-107.932630,84.984940,109.124273,89.991447,108.903487,85.003853,34.981565,50.000000,72.877340,90.006897,-107.115678,0.000000,0.000000,0.000000,0x000E
2026-07-08T11:41:27.433333Z,1783510887,433333,1,0x0000,true,60.006130,0.000680,88,94.982689,-72.594959,89.992157,145.981688,94.997337,144.220291,90.004707,70.703980,54.999123,108.243274,95.017624,-71.160469,0.000000,0.000000,0.000000,0x000F
2026-07-08T11:41:27.466666Z,1783510887,466666,1,0x0000,true,59.998150,-0.000266,88,99.998940,-36.632815,95.000542,-180.000005,99.985634,-180.000005,95.010040,106.404887,60.012146,144.416236,50.000000,-34.941226,0.000000,0.000000,0.000000,0x0000
2026-07-08T11:41:27.5Z,1783510887,500000,1,0x0000,true,60.001827,0.000123,88,50.000000,-1.219026,50.000000,-144.790107,50.000000,-143.355740,50.000000,142.938702,65.012878,-180.000005,54.998169,1.542229,0.000000,0.000000,0.000000,0x0001
2026-07-08T11:41:27.533333Z,1783510887,533333,1,0x0000,true,59.996181,-0.000188,88,55.011791,35.164761,55.011997,-107.864321,54.989815,-108.033929,54.985229,178.028949,70.014122,-143.638714,60.009949,38.320261,0.000000,0.000000,0.000000,0x0002
2026-07-08T11:41:27.566666Z,1783510887,566666,1,0x0000,true,59.983944,-0.000408,88,60.018188,70.340915,60.028511,-71.469925,59.993534,-71.566155,59.982197,-180.000005,75.013954,-107.528870,64.999092,73.772634,0.000000,0.000000,0.000000,0x0003
2026-07-08T11:41:27.6Z,1783510887,600000,1,0x0000,true,59.997211,0.000442,88,65.020432,106.036870,65.022514,-35.852892,64.998825,-36.441231,64.997330,-144.572046,80.014168,-70.632926,69.995468,109.465844,0.000000,0.000000,0.000000,0x0004
2026-07-08T11:41:27.633333Z,1783510887,633333,1,0x0000,true,59.989491,-0.000257,88,70.011314,142.527606,70.023491,0.876471,69.983307,0.109719,70.009483,-109.141410,85.005882,-35.314434,74.984512,144.515465,0.000000,0.000000,0.000000,0x0005
2026-07-08T11:41:27.666666Z,1783510887,666666,1,0x0000,true,60.013744,0.000808,88,75.022820,177.655392,75.007042,37.171372,74.998772,35.495820,75.022690,-72.598559,89.993240,0.188241,79.988167,-180.000005,0.000000,0.000000,0.000000,0x0006
2026-07-08T11:41:27.7Z,1783510887,700000,1,0x0000,true,59.996933,-0.000560,88,80.037903,-180.000005,79.993607,73.841339,80.004288,71.727245,80.011772,-35.816563,94.979401,35.659967,84.999680,-144.438516,0.000000,0.000000,0.000000,0x0007
2026-07-08T11:41:27.733333Z,1783510887,733333,1,0x0000,true,59.995495,-0.000048,88,85.034584,-143.468342,84.989166,109.978053,84.992142,107.046905,85.022240,0.818552,99.991005,71.871519,89.993767,-108.622609,0.000000,0.000000,0.000000,0x0008
2026-07-08T11:41:27.766666Z,1783510887,766666,1,0x0000,true,60.009636,0.000471,88,90.044815,-108.062308,89.984467,145.167092,89.982941,142.958632,90.023270,36.092048,50.000000,107.538733,94.997597,-71.771600,0.000000,0.000000,0.000000,0x0009
2026-07-08T11:41:27.8Z,1783510887,800000,1,0x0000,true,60.001263,-0.000279,88,95.060226,-72.629636,94.970657,-180.000005,94.972977,179.842337,95.023041,72.740688,54.994572,143.887893,99.990326,-35.534814,0.000000,0.000000,0.000000,0x000A
2026-07-08T11:41:27.833333Z,1783510887,833333,1,0x0000,true,59.986790,-0.000482,88,50.000000,-37.171959,99.967087,-143.061864,99.967567,-180.000005,50.000000,108.510082,60.006073,179.399604,50.000000,0.985827,0.000000,0.000000,0.000000,0x000B
2026-07-08T11:41:27.866666Z,1783510887,866666,1,0x0000,true,59.984249,-0.000085,88,54.995369,-0.617628,50.000000,-106.538834,50.000000,-143.336219,54.995056,144.175963,65.019249,-180.000005,55.013973,36.532626,0.000000,0.000000,0.000000,0x000C
2026-07-08T11:41:27.9Z,1783510887,900000,1,0x0000,true,59.987629,0.000113,88,59.996780,35.349180,55.015659,-69.970630,54.993553,-106.910820,59.991142,-180.000005,70.009041,-144.687107,60.004608,71.974628,0.000000,0.000000,0.000000,0x000D
2026-07-08T11:41:27.933333Z,1783510887,933333,1,0x0000,true,60.016090,0.000949,88,64.997261,72.263074,59.999771,-34.582371,59.994606,-71.040654,64.978050,-143.582939,74.998260,-108.073264,65.009392,108.858510,0.000000,0.000000,0.000000,0x000E
2026-07-08T11:41:27.966666Z,1783510887,966666,1,0x0000,true,60.000076,-0.000534,88,69.996796,107.876260,64.995384,1.860574,64.982468,-35.479752,69.989304,-107.200031,79.997955,-72.536493,69.999954,143.985770,0.000000,0.000000,0.000000,0x000F
2026-07-08T11:41:28Z,1783510888,0,1,0x0000,true,59.984734,-0.000511,88,75.002068,143.017918,69.992355,38.584866,69.994896,-0.327143,74.985519,-71.898499,84.982567,-36.923132,75.012032,-180.000005,0.000000,0.000000,0.000000,0x0000
2026-07-08T11:41:28.033333Z,1783510888,33333,1,0x0000,true,60.000656,0.000531,88,80.002586,179.784813,74.993385,73.933779,74.998016,35.155540,79.979332,-36.555118,89.986565,-0.129420,80.012161,-144.561678,0.000000,0.000000,0.000000,0x0001
2026-07-08T11:41:28.066666Z,1783510888,66666,1,0x0000,true,60.008514,0.000262,88,84.997810,-180.000005,79.991898,110.361281,79.986084,71.309682,84.982445,0.101155,95.000107,36.336374,85.004112,-107.950457,0.000000,0.000000,0.000000,0x0002
2026-07-08T11:41:28.1Z,1783510888,100000,1,0x0000,true,59.984421,-0.000803,88,90.007172,-143.745033,84.992439,146.103689,84.981766,106.485955,89.973206,35.795942,50.000000,71.531239,89.988861,-71.122473,0.000000,0.000000,0.000000,0x0003
2026-07-08T11:41:28.133333Z,1783510888,133333,1,0x0000,true,60.009216,0.000827,88,95.008980,-107.503291,89.999603,-180.000005,89.983063,141.965373,94.966072,71.676019,54.996796,107.607390,94.993263,-35.062233,0.000000,0.000000,0.000000,0x0004
2026-07-08T11:41:28.166666Z,1783510888,166666,1,0x0000,true,59.990807,-0.000614,88,50.000000,-72.060531,95.010681,-144.846346,94.969513,177.680910,99.965424,108.386967,59.993332,142.860947,99.992332,0.573218,0.000000,0.000000,0.000000,0x0005
2026-07-08T11:41:28.2Z,1783510888,200000,1,0x0000,true,60.009724,0.000631,88,54.986301,-36.066503,50.000000,-108.931006,99.966415,-180.000005,50.000000,143.878331,64.988121,179.586232,50.000000,36.464078,0.000000,0.000000,0.000000,0x0006
2026-07-08T11:41:28.233333Z,1783510888,233333,1,0x0000,true,60.012978,0.000108,88,60.001236,-0.383666,55.007381,-73.707406,50.000000,-143.169917,55.015999,179.612638,69.996704,-180.000005,55.013138,73.172807,0.000000,0.000000,0.000000,0x0007
2026-07-08T11:41:28.266666Z,1783510888,266666,1,0x0000,true,59.996441,-0.000551,88,65.002457,35.312870,60.011791,-38.064904,54.986794,-107.650284,60.023102,-180.000005,74.990662,-143.382787,60.010799,110.122320,0.000000,0.000000,0.000000,0x0008
2026-07-08T11:41:28.3Z,1783510888,300000,1,0x0000,true,59.993443,-0.000100,88,70.006805,72.237665,65.001778,-1.482188,59.986523,-71.371003,65.035225,-143.626365,79.996292,-108.192232,64.999954,146.149041,0.000000,0.000000,0.000000,0x0009
2026-07-08T11:41:28.333333Z,1783510888,333333,1,0x0000,true,60.008217,0.000492,88,75.019424,108.669710,70.010254,34.676204,65.002602,-34.880437,70.022797,-107.437025,85.010994,-71.957539,69.983696,-180.000005,0.000000,0.000000,0.000000,0x000A
2026-07-08T11:41:28.366666Z,1783510888,366666,1,0x0000,true,59.990387,-0.000594,88,80.027176,144.730711,75.026207,70.200097,70.007835,0.342989,75.017799,-70.887822,90.015602,-35.499263,74.985176,-144.782238,0.000000,0.000000,0.000000,0x000B
2026-07-08T11:41:28.4Z,1783510888,400000,1,0x0000,true,60.012115,0.000724,88,85.015762,-180.000005,80.012817,105.556824,75.013817,36.386675,80.025948,-34.813184,95.003304,1.197519,79.979179,-107.967252,0.000000,0.000000,0.000000,0x000C
2026-07-08T11:41:28.433333Z,1783510888,433333,1,0x0000,true,59.992298,-0.000661,88,90.007820,-143.979814,85.020355,142.153121,80.030380,72.752976,85.030296,2.013809,50.000000,37.363840,84.963646,-71.296055,0.000000,0.000000,0.000000,0x000D
2026-07-08T11:41:28.466666Z,1783510888,466666,1,0x0000,true,59.997013,0.000157,88,95.020271,-107.815301,90.006180,178.369680,85.041519,108.967554,90.033875,37.402594,55.004906,73.587338,89.957458,-34.841218,0.000000,0.000000,0.000000,0x000E
2026-07-08T11:41:28.5Z,1783510888,500000,1,0x0000,true,60.009945,0.000431,88,50.000000,-71.095439,95.015793,-180.000005,90.036057,145.318463,95.026009,72.992579,60.006256,109.588766,94.970665,0.242905,0.000000,0.000000,0.000000,0x000F
2026-07-08T11:41:28.533333Z,1783510888,533333,1,0x0000,true,59.988369,-0.000719,88,54.992161,-35.654141,50.000000,-144.345612,95.047523,-180.000005,50.000000,109.044947,64.993164,145.696445,99.955849,35.823857,0.000000,0.000000,0.000000,0x0000
2026-07-08T11:41:28.566666Z,1783510888,566666,1,0x0000,true,59.996181,0.000260,88,59.984257,-0.268562,55.013954,-109.260323,50.000000,-143.432620,55.012268,145.574677,70.001358,-180.000005,50.000000,71.336791,0.000000,0.000000,0.000000,0x0001
2026-07-08T11:41:28.6Z,1783510888,600000,1,0x0000,true,59.990574,-0.000187,88,64.990189,35.878991,60.007065,-73.892811,54.989090,-107.116682,60.028576,-180.000005,74.985367,-144.387221,54.998867,108.159003,0.000000,0.000000,0.000000,0x0002
2026-07-08T11:41:28.633333Z,1783510888,633333,1,0x0000,true,60.015129,0.000819,88,69.974854,72.554613,64.992874,-38.079589,59.973248,-71.854437,65.016891,-144.732692,79.986847,-109.111630,60.007931,143.765428,0.000000,0.000000,0.000000,0x0003
2026-07-08T11:41:28.666666Z,1783510888,666666,1,0x0000,true,59.992886,-0.000741,88,74.986092,108.503818,69.995552,-2.859543,64.987343,-36.334858,70.019226,-107.889026,84.990997,-73.566642,65.009850,-180.000005,0.000000,0.000000,0.000000,0x0004
2026-07-08T11:41:28.7Z,1783510888,700000,1,0x0000,true,60.015297,0.000747,88,79.992325,145.260229,74.990463,32.819216,69.975517,-0.223793,75.029068,-72.749820,89.998047,-36.630947,70.001404,-144.880497,0.000000,0.000000,0.000000,0x0005
2026-07-08T11:41:28.733333Z,1783510888,733333,1,0x0000,true,59.993732,-0.000719,88,85.004150,-180.000005,79.995567,67.879267,74.984154,34.866275,80.021721,-37.607701,94.999886,-0.094451,75.011810,-109.224765,0.000000,0.000000,0.000000,0x0006
2026-07-08T11:41:28.766666Z,1783510888,766666,1,0x0000,true,60.001968,0.000275,88,89.998581,-144.674226,85.011093,103.979317,79.990280,70.018359,85.032387,-0.948980,99.997932,35.474029,80.011932,-73.513428,0.000000,0.000000,0.000000,0x0007
2026-07-08T11:41:28.8Z,1783510888,800000,1,0x0000,true,60.001568,-0.000013,88,94.986839,-107.992654,90.007874,140.824663,84.996590,105.356904,90.040901,34.367879,50.000000,70.661319,85.012581,-36.852084,0.000000,0.000000,0.000000,0x0008
2026-07-08T11:41:28.833333Z,1783510888,833333,1,0x0000,true,59.998741,-0.000094,88,50.000000,-72.059069,95.004417,177.255608,90.010239,141.782597,95.025681,70.812635,54.997177,106.668813,90.001335,-0.058489,0.000000,0.000000,0.000000,0x0009
2026-07-08T11:41:28.866666Z,1783510888,866666,1,0x0000,true,59.988300,-0.000348,88,55.014275,-36.735390,99.999229,-180.000005,95.012001,177.190680,50.000000,107.275340,60.003716,143.054405,94.986198,36.018186,0.000000,0.000000,0.000000,0x000A
2026-07-08T11:41:28.9Z,1783510888,900000,1,0x0000,true,60.015324,0.000901,88,60.015469,-0.222326,50.000000,-144.246997,50.000000,-180.000005,55.009781,143.769581,64.998505,178.472980,99.975266,71.236196,0.000000,0.000000,0.000000,0x000B
2026-07-08T11:41:28.933333Z,1783510888,933333,1,0x0000,true,59.998764,-0.000552,88,65.014557,34.992299,55.007576,-107.299471,54.990055,-144.279400,60.015648,-180.000005,70.008926,-180.000005,50.000000,107.506262,0.000000,0.000000,0.000000,0x000C
2026-07-08T11:41:28.966666Z,1783510888,966666,1,0x0000,true,60.011238,0.000416,88,70.012680,70.782910,60.014507,-71.664892,59.982338,-108.593587,65.002190,-144.906725,75.019455,-143.852568,55.009892,143.350849,0.000000,0.000000,0.000000,0x000D
2026-07-08T11:41:29Z,1783510889,0,1,0x0000,true,59.986233,-0.000834,88,75.024429,106.062989,65.013596,-36.419491,64.971390,-72.474830,70.008041,-108.318297,80.019669,-108.650415,60.025558,178.545079,0.000000,0.000000,0.000000,0x000E
2026-07-08T11:41:29.033333Z,1783510889,33333,1,0x0000,true,60.008953,0.000757,88,80.028404,141.429572,70.000755,0.343096,69.986710,-37.084239,75.020737,-72.362214,85.027596,-71.893362,65.036652,-180.000005,0.000000,0.000000,0.000000,0x000F
2026-07-08T11:41:29.066666Z,1783510889,66666,1,0x0000,true,60.012329,0.000113,88,85.013779,177.731344,75.013161,36.212741,74.970070,-1.108281,80.008469,-36.691151,90.028473,-35.798384,70.026360,-143.188864,0.000000,0.000000,0.000000,0x0000
2026-07-08T11:41:29.1Z,1783510889,100000,1,0x0000,true,60.010574,-0.000058,88,90.021744,-180.000005,80.010262,73.157179,79.955505,35.137659,85.008110,-1.418823,95.026482,0.798670,75.019196,-106.606672,0.000000,0.000000,0.000000,0x0001
2026-07-08T11:41:29.133333Z,1783510889,133333,1,0x0000,true,60.015045,0.000149,88,95.018936,-144.644856,85.008476,108.336485,84.943115,71.312899,90.008446,34.897817,50.000000,37.437517,80.014664,-70.524401,0.000000,0.000000,0.000000,0x0002
2026-07-08T11:41:29.166666Z,1783510889,166666,1,0x0000,true,59.989059,-0.000866,88,50.000000,-109.514160,89.998207,144.993114,89.950279,107.890372,95.004814,71.301185,54.985806,73.949884,85.017311,-35.025456,0.000000,0.000000,0.000000,0x0003
2026-07-08T11:41:29.2Z,1783510889,200000,1,0x0000,true,60.007473,0.000614,88,55.003040,-73.849802,95.004250,-180.000005,94.946350,144.577715,99.992653,108.153532,59.996311,109.305799,90.006569,1.353200,0.000000,0.000000,0.000000,0x0004
2026-07-08T11:41:29.233333Z,1783510889,233333,1,0x0000,true,60.003925,-0.000118,88,60.004116,-38.797851,50.000000,-144.870826,99.934563,-180.000005,50.000000,144.029756,64.998322,144.908433,94.996384,37.235668,0.000000,0.000000,0.000000,0x0005
2026-07-08T11:41:29.266666Z,1783510889,266666,1,0x0000,true,59.984417,-0.000650,88,65.005737,-3.284626,55.000095,-108.407308,50.000000,-144.569724,55.007671,179.229341,69.992073,-180.000005,50.000000,73.158873,0.000000,0.000000,0.000000,0x0006
2026-07-08T11:41:29.3Z,1783510889,300000,1,0x0000,true,60.011185,0.000892,88,70.010666,31.908024,60.004601,-71.633002,54.993813,-108.045472,60.017483,-180.000005,74.991707,-143.435707,55.009445,109.102717,0.000000,0.000000,0.000000,0x0007
2026-07-08T11:41:29.333333Z,1783510889,333333,1,0x0000,true,60.013329,0.000071,88,75.021439,67.006253,64.993515,-36.170428,60.009235,-71.824418,65.026314,-144.574792,79.979332,-107.414171,60.017624,145.499326,0.000000,0.000000,0.000000,0x0008
2026-07-08T11:41:29.366666Z,1783510889,366666,1,0x0000,true,60.011089,-0.000075,88,80.017044,102.973469,69.980698,-0.778438,65.022957,-34.919906,70.023621,-108.523817,84.974548,-71.500401,65.026299,-180.000005,0.000000,0.000000,0.000000,0x0009
2026-07-08T11:41:29.4Z,1783510889,400000,1,0x0000,true,59.999603,-0.000383,88,85.000557,139.924553,74.983757,34.808987,70.030380,1.178978,75.008720,-71.929678,89.976891,-36.004427,70.035561,-143.186419,0.000000,0.000000,0.000000,0x000A
2026-07-08T11:41:29.933333Z,1783510889,933333,1,0x0000,true,60.009506,0.000245,88,64.972839,-72.942233,50.000000,-143.628346,99.967102,-143.320127,99.978745,144.652779,60.030216,179.957344,50.000000,34.950327,0.000000,0.000000,0.000000,0x000A
2026-07-08T11:41:29.966666Z,1783510889,966666,1,0x0000,true,60.002563,-0.000231,88,69.979080,-35.997737,55.016434,-106.954007,50.000000,-108.040567,50.000000,-180.000005,65.021576,-180.000005,55.000355,70.051062,0.000000,0.000000,0.000000,0x000B
2026-07-08T11:41:30Z,1783510890,0,1,0x0000,true,60.015930,0.000446,88,74.976799,-0.088516,60.029739,-70.498877,54.985359,-71.197544,54.988411,-144.438174,70.012756,-144.642001,59.985840,105.744039,0.000000,0.000000,0.000000,0x000C
2026-07-08T11:41:30.033333Z,1783510890,33333,1,0x0000,true,59.996479,-0.000648,88,79.993294,36.260532,65.022743,-34.893094,59.995075,-35.545889,59.989861,-108.702181,75.002518,-109.558577,64.987244,141.877072,0.000000,0.000000,0.000000,0x000D
2026-07-08T11:41:30.066666Z,1783510890,66666,1,0x0000,true,59.995193,-0.000043,88,84.997742,73.155369,70.030457,1.804562,64.995575,1.323419,64.984406,-71.788573,80.003258,-73.555748,69.976280,177.916743,0.000000,0.000000,0.000000,0x000E
2026-07-08T11:41:30.1Z,1783510890,100000,1,0x0000,true,59.994293,-0.000030,88,90.008400,108.499447,75.032265,38.479838,70.006470,37.797608,69.987518,-36.112614,85.003334,-37.100621,74.978676,-180.000005,0.000000,0.000000,0.000000,0x000F
2026-07-08T11:41:30.133333Z,1783510890,133333,1,0x0000,true,59.983459,-0.000361,88,95.018631,144.620417,80.031029,74.549520,75.011993,74.233733,74.977127,-0.363971,89.991173,-1.189885,79.979515,-144.789929,0.000000,0.000000,0.000000,0x0000
2026-07-08T11:41:30.166666Z,1783510890,166666,1,0x0000,true,59.996563,0.000437,88,50.000000,-180.000005,85.045555,109.609803,80.018631,110.088805,79.986717,36.170718,95.006538,34.282656,84.985451,-109.542608,0.000000,0.000000,0.000000,0x0001
2026-07-08T11:41:30.2Z,1783510890,200000,1,0x0000,true,59.984818,-0.000392,88,54.998756,-143.118227,90.040169,145.029477,85.012939,145.708398,84.980293,72.977313,50.000000,69.720344,89.987831,-74.248480,0.000000,0.000000,0.000000,0x0002
2026-07-08T11:41:30.233333Z,1783510890,233333,1,0x0000,true,60.011150,0.000878,88,59.993637,-107.391324,95.054459,-180.000005,90.008179,-180.000005,89.995361,108.657006,54.994858,105.545342,94.995056,-38.463466,0.000000,0.000000,0.000000,0x0003
2026-07-08T11:41:30.266666Z,1783510890,266666,1,0x0000,true,60.001968,-0.000306,88,65.006165,-70.773286,50.000000,-144.295136,95.006248,-143.080975,94.982094,144.373069,60.004662,141.191580,99.993011,-1.869851,0.000000,0.000000,0.000000,0x0004
2026-07-08T11:41:30.3Z,1783510890,300000,1,0x0000,true,60.006680,0.000157,88,70.020561,-34.149419,54.983536,-107.976104,99.996635,-107.808648,99.995514,179.700242,65.014305,177.647934,50.000000,33.570984,0.000000,0.000000,0.000000,0x0005
2026-07-08T11:41:30.333333Z,1783510890,333333,1,0x0000,true,60.007969,0.000043,88,75.007843,1.142960,59.997791,-71.676135,50.000000,-72.354994,50.000000,-180.000005,70.011192,-180.000005,55.012241,70.079209,0.000000,0.000000,0.000000,0x0006
2026-07-08T11:41:30.366666Z,1783510890,366666,1,0x0000,true,59.987667,-0.000677,88,80.022789,36.233669,65.011841,-35.385550,54.993462,-35.444188,54.986576,-143.531467,75.027481,-143.903507,60.026478,105.691638,0.000000,0.000000,0.000000,0x0007
2026-07-08T11:41:30.4Z,1783510890,400000,1,0x0000,true,60.005322,0.000588,88,85.038681,71.998574,70.025986,1.247700,59.996151,-0.279746,59.986774,-106.998588,80.038811,-108.003493,65.025238,142.213500,0.000000,0.000000,0.000000,0x0008
2026-07-08T11:41:30.433333Z,1783510890,433333,1,0x0000,true,60.008942,0.000121,88,90.035065,108.934503,75.022980,36.693487,64.979988,35.402916,64.990906,-71.637900,85.033943,-71.608926,70.019196,178.584517,0.000000,0.000000,0.000000,0x0009
2026-07-08T11:41:30.466666Z,1783510890,466666,1,0x0000,true,59.990543,-0.000613,88,95.049561,145.502769,80.007622,72.836960,69.977760,70.861000,69.975319,-34.918796,90.037216,-35.079893,75.015579,-180.000005,0.000000,0.000000,0.000000,0x000A
2026-07-08T11:41:30.5Z,1783510890,500000,1,0x0000,true,60.011406,0.000695,88,50.000000,-180.000005,85.019615,109.751031,74.992882,107.781253,74.981789,1.457063,95.026588,-0.001132,80.026749,-144.353835,0.000000,0.000000,0.000000,0x000B
2026-07-08T11:41:30.533333Z,1783510890,533333,1,0x0000,true,59.990715,-0.000690,88,55.002483,-144.393928,90.013214,145.728151,79.995003,143.089485,79.983978,37.783029,50.000000,36.568293,85.021744,-108.464142,0.000000,0.000000,0.000000,0x000C
2026-07-08T11:41:30.566666Z,1783510890,566666,1,0x0000,true,60.004887,0.000472,88,59.996395,-108.541070,95.008057,-180.000005,84.978691,179.929244,84.971039,73.847404,55.000278,71.989484,90.031410,-73.333043,0.000000,0.000000,0.000000,0x000D
2026-07-08T11:41:30.6Z,1783510890,600000,1,0x0000,true,59.992584,-0.000410,88,65.007538,-72.506768,50.000000,-144.616292,89.981323,-180.000005,89.981918,110.354991,59.987965,108.062315,95.019936,-37.824365,0.000000,0.000000,0.000000,0x000E
2026-07-08T11:41:30.633333Z,1783510890,633333,1,0x0000,true,59.991589,-0.000033,88,70.005539,-37.090939,55.002743,-107.967949,94.970749,-144.630403,94.984322,146.413192,65.001022,143.883235,50.000000,-2.139546,0.000000,0.000000,0.000000,0x000F
2026-07-08T11:41:30.666666Z,1783510890,666666,1,0x0000,true,60.007156,0.000519,88,75.004120,-0.418055,60.002464,-71.182920,99.977859,-108.807796,99.990273,-180.000005,70.011459,-180.000005,54.999744,34.308587,0.000000,0.000000,0.000000,0x0000
2026-07-08T11:41:30.7Z,1783510890,700000,1,0x0000,true,59.995243,-0.000397,88,79.992088,36.189143,64.995430,-34.684660,50.000000,-73.422273,50.000000,-143.830943,75.003365,-143.690364,60.013283,69.777807,0.000000,0.000000,0.000000,0x0001
2026-07-08T11:41:30.733333Z,1783510890,733333,1,0x0000,true,59.999146,0.000130,88,84.992790,71.931372,69.985344,2.266249,54.984329,-38.082099,54.985279,-108.415463,80.010208,-107.615614,64.998924,105.734702,0.000000,0.000000,0.000000,0x0002
2026-07-08T11:41:30.766666Z,1783510890,766666,1,0x0000,true,60.015423,0.000543,88,89.998390,107.911757,74.983696,39.010765,59.977886,-2.555993,59.972816,-71.494746,85.015358,-71.831009,69.983093,142.393544,0.000000,0.000000,0.000000,0x0003
2026-07-08T11:41:30.8Z,1783510890,800000,1,0x0000,true,59.990147,-0.000843,88,94.983192,143.905433,79.985268,74.389755,64.975929,32.934967,64.971611,-35.861044,90.018723,-35.930647,74.987122,178.953415,0.000000,0.000000,0.000000,0x0004
2026-07-08T11:41:30.833333Z,1783510890,833333,1,0x0000,true,60.009453,0.000644,88,99.989182,179.234997,84.984947,110.226699,69.982697,68.811957,69.975128,-0.797962,95.018791,-0.742892,79.977707,-180.000005,0.000000,0.000000,0.000000,0x0005
2026-07-08T11:41:30.866666Z,1783510890,866666,1,0x0000,true,60.013214,0.000125,88,50.000000,-180.000005,89.993683,147.172067,74.976807,104.522658,74.974182,34.854449,50.000000,35.533646,84.981354,-143.800522,0.000000,0.000000,0.000000,0x0006
2026-07-08T11:41:30.9Z,1783510890,900000,1,0x0000,true,59.995258,-0.000599,88,55.011921,-143.126846,95.001190,-180.000005,79.967400,140.488768,79.967491,71.050961,54.989166,71.093383,89.973778,-107.333622,0.000000,0.000000,0.000000,0x0007
2026-07-08T11:41:30.933333Z,1783510890,933333,1,0x0000,true,59.983368,-0.000396,88,60.012379,-107.476592,50.000000,-143.234791,84.964622,176.510366,84.951912,106.771512,59.983555,106.683252,94.961357,-70.579022,0.000000,0.000000,0.000000,0x0008
2026-07-08T11:41:30.966666Z,1783510890,966666,1,0x0000,true,60.012886,0.000984,88,64.998451,-71.924959,54.985523,-107.755721,89.971893,-180.000005,89.960030,143.392991,64.996948,143.104744,99.963921,-35.157248,0.000000,0.000000,0.000000,0x0009
2026-07-08T11:41:31Z,1783510891,0,1,0x0000,true,60.016228,0.000111,88,69.992310,-35.741096,59.981285,-71.335452,94.973633,-144.533059,94.972115,178.561690,69.992432,178.881193,50.000000,-0.010234,0.000000,0.000000,0.000000,0x000A
2026-07-08T11:41:31.033333Z,1783510891,33333,1,0x0000,true,59.992996,-0.000774,88,75.008430,-0.198145,64.969666,-35.830503,99.970398,-107.615429,99.971916,-180.000005,74.985138,-180.000005,55.005535,36.422978,0.000000,0.000000,0.000000,0x000B
2026-07-08T11:41:31.066666Z,1783510891,66666,1,0x0000,true,60.004494,0.000383,88,80.024559,35.598932,69.961868,-0.570764,50.000000,-72.343041,50.000000,-144.283129,79.991226,-143.195271,60.021484,72.586264,0.000000,0.000000,0.000000,0x000C
2026-07-08T11:41:31.1Z,1783510891,100000,1,0x0000,true,60.003414,-0.000036,88,85.033195,71.446367,74.954712,35.992717,54.999912,-36.240601,55.010696,-108.411734,84.997665,-107.930226,65.013695,109.497536,0.000000,0.000000,0.000000,0x000D
2026-07-08T11:41:31.133333Z,1783510891,133333,1,0x0000,true,60.011906,0.000283,88,90.023277,106.927766,79.951668,71.770152,60.001377,-0.403947,60.008331,-71.532578,90.007019,-72.579967,70.022171,145.531961,0.000000,0.000000,0.000000,0x000E
2026-07-08T11:41:31.166666Z,1783510891,166666,1,0x0000,true,59.991608,-0.000677,88,95.027702,142.689468,84.938240,107.029310,65.015900,34.885867,65.000229,-36.173286,95.017769,-36.733287,75.014664,-180.000005,0.000000,0.000000,0.000000,0x000F
2026-07-08T11:41:31.2Z,1783510891,200000,1,0x0000,true,59.995899,0.000143,88,50.000000,179.364101,89.943947,142.978631,70.025131,71.457624,69.991714,0.664198,50.000000,-0.447771,80.020996,-143.754240,0.000000,0.000000,0.000000,0x0000
2026-07-08T11:41:31.233333Z,1783510891,233333,1,0x0000,true,59.991978,-0.000131,88,55.006828,-180.000005,94.932236,179.553297,75.023415,107.509356,74.982506,37.324901,55.010391,34.617117,85.032639,-108.023608,0.000000,0.000000,0.000000,0x0001
2026-07-08T11:41:31.266666Z,1783510891,266666,1,0x0000,true,59.985603,-0.000212,88,59.998329,-143.422184,99.927628,-180.000005,80.017303,143.971249,79.986954,73.169542,60.003674,70.819458,90.028786,-71.410406,0.000000,0.000000,0.000000,0x0002
2026-07-08T11:41:31.3Z,1783510891,300000,1,0x0000,true,60.000134,0.000484,88,64.999535,-107.676983,50.000000,-144.866454,85.001892,179.516004,84.972763,109.069146,65.007072,107.189724,95.016090,-36.100774,0.000000,0.000000,0.000000,0x0003
2026-07-08T11:41:31.333333Z,1783510891,333333,1,0x0000,true,59.984104,-0.000534,88,70.006493,-70.773580,55.006649,-107.915548,89.987297,-180.000005,89.982010,145.313217,69.995903,142.758084,50.000000,0.609356,0.000000,0.000000,0.000000,0x0004
2026-07-08T11:41:31.366666Z,1783510891,366666,1,0x0000,true,60.011986,0.000929,88,74.990494,-34.095857,60.017960,-72.826120,94.995537,-144.603697,94.973328,-180.000005,74.984650,179.643428,54.994690,37.060637,0.000000,0.000000,0.000000,0x0005
2026-07-08T11:41:31.4Z,1783510891,400000,1,0x0000,true,59.994888,-0.000570,88,79.986694,1.210919,65.012375,-36.668892,99.988342,-108.707822,99.983208,-143.364660,79.973785,-180.000005,60.001091,73.633797,0.000000,0.000000,0.000000,0x0006
2026-07-08T11:41:31.433333Z,1783510891,433333,1,0x0000,true,59.995384,0.000017,88,84.979828,37.385747,69.998283,-0.490856,50.000000,-72.941810,50.000000,-107.044931,84.988556,-144.696615,64.984482,108.814503,0.000000,0.000000,0.000000,0x0007
2026-07-08T11:41:31.466666Z,1783510891,466666,1,0x0000,true,59.988682,-0.000223,88,89.995880,72.785836,74.990303,36.139771,55.005756,-37.524175,55.012245,-71.113095,89.983032,-108.248718,69.968651,145.033275,0.000000,0.000000,0.000000,0x0008
2026-07-08T11:41:31.5Z,1783510891,500000,1,0x0000,true,59.985729,-0.000098,88,95.012085,108.591422,79.978828,71.988254,60.021061,-2.467621,60.008610,-34.878463,94.978935,-72.373538,74.978317,-180.000005,0.000000,0.000000,0.000000,0x0009
2026-07-08T11:41:31.533333Z,1783510891,533333,1,0x0000,true,59.990211,0.000149,88,50.000000,144.171032,84.974876,107.704898,65.010307,33.165148,64.996712,0.762117,99.969780,-36.578443,79.967033,-143.887074,0.000000,0.000000,0.000000,0x000A
2026-07-08T11:41:31.566666Z,1783510891,566666,1,0x0000,true,59.986721,-0.000116,88,54.996277,179.285758,89.968727,144.452504,69.999344,68.346261,69.992470,36.387484,50.000000,-1.266480,84.979164,-108.311425,0.000000,0.000000,0.000000,0x000B
2026-07-08T11:41:31.6Z,1783510891,600000,1,0x0000,true,60.004494,0.000592,88,59.994904,-180.000005,94.957214,179.854631,75.002945,103.395820,74.999550,72.973584,55.004719,35.513009,89.993172,-72.162533,0.000000,0.000000,0.000000,0x000C
2026-07-08T11:41:31.633333Z,1783510891,633333,1,0x0000,true,59.992512,-0.000399,88,64.996162,-143.781465,99.957497,-180.000005,80.012070,139.753143,80.009789,108.962424,60.018364,72.242549,95.005463,-37.083771,0.000000,0.000000,0.000000,0x000D
2026-07-08T11:41:31.666666Z,1783510891,666666,1,0x0000,true,60.014744,0.000741,88,70.005905,-107.481496,50.000000,-144.125994,85.000504,175.186921,85.010391,144.790981,65.002419,108.124374,50.000000,-0.264938,0.000000,0.000000,0.000000,0x000E
2026-07-08T11:41:31.7Z,1783510891,700000,1,0x0000,true,60.007095,-0.000255,88,74.991722,-72.410196,54.987534,-107.773855,90.009361,-180.000005,90.017242,-180.000005,69.994141,143.650599,54.983486,35.853705,0.000000,0.000000,0.000000,0x000F
2026-07-08T11:41:31.733333Z,1783510891,733333,1,0x0000,true,59.997944,-0.000305,88,79.991104,-35.563794,59.986343,-72.624336,95.016281,-144.342401,95.025024,-144.311802,75.001076,179.522752,59.969860,71.027240,0.000000,0.000000,0.000000,0x0000
2026-07-08T11:41:31.766666Z,1783510891,766666,1,0x0000,true,60.000004,0.000069,88,84.990280,0.001946,64.989082,-36.111330,50.000000,-108.488669,50.000000,-107.709501,80.011208,-180.000005,64.971809,106.467431,0.000000,0.000000,0.000000,0x0001
2026-07-08T11:41:31.8Z,1783510891,800000,1,0x0000,true,60.015526,0.000517,88,89.974800,35.600210,69.976700,0.388037,54.985100,-73.078783,54.999718,-71.349672,85.013695,-143.674395,69.957390,142.427831,0.000000,0.000000,0.000000,0x0002
2026-07-08T11:41:31.833333Z,1783510891,833333,1,0x0000,true,59.983406,-0.001071,88,94.966469,72.428890,74.975639,35.473325,59.990349,-37.889627,60.006371,-36.088069,90.022095,-107.711380,74.941071,179.051469,0.000000,0.000000,0.000000,0x0003
2026-07-08T11:41:31.866666Z,1783510891,866666,1,0x0000,true,60.007866,0.000815,88,99.969208,107.634718,79.981087,71.925710,64.986427,-1.983554,65.020523,0.645607,95.009010,-70.952408,79.936066,-180.000005,0.000000,0.000000,0.000000,0x0004
2026-07-08T11:41:31.9Z,1783510891,900000,1,0x0000,true,60.003628,-0.000141,88,50.000000,143.859726,84.972778,107.433630,69.971931,33.628290,70.028015,37.415131,50.000000,-35.258673,84.937149,-143.991289,0.000000,0.000000,0.000000,0x0005
2026-07-08T11:41:31.933333Z,1783510891,933333,1,0x0000,true,60.015057,0.000381,88,55.007282,179.236035,89.982857,143.234490,74.964966,70.071874,75.013641,73.325052,54.999767,0.122301,89.923103,-107.169486,0.000000,0.000000,0.000000,0x0006
2026-07-08T11:41:31.966666Z,1783510891,966666,1,0x0000,true,59.989426,-0.000854,88,60.020294,-180.000005,94.986504,179.447497,79.970848,105.393801,80.017532,109.263766,60.013916,36.306806,94.930984,-71.164615,0.000000,0.000000,0.000000,0x0007
2026-07-08T11:41:32Z,1783510892,0,1,0x0000,true,59.991631,0.000073,88,65.006973,-144.394106,50.000000,-180.000005,84.954826,140.575320,85.008575,144.627548,65.014702,71.804351,99.928482,-35.465341,0.000000,0.000000,0.000000,0x0008
2026-07-08T11:41:32.033333Z,1783510892,33333,1,0x0000,true,60.002029,0.000347,88,70.014961,-108.253314,55.011467,-144.686288,89.943329,176.035627,90.017143,-180.000005,70.012650,108.694121,50.000000,0.282486,0.000000,0.000000,0.000000,0x0009
2026-07-08T11:41:32.066666Z,1783510892,66666,1,0x0000,true,60.008793,0.000225,88,75.013870,-72.418057,60.018562,-108.696047,94.937592,-180.000005,95.024811,-143.966987,74.998512,144.387330,54.987740,35.901209,0.000000,0.000000,0.000000,0x000A
2026-07-08T11:41:32.1Z,1783510892,100000,1,0x0000,true,60.000912,-0.000263,88,80.002075,-37.081148,65.027176,-73.068175,99.932671,-144.354764,50.000000,-108.664526,80.008629,179.683153,59.977261,71.501453,0.000000,0.000000,0.000000,0x000B
2026-07-08T11:41:32.133333Z,1783510892,133333,1,0x0000,true,60.007153,0.000208,88,85.005203,-1.522635,70.027481,-36.448738,50.000000,-107.898240,54.997578,-73.552893,85.005051,-180.000005,64.976814,106.934534,0.000000,0.000000,0.000000,0x000C
2026-07-08T11:41:32.166666Z,1783510892,166666,1,0x0000,true,59.986877,-0.000676,88,90.009972,34.728551,75.022697,-0.306606,55.011730,-72.095276,60.001530,-36.755802,89.989319,-144.043048,69.989304,143.270526,0.000000,0.000000,0.000000,0x000D
2026-07-08T11:41:32.2Z,1783510892,200000,1,0x0000,true,60.004269,0.000580,88,95.005775,70.175215,80.017120,36.506688,60.002045,-35.450953,64.985260,-1.082407,94.982880,-107.600280,74.987503,179.539719,0.000000,0.000000,0.000000,0x000E
2026-07-08T11:41:32.233333Z,1783510892,233333,1,0x0000,true,59.989521,-0.000492,88,50.000000,106.473319,85.033737,72.814120,64.987968,0.922166,69.985168,35.590651,99.993866,-71.990180,79.991707,-180.000005,0.000000,0.000000,0.000000,0x000F
2026-07-08T11:41:32.266666Z,1783510892,266666,1,0x0000,true,60.004715,0.000506,88,55.008774,143.348281,90.048943,109.036566,70.003418,37.045355,74.983795,71.235779,50.000000,-36.709166,84.991043,-143.202743,0.000000,0.000000,0.000000,0x0000
2026-07-08T11:41:32.3Z,1783510892,300000,1,0x0000,true,60.008301,0.000120,88,59.998466,179.143144,95.055435,144.450701,75.006767,73.653133,79.997330,107.698717,54.998859,-0.705231,89.993019,-108.095714,0.000000,0.000000,0.000000,0x0001
2026-07-08T11:41:32.333333Z,1783510892,333333,1,0x0000,true,60.000793,-0.000250,88,64.997780,-180.000005,50.000000,-180.000005,79.994484,109.734236,84.992508,143.324321,59.989677,36.016906,94.977203,-71.718052,0.000000,0.000000,0.000000,0x0002
2026-07-08T11:41:32.366666Z,1783510892,366666,1,0x0000,true,60.008568,0.000259,88,69.996407,-144.784970,54.995678,-144.805365,84.997536,146.231208,90.001518,179.838498,64.988182,72.090495,99.987038,-36.261829,0.000000,0.000000,0.000000,0x0003
2026-07-08T11:41:32.4Z,1783510892,400000,1,0x0000,true,59.985901,-0.000756,88,74.983383,-108.852609,60.000004,-108.731721,90.007690,-180.000005,95.008926,-180.000005,69.987190,107.445474,50.000000,-0.304290,0.000000,0.000000,0.000000,0x0004
2026-07-08T11:41:32.433333Z,1783510892,433333,1,0x0000,true,59.994221,0.000277,88,79.988884,-73.359783,65.001801,-71.912658,94.992844,-143.668029,99.994965,-143.423645,74.973907,143.346013,54.992584,36.393133,0.000000,0.000000,0.000000,0x0005
2026-07-08T11:41:32.466666Z,1783510892,466666,1,0x0000,true,59.991978,-0.000075,88,84.985817,-36.694010,70.009293,-36.398092,99.993027,-106.823728,50.000000,-107.012583,79.978333,-180.000005,60.002911,72.094621,0.000000,0.000000,0.000000,0x0006
2026-07-08T11:41:32.5Z,1783510892,500000,1,0x0000,true,60.007080,0.000503,88,89.976562,0.101625,75.007401,-0.480478,50.000000,-71.719903,54.999481,-71.191198,84.966064,-143.122243,65.003830,109.014464,0.000000,0.000000,0.000000,0x0007
2026-07-08T11:41:32.533333Z,1783510892,533333,1,0x0000,true,60.003647,-0.000114,88,94.961250,36.285431,80.007462,36.449038,55.005730,-35.789932,59.991131,-34.609590,89.973190,-106.514990,70.015305,145.484286,0.000000,0.000000,0.000000,0x0008
2026-07-08T11:41:32.566666Z,1783510892,566666,1,0x0000,true,59.984962,-0.000623,88,99.953979,71.461066,84.991455,72.571177,59.997219,-0.290520,64.998695,1.637981,94.989357,-70.111967,75.022240,-180.000005,0.000000,0.000000,0.000000,0x0009
2026-07-08T11:41:32.6Z,1783510892,600000,1,0x0000,true,59.990074,0.000170,88,50.000000,107.831448,89.995529,108.289569,64.996857,36.620988,70.004745,38.549198,99.993416,-34.447547,80.009392,-144.711764,0.000000,0.000000,0.000000,0x000A
2026-07-08T11:41:32.633333Z,1783510892,633333,1,0x0000,true,59.991997,0.000064,88,54.994873,143.231416,94.986198,144.967118,69.981773,73.102169,75.007172,74.478001,50.000000,1.175023,85.014709,-109.143404,0.000000,0.000000,0.000000,0x000B
2026-07-08T11:41:32.666666Z,1783510892,666666,1,0x0000,true,59.993950,0.000065,88,59.999969,179.052630,99.999344,-180.000005,74.986343,109.081741,79.999283,111.271479,55.004681,36.429108,90.004929,-72.963387,0.000000,0.000000,0.000000,0x000C
2026-07-08T11:41:32.7Z,1783510892,700000,1,0x0000,true,59.994637,0.000023,88,64.990326,-180.000005,50.000000,-144.293033,79.989990,144.401974,85.002296,147.348149,59.988171,72.677318,94.998894,-37.548606,0.000000,0.000000,0.000000,0x000D
2026-07-08T11:41:32.733333Z,1783510892,733333,1,0x0000,true,59.987774,-0.000229,88,69.984016,-143.963025,55.015965,-108.336895,84.988403,-180.000005,89.993927,-180.000005,65.000465,107.840361,99.985168,-1.014210,0.000000,0.000000,0.000000,0x000E
2026-07-08T11:41:32.766666Z,1783510892,766666,1,0x0000,true,60.008274,0.000683,88,74.969543,-107.092086,60.023361,-73.075176,89.984261,-144.448488,94.980843,-143.180477,69.992950,144.297759,50.000000,35.790751,0.000000,0.000000,0.000000,0x000F
2026-07-08T11:41:32.8Z,1783510892,800000,1,0x0000,true,60.013298,0.000167,88,79.982697,-70.961964,65.031059,-36.833667,94.983788,-108.110748,99.966705,-106.945381,74.985161,-180.000005,54.994209,72.725805,0.000000,0.000000,0.000000,0x0000
2026-07-08T11:41:32.833333Z,1783510892,833333,1,0x0000,true,59.994049,-0.000642,88,84.968796,-35.028089,70.014496,-1.086132,99.991737,-72.043162,50.000000,-70.506048,79.983734,-144.653885,59.985123,108.827781,0.000000,0.000000,0.000000,0x0001
2026-07-08T11:41:32.866666Z,1783510892,866666,1,0x0000,true,59.989693,-0.000145,88,89.959587,0.143988,75.027298,35.696447,50.000000,-36.761973,54.986198,-35.173975,84.973328,-108.405559,64.981758,143.920473,0.000000,0.000000,0.000000,0x0002
2026-07-08T11:41:32.9Z,1783510892,900000,1,0x0000,true,59.989964,0.000009,88,94.960770,36.250099,80.013687,72.494938,55.015301,-1.138821,59.979347,0.794464,89.964149,-73.031641,69.966011,179.412827,0.000000,0.000000,0.000000,0x0003
2026-07-08T11:41:32.933333Z,1783510892,933333,1,0x0000,true,60.005653,0.000523,88,99.955505,73.064330,85.005554,107.825321,60.029762,34.575200,64.989281,37.453885,94.967125,-37.932596,74.956421,-180.000005,0.000000,0.000000,0.000000,0x0004
2026-07-08T11:41:32.966666Z,1783510892,966666,1,0x0000,true,59.993294,-0.000412,88,50.000000,109.063252,90.008331,144.631441,65.018639,69.728042,69.999374,74.326863,99.979950,-1.514830,79.956520,-144.230905,0.000000,0.000000,0.000000,0x0005
2026-07-08T11:41:33Z,1783510893,0,1,0x0000,true,59.995914,0.000087,88,55.006382,144.435948,95.022202,179.967247,70.017403,106.088978,74.995728,109.532861,50.000000,33.979102,84.969055,-108.162855,0.000000,0.000000,0.000000,0x0006
2026-07-08T11:41:33.033333Z,1783510893,33333,1,0x0000,true,59.985531,-0.000346,88,59.995876,-180.000005,50.000000,-180.000005,75.007881,142.890440,79.997375,145.787246,54.994457,69.526019,89.959984,-73.036360,0.000000,0.000000,0.000000,0x0007
2026-07-08T11:41:33.066666Z,1783510893,66666,1,0x0000,true,60.006420,0.000696,88,64.989197,-144.818780,55.006268,-144.014074,80.000069,178.763877,85.008255,-180.000005,60.002224,105.453538,94.974091,-37.757330,0.000000,0.000000,0.000000,0x0008
2026-07-08T11:41:33.1Z,1783510893,100000,1,0x0000,true,59.985512,-0.000697,88,69.980179,-109.533975,60.011986,-107.883425,84.985497,-180.000005,90.000023,-144.928828,65.003250,140.920955,99.957672,-1.128860,0.000000,0.000000,0.000000,0x0009
2026-07-08T11:41:33.133333Z,1783510893,133333,1,0x0000,true,60.003139,0.000588,88,74.964355,-73.873168,65.023575,-71.539511,89.985100,-144.842904,94.987717,-108.434587,69.995056,176.715176,50.000000,34.642805,0.000000,0.000000,0.000000,0x000A
2026-07-08T11:41:33.166666Z,1783510893,166666,1,0x0000,true,60.010376,0.000241,88,79.964020,-37.920292,70.011909,-34.993108,94.993019,-109.255187,99.971199,-72.293038,75.003052,-180.000005,55.015358,71.209606,0.000000,0.000000,0.000000,0x000B
2026-07-08T11:41:33.2Z,1783510893,200000,1,0x0000,true,60.007236,-0.000105,88,84.962189,-2.344934,75.021210,0.383436,99.980003,-72.305270,50.000000,-36.132138,79.997116,-144.311515,60.022034,107.417777,0.000000,0.000000,0.000000,0x000C
2026-07-08T11:41:33.233333Z,1783510893,233333,1,0x0000,true,59.996506,-0.000358,88,89.975456,33.301243,80.013222,35.642359,50.000000,-35.982044,54.990681,0.276652,84.988892,-107.947370,65.017563,143.264461,0.000000,0.000000,0.000000,0x000D
2026-07-08T11:41:33.266666Z,1783510893,266666,1,0x0000,true,60.005806,0.000310,88,94.973167,69.903018,85.014877,70.883041,54.997704,-0.526931,60.002758,36.282395,89.992043,-71.974327,70.007278,179.845725,0.000000,0.000000,0.000000,0x000E
2026-07-08T11:41:33.3Z,1783510893,300000,1,0x0000,true,59.996460,-0.000312,88,99.981430,105.997938,90.010094,107.752115,60.002319,34.600967,64.995552,71.777201,95.000343,-36.087605,74.995735,-180.000005,0.000000,0.000000,0.000000,0x000F
2026-07-08T11:41:33.333333Z,1783510893,333333,1,0x0000,true,59.988937,-0.000251,88,50.000000,142.288577,95.018265,143.624262,65.004745,71.043154,69.994133,107.520073,50.000000,-0.652367,80.001045,-144.167262,0.000000,0.000000,0.000000,0x0000
2026-07-08T11:41:33.366666Z,1783510893,366666,1,0x0000,true,60.001812,0.000429,88,54.991589,177.898615,50.000000,179.096917,70.014374,106.368817,74.978661,143.737165,54.991348,35.342766,84.989799,-107.568226,0.000000,0.000000,0.000000,0x0001
2026-07-08T11:41:33.4Z,1783510893,400000,1,0x0000,true,59.996067,-0.000191,88,60.003292,-180.000005,54.993889,-180.000005,75.007149,143.178906,79.980614,178.918103,59.992233,72.218192,89.987648,-71.211074,0.000000,0.000000,0.000000,0x0002
2026-07-08T11:41:33.433333Z,1783510893,433333,1,0x0000,true,59.992142,-0.000131,88,65.018394,-143.506577,60.004780,-143.903043,80.022049,179.149564,84.993813,-180.000005,64.979263,107.406412,94.974205,-35.572417,0.000000,0.000000,0.000000,0x0003
2026-07-08T11:41:33.466666Z,1783510893,466666,1,0x0000,true,60.013340,0.000707,88,70.028908,-106.868200,65.006149,-108.303263,85.020401,-180.000005,89.992653,-144.639952,69.994972,144.256601,99.958046,1.036527,0.000000,0.000000,0.000000,0x0004
2026-07-08T11:41:33.5Z,1783510893,500000,1,0x0000,true,59.989216,-0.000804,88,75.014854,-71.669489,70.007973,-71.503488,90.013031,-143.230542,94.983795,-109.250529,74.990761,-180.000005,50.000000,36.372386,0.000000,0.000000,0.000000,0x0005
2026-07-08T11:41:33.533333Z,1783510893,533333,1,0x0000,true,60.011662,0.000748,88,80.021835,-35.786674,75.002350,-35.086012,95.027893,-106.575437,99.989632,-73.580631,79.983040,-144.525423,54.986511,72.415721,0.000000,0.000000,0.000000,0x0006
2026-07-08T11:41:33.566666Z,1783510893,566666,1,0x0000,true,60.015289,0.000121,88,85.017342,0.890116,79.992462,0.799719,50.000000,-71.129419,50.000000,-36.776078,84.980682,-109.189795,59.998798,108.772579,0.000000,0.000000,0.000000,0x0007
2026-07-08T11:41:33.6Z,1783510893,600000,1,0x0000,true,60.014393,-0.000030,88,90.019859,36.112726,85.007225,36.163731,55.007683,-35.776948,55.000702,0.069974,89.973953,-73.213255,64.992157,145.299161,0.000000,0.000000,0.000000,0x0008
2026-07-08T11:41:33.633333Z,1783510893,633333,1,0x0000,true,59.994949,-0.000648,88,95.011597,72.743762,89.999313,72.370267,60.014885,-0.261916,60.008434,36.326989,94.976639,-38.022061,69.982170,-180.000005,0.000000,0.000000,0.000000,0x0009
2026-07-08T11:41:33.666666Z,1783510893,666666,1,0x0000,true,59.997215,0.000076,88,99.996002,108.518517,94.998779,107.722042,65.010529,36.635195,64.997208,71.517599,99.990822,-1.245836,74.998741,-144.448201,0.000000,0.000000,0.000000,0x000A
2026-07-08T11:41:33.7Z,1783510893,700000,1,0x0000,true,60.012867,0.000522,88,50.000000,145.473153,99.984840,142.944658,70.015854,72.717582,69.996735,107.225384,50.000000,34.883822,80.008255,-108.708710,0.000000,0.000000,0.000000,0x000B
2026-07-08T11:41:33.733333Z,1783510893,733333,1,0x0000,true,60.012730,-0.000005,88,54.989983,-180.000005,50.000000,178.316828,75.002907,109.608574,75.008904,143.813048,54.999390,70.317781,85.010078,-73.272657,0.000000,0.000000,0.000000,0x000C
2026-07-08T11:41:33.766666Z,1783510893,766666,1,0x0000,true,59.991627,-0.000703,88,59.981937,-143.933123,54.986374,-180.000005,79.994545,146.309673,80.010330,179.200436,59.983456,106.334946,90.016296,-36.917664,0.000000,0.000000,0.000000,0x000D
2026-07-08T11:41:33.8Z,1783510893,800000,1,0x0000,true,59.994678,0.000102,88,64.995499,-108.309622,59.978779,-143.831476,84.990578,-180.000005,85.015503,-180.000005,64.996803,142.285777,95.005936,-0.186843,0.000000,0.000000,0.000000,0x000E
2026-07-08T11:41:33.833333Z,1783510893,833333,1,0x0000,true,59.996777,0.000070,88,70.001968,-71.486829,64.975113,-107.228185,89.997070,-144.213420,90.012817,-144.602891,69.987900,178.863065,99.996452,35.456301,0.000000,0.000000,0.000000,0x000F
2026-07-08T11:41:33.866666Z,1783510893,866666,1,0x0000,true,59.994221,-0.000085,88,74.995239,-35.155909,69.965233,-70.959511,95.005577,-108.967609,95.015060,-108.855942,74.995804,-180.000005,50.000000,70.516820,0.000000,0.000000,0.000000,0x0000
2026-07-08T11:41:33.9Z,1783510893,900000,1,0x0000,true,59.989376,-0.000161,88,79.979286,1.738229,74.968086,-35.519552,50.000000,-72.303235,50.000000,-72.213889,79.994331,-143.628346,55.002148,105.673217,0.000000,0.000000,0.000000,0x0001
2026-07-08T11:41:33.933333Z,1783510893,933333,1,0x0000,true,59.995148,0.000192,88,84.987785,37.617024,79.984444,0.693397,54.988785,-35.404258,55.001221,-36.702004,84.987694,-106.862551,59.997646,142.557209,0.000000,0.000000,0.000000,0x0002
2026-07-08T11:41:33.966666Z,1783510893,966666,1,0x0000,true,60.009014,0.000462,88,89.993103,73.995742,84.969147,36.067726,59.978336,1.087823,59.990845,-1.641429,89.973549,-71.428247,65.000999,178.071187,0.000000,0.000000,0.000000,0x0003
2026-07-08T11:41:34Z,1783510894,0,1,0x0000,true,60.009808,0.000026,88,94.990471,109.959284,89.975861,71.174580,64.994553,36.153352,64.994095,34.169988,94.962463,-35.947777,70.010872,-180.000005,0.000000,0.000000,0.000000,0x0004
2026-07-08T11:41:34.033333Z,1783510894,33333,1,0x0000,true,59.995018,-0.000493,88,50.000000,145.755431,94.973854,106.884408,69.980339,71.701086,70.008896,70.378508,99.966606,0.333541,75.013313,-143.597856,0.000000,0.000000,0.000000,0x0005
2026-07-08T11:41:34.066666Z,1783510894,66666,1,0x0000,true,60.001022,0.000200,88,54.996075,-180.000005,99.988487,142.898595,74.992348,108.474517,74.996490,107.121101,50.000000,36.163143,80.029503,-108.136272,0.000000,0.000000,0.000000,0x0006
2026-07-08T11:41:34.1Z,1783510894,100000,1,0x0000,true,59.986008,-0.000500,88,59.993401,-144.564820,50.000000,179.007565,80.001930,144.835049,79.986496,143.201036,55.010780,72.652196,85.013939,-72.600082,0.000000,0.000000,0.000000,0x0007
2026-07-08T11:41:34.133333Z,1783510894,133333,1,0x0000,true,60.003906,0.000597,88,64.998154,-107.978782,54.997444,-180.000005,84.990814,-180.000005,84.983879,-180.000005,60.023762,109.458904,90.013527,-36.810174,0.000000,0.000000,0.000000,0x0008
2026-07-08T11:41:34.166666Z,1783510894,166666,1,0x0000,true,59.990692,-0.000440,88,69.996384,-71.052586,59.984299,-143.831230,90.006065,-143.345713,89.979828,-144.588316,65.007233,145.958793,95.015259,-0.701615,0.000000,0.000000,0.000000,0x0009
2026-07-08T11:41:34.2Z,1783510894,200000,1,0x0000,true,59.997501,0.000227,88,74.988945,-35.603358,64.996269,-107.296193,94.998360,-108.260131,94.986145,-108.273368,69.991325,-180.000005,50.000000,34.778736,0.000000,0.000000,0.000000,0x000A
2026-07-08T11:41:34.233333Z,1783510894,233333,1,0x0000,true,60.008587,0.000370,88,80.003082,-0.078068,69.979843,-71.501794,99.987770,-71.746889,99.978355,-72.986876,74.995216,-144.869023,54.990891,70.377060,0.000000,0.000000,0.000000,0x000B
2026-07-08T11:41:34.266666Z,1783510894,266666,1,0x0000,true,59.995354,-0.000441,88,85.001076,35.853125,74.986313,-36.354665,50.000000,-35.873222,50.000000,-37.257876,79.983429,-108.681895,59.980858,106.975748,0.000000,0.000000,0.000000,0x000C
2026-07-08T11:41:34.3Z,1783510894,300000,1,0x0000,true,60.010059,0.000490,88,89.988342,71.731569,79.997879,-0.150809,55.002914,0.435432,55.000137,-0.418177,84.992355,-73.050000,64.991936,143.321302,0.000000,0.000000,0.000000,0x000D
2026-07-08T11:41:34.333333Z,1783510894,333333,1,0x0000,true,60.015656,0.000187,88,94.975853,107.803697,84.992050,36.550460,59.989494,36.686152,59.999329,36.049540,89.995911,-37.462519,69.980408,178.875797,0.000000,0.000000,0.000000,0x000E
2026-07-08T11:41:34.366666Z,1783510894,366666,1,0x0000,true,60.007309,-0.000278,88,99.979530,143.470159,89.979156,73.348541,64.992737,73.611353,65.013657,71.331545,95.009239,-1.181899,74.971397,-180.000005,0.000000,0.000000,0.000000,0x000F
2026-07-08T11:41:34.4Z,1783510894,400000,1,0x0000,true,59.984890,-0.000747,88,50.000000,178.617056,94.976967,109.318906,69.998436,110.283479,70.008202,107.437831,99.996468,34.940997,79.986725,-143.680911,0.000000,0.000000,0.000000,0x0000
2026-07-08T11:41:34.433333Z,1783510894,433333,1,0x0000,true,60.006905,0.000734,88,54.995213,-180.000005,99.971275,144.651208,75.014793,145.961306,75.021851,143.099389,50.000000,70.490127,84.990295,-107.473559,0.000000,0.000000,0.000000,0x0001
2026-07-08T11:41:34.466666Z,1783510894,466666,1,0x0000,true,59.986065,-0.000695,88,59.979023,-144.866222,50.000000,-180.000005,80.023140,-180.000005,80.023438,179.208127,54.998146,107.209579,89.982780,-71.360689,0.000000,0.000000,0.000000,0x0002
2026-07-08T11:41:34.5Z,1783510894,500000,1,0x0000,true,60.009674,0.000787,88,64.977409,-108.240726,55.011574,-144.879336,85.010689,-144.729127,85.011826,-180.000005,59.993771,143.504597,94.990135,-36.149620,0.000000,0.000000,0.000000,0x0003
2026-07-08T11:41:34.533333Z,1783510894,533333,1,0x0000,true,60.013027,0.000112,88,69.970207,-72.314081,59.996391,-109.508915,90.027336,-107.962867,90.011963,-143.340932,64.998726,179.374647,50.000000,0.192200,0.000000,0.000000,0.000000,0x0004
2026-07-08T11:41:34.566666Z,1783510894,566666,1,0x0000,true,59.994259,-0.000626,88,74.980721,-36.358757,64.991089,-73.992833,95.024315,-71.668492,94.998634,-107.183413,69.985008,-180.000005,55.012157,36.907866,0.000000,0.000000,0.000000,0x0005
2026-07-08T11:41:34.6Z,1783510894,600000,1,0x0000,true,59.998661,0.000147,88,79.973526,-0.023407,69.994308,-38.154489,50.000000,-35.894785,50.000000,-71.628631,74.969536,-143.600779,60.016895,73.493320,0.000000,0.000000,0.000000,0x0006
2026-07-08T11:41:34.633333Z,1783510894,633333,1,0x0000,true,59.999008,0.000012,88,84.971786,36.890958,74.990509,-2.710507,55.015667,-0.072586,54.990318,-36.317601,79.979614,-107.485519,65.007980,109.136874,0.000000,0.000000,0.000000,0x0007
2026-07-08T11:41:34.666666Z,1783510894,666666,1,0x0000,true,60.009060,0.000335,88,89.962662,72.900487,80.002075,32.966502,60.022972,35.785052,59.974312,-0.094744,84.983826,-70.764721,70.016113,144.956627,0.000000,0.000000,0.000000,0x0008
2026-07-08T11:41:34.7Z,1783510894,700000,1,0x0000,true,60.015453,0.000213,88,94.969795,109.822776,85.010017,69.425888,65.025024,71.242261,64.977661,36.488612,89.980858,-34.687112,75.032410,-180.000005,0.000000,0.000000,0.000000,0x0009
2026-07-08T11:41:34.733333Z,1783510894,733333,1,0x0000,true,60.001015,-0.000481,88,99.970100,146.358742,90.006950,104.857337,70.017990,107.478580,69.971741,71.833038,94.972321,1.441905,80.024857,-144.325968,0.000000,0.000000,0.000000,0x000A
2026-07-08T11:41:34.766666Z,1783510894,766666,1,0x0000,true,60.004757,0.000125,88,50.000000,-180.000005,95.015381,141.428752,75.007286,143.828034,74.960014,108.022146,99.984573,36.901740,85.013145,-108.181447,0.000000,0.000000,0.000000,0x000B
2026-07-08T11:41:34.8Z,1783510894,800000,1,0x0000,true,59.988419,-0.000545,88,55.011997,-144.833984,50.000000,176.938427,80.014305,179.151245,79.947754,143.809496,50.000000,73.543324,90.022438,-71.767468,0.000000,0.000000,0.000000,0x000C
2026-07-08T11:41:34.833333Z,1783510894,833333,1,0x0000,true,59.991962,0.000118,88,60.026928,-109.412213,54.990376,-180.000005,85.006554,-180.000005,84.942368,179.117736,55.001068,109.650190,95.026131,-36.099261,0.000000,0.000000,0.000000,0x000D
2026-07-08T11:41:34.866666Z,1783510894,866666,1,0x0000,true,59.984081,-0.000263,88,65.029152,-72.840457,59.997494,-144.203571,90.016945,-143.984814,89.928764,-180.000005,60.011505,145.334077,50.000000,0.220935,0.000000,0.000000,0.000000,0x000E
2026-07-08T11:41:34.9Z,1783510894,900000,1,0x0000,true,59.994049,0.000332,88,70.023590,-36.712837,65.013977,-107.344756,95.033585,-107.569264,94.932976,-144.547102,65.011246,-180.000005,55.010406,35.468551,0.000000,0.000000,0.000000,0x000F
2026-07-08T11:41:35.433333Z,1783510895,433333,1,0x0000,true,60.003399,0.000160,88,99.988235,-180.000005,94.954277,74.538216,74.956993,107.284657,69.989151,36.610955,95.004890,36.389933,84.976486,-108.127707,0.000000,0.000000,0.000000,0x000F
2026-07-08T11:41:35.466666Z,1783510895,466666,1,0x0000,true,59.986179,-0.000574,88,50.000000,-143.764677,99.950569,110.396375,79.941757,142.942718,74.994461,73.455959,99.996483,71.855188,89.962555,-72.455009,0.000000,0.000000,0.000000,0x0000
2026-07-08T11:41:35.5Z,1783510895,500000,1,0x0000,true,60.002773,0.000553,88,55.011398,-107.873645,50.000000,146.299182,84.942665,178.289944,80.008324,109.363432,50.000000,107.926852,94.960365,-36.374835,0.000000,0.000000,0.000000,0x0001
2026-07-08T11:41:35.533333Z,1783510895,533333,1,0x0000,true,60.001053,-0.000057,88,60.014454,-70.929384,55.000935,-180.000005,89.958649,-180.000005,85.019852,146.206920,54.989555,144.417588,99.974411,0.442715,0.000000,0.000000,0.000000,0x0002
2026-07-08T11:41:35.566666Z,1783510895,566666,1,0x0000,true,59.989765,-0.000376,88,65.030464,-34.035304,59.989834,-144.784096,94.950172,-144.834339,90.005875,-180.000005,59.993626,-180.000005,50.000000,35.820715,0.000000,0.000000,0.000000,0x0003
2026-07-08T11:41:35.6Z,1783510895,600000,1,0x0000,true,60.005527,0.000525,88,70.036812,2.098551,64.980499,-108.423564,99.955841,-109.533100,94.999405,-144.505315,64.983658,-144.428202,55.014400,71.698114,0.000000,0.000000,0.000000,0x0004
2026-07-08T11:41:35.633333Z,1783510895,633333,1,0x0000,true,60.001434,-0.000136,88,75.045998,38.051544,69.980652,-71.688491,50.000000,-74.145713,50.000000,-107.982750,69.990334,-107.830621,60.017429,106.797220,0.000000,0.000000,0.000000,0x0005
2026-07-08T11:41:35.666666Z,1783510895,666666,1,0x0000,true,59.996651,-0.000159,88,80.049156,74.856449,74.970154,-36.462442,54.999119,-37.411453,55.013176,-71.072585,74.985634,-71.007418,65.026176,141.858385,0.000000,0.000000,0.000000,0x0006
2026-07-08T11:41:35.7Z,1783510895,700000,1,0x0000,true,59.990360,-0.000210,88,85.042130,111.014084,79.982254,0.296764,60.002209,-1.731646,60.012318,-34.200246,79.979393,-34.529267,70.031883,177.775713,0.000000,0.000000,0.000000,0x0007
2026-07-08T11:41:35.733333Z,1783510895,733333,1,0x0000,true,59.999760,0.000313,88,90.053879,146.068418,84.980469,36.357469,64.993134,33.767998,65.014053,1.143716,84.977913,1.402511,75.031624,-180.000005,0.000000,0.000000,0.000000,0x0008
2026-07-08T11:41:35.766666Z,1783510895,766666,1,0x0000,true,59.991028,-0.000291,88,95.048157,-180.000005,89.993637,72.103602,69.986908,69.388295,70.018059,36.243518,89.980141,37.558514,80.027901,-143.622568,0.000000,0.000000,0.000000,0x0009
2026-07-08T11:41:35.8Z,1783510895,800000,1,0x0000,true,60.006477,0.000515,88,50.000000,-144.153437,94.995430,108.577209,74.976471,106.098191,75.005119,71.498830,94.985237,74.188675,85.015457,-107.585820,0.000000,0.000000,0.000000,0x000A
2026-07-08T11:41:35.833333Z,1783510895,833333,1,0x0000,true,59.992889,-0.000453,88,54.983562,-108.400129,99.993088,143.880544,79.988762,141.387948,80.003098,107.173857,99.982201,110.666304,90.032112,-70.806563,0.000000,0.000000,0.000000,0x000B
2026-07-08T11:41:35.866666Z,1783510895,866666,1,0x0000,true,59.989246,-0.000121,88,59.970711,-72.567843,50.000000,179.974419,84.983185,176.589978,85.008057,143.473834,50.000000,146.657357,95.020836,-35.701457,0.000000,0.000000,0.000000,0x000C
2026-07-08T11:41:35.9Z,1783510895,900000,1,0x0000,true,59.998928,0.000323,88,64.983665,-36.445353,55.011353,-180.000005,89.969307,-180.000005,89.999580,179.208086,54.998325,-180.000005,50.000000,0.614425,0.000000,0.000000,0.000000,0x000D
2026-07-08T11:41:35.933333Z,1783510895,933333,1,0x0000,true,60.003571,0.000155,88,69.991844,-0.647284,60.024574,-143.308529,94.972176,-143.157678,95.004028,-180.000005,60.007431,-143.245282,55.000916,37.395607,0.000000,0.000000,0.000000,0x000E
2026-07-08T11:41:35.966666Z,1783510895,966666,1,0x0000,true,60.007996,0.000148,88,74.990196,34.801593,65.016006,-107.993303,99.960793,-107.361128,99.989265,-143.464968,65.007851,-106.327419,60.016647,72.704017,0.000000,0.000000,0.000000,0x000F
2026-07-08T11:41:36Z,1783510896,0,1,0x0000,true,60.003277,-0.000157,88,79.992699,71.425986,70.007957,-71.949500,50.000000,-70.567588,50.000000,-106.765269,70.008202,-70.252785,65.005638,109.332252,0.000000,0.000000,0.000000,0x0000
2026-07-08T11:41:36.033333Z,1783510896,33333,1,0x0000,true,59.989193,-0.000469,88,84.987617,107.494268,75.002632,-36.349778,54.997852,-35.039092,55.010643,-71.278447,75.013680,-33.573781,70.016151,145.949996,0.000000,0.000000,0.000000,0x0001
2026-07-08T11:41:36.066666Z,1783510896,66666,1,0x0000,true,60.005344,0.000538,88,89.983292,143.281728,80.017967,-0.218371,60.003296,0.865582,60.023346,-34.882247,80.026764,2.957818,75.032661,-180.000005,0.000000,0.000000,0.000000,0x0002
2026-07-08T11:41:36.1Z,1783510896,100000,1,0x0000,true,59.995876,-0.000316,88,94.997772,178.354722,85.018394,36.665975,65.012962,36.369306,65.013557,1.170940,85.039825,38.669099,80.023666,-143.746659,0.000000,0.000000,0.000000,0x0003
2026-07-08T11:41:36.133333Z,1783510896,133333,1,0x0000,true,60.012192,0.000544,88,99.998444,-180.000005,90.001785,72.967225,70.004608,72.653303,70.025963,37.372466,90.046135,74.864563,85.034401,-107.878644,0.000000,0.000000,0.000000,0x0004
2026-07-08T11:41:36.166666Z,1783510896,166666,1,0x0000,true,60.008171,-0.000134,88,50.000000,-144.079016,94.985161,109.177084,75.014397,108.760285,75.035995,73.467912,95.033112,111.318696,90.026321,-72.816613,0.000000,0.000000,0.000000,0x0005
2026-07-08T11:41:36.2Z,1783510896,200000,1,0x0000,true,59.993080,-0.000503,88,54.993298,-107.790002,99.973450,145.567287,80.006393,144.432751,80.026245,110.312275,50.000000,147.195508,95.015381,-36.389404,0.000000,0.000000,0.000000,0x0006
2026-07-08T11:41:36.233333Z,1783510896,233333,1,0x0000,true,60.008774,0.000523,88,60.006405,-71.356031,50.000000,-180.000005,85.017410,-180.000005,85.035652,145.749844,54.989845,-180.000005,50.000000,-0.155705,0.000000,0.000000,0.000000,0x0007
2026-07-08T11:41:36.266666Z,1783510896,266666,1,0x0000,true,60.004730,-0.000135,88,65.022301,-35.359439,55.007835,-144.460673,90.019852,-143.603744,90.031227,-180.000005,60.001678,-144.737473,54.987278,35.799211,0.000000,0.000000,0.000000,0x0008
2026-07-08T11:41:36.3Z,1783510896,300000,1,0x0000,true,59.999596,-0.000171,88,70.034439,0.119048,60.024242,-107.868283,95.019592,-108.355255,95.033745,-143.327230,65.005394,-109.419275,60.000298,72.394282,0.000000,0.000000,0.000000,0x0009
2026-07-08T11:41:36.333333Z,1783510896,333333,1,0x0000,true,59.990669,-0.000298,88,75.046135,36.994009,65.022003,-70.985043,50.000000,-72.906846,50.000000,-106.958891,70.010880,-73.582618,65.010986,107.785398,0.000000,0.000000,0.000000,0x000A
2026-07-08T11:41:36.366666Z,1783510896,366666,1,0x0000,true,60.002354,0.000389,88,80.051735,72.709426,70.023941,-34.680234,54.990475,-37.116064,55.003067,-70.871901,75.003044,-38.340949,70.023979,143.324157,0.000000,0.000000,0.000000,0x000B
2026-07-08T11:41:36.4Z,1783510896,400000,1,0x0000,true,60.001305,-0.000035,88,85.037102,109.210661,75.016594,2.173745,59.991798,-0.697365,60.005756,-34.908998,80.012238,-3.176566,75.031151,179.570673,0.000000,0.000000,0.000000,0x000C
2026-07-08T11:41:36.433333Z,1783510896,433333,1,0x0000,true,60.000591,-0.000024,88,90.038780,145.601615,80.031235,38.856304,64.995056,34.945662,65.008980,0.592978,85.028252,33.404867,80.032150,-180.000005,0.000000,0.000000,0.000000,0x000D
2026-07-08T11:41:36.466666Z,1783510896,466666,1,0x0000,true,59.985008,-0.000519,88,95.047974,-180.000005,85.038132,75.229131,69.983765,70.735044,70.011292,36.976240,90.044838,69.270201,85.031509,-143.347926,0.000000,0.000000,0.000000,0x000E
2026-07-08T11:41:36.5Z,1783510896,500000,1,0x0000,true,59.985870,0.000029,88,50.000000,-144.585174,90.048485,111.969859,74.986923,107.668056,75.020355,72.981575,95.049553,104.331126,90.039238,-108.167630,0.000000,0.000000,0.000000,0x000F
2026-07-08T11:41:36.533333Z,1783510896,533333,1,0x0000,true,60.010380,0.000817,88,55.011356,-109.220640,95.063225,147.025778,79.976662,143.434478,80.019012,108.364298,50.000000,140.391192,95.045776,-72.858987,0.000000,0.000000,0.000000,0x0000
2026-07-08T11:41:36.566666Z,1783510896,566666,1,0x0000,true,60.013401,0.000101,88,60.023800,-72.827411,50.000000,-180.000005,84.962097,179.211624,85.020287,143.983202,54.987160,176.435288,50.000000,-35.985541,0.000000,0.000000,0.000000,0x0001
2026-07-08T11:41:36.6Z,1783510896,600000,1,0x0000,true,59.986919,-0.000883,88,65.012962,-36.019361,55.010571,-143.612254,89.974983,-180.000005,90.010124,-180.000005,60.001530,-180.000005,54.999111,-0.459960,0.000000,0.000000,0.000000,0x0002
2026-07-08T11:41:36.633333Z,1783510896,633333,1,0x0000,true,59.997478,0.000352,88,70.001595,-0.839474,60.022739,-108.158771,94.975471,-144.114218,94.995819,-143.461061,65.013466,-144.111363,59.997009,34.914196,0.000000,0.000000,0.000000,0x0003
2026-07-08T11:41:36.666666Z,1783510896,666666,1,0x0000,true,59.985367,-0.000404,88,75.015900,34.638720,65.026604,-71.299484,99.988785,-108.440530,99.989334,-106.926024,69.998344,-107.207025,64.984428,70.075432,0.000000,0.000000,0.000000,0x0004
2026-07-08T11:41:36.7Z,1783510896,700000,1,0x0000,true,59.997612,0.000408,88,80.005943,69.871005,70.034340,-35.252358,50.000000,-73.016075,50.000000,-70.471713,74.981880,-71.143524,69.994827,105.746266,0.000000,0.000000,0.000000,0x0005
2026-07-08T11:41:36.733333Z,1783510896,733333,1,0x0000,true,60.014935,0.000577,88,85.008369,105.168166,75.050301,1.433407,54.999287,-36.495610,54.987698,-34.009534,79.969536,-34.257603,75.011070,141.336435,0.000000,0.000000,0.000000,0x0006
2026-07-08T11:41:36.766666Z,1783510896,766666,1,0x0000,true,60.007923,-0.000234,88,90.018440,141.506602,80.045296,36.687200,60.015541,0.298451,59.999069,1.491276,84.956711,0.800991,79.997047,176.727197,0.000000,0.000000,0.000000,0x0007
2026-07-08T11:41:36.8Z,1783510896,800000,1,0x0000,true,59.989208,-0.000624,88,95.019501,176.759818,85.060036,73.483533,65.017685,36.152533,64.995506,37.466419,89.965469,35.978605,85.008118,-180.000005,0.000000,0.000000,0.000000,0x0008
2026-07-08T11:41:36.833333Z,1783510896,833333,1,0x0000,true,60.011021,0.000727,88,50.000000,-180.000005,90.069191,108.743565,70.029243,72.391242,69.984589,74.248589,94.981537,71.303685,90.001709,-143.130289,0.000000,0.000000,0.000000,0x0009
2026-07-08T11:41:36.866666Z,1783510896,866666,1,0x0000,true,60.000904,-0.000337,88,55.003910,-143.192252,95.079201,145.529639,75.028290,107.894149,74.991364,109.620875,99.971451,106.939835,95.000359,-106.406814,0.000000,0.000000,0.000000,0x000A
2026-07-08T11:41:36.9Z,1783510896,900000,1,0x0000,true,60.005608,0.000157,88,60.014618,-106.525311,50.000000,-180.000005,80.014549,143.997695,79.977455,144.893844,50.000000,143.675324,50.000000,-70.736916,0.000000,0.000000,0.000000,0x000B
2026-07-08T11:41:36.933333Z,1783510896,933333,1,0x0000,true,59.990719,-0.000496,88,65.003357,-70.784768,55.000092,-143.108842,85.001038,179.377502,84.993027,-180.000005,54.983414,179.703220,54.998505,-34.462416,0.000000,0.000000,0.000000,0x000C
2026-07-08T11:41:36.966666Z,1783510896,966666,1,0x0000,true,60.010597,0.000663,88,69.987846,-34.738868,59.985546,-107.029891,90.016365,-180.000005,89.980583,-144.931560,59.967869,-180.000005,59.987045,2.439941,0.000000,0.000000,0.000000,0x000D
2026-07-08T11:41:37Z,1783510897,0,1,0x0000,true,59.999676,-0.000364,88,74.983376,0.433966,64.990005,-71.397880,95.016846,-143.693861,94.966324,-109.249074,64.965027,-144.949810,65.002617,38.869015,0.000000,0.000000,0.000000,0x000E
2026-07-08T11:41:37.033333Z,1783510897,33333,1,0x0000,true,59.999638,-0.000001,88,79.986954,37.256821,69.996239,-35.423147,50.000000,-107.168441,99.962471,-73.026914,69.976601,-108.841776,69.991814,75.279613,0.000000,0.000000,0.000000,0x000F
2026-07-08T11:41:37.066666Z,1783510897,66666,1,0x0000,true,59.999882,0.000008,88,84.995117,73.230625,74.996506,1.318865,54.995251,-70.642085,50.000000,-36.219038,74.973480,-72.694516,74.978981,110.540806,0.000000,0.000000,0.000000,0x0000
2026-07-08T11:41:37.1Z,1783510897,100000,1,0x0000,true,60.008316,0.000281,88,89.980858,108.444437,79.998131,38.131054,59.984310,-33.959991,54.995548,-0.942163,79.975853,-35.951339,79.962326,147.057893,0.000000,0.000000,0.000000,0x0001
2026-07-08T11:41:37.133333Z,1783510897,133333,1,0x0000,true,60.001869,-0.000215,88,94.985428,145.249573,84.997162,73.902838,64.973663,1.252769,59.987499,34.340890,84.983383,0.659529,84.974152,-180.000005,0.000000,0.000000,0.000000,0x0002
2026-07-08T11:41:37.166666Z,1783510897,166666,1,0x0000,true,59.993820,-0.000268,88,99.979591,-180.000005,89.986931,109.952822,69.976509,37.270867,64.974327,70.719485,89.994415,35.780605,89.959267,-144.559233,0.000000,0.000000,0.000000,0x0003
2026-07-08T11:41:37.2Z,1783510897,200000,1,0x0000,true,59.999466,0.000188,88,50.000000,-143.707727,95.002060,146.160297,74.970985,73.276086,69.964920,106.035647,94.993362,72.297573,94.968704,-109.139675,0.000000,0.000000,0.000000,0x0004
2026-07-08T11:41:37.233333Z,1783510897,233333,1,0x0000,true,59.993343,-0.000204,88,55.013584,-107.377971,99.988022,-180.000005,79.986298,108.479639,74.971397,142.621918,99.991707,108.515416,99.959663,-73.321145,0.000000,0.000000,0.000000,0x0005
2026-07-08T11:41:37.266666Z,1783510897,266666,1,0x0000,true,59.998631,0.000176,88,60.009838,-72.009236,50.000000,-143.521440,84.974586,144.245536,79.972267,179.123378,50.000000,144.382549,50.000000,-36.632173,0.000000,0.000000,0.000000,0x0006
2026-07-08T11:41:37.3Z,1783510897,300000,1,0x0000,true,60.001553,0.000097,88,65.025085,-35.145056,55.012905,-107.234994,89.963943,179.424370,84.976845,-180.000005,54.996258,-180.000005,55.011501,0.134611,0.000000,0.000000,0.000000,0x0007
2026-07-08T11:41:37.333333Z,1783510897,333333,1,0x0000,true,60.013527,0.000399,88,70.012550,0.829678,60.020012,-70.682411,94.970459,-180.000005,89.969131,-143.086808,60.000145,-144.024456,60.020111,35.321258,0.000000,0.000000,0.000000,0x0008
2026-07-08T11:41:37.366666Z,1783510897,366666,1,0x0000,true,60.015343,0.000061,88,74.998329,36.030839,65.020943,-35.137888,99.983253,-143.179603,94.966148,-107.001388,65.003960,-107.302846,65.020203,71.101436,0.000000,0.000000,0.000000,0x0009
2026-07-08T11:41:37.4Z,1783510897,400000,1,0x0000,true,59.997402,-0.000598,88,80.001358,71.196096,70.029366,0.427970,50.000000,-107.197114,99.977577,-71.412278,70.008202,-71.099107,70.007271,106.861499,0.000000,0.000000,0.000000,0x000A
2026-07-08T11:41:37.433333Z,1783510897,433333,1,0x0000,true,59.987930,-0.000316,88,85.010170,107.796941,75.023750,36.584208,55.000591,-70.473871,50.000000,-35.274751,74.993439,-35.155380,75.006470,143.181406,0.000000,0.000000,0.000000,0x000B
2026-07-08T11:41:37.466666Z,1783510897,466666,1,0x0000,true,60.003490,0.000519,88,89.996361,143.187239,80.024811,72.997367,60.001095,-34.728961,55.005127,-0.202460,79.994301,1.668582,79.997673,178.665728,0.000000,0.000000,0.000000,0x000C
2026-07-08T11:41:37.5Z,1783510897,500000,1,0x0000,true,60.007050,0.000119,88,95.002045,179.432239,85.028618,109.197841,65.008080,2.030245,59.992786,36.066503,84.984154,37.923963,84.994843,-180.000005,0.000000,0.000000,0.000000,0x000D
2026-07-08T11:41:37.533333Z,1783510897,533333,1,0x0000,true,60.004265,-0.000093,88,50.000000,-180.000005,90.043213,144.978128,69.997391,37.781509,64.997292,71.413787,89.989014,73.866057,89.987045,-144.592864,0.000000,0.000000,0.000000,0x000E
2026-07-08T11:41:37.566666Z,1783510897,566666,1,0x0000,true,60.008972,0.000157,88,55.008179,-144.155486,95.055023,-180.000005,74.999413,74.296790,69.991074,107.332215,94.983643,109.565510,94.974403,-108.185648,0.000000,0.000000,0.000000,0x000F
2026-07-08T11:41:37.6Z,1783510897,600000,1,0x0000,true,59.999016,-0.000332,88,60.016850,-107.516234,50.000000,-144.827399,79.994118,109.542130,74.982376,143.339183,99.979736,144.997253,99.972420,-71.364364,0.000000,0.000000,0.000000,0x0000
2026-07-08T11:41:37.633333Z,1783510897,633333,1,0x0000,true,60.007561,0.000285,88,65.015602,-72.046434,55.000160,-109.472885,84.997688,145.983204,79.977493,-180.000005,50.000000,-180.000005,50.000000,-35.522987,0.000000,0.000000,0.000000,0x0001
2026-07-08T11:41:37.666666Z,1783510897,666666,1,0x0000,true,60.005180,-0.000079,88,70.009735,-35.279416,60.007248,-74.054202,90.009567,-180.000005,84.979355,-143.334470,55.010792,-144.254101,55.008217,1.109738,0.000000,0.000000,0.000000,0x0002
2026-07-08T11:41:37.7Z,1783510897,700000,1,0x0000,true,60.001007,-0.000139,88,74.999786,0.231652,65.002708,-37.300008,95.000778,-144.784970,89.974464,-107.843974,60.016037,-108.357529,60.012897,37.394439,0.000000,0.000000,0.000000,0x0003
2026-07-08T11:41:37.733333Z,1783510897,733333,1,0x0000,true,59.987690,-0.000444,88,80.003555,35.931043,69.994362,-1.010063,99.995567,-109.227798,94.988029,-72.766438,65.010071,-71.659292,65.005646,72.667175,0.000000,0.000000,0.000000,0x0004
2026-07-08T11:41:37.766666Z,1783510897,766666,1,0x0000,true,59.997791,0.000337,88,85.009552,71.615046,75.004486,35.134923,50.000000,-72.460726,50.000000,-36.426249,69.998329,-35.744241,69.998993,108.105912,0.000000,0.000000,0.000000,0x0005
2026-07-08T11:41:37.8Z,1783510897,800000,1,0x0000,true,59.995106,-0.000090,88,90.013496,108.296618,79.990456,70.474630,55.001244,-36.345988,54.999546,-0.057851,75.005310,0.206654,74.984543,143.414903,0.000000,0.000000,0.000000,0x0006
2026-07-08T11:41:37.833333Z,1783510897,833333,1,0x0000,true,59.990067,-0.000168,88,95.029945,145.238085,84.987312,107.269801,60.007534,-0.717881,60.003410,36.550917,80.003937,35.890014,79.974419,178.496749,0.000000,0.000000,0.000000,0x0007
2026-07-08T11:41:37.866666Z,1783510897,866666,1,0x0000,true,60.004097,0.000468,88,50.000000,-180.000005,89.987442,143.703943,65.016075,35.570256,64.996307,71.837471,85.012024,72.572925,84.958405,-180.000005,0.000000,0.000000,0.000000,0x0008
2026-07-08T11:41:37.9Z,1783510897,900000,1,0x0000,true,60.009571,0.000182,88,55.012554,-143.426965,94.971184,-180.000005,70.012131,71.147711,70.004074,108.356887,90.009857,108.861823,89.950073,-143.771548,0.000000,0.000000,0.000000,0x0009
2026-07-08T11:41:37.933333Z,1783510897,933333,1,0x0000,true,59.987209,-0.000745,88,60.017036,-108.366736,99.979340,-143.711866,74.996094,107.811736,75.003639,145.157762,95.022873,145.274340,94.963150,-108.162206,0.000000,0.000000,0.000000,0x000A
2026-07-08T11:41:37.966666Z,1783510897,966666,1,0x0000,true,60.007717,0.000684,88,65.019806,-71.726897,50.000000,-108.307580,79.989029,143.535783,80.008484,-180.000005,50.000000,-180.000005,99.976051,-71.649490,0.000000,0.000000,0.000000,0x000B
2026-07-08T11:41:38Z,1783510898,0,1,0x0000,true,60.008984,0.000042,88,70.033829,-34.932313,54.994976,-71.415481,84.983437,178.901369,85.012108,-143.579442,55.008324,-144.820706,50.000000,-35.378023,0.000000,0.000000,0.000000,0x000C
2026-07-08T11:41:38.033333Z,1783510898,33333,1,0x0000,true,59.986492,-0.000750,88,75.039948,1.896895,59.980282,-34.486721,89.966835,-180.000005,90.010017,-107.628079,60.021191,-108.621277,55.000820,0.116900,0.000000,0.000000,0.000000,0x000D
2026-07-08T11:41:38.066666Z,1783510898,66666,1,0x0000,true,59.984573,-0.000064,88,80.050652,37.687269,64.995483,1.296077,94.962692,-144.804969,95.024017,-72.286563,65.032562,-73.390328,59.998165,36.262472,0.000000,0.000000,0.000000,0x000E
2026-07-08T11:41:38.1Z,1783510898,100000,1,0x0000,true,60.016460,0.001063,88,85.049278,73.706245,70.002884,37.391229,99.962402,-108.918889,50.000000,-36.433762,70.020676,-37.144563,65.006462,72.477405,0.000000,0.000000,0.000000,0x000F
2026-07-08T11:41:38.133333Z,1783510898,133333,1,0x0000,true,59.999008,-0.000582,88,90.049202,110.369860,74.996170,73.757355,50.000000,-72.605806,55.004929,-1.308140,75.017387,-1.229456,69.993881,108.396304,0.000000,0.000000,0.000000,0x0000
2026-07-08T11:41:38.166666Z,1783510898,166666,1,0x0000,true,59.991322,-0.000256,88,95.059296,147.184607,80.012573,109.910209,55.005806,-36.254077,60.010937,34.510562,80.007950,35.622076,74.990387,143.919613,0.000000,0.000000,0.000000,0x0001
2026-07-08T11:41:38.2Z,1783510898,200000,1,0x0000,true,60.013237,0.000731,88,50.000000,-180.000005,85.016869,146.593878,60.018421,0.033770,65.009613,70.072687,85.016922,70.748923,79.998322,179.224109,0.000000,0.000000,0.000000,0x0002
2026-07-08T11:41:38.233333Z,1783510898,233333,1,0x0000,true,59.997845,-0.000513,88,54.984455,-144.943622,90.017349,-180.000005,65.006607,36.014389,70.021362,105.831527,90.003471,106.225896,85.013893,-180.000005,0.000000,0.000000,0.000000,0x0003
2026-07-08T11:41:38.266666Z,1783510898,266666,1,0x0000,true,60.004528,0.000223,88,59.968903,-108.924647,95.032463,-144.101337,70.012245,72.722301,75.012390,140.971430,94.987297,143.171557,90.014015,-143.236252,0.000000,0.000000,0.000000,0x0004
2026-07-08T11:41:38.3Z,1783510898,300000,1,0x0000,true,60.004730,0.000007,88,64.955017,-72.000610,50.000000,-107.992428,75.016823,109.560599,79.995895,177.159316,99.998177,179.111384,94.997795,-107.968939,0.000000,0.000000,0.000000,0x0005
2026-07-08T11:41:38.333333Z,1783510898,333333,1,0x0000,true,59.998974,-0.000192,88,69.969009,-35.142317,54.999741,-71.410529,80.001328,145.308887,84.986305,-180.000005,50.000000,-180.000005,50.000000,-71.581537,0.000000,0.000000,0.000000,0x0006
2026-07-08T11:41:38.366666Z,1783510898,366666,1,0x0000,true,60.006351,0.000246,88,74.972786,-0.033423,59.988735,-35.965614,84.995560,-180.000005,89.971527,-144.231424,54.992687,-143.203262,55.004616,-36.322963,0.000000,0.000000,0.000000,0x0007
2026-07-08T11:41:38.4Z,1783510898,400000,1,0x0000,true,60.015919,0.000319,88,79.980331,35.963985,64.987251,0.083434,90.002426,-143.326479,94.963875,-108.836462,59.983704,-107.432763,60.008335,0.091481,0.000000,0.000000,0.000000,0x0008
2026-07-08T11:41:38.433333Z,1783510898,433333,1,0x0000,true,60.010178,-0.000191,88,84.964615,71.368913,69.998497,36.664285,95.011269,-106.387464,99.960587,-73.504392,64.991554,-71.077599,65.012054,35.743309,0.000000,0.000000,0.000000,0x0009
2026-07-08T11:41:38.466666Z,1783510898,466666,1,0x0000,true,59.986671,-0.000784,88,89.976593,107.642948,74.997284,73.531201,50.000000,-69.589089,50.000000,-37.538750,69.986847,-34.617690,70.023178,71.762052,0.000000,0.000000,0.000000,0x000A
2026-07-08T11:41:38.5Z,1783510898,500000,1,0x0000,true,60.008968,0.000743,88,94.977409,142.710929,80.004929,108.866187,54.993782,-33.429063,55.012753,-2.434868,74.997910,0.528857,75.037537,108.582516,0.000000,0.000000,0.000000,0x000B
2026-07-08T11:41:38.533333Z,1783510898,533333,1,0x0000,true,59.995766,-0.000440,88,99.962402,178.498675,85.008003,144.917503,60.009312,3.121945,60.022713,32.882341,79.983253,36.989931,80.022507,144.790803,0.000000,0.000000,0.000000,0x000C
2026-07-08T11:41:38.566666Z,1783510898,566666,1,0x0000,true,60.009716,0.000465,88,50.000000,-180.000005,90.001701,-180.000005,65.025383,38.267211,65.032478,68.169243,84.991058,73.493846,85.025276,-180.000005,0.000000,0.000000,0.000000,0x000D
2026-07-08T11:41:38.6Z,1783510898,600000,1,0x0000,true,59.984669,-0.000835,88,55.007137,-144.409146,95.017578,-143.205885,70.038162,74.583091,70.036972,103.540777,89.992928,110.333660,90.012329,-144.365897,0.000000,0.000000,0.000000,0x000E
2026-07-08T11:41:38.633333Z,1783510898,633333,1,0x0000,true,60.013424,0.000959,88,59.990475,-107.854814,50.000000,-107.521705,75.047462,110.737174,75.033798,140.201599,94.992317,145.563557,95.028419,-107.908731,0.000000,0.000000,0.000000,0x000F
2026-07-08T11:41:38.666666Z,1783510898,666666,1,0x0000,true,59.984245,-0.000973,88,64.993233,-72.583710,54.984154,-71.435118,80.045174,146.601514,80.049385,176.701201,99.996872,-180.000005,50.000000,-71.654572,0.000000,0.000000,0.000000,0x0000
2026-07-08T11:41:38.7Z,1783510898,700000,1,0x0000,true,59.998821,0.000486,88,69.992104,-37.206701,59.994514,-35.200896,85.045555,-180.000005,85.033806,-180.000005,50.000000,-143.439956,55.001236,-35.269212,0.000000,0.000000,0.000000,0x0001
2026-07-08T11:41:38.733333Z,1783510898,733333,1,0x0000,true,59.999645,0.000027,88,74.994377,-1.984440,64.993706,0.927596,90.053612,-143.310046,90.020737,-144.095217,55.015991,-106.842026,59.993763,1.327318,0.000000,0.000000,0.000000,0x0002
2026-07-08T11:41:38.766666Z,1783510898,766666,1,0x0000,true,60.004993,0.000178,88,80.008217,34.619668,69.991356,37.087155,95.063896,-107.180387,95.004166,-109.029982,60.005810,-71.633057,64.990013,36.642370,0.000000,0.000000,0.000000,0x0003
2026-07-08T11:41:38.8Z,1783510898,800000,1,0x0000,true,59.988270,-0.000557,88,84.994019,70.948549,74.994934,72.296767,50.000000,-71.988493,50.000000,-72.881670,65.018486,-36.327447,69.993645,73.157822,0.000000,0.000000,0.000000,0x0004
2026-07-08T11:41:38.833333Z,1783510898,833333,1,0x0000,true,60.011765,0.000783,88,89.982063,106.267915,79.998039,107.661301,54.993423,-35.136494,54.999878,-37.806115,70.022163,0.387636,75.007713,109.760997,0.000000,0.000000,0.000000,0x0005
2026-07-08T11:41:38.866666Z,1783510898,866666,1,0x0000,true,60.011047,-0.000024,88,94.985405,141.770070,85.008255,144.177398,59.977768,1.542160,60.012783,-1.228120,75.036430,36.813272,80.023331,145.591479,0.000000,0.000000,0.000000,0x0006
2026-07-08T11:41:38.9Z,1783510898,900000,1,0x0000,true,59.994953,-0.000536,88,50.000000,178.684374,90.006050,-180.000005,64.988556,38.244770,65.011040,34.770919,80.042633,72.725696,85.026825,-180.000005,0.000000,0.000000,0.000000,0x0007
2026-07-08T11:41:38.933333Z,1783510898,933333,1,0x0000,true,59.995068,0.000004,88,54.998505,-180.000005,94.998383,-144.386593,69.990196,74.115523,70.009232,70.172933,85.052925,108.414944,90.019440,-144.483923,0.000000,0.000000,0.000000,0x0008
2026-07-08T11:41:38.966666Z,1783510898,966666,1,0x0000,true,59.998943,0.000129,88,59.993542,-143.283585,50.000000,-108.285088,74.989563,109.777143,75.021584,106.476051,90.054512,145.331987,95.013153,-109.150453,0.000000,0.000000,0.000000,0x0009
2026-07-08T11:41:39Z,1783510899,0,1,0x0000,true,59.983944,-0.000500,88,64.993515,-107.310311,55.006786,-71.774415,79.978729,145.603719,80.007317,142.049548,95.061661,-180.000005,50.000000,-73.149666,0.000000,0.000000,0.000000,0x000A
2026-07-08T11:41:39.033333Z,1783510899,33333,1,0x0000,true,60.000473,0.000551,88,69.989281,-70.668962,60.010448,-36.591147,84.962563,-180.000005,85.008591,178.120924,50.000000,-143.180409,54.988117,-37.845047,0.000000,0.000000,0.000000,0x000B
2026-07-08T11:41:39.066666Z,1783510899,66666,1,0x0000,true,60.000793,0.000011,88,74.973495,-33.888889,65.008018,-0.370038,89.965889,-144.675100,89.994034,-180.000005,55.006714,-107.786553,59.975601,-1.445641,0.000000,0.000000,0.000000,0x000C
2026-07-08T11:41:39.1Z,1783510899,100000,1,0x0000,true,60.014275,0.000449,88,79.972725,2.341138,69.994659,35.970556,94.954575,-108.181850,94.984940,-144.288320,60.021812,-72.613954,64.990433,33.907706,0.000000,0.000000,0.000000,0x000D
2026-07-08T11:41:39.133333Z,1783510899,133333,1,0x0000,true,60.002716,-0.000385,88,84.988464,38.400444,74.981758,71.205876,99.968506,-71.795267,99.981834,-108.685686,65.025970,-37.162161,69.991600,69.466801,0.000000,0.000000,0.000000,0x000E
2026-07-08T11:41:39.166666Z,1783510899,166666,1,0x0000,true,59.992413,-0.000343,88,89.996910,74.309487,79.984650,106.945190,50.000000,-36.395291,50.000000,-71.979518,70.014046,-0.734370,75.003586,104.653914,0.000000,0.000000,0.000000,0x000F
2026-07-08T11:41:39.2Z,1783510899,200000,1,0x0000,true,59.994781,0.000079,88,94.997871,110.453250,84.980835,142.784053,55.000507,-0.531126,54.990181,-36.247954,75.025360,36.018016,80.013069,141.298186,0.000000,0.000000,0.000000,0x0000
2026-07-08T11:41:39.233333Z,1783510899,233333,1,0x0000,true,60.007504,0.000424,88,50.000000,147.343709,89.986603,179.732917,59.999401,36.255068,60.006119,-0.859519,80.010674,71.831645,85.017059,176.635153,0.000000,0.000000,0.000000,0x0001
2026-07-08T11:41:39.266666Z,1783510899,266666,1,0x0000,true,59.991074,-0.000548,88,55.010422,-180.000005,94.988434,-180.000005,64.994217,71.540453,64.998611,35.196525,85.014717,107.639157,90.018372,-180.000005,0.000000,0.000000,0.000000,0x0002
2026-07-08T11:41:39.3Z,1783510899,300000,1,0x0000,true,59.997486,0.000214,88,59.999252,-143.880257,50.000000,-144.342115,70.008041,107.729562,70.013481,71.796025,90.020050,144.104315,95.008835,-144.227818,0.000000,0.000000,0.000000,0x0003
2026-07-08T11:41:39.333333Z,1783510899,333333,1,0x0000,true,59.990143,-0.000245,88,64.993446,-108.788733,55.007351,-107.843155,74.999306,143.825178,75.005753,106.854560,95.004814,-180.000005,50.000000,-108.231458,0.000000,0.000000,0.000000,0x0004
2026-07-08T11:41:39.366666Z,1783510899,366666,1,0x0000,true,59.999519,0.000313,88,70.000488,-72.148490,60.006081,-72.253689,79.986404,178.900905,80.015968,142.769204,50.000000,-143.846858,55.000813,-72.891226,0.000000,0.000000,0.000000,0x0005
2026-07-08T11:41:39.4Z,1783510899,400000,1,0x0000,true,60.000809,0.000043,88,75.000435,-35.324994,64.997833,-35.626560,84.995888,-180.000005,85.017677,178.289480,55.008858,-108.412963,60.016594,-36.382475,0.000000,0.000000,0.000000,0x0006
2026-07-08T11:41:39.433333Z,1783510899,433333,1,0x0000,true,59.991234,-0.000319,88,79.984039,0.251879,70.008423,-0.388854,89.985672,-143.705514,90.029724,-180.000005,60.017643,-73.324471,65.027634,-0.402670,0.000000,0.000000,0.000000,0x0007
2026-07-08T11:41:39.466666Z,1783510899,466666,1,0x0000,true,60.007866,0.000554,88,84.980988,36.079091,74.994576,36.278669,94.976006,-107.541697,95.023705,-144.309357,65.024971,-37.377483,70.023872,34.697364,0.000000,0.000000,0.000000,0x0008
2026-07-08T11:41:39.5Z,1783510899,500000,1,0x0000,true,60.002102,-0.000192,88,89.992455,72.948053,79.992798,72.487944,99.971733,-71.852101,50.000000,-108.173640,70.008911,-1.976517,75.010887,71.041221,0.000000,0.000000,0.000000,0x0009
2026-07-08T11:41:39.533333Z,1783510899,533333,1,0x0000,true,60.001499,-0.000020,88,95.002007,108.103576,84.984177,108.926341,50.000000,-35.845950,54.984417,-71.450397,75.019760,34.342864,80.000366,107.500545,0.000000,0.000000,0.000000,0x000A
2026-07-08T11:41:39.566666Z,1783510899,566666,1,0x0000,true,60.001629,0.000004,88,50.000000,143.263710,89.972549,145.732522,55.006462,1.067307,59.976566,-35.118777,80.005882,69.609716,84.990631,144.327771,0.000000,0.000000,0.000000,0x000B
2026-07-08T11:41:39.6Z,1783510899,600000,1,0x0000,true,60.005207,0.000119,88,54.998291,179.548584,94.970016,-180.000005,59.991657,36.578258,64.992905,1.248397,85.010841,105.484779,89.976555,-180.000005,0.000000,0.000000,0.000000,0x000C
2026-07-08T11:41:39.633333Z,1783510899,633333,1,0x0000,true,59.993641,-0.000386,88,60.000484,-180.000005,99.964966,-143.590165,65.001236,72.411125,69.990662,38.026371,90.017982,141.658793,94.979736,-143.818526,0.000000,0.000000,0.000000,0x000D
2026-07-08T11:41:39.666666Z,1783510899,666666,1,0x0000,true,59.986820,-0.000227,88,64.993019,-143.422949,50.000000,-106.711064,69.984749,109.041580,74.995934,73.491572,95.002487,177.984170,99.972229,-108.438774,0.000000,0.000000,0.000000,0x000E
2026-07-08T11:41:39.7Z,1783510899,700000,1,0x0000,true,59.993061,0.000208,88,69.996613,-108.050137,55.013897,-69.944689,74.974678,144.711423,79.981865,109.153540,50.000000,-180.000005,50.000000,-73.150069,0.000000,0.000000,0.000000,0x000F
2026-07-08T11:41:39.733333Z,1783510899,733333,1,0x0000,true,59.988838,-0.000141,88,75.000389,-71.372123,59.999390,-33.999329,79.962090,179.986194,84.968033,144.930044,54.990402,-144.654008,55.007229,-37.590564,0.000000,0.000000,0.000000,0x0000
2026-07-08T11:41:39.766666Z,1783510899,766666,1,0x0000,true,60.012203,0.000779,88,80.003189,-35.925402,65.001999,2.092735,84.961159,-180.000005,89.962692,-180.000005,59.990093,-108.021402,59.996841,-0.995433,0.000000,0.000000,0.000000,0x0001
2026-07-08T11:41:39.8Z,1783510899,800000,1,0x0000,true,59.996414,-0.000526,88,85.000038,0.558286,69.988235,38.335700,89.973320,-143.752778,94.954338,-144.744932,64.989517,-71.727962,64.990677,34.400695,0.000000,0.000000,0.000000,0x0002
2026-07-08T11:41:39.833333Z,1783510899,833333,1,0x0000,true,59.983875,-0.000418,88,90.006737,36.241298,74.977325,74.716628,94.980713,-108.413653,99.968948,-109.493410,69.980782,-35.142157,69.977104,69.741566,0.000000,0.000000,0.000000,0x0003
2026-07-08T11:41:39.866666Z,1783510899,866666,1,0x0000,true,60.003506,0.000654,88,95.002159,72.840914,79.982117,110.026261,99.983871,-72.939133,50.000000,-74.090463,74.974045,1.457695,74.986023,106.248688,0.000000,0.000000,0.000000,0x0004
2026-07-08T11:41:39.9Z,1783510899,900000,1,0x0000,true,60.010780,0.000242,88,50.000000,108.750832,84.967705,145.350401,50.000000,-37.017962,55.007488,-38.297000,79.964790,36.604592,79.990578,141.346394,0.000000,0.000000,0.000000,0x0005
2026-07-08T11:41:39.933333Z,1783510899,933333,1,0x0000,true,60.002270,-0.000284,88,55.011879,143.827323,89.974350,-180.000005,54.993565,-1.285115,60.023411,-1.555338,84.950912,72.726324,85.003265,176.950667,0.000000,0.000000,0.000000,0x0006
2026-07-08T11:41:39.966666Z,1783510899,966666,1,0x0000,true,60.000538,-0.000058,88,60.025410,-180.000005,94.980392,-143.144632,59.980694,34.121388,65.017715,33.589344,89.942009,109.314637,90.010979,-180.000005,0.000000,0.000000,0.000000,0x0007
2026-07-08T11:41:40Z,1783510900,0,1,0x0000,true,60.003387,0.000095,88,65.040367,-144.254688,99.975311,-107.992141,64.977623,69.403451,70.019424,69.349117,94.945152,145.048998,95.021065,-143.642157,0.000000,0.000000,0.000000,0x0008
2026-07-08T11:41:40.033333Z,1783510900,33333,1,0x0000,true,60.002861,-0.000018,88,70.025673,-107.557967,50.000000,-71.817370,69.962692,105.950147,75.011032,105.026767,99.954651,-180.000005,50.000000,-108.159706,0.000000,0.000000,0.000000,0x0009
2026-07-08T11:41:40.066666Z,1783510900,66666,1,0x0000,true,59.991947,-0.000364,88,75.036552,-72.012276,55.007050,-35.041261,74.971161,141.437604,80.003914,141.045455,50.000000,-143.775919,54.987846,-72.983665,0.000000,0.000000,0.000000,0x000A
2026-07-08T11:41:40.1Z,1783510900,100000,1,0x0000,true,59.988270,-0.000123,88,80.048744,-35.863442,59.995190,1.763700,79.984756,176.968835,84.987778,177.368798,54.995655,-108.026231,59.982128,-37.361155,0.000000,0.000000,0.000000,0x000B
2026-07-08T11:41:40.133333Z,1783510900,133333,1,0x0000,true,59.996872,0.000287,88,85.059906,-0.769352,64.992958,37.900409,84.990440,-180.000005,89.997437,-180.000005,59.995197,-71.614349,64.977043,-2.085446,0.000000,0.000000,0.000000,0x000C
2026-07-08T11:41:40.166666Z,1783510900,166666,1,0x0000,true,60.009720,0.000428,88,90.056557,34.996834,69.994629,73.460262,89.981400,-144.932953,94.985413,-144.084371,64.996002,-35.781134,69.977890,33.295062,0.000000,0.000000,0.000000,0x000D
2026-07-08T11:41:40.2Z,1783510900,200000,1,0x0000,true,59.997524,-0.000407,88,95.044838,70.518916,74.997063,110.017620,94.993309,-109.635389,99.984795,-107.803519,70.006195,1.130431,74.967163,70.159532,0.000000,0.000000,0.000000,0x000E
2026-07-08T11:41:40.233333Z,1783510900,233333,1,0x0000,true,60.014565,0.000568,88,50.000000,107.436833,79.992531,145.883128,99.994209,-74.538852,50.000000,-71.621814,75.012138,36.344181,79.967850,106.757810,0.000000,0.000000,0.000000,0x000F
2026-07-08T11:41:40.266666Z,1783510900,266666,1,0x0000,true,60.005302,-0.000309,88,55.008404,143.777313,84.992317,-180.000005,50.000000,-38.037385,55.014065,-35.423144,80.004890,73.214130,84.973221,142.417162,0.000000,0.000000,0.000000,0x0000
2026-07-08T11:41:40.3Z,1783510900,300000,1,0x0000,true,60.004288,-0.000034,88,59.999630,179.952672,89.981918,-144.694798,54.997257,-1.682451,60.016445,0.121789,85.001564,108.458309,89.986145,178.583711,0.000000,0.000000,0.000000,0x0001
2026-07-08T11:41:40.333333Z,1783510900,333333,1,0x0000,true,60.002617,-0.000056,88,65.006866,-180.000005,94.968208,-109.260904,60.001759,33.542198,65.023438,36.365689,90.013252,145.288451,94.998543,-180.000005,0.000000,0.000000,0.000000,0x0002
2026-07-08T11:41:40.366666Z,1783510900,366666,1,0x0000,true,59.985416,-0.000573,88,70.004082,-144.390964,99.957428,-73.467557,64.999458,70.446475,70.030975,72.837370,94.999466,-180.000005,99.994553,-143.062328,0.000000,0.000000,0.000000,0x0003
2026-07-08T11:41:40.4Z,1783510900,400000,1,0x0000,true,59.993008,0.000253,88,75.007935,-107.977511,50.000000,-37.020704,69.990921,106.794823,75.036179,109.384414,50.000000,-143.272507,50.000000,-106.985419,0.000000,0.000000,0.000000,0x0004
2026-07-08T11:41:40.933333Z,1783510900,933333,1,0x0000,true,59.990421,-0.000827,88,99.985779,70.473045,74.983414,143.382842,94.977348,-71.957771,55.013165,-35.148621,80.013153,69.890478,80.026108,107.775023,0.000000,0.000000,0.000000,0x0004
2026-07-08T11:41:40.966666Z,1783510900,966666,1,0x0000,true,59.994209,0.000126,88,50.000000,105.820565,79.976379,178.578233,99.991196,-36.845845,60.014538,1.166270,85.001709,105.364240,85.026024,143.643209,0.000000,0.000000,0.000000,0x0005
2026-07-08T11:41:41Z,1783510901,0,1,0x0000,true,60.007244,0.000434,88,54.989758,141.856909,84.976898,-180.000005,50.000000,-0.138863,65.001900,37.378053,90.016518,141.259186,90.016312,179.289611,0.000000,0.000000,0.000000,0x0006
2026-07-08T11:41:41.033333Z,1783510901,33333,1,0x0000,true,60.004570,-0.000089,88,59.976723,177.570643,89.968170,-143.694148,55.012486,35.047261,70.005142,72.837130,95.020836,177.365710,95.027855,-180.000005,0.000000,0.000000,0.000000,0x0007
2026-07-08T11:41:41.066666Z,1783510901,66666,1,0x0000,true,59.994278,-0.000343,88,64.993202,-180.000005,94.978592,-107.645393,60.013004,71.861315,75.013603,109.768981,50.000000,-180.000005,50.000000,-143.219928,0.000000,0.000000,0.000000,0x0008
2026-07-08T11:41:41.1Z,1783510901,100000,1,0x0000,true,59.989838,-0.000148,88,70.005890,-143.273900,99.966461,-71.768930,65.007851,108.179876,80.017693,145.329186,54.998566,-143.059651,54.988205,-106.738979,0.000000,0.000000,0.000000,0x0009
2026-07-08T11:41:41.133333Z,1783510901,133333,1,0x0000,true,59.994347,0.000150,88,74.995880,-107.588791,50.000000,-35.660312,69.992470,143.637731,85.006927,-180.000005,59.999481,-108.013937,59.997578,-70.894222,0.000000,0.000000,0.000000,0x000A
2026-07-08T11:41:41.166666Z,1783510901,166666,1,0x0000,true,60.011948,0.000587,88,79.990204,-72.531480,55.010689,0.800003,74.999138,-180.000005,89.996162,-143.299554,64.992241,-72.066658,64.994621,-35.640371,0.000000,0.000000,0.000000,0x000B
2026-07-08T11:41:41.2Z,1783510901,200000,1,0x0000,true,60.001900,-0.000335,88,84.987518,-35.966424,60.011787,36.011599,80.000351,-144.711013,94.986679,-106.667235,69.990623,-36.301346,69.983803,0.831310,0.000000,0.000000,0.000000,0x000C
2026-07-08T11:41:41.233333Z,1783510901,233333,1,0x0000,true,59.983398,-0.000617,88,89.996864,0.929230,65.024155,71.306485,85.011833,-108.614522,99.983711,-70.029902,74.981735,-0.317694,74.982727,36.683235,0.000000,0.000000,0.000000,0x000D
2026-07-08T11:41:41.266666Z,1783510901,266666,1,0x0000,true,60.011368,0.000932,88,94.985153,37.694557,70.008278,106.640187,90.024483,-73.450898,50.000000,-33.137397,79.994873,35.895663,79.980591,71.956555,0.000000,0.000000,0.000000,0x000E
2026-07-08T11:41:41.3Z,1783510901,300000,1,0x0000,true,59.989765,-0.000720,88,99.973045,72.807884,75.024300,143.057493,95.034210,-38.028017,54.988052,2.301688,85.000877,72.251585,84.983528,107.021558,0.000000,0.000000,0.000000,0x000F
2026-07-08T11:41:41.333333Z,1783510901,333333,1,0x0000,true,60.005943,0.000539,88,50.000000,108.824584,80.018158,178.154379,50.000000,-2.599307,60.002712,37.535663,90.001274,107.386707,89.976227,142.206629,0.000000,0.000000,0.000000,0x0000
2026-07-08T11:41:41.366666Z,1783510901,366666,1,0x0000,true,60.007214,0.000042,88,54.984257,145.123734,85.025726,-180.000005,55.007954,32.678268,65.014877,72.935519,94.997429,143.130097,94.959778,178.934946,0.000000,0.000000,0.000000,0x0001
2026-07-08T11:41:41.4Z,1783510901,400000,1,0x0000,true,59.997406,-0.000327,88,59.993504,-180.000005,90.035339,-144.233064,60.000465,69.117191,70.031258,109.196960,50.000000,179.681158,99.945358,-180.000005,0.000000,0.000000,0.000000,0x0002
2026-07-08T11:41:41.433333Z,1783510901,433333,1,0x0000,true,59.990761,-0.000222,88,64.979515,-144.805078,95.032852,-109.023917,64.994644,105.056834,75.027168,144.948635,55.001163,-180.000005,50.000000,-143.862075,0.000000,0.000000,0.000000,0x0003
2026-07-08T11:41:41.466666Z,1783510901,466666,1,0x0000,true,59.990467,-0.000010,88,69.963890,-107.944863,50.000000,-73.709216,69.981590,141.539415,80.033463,-180.000005,60.017704,-144.408968,55.012642,-108.492876,0.000000,0.000000,0.000000,0x0004
2026-07-08T11:41:41.5Z,1783510901,500000,1,0x0000,true,60.008667,0.000607,88,74.962273,-71.419559,55.008514,-38.121967,74.992294,178.011614,85.021507,-143.840915,65.016205,-108.341731,60.024162,-71.822499,0.000000,0.000000,0.000000,0x0005
2026-07-08T11:41:41.533333Z,1783510901,533333,1,0x0000,true,59.997196,-0.000382,88,79.964020,-35.935244,60.014893,-2.409054,79.981483,-180.000005,90.035530,-108.065108,70.019806,-73.222114,65.010773,-36.124392,0.000000,0.000000,0.000000,0x0006
2026-07-08T11:41:41.566666Z,1783510901,566666,1,0x0000,true,60.005760,0.000285,88,84.949760,-0.722251,65.022484,33.256181,84.989975,-143.060935,95.039864,-72.301487,75.020653,-37.603275,70.015839,-1.013166,0.000000,0.000000,0.000000,0x0007
2026-07-08T11:41:41.6Z,1783510901,600000,1,0x0000,true,59.997364,-0.000280,88,89.953270,34.609532,70.017105,68.787416,89.997093,-107.512853,50.000000,-37.063079,80.021034,-1.227533,75.011963,35.221756,0.000000,0.000000,0.000000,0x0008
2026-07-08T11:41:41.633333Z,1783510901,633333,1,0x0000,true,60.006462,0.000303,88,94.960930,70.501035,75.021683,105.339999,94.994408,-70.743677,55.014595,-1.902776,85.019798,33.976544,80.022644,70.395584,0.000000,0.000000,0.000000,0x0009
2026-07-08T11:41:41.666666Z,1783510901,666666,1,0x0000,true,59.991405,-0.000502,88,99.977066,106.098888,80.014801,141.676510,99.990181,-35.396042,60.012669,33.844117,90.025620,70.486459,85.011383,106.049629,0.000000,0.000000,0.000000,0x000A
2026-07-08T11:41:41.7Z,1783510901,700000,1,0x0000,true,59.995392,0.000133,88,50.000000,141.661019,85.010834,176.945517,50.000000,0.256720,65.008820,70.535302,95.041199,107.133054,90.020195,142.168270,0.000000,0.000000,0.000000,0x000B
2026-07-08T11:41:41.733333Z,1783510901,733333,1,0x0000,true,59.987007,-0.000279,88,54.987633,177.842376,90.014000,-180.000005,55.013428,35.316712,70.000595,107.170415,50.000000,143.052643,95.030861,177.550002,0.000000,0.000000,0.000000,0x000C
2026-07-08T11:41:41.766666Z,1783510901,766666,1,0x0000,true,59.986092,-0.000031,88,59.997902,-180.000005,95.003708,-143.958012,60.020149,71.564338,75.017136,142.769327,54.989643,179.560059,50.000000,-180.000005,0.000000,0.000000,0.000000,0x000D
2026-07-08T11:41:41.8Z,1783510901,800000,1,0x0000,true,59.993591,0.000250,88,64.994766,-144.661808,50.000000,-107.004189,65.012672,107.467378,80.024750,178.904238,59.981945,-180.000005,55.005947,-143.463807,0.000000,0.000000,0.000000,0x000E
2026-07-08T11:41:41.833333Z,1783510901,833333,1,0x0000,true,59.985550,-0.000268,88,69.995880,-109.598841,55.013500,-71.192482,70.009270,143.170559,85.008636,-180.000005,64.996254,-144.312103,60.006962,-107.946912,0.000000,0.000000,0.000000,0x000F
2026-07-08T11:41:41.866666Z,1783510901,866666,1,0x0000,true,60.000378,0.000494,88,74.999519,-73.116724,60.003067,-35.660780,75.010620,179.942768,90.011497,-144.163409,69.987358,-108.138089,65.003426,-71.184150,0.000000,0.000000,0.000000,0x0000
2026-07-08T11:41:41.9Z,1783510901,900000,1,0x0000,true,59.996056,-0.000144,88,79.988876,-37.149334,65.008568,-0.055696,79.996124,-180.000005,95.006973,-108.776780,74.979668,-72.878760,70.006386,-34.994980,0.000000,0.000000,0.000000,0x0001
2026-07-08T11:41:41.933333Z,1783510901,933333,1,0x0000,true,60.012699,0.000555,88,84.995338,-0.238001,70.004181,35.501360,84.994675,-144.180307,50.000000,-72.691709,79.986610,-35.957753,75.007431,0.570994,0.000000,0.000000,0.000000,0x0002
2026-07-08T11:41:41.966666Z,1783510901,966666,1,0x0000,true,60.013050,0.000012,88,89.980751,35.735741,75.015846,71.951303,89.978172,-108.467106,55.002003,-36.533026,84.999466,-0.215056,80.015999,36.784527,0.000000,0.000000,0.000000,0x0003
2026-07-08T11:41:42Z,1783510902,0,1,0x0000,true,60.013329,0.000009,88,94.971367,71.060059,80.029716,108.157494,94.963043,-73.163941,59.995995,0.277414,90.002754,36.206908,85.018951,73.302546,0.000000,0.000000,0.000000,0x0004
2026-07-08T11:41:42.033333Z,1783510902,33333,1,0x0000,true,59.989552,-0.000793,88,99.984161,106.344222,85.026772,143.679805,99.978226,-36.707066,64.996109,37.066054,95.017075,72.376434,90.024025,108.986316,0.000000,0.000000,0.000000,0x0005
2026-07-08T11:41:42.066666Z,1783510902,66666,1,0x0000,true,59.996727,0.000239,88,50.000000,142.672051,90.017815,179.864426,50.000000,-1.137128,69.992729,73.018233,50.000000,108.201371,95.026611,144.705822,0.000000,0.000000,0.000000,0x0006
2026-07-08T11:41:42.1Z,1783510902,100000,1,0x0000,true,59.991245,-0.000183,88,55.015141,178.151469,95.002449,-180.000005,54.983822,34.948582,75.007141,109.404058,54.999996,144.346650,50.000000,-180.000005,0.000000,0.000000,0.000000,0x0007
2026-07-08T11:41:42.133333Z,1783510902,133333,1,0x0000,true,59.990265,-0.000033,88,60.023937,-180.000005,50.000000,-144.341117,59.992970,71.678819,80.012871,146.208723,60.014877,179.711949,54.992039,-144.443010,0.000000,0.000000,0.000000,0x0008
2026-07-08T11:41:42.166666Z,1783510902,166666,1,0x0000,true,60.006508,0.000541,88,65.025223,-143.997941,54.984550,-107.762251,65.008148,108.502083,85.024338,-180.000005,65.022095,-180.000005,59.978073,-107.800493,0.000000,0.000000,0.000000,0x0009
2026-07-08T11:41:42.2Z,1783510902,200000,1,0x0000,true,59.989899,-0.000554,88,70.014290,-107.429737,59.988159,-72.618619,70.017509,145.185055,90.007957,-144.215278,70.016251,-144.789396,64.968002,-71.202270,0.000000,0.000000,0.000000,0x000A
2026-07-08T11:41:42.233333Z,1783510902,233333,1,0x0000,true,60.015476,0.000853,88,75.018509,-71.840100,65.001411,-36.608448,75.008125,-180.000005,95.023407,-109.068559,75.020683,-109.645648,69.974838,-35.456075,0.000000,0.000000,0.000000,0x000B
2026-07-08T11:41:42.266666Z,1783510902,266666,1,0x0000,true,59.994514,-0.000699,88,80.020966,-35.666787,69.996796,-1.546007,80.005058,-144.912326,50.000000,-73.166510,80.026131,-73.228289,74.981628,-0.312967,0.000000,0.000000,0.000000,0x000C
2026-07-08T11:41:42.3Z,1783510902,300000,1,0x0000,true,60.007347,0.000428,88,85.014030,-0.379653,75.000656,34.170753,85.004684,-108.565263,55.012436,-36.707653,85.011383,-37.951762,79.967209,36.193046,0.000000,0.000000,0.000000,0x000D
2026-07-08T11:41:42.333333Z,1783510902,333333,1,0x0000,true,59.985580,-0.000726,88,90.005379,35.490165,79.996353,69.616020,90.009300,-72.985824,60.021927,-0.052021,90.023651,-1.127741,84.970940,72.396556,0.000000,0.000000,0.000000,0x000E
2026-07-08T11:41:42.366666Z,1783510902,366666,1,0x0000,true,60.011345,0.000859,88,94.995094,71.065639,84.986572,105.939656,95.012619,-37.651770,65.007645,35.526252,95.012650,34.301958,89.979675,108.045472,0.000000,0.000000,0.000000,0x000F
2026-07-08T11:41:42.4Z,1783510902,400000,1,0x0000,true,59.996052,-0.000510,88,99.995872,107.567392,89.987038,141.652687,50.000000,-2.370931,70.019981,72.024509,50.000000,71.103656,94.967751,143.756986,0.000000,0.000000,0.000000,0x0000
2026-07-08T11:41:42.433333Z,1783510902,433333,1,0x0000,true,59.986622,-0.000314,88,50.000000,143.534253,94.972847,177.689844,55.016159,33.253039,75.015244,107.462255,54.983391,108.000358,99.963661,179.913398,0.000000,0.000000,0.000000,0x0001
2026-07-08T11:41:42.466666Z,1783510902,466666,1,0x0000,true,60.007271,0.000688,88,54.997116,179.733914,99.987221,-180.000005,60.008137,69.828938,80.017410,144.363152,59.985294,143.416009,50.000000,-180.000005,0.000000,0.000000,0.000000,0x0002
2026-07-08T11:41:42.5Z,1783510902,500000,1,0x0000,true,60.012444,0.000172,88,59.981842,-180.000005,50.000000,-143.532464,65.002266,106.130307,85.031662,-180.000005,64.993896,-180.000005,55.001255,-144.855608,0.000000,0.000000,0.000000,0x0003
2026-07-08T11:41:42.533333Z,1783510902,533333,1,0x0000,true,60.000477,-0.000399,88,64.979195,-143.171379,55.012146,-107.813607,70.001320,142.301814,90.036003,-144.251013,70.008713,-144.507473,60.005882,-109.574594,0.000000,0.000000,0.000000,0x0004
2026-07-08T11:41:42.566666Z,1783510902,566666,1,0x0000,true,60.011360,0.000363,88,69.978760,-106.992994,60.006237,-72.530674,75.012779,178.358492,95.045670,-109.186530,75.024704,-107.971972,65.020889,-74.289092,0.000000,0.000000,0.000000,0x0005
2026-07-08T11:41:42.6Z,1783510902,600000,1,0x0000,true,59.999935,-0.000381,88,74.981369,-71.191369,65.000320,-36.550753,80.009148,-180.000005,50.000000,-73.804217,80.027481,-71.803142,70.017021,-38.087799,0.000000,0.000000,0.000000,0x0006
2026-07-08T11:41:42.633333Z,1783510902,633333,1,0x0000,true,60.003815,0.000129,88,79.981529,-34.498435,70.012268,-0.453211,85.001389,-143.543133,55.015163,-37.930144,85.012550,-36.319118,75.017288,-3.008047,0.000000,0.000000,0.000000,0x0007
2026-07-08T11:41:42.666666Z,1783510902,666666,1,0x0000,true,60.006622,0.000094,88,84.980301,1.406122,74.997353,35.676158,90.001961,-107.934030,60.006897,-1.937225,90.027687,0.460955,80.029488,33.224485,0.000000,0.000000,0.000000,0x0008
2026-07-08T11:41:42.7Z,1783510902,700000,1,0x0000,true,60.012180,0.000185,88,89.971878,37.071009,79.988686,71.868357,94.986946,-72.783459,65.011879,34.113981,95.042053,35.623121,85.039047,68.892751,0.000000,0.000000,0.000000,0x0009
2026-07-08T11:41:42.733333Z,1783510902,733333,1,0x0000,true,59.997326,-0.000495,88,94.967178,72.673233,84.989105,107.892749,99.999153,-37.321643,69.995422,69.860527,50.000000,70.877788,90.048424,104.303395,0.000000,0.000000,0.000000,0x000A
2026-07-08T11:41:42.766666Z,1783510902,766666,1,0x0000,true,59.984432,-0.000430,88,99.972504,109.170909,89.995987,143.875298,50.000000,-0.744114,74.978989,105.391649,55.001919,106.156822,95.054085,140.892063,0.000000,0.000000,0.000000,0x000B
2026-07-08T11:41:42.8Z,1783510902,800000,1,0x0000,true,60.016644,0.001074,88,50.000000,144.261914,94.986107,179.551548,54.986034,35.355528,79.966232,141.478817,59.992317,142.903677,50.000000,176.697007,0.000000,0.000000,0.000000,0x000C
2026-07-08T11:41:42.833333Z,1783510902,833333,1,0x0000,true,60.005348,-0.000377,88,54.996704,-180.000005,99.972885,-180.000005,59.995132,70.590668,84.968964,177.301370,64.996948,179.379619,55.007214,-180.000005,0.000000,0.000000,0.000000,0x000D
2026-07-08T11:41:42.866666Z,1783510902,866666,1,0x0000,true,60.014210,0.000295,88,59.996998,-143.265622,50.000000,-144.844188,65.002876,106.551299,89.970566,-180.000005,70.012955,-180.000005,60.008137,-144.586799,0.000000,0.000000,0.000000,0x000E
2026-07-08T11:41:42.9Z,1783510902,900000,1,0x0000,true,59.985035,-0.000972,88,65.010704,-106.720094,54.983982,-109.391695,69.987671,142.592070,94.956062,-144.276012,75.018600,-143.384590,65.012383,-109.009689,0.000000,0.000000,0.000000,0x000F
2026-07-08T11:41:42.933333Z,1783510902,933333,1,0x0000,true,60.006001,0.000699,88,70.003273,-71.091874,59.987076,-73.122441,74.977043,179.081645,99.945786,-107.974233,80.024551,-107.099422,70.004768,-73.188714,0.000000,0.000000,0.000000,0x0000
2026-07-08T11:41:42.966666Z,1783510902,966666,1,0x0000,true,60.007202,0.000040,88,74.995888,-35.353431,64.988815,-36.341203,79.987320,-180.000005,50.000000,-71.191069,85.028503,-70.295105,74.992775,-37.437216,0.000000,0.000000,0.000000,0x0001
2026-07-08T11:41:43Z,1783510903,0,1,0x0000,true,59.995876,-0.000378,88,80.012024,0.689497,69.991905,0.014838,85.001076,-143.140192,54.999088,-35.861679,90.026581,-33.461408,80.003090,-2.035026,0.000000,0.000000,0.000000,0x0002
2026-07-08T11:41:43.033333Z,1783510903,33333,1,0x0000,true,59.994503,-0.000046,88,85.008995,36.322266,74.999336,35.707119,90.011917,-107.889661,59.992508,-0.258869,95.043083,1.940433,84.995224,34.748311,0.000000,0.000000,0.000000,0x0003
2026-07-08T11:41:43.066666Z,1783510903,66666,1,0x0000,true,60.010506,0.000533,88,90.008347,72.804086,79.996178,72.212783,94.997292,-71.784250,65.005775,36.640632,50.000000,37.415189,90.009438,70.281178,0.000000,0.000000,0.000000,0x0004
2026-07-08T11:41:43.1Z,1783510903,100000,1,0x0000,true,59.985760,-0.000825,88,95.006889,108.206507,85.002335,108.524705,99.986908,-36.540190,70.014534,72.511911,54.996708,73.063524,95.004143,106.787248,0.000000,0.000000,0.000000,0x0005
2026-07-08T11:41:43.133333Z,1783510903,133333,1,0x0000,true,60.007107,0.000712,88,50.000000,145.147394,89.987045,144.082513,50.000000,-0.430816,75.018242,109.140091,59.986443,108.279085,50.000000,143.030035,0.000000,0.000000,0.000000,0x0006
2026-07-08T11:41:43.166666Z,1783510903,166666,1,0x0000,true,59.997902,-0.000307,88,55.013897,-180.000005,94.999115,179.534186,54.984562,36.226623,80.013519,144.539193,64.988487,144.214772,54.994690,178.812194,0.000000,0.000000,0.000000,0x0007
2026-07-08T11:41:43.2Z,1783510903,200000,1,0x0000,true,60.004486,0.000219,88,60.018818,-143.710991,99.984207,-180.000005,59.994736,72.952253,85.009956,-180.000005,70.000893,179.974433,59.992222,-180.000005,0.000000,0.000000,0.000000,0x0008
2026-07-08T11:41:43.233333Z,1783510903,233333,1,0x0000,true,60.010979,0.000216,88,65.022156,-107.183645,50.000000,-143.747710,65.005409,108.979561,90.021828,-144.077499,75.002899,-180.000005,64.990829,-143.391871,0.000000,0.000000,0.000000,0x0009
2026-07-08T11:41:43.266666Z,1783510903,266666,1,0x0000,true,59.992981,-0.000600,88,70.014290,-70.542815,54.988686,-107.619507,69.995438,144.491737,95.014023,-108.491592,80.015198,-144.850363,69.994171,-107.662462,0.000000,0.000000,0.000000,0x000A
2026-07-08T11:41:43.3Z,1783510903,300000,1,0x0000,true,60.012615,0.000654,88,75.004707,-33.976301,60.004597,-72.273565,74.991562,179.732412,50.000000,-72.260164,85.031647,-109.541952,75.006401,-70.984797,0.000000,0.000000,0.000000,0x000B
2026-07-08T11:41:43.333333Z,1783510903,333333,1,0x0000,true,59.993980,-0.000621,88,80.014984,2.264275,64.988655,-35.743715,79.998726,-180.000005,55.007290,-36.507908,90.045212,-74.238788,80.006287,-35.765507,0.000000,0.000000,0.000000,0x000C
2026-07-08T11:41:43.366666Z,1783510903,366666,1,0x0000,true,60.015045,0.000702,88,85.030014,38.363451,69.986366,0.715784,84.998268,-144.610814,60.022289,-0.218021,95.039146,-39.024105,85.013428,0.778565,0.000000,0.000000,0.000000,0x000D
2026-07-08T11:41:43.4Z,1783510903,400000,1,0x0000,true,59.993793,-0.000708,88,90.018669,74.143630,74.994347,36.415464,90.006836,-108.291843,65.022453,36.181851,50.000000,-3.319293,90.004433,36.958348,0.000000,0.000000,0.000000,0x000E
2026-07-08T11:41:43.433333Z,1783510903,433333,1,0x0000,true,59.992409,-0.000046,88,95.022751,109.351438,79.999542,71.824179,95.022728,-72.178973,70.010864,71.911435,54.992119,31.793564,95.007301,73.625519,0.000000,0.000000,0.000000,0x000F
2026-07-08T11:41:43.466666Z,1783510903,466666,1,0x0000,true,59.998924,0.000217,88,50.000000,145.313231,85.006828,107.753973,50.000000,-35.694412,75.020615,107.148210,59.993687,68.113761,50.000000,109.623450,0.000000,0.000000,0.000000,0x0000
2026-07-08T11:41:43.5Z,1783510903,500000,1,0x0000,true,59.990971,-0.000265,88,55.010143,-180.000005,90.010406,144.285752,54.985184,-0.109961,80.025368,142.754055,64.979820,103.478766,55.016495,145.536045,0.000000,0.000000,0.000000,0x0001
2026-07-08T11:41:43.533333Z,1783510903,533333,1,0x0000,true,60.012997,0.000734,88,59.993935,-144.715494,95.010849,179.948137,59.970169,36.217054,85.011848,178.545188,69.963623,139.436837,60.032112,-180.000005,0.000000,0.000000,0.000000,0x0002
2026-07-08T11:41:43.566666Z,1783510903,566666,1,0x0000,true,59.985828,-0.000906,88,65.003273,-108.926867,99.997681,-180.000005,64.961670,72.855784,90.003464,-180.000005,74.950363,175.424516,65.029472,-144.331268,0.000000,0.000000,0.000000,0x0003
2026-07-08T11:41:43.6Z,1783510903,600000,1,0x0000,true,60.014961,0.000971,88,69.998253,-72.509855,50.000000,-144.320026,69.951439,108.600520,95.010536,-144.602536,79.947708,-180.000005,70.029549,-107.887155,0.000000,0.000000,0.000000,0x0004
2026-07-08T11:41:43.633333Z,1783510903,633333,1,0x0000,true,60.007442,-0.000251,88,75.008965,-36.677979,54.989994,-109.076605,74.942947,145.154729,99.999146,-108.002742,84.956444,-144.789697,75.025215,-71.006599,0.000000,0.000000,0.000000,0x0005
2026-07-08T11:41:43.666666Z,1783510903,666666,1,0x0000,true,59.987206,-0.000675,88,80.017334,-0.749757,59.980919,-72.345145,79.946838,-180.000005,50.000000,-72.573683,89.951691,-109.227572,80.031303,-34.828562,0.000000,0.000000,0.000000,0x0006
2026-07-08T11:41:43.7Z,1783510903,700000,1,0x0000,true,59.985432,-0.000059,88,85.007416,34.720512,64.967308,-35.585590,84.934692,-144.442955,54.996227,-35.968179,94.957146,-72.802693,85.021950,1.745994,0.000000,0.000000,0.000000,0x0007
2026-07-08T11:41:43.733333Z,1783510903,733333,1,0x0000,true,59.995502,0.000336,88,89.993668,70.891319,69.978386,1.239888,89.932114,-108.913063,59.990753,-0.131816,99.958885,-36.842706,90.031708,38.169996,0.000000,0.000000,0.000000,0x0008
2026-07-08T11:41:43.766666Z,1783510903,766666,1,0x0000,true,60.001537,0.000201,88,94.994278,106.289840,74.967865,37.333175,94.941528,-73.184760,64.991898,36.067552,50.000000,-0.088804,95.036835,74.136690,0.000000,0.000000,0.000000,0x0009
2026-07-08T11:41:43.8Z,1783510903,800000,1,0x0000,true,59.990490,-0.000368,88,99.997719,142.286023,79.974136,73.858012,99.931458,-37.346125,69.981728,71.842423,54.992737,36.070987,50.000000,109.581083,0.000000,0.000000,0.000000,0x000A
2026-07-08T11:41:43.833333Z,1783510903,833333,1,0x0000,true,59.987644,-0.000095,88,50.000000,178.775953,84.960457,110.740726,50.000000,-2.199811,74.998390,107.891123,59.994141,71.375545,55.005024,144.696738,0.000000,0.000000,0.000000,0x000B
2026-07-08T11:41:43.866666Z,1783510903,866666,1,0x0000,true,60.011330,0.000790,88,54.998955,-180.000005,89.947830,146.079728,55.008045,33.994138,80.002151,144.703541,64.980270,107.210160,59.995907,-180.000005,0.000000,0.000000,0.000000,0x000C
2026-07-08T11:41:43.9Z,1783510903,900000,1,0x0000,true,59.993977,-0.000578,88,60.008236,-144.438229,94.950172,-180.000005,60.001431,69.039381,85.001060,-180.000005,69.978241,143.596572,64.999016,-144.870129,0.000000,0.000000,0.000000,0x000D
2026-07-08T11:41:43.933333Z,1783510903,933333,1,0x0000,true,59.988575,-0.000180,88,64.995171,-107.662817,99.950409,-143.506810,64.992195,105.096592,90.015633,-143.169576,74.967346,179.781193,70.012764,-108.489256,0.000000,0.000000,0.000000,0x000E
2026-07-08T11:41:43.966666Z,1783510903,966666,1,0x0000,true,59.999653,0.000369,88,70.003899,-72.214347,50.000000,-108.270738,69.996185,140.992002,95.007652,-107.931346,79.975067,-180.000005,75.015694,-72.923280,0.000000,0.000000,0.000000,0x000F
2026-07-08T11:41:44Z,1783510904,0,1,0x0000,true,59.995022,-0.000154,88,75.005829,-36.987131,54.985287,-72.209156,74.987854,176.980788,50.000000,-71.106217,84.973213,-143.982778,80.014153,-36.211286,0.000000,0.000000,0.000000,0x0000
2026-07-08T11:41:44.033333Z,1783510904,33333,1,0x0000,true,59.988483,-0.000218,88,80.013420,-0.764914,59.969837,-36.051405,79.998848,-180.000005,54.997250,-34.933952,89.978737,-108.936074,85.023598,-0.875426,0.000000,0.000000,0.000000,0x0001
2026-07-08T11:41:44.066666Z,1783510904,66666,1,0x0000,true,60.008667,0.000673,88,85.014961,35.236980,64.978951,-0.112750,85.001587,-143.147364,59.991528,1.009774,94.980263,-73.474838,90.033585,35.860293,0.000000,0.000000,0.000000,0x0002
2026-07-08T11:41:44.1Z,1783510904,100000,1,0x0000,true,60.013195,0.000151,88,90.010628,71.139029,69.967316,36.337365,90.014519,-107.589666,64.989639,37.934744,99.984314,-38.320831,95.044456,71.745031,0.000000,0.000000,0.000000,0x0003
2026-07-08T11:41:44.133333Z,1783510904,133333,1,0x0000,true,59.994179,-0.000634,88,95.025955,106.187018,74.953323,71.418808,95.025223,-71.341626,70.001190,74.709340,50.000000,-1.966130,50.000000,106.852757,0.000000,0.000000,0.000000,0x0004
2026-07-08T11:41:44.166666Z,1783510904,166666,1,0x0000,true,59.999924,0.000191,88,50.000000,141.511985,79.951683,106.542973,50.000000,-36.044991,74.986641,111.166451,55.009186,34.118356,55.013325,142.792522,0.000000,0.000000,0.000000,0x0005
2026-07-08T11:41:44.2Z,1783510904,200000,1,0x0000,true,60.007057,0.000238,88,55.009327,177.691483,84.947021,142.287539,54.988129,0.517266,79.979248,147.863405,60.007782,70.532973,59.997677,179.174618,0.000000,0.000000,0.000000,0x0006
2026-07-08T11:41:44.233333Z,1783510904,233333,1,0x0000,true,60.014988,0.000264,88,60.011532,-180.000005,89.941315,178.008035,59.972713,36.388601,84.970695,-180.000005,65.011955,106.614485,64.996994,-180.000005,0.000000,0.000000,0.000000,0x0007
2026-07-08T11:41:44.266666Z,1783510904,266666,1,0x0000,true,60.007381,-0.000254,88,65.003349,-144.347360,94.952095,-180.000005,64.987633,72.675398,89.969841,-144.402493,70.003105,143.514514,69.990845,-144.373943,0.000000,0.000000,0.000000,0x0008
2026-07-08T11:41:44.3Z,1783510904,300000,1,0x0000,true,60.006130,-0.000042,88,70.002556,-108.877266,99.947479,-144.805311,69.978378,108.332763,94.976425,-108.851673,75.014069,-180.000005,74.985619,-108.847022,0.000000,0.000000,0.000000,0x0009
2026-07-08T11:41:44.333333Z,1783510904,333333,1,0x0000,true,60.000271,-0.000195,88,75.018089,-72.439450,50.000000,-109.524003,74.994644,143.491373,99.981476,-72.741426,80.030273,-144.617344,79.999672,-73.794375,0.000000,0.000000,0.000000,0x000A
2026-07-08T11:41:44.366666Z,1783510904,366666,1,0x0000,true,59.986923,-0.000445,88,80.005981,-37.122823,54.983536,-73.314786,79.984985,179.844564,50.000000,-36.872131,85.031288,-107.699249,85.012924,-38.137765,0.000000,0.000000,0.000000,0x000B
2026-07-08T11:41:44.4Z,1783510904,400000,1,0x0000,true,59.993519,0.000220,88,85.001114,-0.242673,59.969730,-37.455866,84.971832,-180.000005,54.999825,-1.169010,90.037483,-71.000192,90.015831,-2.103754,0.000000,0.000000,0.000000,0x000C
2026-07-08T11:41:44.433333Z,1783510904,433333,1,0x0000,true,60.001446,0.000264,88,89.988350,36.548240,64.955025,-0.836022,89.955376,-144.401278,60.005161,34.379071,95.043465,-35.668819,95.028870,34.436356,0.000000,0.000000,0.000000,0x000D
2026-07-08T11:41:44.466666Z,1783510904,466666,1,0x0000,true,60.008583,0.000238,88,94.975388,73.303427,69.954117,34.725232,94.966255,-108.976180,65.015045,71.035286,50.000000,1.011759,50.000000,70.639572,0.000000,0.000000,0.000000,0x000E
2026-07-08T11:41:44.5Z,1783510904,500000,1,0x0000,true,59.999191,-0.000313,88,99.980278,109.409713,74.963661,71.027185,99.967690,-73.336124,70.013809,107.909025,54.989029,36.648142,54.998257,106.061869,0.000000,0.000000,0.000000,0x000F
2026-07-08T11:41:44.533333Z,1783510904,533333,1,0x0000,true,59.995155,-0.000135,88,50.000000,144.539070,79.964630,106.682453,50.000000,-37.987849,75.005676,143.377487,59.972645,73.085845,59.995728,142.954261,0.000000,0.000000,0.000000,0x0000
2026-07-08T11:41:44.566666Z,1783510904,566666,1,0x0000,true,60.013515,0.000612,88,55.014660,179.680024,84.957886,143.236894,54.989788,-2.788261,80.002510,178.691846,64.966255,109.429937,64.993980,178.920890,0.000000,0.000000,0.000000,0x0001
2026-07-08T11:41:44.6Z,1783510904,600000,1,0x0000,true,60.010990,-0.000084,88,60.029175,-180.000005,89.949509,179.165820,59.992367,32.819619,85.001236,-180.000005,69.976532,144.591936,70.008354,-180.000005,0.000000,0.000000,0.000000,0x0002
2026-07-08T11:41:44.633333Z,1783510904,633333,1,0x0000,true,60.016090,0.000170,88,65.024788,-143.502916,94.949722,-180.000005,64.975769,67.883167,89.986435,-144.228979,74.976791,-180.000005,74.991943,-144.456698,0.000000,0.000000,0.000000,0x0003
2026-07-08T11:41:44.666666Z,1783510904,666666,1,0x0000,true,59.999790,-0.000543,88,70.011543,-108.077526,99.936432,-143.737506,69.970787,104.071695,94.974289,-107.562796,79.984528,-143.942917,80.000099,-107.652203,0.000000,0.000000,0.000000,0x0004
2026-07-08T11:41:44.7Z,1783510904,700000,1,0x0000,true,59.994736,-0.000168,88,75.004051,-72.043920,50.000000,-108.112660,74.971809,140.577533,99.967247,-71.334284,84.990448,-107.796996,84.999657,-70.770657,0.000000,0.000000,0.000000,0x0005
2026-07-08T11:41:44.733333Z,1783510904,733333,1,0x0000,true,59.993832,-0.000030,88,79.987991,-36.353682,54.997681,-72.665358,79.973869,176.264807,50.000000,-35.200544,89.985054,-71.582650,89.988533,-34.693280,0.000000,0.000000,0.000000,0x0006
2026-07-08T11:41:44.766666Z,1783510904,766666,1,0x0000,true,59.984295,-0.000318,88,84.997375,-1.175777,59.996716,-35.742076,84.965652,-180.000005,54.998856,1.097036,94.992340,-35.670922,94.988853,2.189959,0.000000,0.000000,0.000000,0x0007
2026-07-08T11:41:44.8Z,1783510904,800000,1,0x0000,true,60.013088,0.000960,88,89.987267,34.180077,65.001518,-0.318204,89.969955,-144.397139,59.989960,37.541964,99.989777,0.916981,99.996071,37.266212,0.000000,0.000000,0.000000,0x0008
2026-07-08T11:41:44.833333Z,1783510904,833333,1,0x0000,true,60.016487,0.000113,88,94.999794,70.708120,70.017036,36.444441,94.972366,-108.017898,64.995872,74.093728,50.000000,37.005080,50.000000,73.648017,0.000000,0.000000,0.000000,0x0009
2026-07-08T11:41:44.866666Z,1783510904,866666,1,0x0000,true,59.992054,-0.000814,88,50.000000,107.157185,75.003357,72.261865,99.965446,-71.579440,70.006546,110.523792,55.010986,73.019975,55.004982,110.113400,0.000000,0.000000,0.000000,0x000A
2026-07-08T11:41:44.9Z,1783510904,900000,1,0x0000,true,59.990135,-0.000064,88,55.007732,143.098405,80.008316,109.078367,50.000000,-36.274120,75.020378,147.039998,60.007137,108.519152,60.000969,147.031324,0.000000,0.000000,0.000000,0x000B
2026-07-08T11:41:44.933333Z,1783510904,933333,1,0x0000,true,60.001263,0.000371,88,60.012299,-180.000005,85.013458,144.309316,54.988041,-0.974514,80.022301,-180.000005,64.995056,143.919298,65.004082,-180.000005,0.000000,0.000000,0.000000,0x000C
2026-07-08T11:41:44.966666Z,1783510904,966666,1,0x0000,true,60.010998,0.000325,88,65.028038,-144.837658,90.009445,-180.000005,60.000648,34.661810,85.021217,-143.195517,69.992607,-180.000005,70.004982,-143.833156,0.000000,0.000000,0.000000,0x000D
2026-07-08T11:41:45Z,1783510905,0,1,0x0000,true,60.005424,-0.000186,88,70.032791,-108.550571,95.012405,-144.016465,64.994781,70.897084,90.023865,-106.403323,74.992546,-143.285976,74.994453,-106.884285,0.000000,0.000000,0.000000,0x000E
2026-07-08T11:41:45.033333Z,1783510905,33333,1,0x0000,true,59.988861,-0.000552,88,75.044464,-72.086527,50.000000,-107.686941,69.979523,106.163645,95.019005,-69.951341,79.988289,-107.490703,79.985146,-70.785751,0.000000,0.000000,0.000000,0x000F
2026-07-08T11:41:45.066666Z,1783510905,66666,1,0x0000,true,60.010014,0.000705,88,80.056137,-35.746690,55.005615,-71.825573,74.962875,141.412428,50.000000,-33.688440,84.974213,-71.910219,84.980476,-34.232003,0.000000,0.000000,0.000000,0x0000
2026-07-08T11:41:45.1Z,1783510905,100000,1,0x0000,true,59.988888,-0.000704,88,85.054375,-0.249552,60.018497,-35.331042,79.964340,178.136661,55.003735,1.871822,89.957863,-36.280305,89.977272,0.888840,0.000000,0.000000,0.000000,0x0001
2026-07-08T11:41:45.133333Z,1783510905,133333,1,0x0000,true,59.988625,-0.000009,88,90.061752,36.013931,65.017975,0.937395,84.952042,-180.000005,59.988586,38.413681,94.972733,0.281195,94.972244,37.032370,0.000000,0.000000,0.000000,0x0002
2026-07-08T11:41:45.166666Z,1783510905,166666,1,0x0000,true,59.992519,0.000130,88,95.055588,72.108561,70.033409,36.344133,89.940483,-143.611913,64.975914,75.363829,99.972801,36.309494,99.974808,73.127291,0.000000,0.000000,0.000000,0x0003
2026-07-08T11:41:45.2Z,1783510905,200000,1,0x0000,true,59.983875,-0.000288,88,50.000000,108.511871,75.024719,71.819063,94.940910,-107.521309,69.970917,112.170250,50.000000,72.022753,50.000000,109.747773,0.000000,0.000000,0.000000,0x0004
2026-07-08T11:41:45.233333Z,1783510905,233333,1,0x0000,true,60.010578,0.000890,88,55.015606,145.036704,80.012917,108.440482,99.937874,-71.918088,74.979073,148.298625,55.003334,107.795528,55.008530,146.529947,0.000000,0.000000,0.000000,0x0005
2026-07-08T11:41:45.266666Z,1783510905,266666,1,0x0000,true,59.997551,-0.000434,88,60.028172,-180.000005,85.023575,144.903242,50.000000,-36.573484,79.983650,-180.000005,59.992844,143.059637,60.007130,-180.000005,0.000000,0.000000,0.000000,0x0006
2026-07-08T11:41:45.3Z,1783510905,300000,1,0x0000,true,59.986080,-0.000382,88,65.030334,-143.675789,90.037086,-180.000005,55.006897,0.361454,84.976967,-143.617554,64.996063,179.709094,64.994637,-144.412930,0.000000,0.000000,0.000000,0x0007
2026-07-08T11:41:45.333333Z,1783510905,333333,1,0x0000,true,59.993336,0.000242,88,70.027428,-108.449218,95.052849,-144.507419,59.998898,36.873353,89.991646,-107.657332,70.004738,-180.000005,70.010193,-109.051135,0.000000,0.000000,0.000000,0x0008
2026-07-08T11:41:45.366666Z,1783510905,366666,1,0x0000,true,60.006310,0.000432,88,75.024818,-71.825525,50.000000,-108.475739,65.008461,72.343854,94.991615,-71.763152,74.994965,-143.317094,75.006683,-72.265642,0.000000,0.000000,0.000000,0x0009
2026-07-08T11:41:45.4Z,1783510905,400000,1,0x0000,true,59.990723,-0.000520,88,80.032715,-35.152467,54.984093,-72.312797,70.001801,108.493621,99.977844,-36.343710,79.994003,-106.708264,80.017151,-36.181797,0.000000,0.000000,0.000000,0x000A
2026-07-08T11:41:45.433333Z,1783510905,433333,1,0x0000,true,59.991741,0.000034,88,85.017487,0.163635,59.976543,-35.850734,75.012009,144.546405,50.000000,0.256608,84.977501,-71.570287,85.005196,-0.220352,0.000000,0.000000,0.000000,0x000B
2026-07-08T11:41:45.466666Z,1783510905,466666,1,0x0000,true,59.993637,0.000063,88,90.006142,36.160575,64.979691,0.307601,80.010223,-180.000005,54.995590,35.710497,89.968239,-34.627072,90.004425,35.924637,0.000000,0.000000,0.000000,0x000C
2026-07-08T11:41:45.5Z,1783510905,500000,1,0x0000,true,59.989613,-0.000134,88,95.005959,72.832465,69.974129,36.974949,84.995583,-143.573267,59.999439,71.689194,94.956589,0.473080,94.993599,72.455480,0.000000,0.000000,0.000000,0x000D
2026-07-08T11:41:45.533333Z,1783510905,533333,1,0x0000,true,60.001492,0.000396,88,50.000000,109.200279,74.961899,72.125691,89.992493,-106.723543,64.989517,107.436615,99.970474,35.633906,50.000000,108.477078,0.000000,0.000000,0.000000,0x000E
2026-07-08T11:41:45.566666Z,1783510905,566666,1,0x0000,true,59.984390,-0.000570,88,55.002529,145.210095,79.975220,108.923950,94.992897,-70.689705,69.987045,143.548324,50.000000,72.327660,55.002598,144.318919,0.000000,0.000000,0.000000,0x000F
2026-07-08T11:41:45.6Z,1783510905,600000,1,0x0000,true,59.989288,0.000163,88,59.987328,-180.000005,84.975677,145.810510,50.000000,-35.168087,74.979622,-180.000005,55.002251,109.065355,60.008728,179.921321,0.000000,0.000000,0.000000,0x0000
2026-07-08T11:41:45.633333Z,1783510905,633333,1,0x0000,true,59.992302,0.000100,88,64.995537,-143.466129,89.982689,-180.000005,55.016197,1.192034,79.977150,-144.653885,59.992073,145.440983,65.022675,-180.000005,0.000000,0.000000,0.000000,0x0001
2026-07-08T11:41:45.666666Z,1783510905,666666,1,0x0000,true,60.013290,0.000700,88,69.995674,-107.625394,94.985054,-143.619945,60.007633,36.660146,84.986115,-109.161996,64.987122,-180.000005,70.015060,-144.190689,0.000000,0.000000,0.000000,0x0002
2026-07-08T11:41:45.7Z,1783510905,700000,1,0x0000,true,60.011520,-0.000059,88,74.994789,-70.921966,99.996216,-107.702678,65.011009,73.450591,89.999748,-73.910536,69.987404,-144.647588,75.018532,-107.830334,0.000000,0.000000,0.000000,0x0003
2026-07-08T11:41:45.733333Z,1783510905,733333,1,0x0000,true,59.994808,-0.000557,88,80.000931,-35.656750,50.000000,-71.857456,70.002357,108.776370,94.985428,-37.715130,75.000969,-108.894403,80.005539,-72.388162,0.000000,0.000000,0.000000,0x0004
2026-07-08T11:41:45.766666Z,1783510905,766666,1,0x0000,true,59.999165,0.000145,88,84.984726,-0.294777,55.001175,-35.811204,74.987297,144.124177,99.995972,-2.153411,80.015839,-73.196993,85.014725,-36.480805,0.000000,0.000000,0.000000,0x0005
2026-07-08T11:41:45.8Z,1783510905,800000,1,0x0000,true,59.986923,-0.000408,88,89.994576,35.752933,59.990253,0.182181,80.000740,-180.000005,50.000000,33.352469,85.012589,-36.752531,90.005554,-1.385899,0.000000,0.000000,0.000000,0x0006
2026-07-08T11:41:45.833333Z,1783510905,833333,1,0x0000,true,59.987217,0.000010,88,95.009621,70.844573,65.003052,36.938356,84.987671,-144.632316,54.985832,68.492433,90.018204,-0.144927,95.020409,34.712691,0.000000,0.000000,0.000000,0x0007
2026-07-08T11:41:45.866666Z,1783510905,866666,1,0x0000,true,59.999084,0.000396,88,50.000000,106.096388,70.000496,72.575848,89.972809,-108.810405,59.992622,105.301648,95.031616,36.117856,50.000000,71.077537,0.000000,0.000000,0.000000,0x0008
2026-07-08T11:41:45.9Z,1783510905,900000,1,0x0000,true,60.010437,0.000378,88,54.999874,141.751192,75.006218,107.880994,94.980034,-71.979737,64.984512,140.909999,50.000000,72.016470,54.987743,106.812015,0.000000,0.000000,0.000000,0x0009
2026-07-08T11:41:46.433333Z,1783510906,433333,1,0x0000,true,60.003998,-0.000335,88,79.986473,-37.943900,50.000000,-72.875304,69.979439,144.641072,95.014626,-35.096627,79.996010,-144.768646,80.020180,-107.382410,0.000000,0.000000,0.000000,0x0009
2026-07-08T11:41:46.466666Z,1783510906,466666,1,0x0000,true,59.992264,-0.000391,88,84.969933,-1.614262,54.993626,-36.570264,74.988243,-180.000005,50.000000,0.954870,84.982254,-108.882504,85.025124,-71.161829,0.000000,0.000000,0.000000,0x000A
2026-07-08T11:41:46.5Z,1783510906,500000,1,0x0000,true,59.983540,-0.000291,88,89.958878,35.024817,59.990730,-0.753485,79.984016,-143.475104,55.007896,37.084645,89.991287,-73.782005,90.018013,-36.080563,0.000000,0.000000,0.000000,0x000B
2026-07-08T11:41:46.533333Z,1783510906,533333,1,0x0000,true,60.002148,0.000620,88,94.971970,71.952122,64.975967,35.187618,84.994797,-108.283210,60.011513,73.877423,94.989868,-37.886598,95.005882,-0.836561,0.000000,0.000000,0.000000,0x000C
2026-07-08T11:41:46.566666Z,1783510906,566666,1,0x0000,true,59.997417,-0.000158,88,99.959663,108.853838,69.965385,71.722075,89.994995,-71.973392,64.995575,109.802497,99.975983,-2.041842,99.997108,35.179555,0.000000,0.000000,0.000000,0x000D
2026-07-08T11:41:46.6Z,1783510906,600000,1,0x0000,true,60.009686,0.000409,88,50.000000,144.088865,74.965439,106.967476,94.979286,-36.799335,70.011696,145.320266,50.000000,33.286732,50.000000,71.218751,0.000000,0.000000,0.000000,0x000E
2026-07-08T11:41:46.633333Z,1783510906,633333,1,0x0000,true,59.987156,-0.000751,88,55.010490,-180.000005,79.953461,142.555310,99.985664,-0.788638,75.021950,-180.000005,55.007801,68.818377,54.985065,106.327706,0.000000,0.000000,0.000000,0x000F
2026-07-08T11:41:46.666666Z,1783510906,666666,1,0x0000,true,60.009838,0.000756,88,60.022469,-143.110181,84.943764,178.625457,50.000000,35.747274,80.016724,-144.581608,59.994438,104.368849,59.997192,141.571831,0.000000,0.000000,0.000000,0x0000
2026-07-08T11:41:46.7Z,1783510906,700000,1,0x0000,true,60.010170,0.000011,88,65.019402,-107.595909,89.927246,-180.000005,54.995422,70.914801,85.019333,-108.634732,64.981346,141.084989,64.986618,176.687773,0.000000,0.000000,0.000000,0x0001
2026-07-08T11:41:46.733333Z,1783510906,733333,1,0x0000,true,60.014229,0.000135,88,70.003235,-70.974900,94.931664,-144.333194,60.009274,107.096273,90.013855,-71.881881,69.965485,176.658130,70.000458,-180.000005,0.000000,0.000000,0.000000,0x0002
2026-07-08T11:41:46.766666Z,1783510906,766666,1,0x0000,true,59.983536,-0.001023,88,74.998421,-34.627311,99.946182,-107.826947,64.997383,144.043389,95.004219,-35.800949,74.956551,-180.000005,75.012421,-144.167139,0.000000,0.000000,0.000000,0x0003
2026-07-08T11:41:46.8Z,1783510906,800000,1,0x0000,true,60.013802,0.001009,88,80.008972,0.512301,50.000000,-71.976185,69.993332,179.499147,50.000000,0.733506,79.962914,-143.537122,80.022789,-107.776068,0.000000,0.000000,0.000000,0x0004
2026-07-08T11:41:46.833333Z,1783510906,833333,1,0x0000,true,60.008133,-0.000189,88,85.010498,36.667662,54.985119,-36.386607,75.009666,-180.000005,55.015678,37.361685,84.950607,-107.647251,85.032974,-71.826570,0.000000,0.000000,0.000000,0x0005
2026-07-08T11:41:46.866666Z,1783510906,866666,1,0x0000,true,59.999222,-0.000297,88,90.026070,71.942553,59.998928,-1.133979,80.002586,-144.013910,60.001301,72.437879,89.963791,-71.941802,90.031906,-34.923864,0.000000,0.000000,0.000000,0x0006
2026-07-08T11:41:46.9Z,1783510906,900000,1,0x0000,true,60.000793,0.000052,88,95.026596,107.802699,64.984329,34.277014,85.011909,-108.324717,64.999367,107.610655,94.949097,-35.123377,95.046516,0.284817,0.000000,0.000000,0.000000,0x0007
2026-07-08T11:41:46.933333Z,1783510906,933333,1,0x0000,true,59.983818,-0.000566,88,50.000000,144.199828,69.970131,69.905818,90.006386,-72.442072,70.015228,142.754410,99.950577,0.026784,50.000000,35.379663,0.000000,0.000000,0.000000,0x0008
2026-07-08T11:41:46.966666Z,1783510906,966666,1,0x0000,true,60.014923,0.001037,88,54.996662,-180.000005,74.986320,106.788826,95.018288,-35.691901,75.016716,177.906197,50.000000,36.021509,54.991634,70.552849,0.000000,0.000000,0.000000,0x0009
2026-07-08T11:41:47Z,1783510907,0,1,0x0000,true,60.016438,0.000050,88,59.984524,-144.805434,79.977676,143.273217,50.000000,0.487067,80.024193,-180.000005,54.993584,71.929678,60.005066,105.730932,0.000000,0.000000,0.000000,0x000A
2026-07-08T11:41:47.033333Z,1783510907,33333,1,0x0000,true,60.015713,-0.000024,88,64.984604,-107.885768,84.977173,179.786630,54.989597,36.790592,85.038734,-143.222851,59.992455,107.428330,65.004761,142.275176,0.000000,0.000000,0.000000,0x000B
2026-07-08T11:41:47.066666Z,1783510907,66666,1,0x0000,true,59.990799,-0.000830,88,69.968353,-72.522805,89.965073,-180.000005,59.982395,72.354639,90.052467,-107.243102,65.003639,143.129824,69.999237,178.947186,0.000000,0.000000,0.000000,0x000C
2026-07-08T11:41:47.1Z,1783510907,100000,1,0x0000,true,60.006851,0.000535,88,74.973511,-36.983992,94.969955,-143.573677,64.990936,108.186979,95.037224,-71.691236,69.987930,179.364169,74.987701,-180.000005,0.000000,0.000000,0.000000,0x000D
2026-07-08T11:41:47.133333Z,1783510907,133333,1,0x0000,true,60.016262,0.000314,88,79.977478,-1.927905,99.966217,-107.877961,69.991051,144.177685,50.000000,-36.285025,74.987541,-180.000005,80.000603,-144.063853,0.000000,0.000000,0.000000,0x000E
2026-07-08T11:41:47.166666Z,1783510907,166666,1,0x0000,true,59.994541,-0.000724,88,84.969643,34.159671,50.000000,-71.566162,74.976501,-180.000005,55.015251,-0.262263,80.000381,-143.889874,85.015976,-107.882203,0.000000,0.000000,0.000000,0x000F
2026-07-08T11:41:47.2Z,1783510907,200000,1,0x0000,true,60.007973,0.000448,88,89.958122,69.512379,54.999947,-35.197064,79.965004,-144.704893,60.002518,36.533896,84.991272,-107.475485,90.028229,-72.056795,0.000000,0.000000,0.000000,0x0000
2026-07-08T11:41:47.233333Z,1783510907,233333,1,0x0000,true,60.000278,-0.000256,88,94.961128,106.272402,60.007454,0.791483,84.962616,-108.848715,65.018227,72.387281,89.981239,-70.984626,95.014496,-35.870890,0.000000,0.000000,0.000000,0x0001
2026-07-08T11:41:47.266666Z,1783510907,266666,1,0x0000,true,60.011734,0.000382,88,99.948502,142.764136,65.003700,36.773329,89.975044,-73.534827,70.005768,107.814304,94.970955,-35.616882,50.000000,1.045863,0.000000,0.000000,0.000000,0x0002
2026-07-08T11:41:47.3Z,1783510907,300000,1,0x0000,true,60.008938,-0.000093,88,50.000000,178.355815,70.012825,72.133491,94.978317,-37.588829,75.017365,144.159858,99.985695,0.272055,55.013245,37.528328,0.000000,0.000000,0.000000,0x0003
2026-07-08T11:41:47.333333Z,1783510907,333333,1,0x0000,true,59.995884,-0.000435,88,55.007931,-180.000005,75.014427,108.855450,99.979477,-1.812443,80.020981,-180.000005,50.000000,36.261710,60.014729,73.160574,0.000000,0.000000,0.000000,0x0004
2026-07-08T11:41:47.366666Z,1783510907,366666,1,0x0000,true,60.009476,0.000453,88,60.001507,-143.109252,80.015686,145.751456,50.000000,33.686910,85.023346,-143.395027,55.000286,71.597690,65.016205,109.077547,0.000000,0.000000,0.000000,0x0005
2026-07-08T11:41:47.4Z,1783510907,400000,1,0x0000,true,60.015488,0.000200,88,64.988876,-107.859185,85.025215,-180.000005,55.015678,69.513478,90.039307,-107.122570,60.014870,107.559948,70.006645,145.079556,0.000000,0.000000,0.000000,0x0006
2026-07-08T11:41:47.433333Z,1783510907,433333,1,0x0000,true,59.996914,-0.000619,88,69.996559,-72.715669,90.024124,-143.276291,60.025059,106.125219,95.038933,-71.015061,65.009880,144.192615,75.014549,-180.000005,0.000000,0.000000,0.000000,0x0007
2026-07-08T11:41:47.466666Z,1783510907,466666,1,0x0000,true,60.011799,0.000496,88,75.006157,-36.212748,95.009285,-107.618865,65.015778,142.249686,50.000000,-35.564436,70.003220,-180.000005,80.016060,-144.492952,0.000000,0.000000,0.000000,0x0008
2026-07-08T11:41:47.5Z,1783510907,500000,1,0x0000,true,60.003117,-0.000289,88,80.014740,0.351083,99.993790,-70.736909,70.019981,178.535380,55.015972,1.279809,74.994759,-144.739276,85.019440,-109.274072,0.000000,0.000000,0.000000,0x0009
2026-07-08T11:41:47.533333Z,1783510907,533333,1,0x0000,true,60.015106,0.000400,88,85.003510,36.830518,50.000000,-33.975837,75.019165,-180.000005,60.028908,36.751011,79.996986,-108.557626,90.019905,-72.892093,0.000000,0.000000,0.000000,0x000A
2026-07-08T11:41:47.566666Z,1783510907,566666,1,0x0000,true,59.988579,-0.000884,88,89.998276,72.788233,54.996746,1.860060,80.009415,-144.401974,65.022697,73.629234,85.006210,-71.931543,95.015419,-36.716857,0.000000,0.000000,0.000000,0x000B
2026-07-08T11:41:47.6Z,1783510907,600000,1,0x0000,true,60.000805,0.000408,88,95.012947,107.857669,59.995159,38.624221,85.010780,-108.755743,70.021278,109.586601,89.991249,-34.995031,99.998901,-0.650031,0.000000,0.000000,0.000000,0x000C
2026-07-08T11:41:47.633333Z,1783510907,633333,1,0x0000,true,60.004177,0.000112,88,50.000000,144.528101,64.999466,74.240557,89.995514,-72.265990,75.027237,145.644741,94.980392,1.924462,50.000000,35.218156,0.000000,0.000000,0.000000,0x000D
2026-07-08T11:41:47.666666Z,1783510907,666666,1,0x0000,true,60.002625,-0.000052,88,54.991291,179.635765,70.002060,109.609756,94.985123,-35.648011,80.014595,-180.000005,99.966118,38.695675,54.991375,70.625064,0.000000,0.000000,0.000000,0x000E
2026-07-08T11:41:47.7Z,1783510907,700000,1,0x0000,true,59.999763,-0.000095,88,60.003361,-180.000005,75.002022,145.685736,99.984520,0.966471,85.021858,-143.925596,50.000000,75.194809,60.000992,105.746956,0.000000,0.000000,0.000000,0x000F
2026-07-08T11:41:47.733333Z,1783510907,733333,1,0x0000,true,60.009262,0.000317,88,64.999641,-143.409124,79.989395,-180.000005,50.000000,36.680725,90.018791,-108.450488,55.006557,110.877411,64.994499,141.039978,0.000000,0.000000,0.000000,0x0000
2026-07-08T11:41:47.766666Z,1783510907,766666,1,0x0000,true,59.994743,-0.000484,88,70.014748,-108.145541,85.003815,-143.080169,55.003273,71.983828,95.029793,-71.625243,59.998341,146.575231,69.998207,177.279623,0.000000,0.000000,0.000000,0x0001
2026-07-08T11:41:47.8Z,1783510907,800000,1,0x0000,true,59.990417,-0.000144,88,75.022446,-71.208390,89.997269,-107.118608,60.017685,107.319573,50.000000,-36.369702,64.987541,-180.000005,74.998413,-180.000005,0.000000,0.000000,0.000000,0x0002
2026-07-08T11:41:47.833333Z,1783510907,833333,1,0x0000,true,60.013348,0.000764,88,80.034752,-35.421337,95.013802,-71.544128,65.028419,143.173537,54.990284,-0.002120,69.984207,-144.438051,80.007256,-144.566281,0.000000,0.000000,0.000000,0x0003
2026-07-08T11:41:47.866666Z,1783510907,866666,1,0x0000,true,60.011192,-0.000072,88,85.049438,0.441779,50.000000,-34.618281,70.028374,178.887914,60.006828,36.589631,74.985809,-109.391408,85.008224,-109.296926,0.000000,0.000000,0.000000,0x0004
2026-07-08T11:41:47.9Z,1783510907,900000,1,0x0000,true,60.003822,-0.000246,88,90.056870,37.314467,54.983398,2.001038,75.024765,-180.000005,65.009293,72.734445,79.973763,-72.612561,89.999550,-72.744575,0.000000,0.000000,0.000000,0x0005
2026-07-08T11:41:47.933333Z,1783510907,933333,1,0x0000,true,59.995758,-0.000269,88,95.069756,73.914381,59.977917,38.495219,80.019081,-144.598520,69.997154,108.811532,84.978157,-36.118092,95.006981,-36.464830,0.000000,0.000000,0.000000,0x0006
2026-07-08T11:41:47.966666Z,1783510907,966666,1,0x0000,true,59.984745,-0.000367,88,50.000000,109.599258,64.980576,75.250810,85.033852,-107.873235,74.985077,145.277850,89.979164,0.104824,50.000000,-0.368045,0.000000,0.000000,0.000000,0x0007
2026-07-08T11:41:48Z,1783510908,0,1,0x0000,true,59.988255,0.000117,88,55.013332,145.766400,69.979546,110.899896,90.044678,-72.691251,79.993294,-180.000005,94.966583,36.086901,55.000923,35.432006,0.000000,0.000000,0.000000,0x0008
2026-07-08T11:41:48.033333Z,1783510908,33333,1,0x0000,true,60.006271,0.000601,88,60.011692,-180.000005,74.968987,146.516696,95.060616,-36.945757,85.006866,-143.572502,99.976196,71.257929,59.993500,71.696127,0.000000,0.000000,0.000000,0x0009
2026-07-08T11:41:48.066666Z,1783510908,66666,1,0x0000,true,59.993019,-0.000442,88,65.004570,-144.368807,79.956406,-180.000005,50.000000,-1.764995,90.014236,-108.503887,50.000000,107.408454,65.000130,108.313987,0.000000,0.000000,0.000000,0x000A
2026-07-08T11:41:48.1Z,1783510908,100000,1,0x0000,true,59.991322,-0.000057,88,70.020584,-108.757956,84.963623,-144.418230,55.010899,34.854558,95.009720,-72.822097,55.003376,144.262843,70.014694,145.180616,0.000000,0.000000,0.000000,0x000B
2026-07-08T11:41:48.133333Z,1783510908,133333,1,0x0000,true,59.987263,-0.000135,88,75.037010,-72.676498,89.948380,-107.726925,60.015415,70.953501,50.000000,-36.956593,60.013363,179.822584,75.017601,-180.000005,0.000000,0.000000,0.000000,0x000C
2026-07-08T11:41:48.166666Z,1783510908,166666,1,0x0000,true,60.010994,0.000791,88,80.051231,-36.071691,94.936653,-71.155750,65.014008,106.964253,54.990555,-1.452635,64.997887,-180.000005,80.013466,-144.509400,0.000000,0.000000,0.000000,0x000D
2026-07-08T11:41:48.2Z,1783510908,200000,1,0x0000,true,60.015835,0.000161,88,85.043991,-0.166434,99.923485,-34.280378,70.016602,143.512520,59.995163,33.787402,70.007805,-143.937317,85.000610,-108.032241,0.000000,0.000000,0.000000,0x000E
2026-07-08T11:41:48.233333Z,1783510908,233333,1,0x0000,true,59.995567,-0.000676,88,90.046967,35.497986,50.000000,2.001057,75.015419,-180.000005,65.001404,69.770410,75.015770,-107.495184,90.014137,-72.323350,0.000000,0.000000,0.000000,0x000F
2026-07-08T11:41:48.266666Z,1783510908,266666,1,0x0000,true,59.995876,0.000010,88,95.032196,72.245301,55.007660,38.058791,80.020760,-143.542777,69.998260,105.314817,80.030090,-71.836535,95.002533,-36.207215,0.000000,0.000000,0.000000,0x0000
2026-07-08T11:41:48.3Z,1783510908,300000,1,0x0000,true,59.999851,0.000132,88,50.000000,107.806729,59.998306,73.173804,85.009003,-106.659128,74.983963,141.490456,85.028763,-36.493854,50.000000,-0.114918,0.000000,0.000000,0.000000,0x0001
2026-07-08T11:41:48.333333Z,1783510908,333333,1,0x0000,true,60.008125,0.000276,88,55.012424,144.111240,64.992340,109.064372,90.017036,-70.834772,79.986206,177.624547,90.036606,-0.738975,55.003654,35.558767,0.000000,0.000000,0.000000,0x0002
2026-07-08T11:41:48.366666Z,1783510908,366666,1,0x0000,true,60.008453,0.000011,88,60.017735,179.722563,69.980621,144.219253,95.005905,-35.520593,84.982651,-180.000005,95.051430,34.463700,60.002083,71.344768,0.000000,0.000000,0.000000,0x0003
2026-07-08T11:41:48.4Z,1783510908,400000,1,0x0000,true,59.993702,-0.000492,88,65.024956,-180.000005,74.985245,179.268519,50.000000,0.280856,89.985229,-143.404466,50.000000,70.821897,65.004723,107.172041,0.000000,0.000000,0.000000,0x0004
2026-07-08T11:41:48.433333Z,1783510908,433333,1,0x0000,true,59.995426,0.000057,88,70.015060,-143.205598,79.987770,-180.000005,54.989300,35.913452,94.980644,-106.830729,54.996891,106.143769,70.014793,142.380143,0.000000,0.000000,0.000000,0x0005
2026-07-08T11:41:48.466666Z,1783510908,466666,1,0x0000,true,60.006329,0.000363,88,75.030891,-106.583128,84.992813,-144.536611,59.984081,71.166897,99.965012,-71.397709,59.999916,141.308909,75.004692,177.954391,0.000000,0.000000,0.000000,0x0006
2026-07-08T11:41:48.5Z,1783510908,500000,1,0x0000,true,59.989429,-0.000563,88,80.037285,-69.885123,89.996246,-108.108296,64.985268,107.256277,50.000000,-36.163673,64.996971,176.714302,79.995102,-180.000005,0.000000,0.000000,0.000000,0x0007
2026-07-08T11:41:48.533333Z,1783510908,533333,1,0x0000,true,59.986217,-0.000107,88,85.045769,-33.109362,95.004028,-72.564353,69.987984,143.472263,55.014351,-0.978190,70.009003,-180.000005,84.991447,-144.565530,0.000000,0.000000,0.000000,0x0008
2026-07-08T11:41:48.566666Z,1783510908,566666,1,0x0000,true,59.985725,-0.000016,88,90.058304,2.844447,50.000000,-35.968466,75.000351,179.975771,60.010662,35.143833,75.008842,-144.941710,89.976227,-109.039421,0.000000,0.000000,0.000000,0x0009
2026-07-08T11:41:48.6Z,1783510908,600000,1,0x0000,true,59.985085,-0.000021,88,95.060966,39.308142,55.014042,0.407451,80.016960,-180.000005,65.000351,70.763492,80.012527,-108.120078,94.966881,-73.760681,0.000000,0.000000,0.000000,0x000A
2026-07-08T11:41:48.633333Z,1783510908,633333,1,0x0000,true,60.002914,0.000594,88,50.000000,75.399797,60.016113,36.519799,85.023552,-143.706675,70.013260,107.195188,85.014648,-71.986922,99.975327,-37.147773,0.000000,0.000000,0.000000,0x000B
2026-07-08T11:41:48.666666Z,1783510908,666666,1,0x0000,true,60.012001,0.000303,88,54.996891,110.472436,65.007011,72.108561,90.010963,-107.157417,75.000694,142.289110,90.010735,-36.477254,50.000000,-0.394454,0.000000,0.000000,0.000000,0x000C
2026-07-08T11:41:48.7Z,1783510908,700000,1,0x0000,true,59.984001,-0.000933,88,59.983177,145.580810,70.016647,108.699496,95.001389,-71.873842,80.016685,177.845873,95.009491,-0.768362,55.011486,36.027974,0.000000,0.000000,0.000000,0x000D
2026-07-08T11:41:48.733333Z,1783510908,733333,1,0x0000,true,60.015392,0.001046,88,64.991264,-180.000005,75.019325,144.402097,99.996475,-35.753100,85.010445,-180.000005,99.997902,35.621776,60.013916,71.869989,0.000000,0.000000,0.000000,0x000E
2026-07-08T11:41:48.766666Z,1783510908,766666,1,0x0000,true,60.000950,-0.000481,88,69.984955,-144.628477,80.029549,-180.000005,50.000000,-0.265754,90.014145,-143.567380,50.000000,71.390175,65.015579,108.634268,0.000000,0.000000,0.000000,0x000F
2026-07-08T11:41:48.8Z,1783510908,800000,1,0x0000,true,59.997322,-0.000121,88,74.978119,-108.683179,85.037018,-144.016000,54.999905,35.545254,95.027328,-107.775201,55.005749,108.167507,70.009529,144.037734,0.000000,0.000000,0.000000,0x0000
2026-07-08T11:41:48.833333Z,1783510908,833333,1,0x0000,true,59.985111,-0.000407,88,79.969902,-72.644444,90.048386,-107.563144,59.993580,72.113861,50.000000,-72.532484,60.011929,144.535259,74.998421,-180.000005,0.000000,0.000000,0.000000,0x0001
2026-07-08T11:41:48.866666Z,1783510908,866666,1,0x0000,true,60.000774,0.000522,88,84.982727,-35.753103,95.037537,-72.244598,64.980240,107.586633,55.004066,-36.801035,64.999420,179.733150,79.995346,-143.998638,0.000000,0.000000,0.000000,0x0002
2026-07-08T11:41:48.9Z,1783510908,900000,1,0x0000,true,59.985291,-0.000516,88,89.981468,0.044266,50.000000,-36.918412,69.994415,142.790651,60.020481,-1.685962,69.993675,-180.000005,85.000664,-107.422333,0.000000,0.000000,0.000000,0x0003
2026-07-08T11:41:48.933333Z,1783510908,933333,1,0x0000,true,60.015354,0.001002,88,94.972008,36.086263,54.986038,-1.796870,74.996201,178.684838,65.009499,33.768684,74.999084,-144.293675,89.997803,-70.953214,0.000000,0.000000,0.000000,0x0004
2026-07-08T11:41:48.966666Z,1783510908,966666,1,0x0000,true,59.996544,-0.000627,88,99.980064,71.999387,59.990864,33.436289,79.983978,-180.000005,69.994293,68.834735,79.989761,-107.843558,95.008957,-34.229971,0.000000,0.000000,0.000000,0x0005
2026-07-08T11:41:49Z,1783510909,0,1,0x0000,true,60.007187,0.000355,88,50.000000,108.744603,64.985352,69.440286,84.987755,-143.825288,75.003075,104.457478,85.002892,-71.130983,99.993515,2.071165,0.000000,0.000000,0.000000,0x0006
2026-07-08T11:41:49.033333Z,1783510909,33333,1,0x0000,true,59.985264,-0.000731,88,55.000355,144.794697,69.997215,105.443812,89.999977,-107.364215,79.988976,139.669008,90.013374,-35.258365,50.000000,37.883047,0.000000,0.000000,0.000000,0x0007
2026-07-08T11:41:49.066666Z,1783510909,66666,1,0x0000,true,59.990631,0.000179,88,60.000648,-180.000005,74.995544,141.572596,95.003296,-70.725605,84.978363,175.380461,95.017662,1.158935,54.994675,73.436486,0.000000,0.000000,0.000000,0x0008
2026-07-08T11:41:49.1Z,1783510909,100000,1,0x0000,true,60.005604,0.000499,88,64.995872,-143.252221,79.983360,177.167129,50.000000,-35.450826,89.988503,-180.000005,50.000000,38.096323,59.993145,108.698089,0.000000,0.000000,0.000000,0x0009
2026-07-08T11:41:49.133333Z,1783510909,133333,1,0x0000,true,59.985516,-0.000670,88,70.008049,-106.657324,84.983192,-180.000005,54.989101,0.586682,94.991547,-143.664478,54.987492,73.847643,64.985092,143.779526,0.000000,0.000000,0.000000,0x000A
2026-07-08T11:41:49.166666Z,1783510909,166666,1,0x0000,true,60.004593,0.000636,88,75.011971,-70.928502,89.967628,-143.885967,59.975838,36.156269,99.986816,-107.085728,59.983704,109.598848,69.977066,179.691021,0.000000,0.000000,0.000000,0x000B
2026-07-08T11:41:49.2Z,1783510909,200000,1,0x0000,true,60.006027,0.000048,88,80.002449,-35.306983,94.966873,-107.946202,64.990654,72.463526,50.000000,-71.177203,64.986534,145.649413,74.975784,-180.000005,0.000000,0.000000,0.000000,0x000C
2026-07-08T11:41:49.233333Z,1783510909,233333,1,0x0000,true,59.994144,-0.000396,88,85.005119,-0.140268,99.952919,-72.736003,69.974213,108.670878,55.006794,-35.654537,69.970337,-180.000005,79.982864,-143.347817,0.000000,0.000000,0.000000,0x000D
2026-07-08T11:41:49.266666Z,1783510909,266666,1,0x0000,true,60.002388,0.000275,88,89.999336,35.448788,50.000000,-36.522353,74.965996,143.998583,60.006817,0.060824,74.971230,-143.113159,84.993584,-108.215960,0.000000,0.000000,0.000000,0x000E
2026-07-08T11:41:49.3Z,1783510909,300000,1,0x0000,true,60.006966,0.000153,88,94.987541,70.920743,54.993587,-0.619544,79.959877,-180.000005,65.015335,35.179979,79.959068,-107.048954,89.983513,-72.482767,0.000000,0.000000,0.000000,0x000F
2026-07-08T11:41:49.333333Z,1783510909,333333,1,0x0000,true,59.986275,-0.000690,88,99.995903,106.105527,59.981171,35.005532,84.944847,-143.778078,70.002953,71.332078,84.971519,-70.638124,94.984398,-37.313603,0.000000,0.000000,0.000000,0x0000
2026-07-08T11:41:49.366666Z,1783510909,366666,1,0x0000,true,59.995731,0.000315,88,50.000000,142.435863,64.967499,70.145729,89.950035,-107.723319,75.016197,106.663157,89.983154,-35.044697,99.972771,-1.951747,0.000000,0.000000,0.000000,0x0001
2026-07-08T11:41:49.4Z,1783510909,400000,1,0x0000,true,60.011497,0.000526,88,54.993038,178.548098,69.959785,105.832299,94.961334,-71.097065,80.000366,142.598436,94.998932,1.292635,50.000000,34.885970,0.000000,0.000000,0.000000,0x0002
2026-07-08T11:41:49.433333Z,1783510909,433333,1,0x0000,true,59.993435,-0.000602,88,59.980179,-180.000005,74.965134,142.306254,99.968422,-34.610170,84.999084,178.442845,99.985161,37.585787,54.988956,71.246557,0.000000,0.000000,0.000000,0x0003
2026-07-08T11:41:49.466666Z,1783510909,466666,1,0x0000,true,60.015217,0.000726,88,64.974228,-144.903228,79.951645,178.177533,50.000000,1.279991,90.000099,-180.000005,50.000000,73.602542,59.990021,106.959294,0.000000,0.000000,0.000000,0x0004
2026-07-08T11:41:49.5Z,1783510909,500000,1,0x0000,true,60.006615,-0.000287,88,69.967300,-109.272324,84.942490,-180.000005,54.994671,36.477305,95.010963,-144.135146,54.996101,110.294366,64.973656,142.954835,0.000000,0.000000,0.000000,0x0005
2026-07-08T11:41:49.533333Z,1783510909,533333,1,0x0000,true,60.014500,0.000263,88,74.958466,-73.670680,89.938339,-144.752445,59.985943,72.581374,50.000000,-108.970532,60.011517,146.571078,69.980980,179.574498,0.000000,0.000000,0.000000,0x0006
2026-07-08T11:41:49.566666Z,1783510909,566666,1,0x0000,true,60.008194,-0.000210,88,79.961517,-37.918133,94.926598,-107.998890,64.991165,107.907324,54.999821,-73.832958,65.026123,-180.000005,74.971420,-180.000005,0.000000,0.000000,0.000000,0x0007
2026-07-08T11:41:49.6Z,1783510909,600000,1,0x0000,true,59.994186,-0.000467,88,84.970558,-1.608662,99.919319,-72.065422,69.992233,144.377017,60.001907,-38.534633,70.032043,-143.364660,79.982491,-144.121267,0.000000,0.000000,0.000000,0x0008
2026-07-08T11:41:49.633333Z,1783510909,633333,1,0x0000,true,60.012005,0.000594,88,89.971214,35.242694,50.000000,-36.369644,74.982857,179.712823,64.992706,-3.167706,75.016312,-107.647961,84.973328,-107.322721,0.000000,0.000000,0.000000,0x0009
2026-07-08T11:41:49.666666Z,1783510909,666666,1,0x0000,true,60.010338,-0.000056,88,94.974144,71.045251,55.001213,-0.763569,79.978371,-180.000005,69.989960,32.107070,80.029251,-72.246585,89.966400,-72.179786,0.000000,0.000000,0.000000,0x000A
2026-07-08T11:41:49.7Z,1783510909,700000,1,0x0000,true,59.992386,-0.000598,88,99.961937,107.503639,60.003120,35.415808,84.972633,-144.635061,74.983498,67.288469,85.021492,-36.058816,94.955399,-36.565551,0.000000,0.000000,0.000000,0x000B
2026-07-08T11:41:49.733333Z,1783510909,733333,1,0x0000,true,59.998745,0.000212,88,50.000000,143.061809,64.996338,71.655624,89.966278,-109.552860,79.992928,103.816280,90.023117,0.250072,99.954346,0.012036,0.000000,0.000000,0.000000,0x000C
2026-07-08T11:41:49.766666Z,1783510909,766666,1,0x0000,true,60.005798,0.000235,88,54.990807,178.167971,70.008743,107.524799,94.963120,-73.829222,85.006653,139.743867,95.017532,35.517622,50.000000,35.579060,0.000000,0.000000,0.000000,0x000D
2026-07-08T11:41:49.8Z,1783510909,800000,1,0x0000,true,60.015358,0.000319,88,59.985283,-180.000005,75.023621,142.697460,99.978355,-37.388667,90.022568,175.423095,50.000000,71.558451,54.985973,71.477670,0.000000,0.000000,0.000000,0x000E
2026-07-08T11:41:49.833333Z,1783510909,833333,1,0x0000,true,59.989243,-0.000871,88,64.996834,-143.859849,80.031647,178.114040,50.000000,-0.970027,95.015381,-180.000005,55.010487,108.172643,60.000713,107.562912,0.000000,0.000000,0.000000,0x000F
2026-07-08T11:41:49.866666Z,1783510909,866666,1,0x0000,true,60.007732,0.000616,88,69.995560,-108.711319,85.030350,-180.000005,55.006485,34.492199,50.000000,-143.491018,60.012402,143.487344,64.990143,142.972033,0.000000,0.000000,0.000000,0x0000
2026-07-08T11:41:49.9Z,1783510909,900000,1,0x0000,true,59.998482,-0.000308,88,74.979713,-73.539301,90.036026,-143.608115,60.005173,71.288590,55.015682,-107.927842,65.005669,-180.000005,69.987053,179.392009,0.000000,0.000000,0.000000,0x0001
2026-07-08T11:41:49.933333Z,1783510909,933333,1,0x0000,true,59.986496,-0.000400,88,79.985603,-36.774674,95.037796,-108.294753,65.011612,107.737013,60.001530,-71.999039,69.994255,-143.522260,74.993774,-180.000005,0.000000,0.000000,0.000000,0x0002
2026-07-08T11:41:49.966666Z,1783510909,966666,1,0x0000,true,59.986820,0.000011,88,84.974815,-1.112878,50.000000,-72.298980,70.022774,143.890284,65.001419,-35.957101,75.008377,-107.745346,79.984520,-143.205598,0.000000,0.000000,0.000000,0x0003
2026-07-08T11:41:50Z,1783510910,0,1,0x0000,true,59.995296,0.000283,88,89.975555,34.781246,54.992538,-37.036561,75.029945,-180.000005,69.992157,0.252526,80.022888,-71.129993,84.970688,-107.238908,0.000000,0.000000,0.000000,0x0004
2026-07-08T11:41:50.033333Z,1783510910,33333,1,0x0000,true,59.991402,-0.000130,88,94.963615,70.217418,59.987209,-0.495461,80.044540,-144.140911,74.988510,36.926636,85.038567,-34.380228,89.968704,-70.396820,0.000000,0.000000,0.000000,0x0005
2026-07-08T11:41:50.066666Z,1783510910,66666,1,0x0000,true,59.996456,0.000168,88,99.971146,105.694623,64.971481,35.959027,85.050903,-107.568397,79.985985,73.185279,90.036369,1.014851,94.974525,-33.518009,0.000000,0.000000,0.000000,0x0006
2026-07-08T11:41:50.1Z,1783510910,100000,1,0x0000,true,60.001652,0.000173,88,50.000000,141.687480,69.959915,72.862313,90.047989,-72.358901,84.986610,108.364639,95.044334,37.296637,99.958611,2.599817,0.000000,0.000000,0.000000,0x0007
2026-07-08T11:41:50.133333Z,1783510910,133333,1,0x0000,true,59.993156,-0.000283,88,54.999210,177.511835,74.970818,108.629610,95.046371,-37.126091,90.000458,144.588657,50.000000,73.977683,50.000000,38.026952,0.000000,0.000000,0.000000,0x0008
2026-07-08T11:41:50.166666Z,1783510910,166666,1,0x0000,true,60.012157,0.000633,88,60.004848,-180.000005,79.964249,144.221753,50.000000,-0.389675,95.010086,-180.000005,55.004753,110.126808,55.003674,74.504400,0.000000,0.000000,0.000000,0x0009
2026-07-08T11:41:50.2Z,1783510910,200000,1,0x0000,true,59.993210,-0.000632,88,65.011192,-143.259502,84.954941,179.464245,54.994667,36.350414,50.000000,-144.210743,59.995735,146.342144,60.019276,110.021008,0.000000,0.000000,0.000000,0x000A
2026-07-08T11:41:50.233333Z,1783510910,233333,1,0x0000,true,59.989597,-0.000120,88,70.002167,-107.314375,89.947319,-180.000005,59.979450,72.674162,55.006264,-107.723674,64.987526,-180.000005,65.030899,146.709690,0.000000,0.000000,0.000000,0x000B
2026-07-08T11:41:50.266666Z,1783510910,266666,1,0x0000,true,60.013752,0.000805,88,74.997520,-71.994251,94.933678,-144.467367,64.981529,108.282746,60.005268,-72.064732,69.992470,-144.010878,70.033188,-180.000005,0.000000,0.000000,0.000000,0x000C
2026-07-08T11:41:50.3Z,1783510910,300000,1,0x0000,true,59.989265,-0.000816,88,79.993057,-35.999233,99.940430,-108.341902,69.971962,143.409999,64.998207,-35.696160,74.993111,-108.901110,75.038589,-144.375746,0.000000,0.000000,0.000000,0x000D
2026-07-08T11:41:50.333333Z,1783510910,333333,1,0x0000,true,59.992771,0.000117,88,84.994156,0.784279,50.000000,-72.511194,74.986969,178.586620,70.008675,0.980804,79.998779,-72.670324,80.037033,-107.863440,0.000000,0.000000,0.000000,0x000E
2026-07-08T11:41:50.366666Z,1783510910,366666,1,0x0000,true,59.987148,-0.000187,88,89.983109,36.391053,55.011780,-37.421418,79.987144,-180.000005,75.013069,36.974249,85.008759,-36.597670,85.049217,-72.247221,0.000000,0.000000,0.000000,0x000F
2026-07-08T11:41:50.4Z,1783510910,400000,1,0x0000,true,60.008202,0.000702,88,94.990715,73.309616,60.015747,-0.502333,84.976120,-143.104061,80.010185,72.480069,90.015404,-0.163467,90.041054,-35.519839,0.000000,0.000000,0.000000,0x0000
2026-07-08T11:41:50.433333Z,1783510910,433333,1,0x0000,true,59.994183,-0.000467,88,99.984535,109.201351,65.001541,34.680934,89.962349,-107.157363,84.998581,108.940329,95.004814,35.740041,95.048462,0.742304,0.000000,0.000000,0.000000,0x0001
2026-07-08T11:41:50.466666Z,1783510910,466666,1,0x0000,true,60.004200,0.000334,88,50.000000,145.486923,69.998123,70.522250,94.951561,-71.879729,89.984764,145.667240,50.000000,71.778478,50.000000,36.235885,0.000000,0.000000,0.000000,0x0002
2026-07-08T11:41:50.5Z,1783510910,500000,1,0x0000,true,60.002911,-0.000043,88,54.993629,-180.000005,75.010017,106.224495,99.957108,-35.348015,94.981728,-180.000005,54.985828,108.327217,55.013237,72.900959,0.000000,0.000000,0.000000,0x0003
2026-07-08T11:41:50.533333Z,1783510910,533333,1,0x0000,true,60.016407,0.000450,88,60.003311,-143.375902,80.012032,143.164617,50.000000,0.516791,99.981613,-143.823717,59.998344,144.181701,60.021763,109.507747,0.000000,0.000000,0.000000,0x0004
2026-07-08T11:41:50.566666Z,1783510910,566666,1,0x0000,true,59.995529,-0.000696,88,64.996193,-106.891163,85.008430,179.328433,54.999752,36.265374,50.000000,-107.764232,65.005135,179.713875,65.007172,145.988696,0.000000,0.000000,0.000000,0x0005
2026-07-08T11:41:50.6Z,1783510910,600000,1,0x0000,true,60.002430,0.000230,88,70.010429,-71.505237,90.014587,-180.000005,60.006138,72.045197,54.998756,-71.810717,69.989754,-180.000005,69.995720,-180.000005,0.000000,0.000000,0.000000,0x0006
2026-07-08T11:41:50.633333Z,1783510910,633333,1,0x0000,true,59.995735,-0.000223,88,75.012466,-34.699868,95.024132,-144.789164,65.016258,107.843380,59.985767,-35.116499,74.983200,-144.617576,74.999168,-143.412854,0.000000,0.000000,0.000000,0x0007
2026-07-08T11:41:50.666666Z,1783510910,666666,1,0x0000,true,60.016560,0.000694,88,80.021126,0.375804,50.000000,-109.174174,70.023773,144.334943,64.993652,-0.008712,79.985542,-108.051824,80.007530,-108.276387,0.000000,0.000000,0.000000,0x0008
2026-07-08T11:41:50.7Z,1783510910,700000,1,0x0000,true,59.986927,-0.000988,88,85.009857,36.442454,55.003204,-74.097628,75.007584,-180.000005,69.979759,36.382710,84.993813,-72.648003,85.016678,-71.404225,0.000000,0.000000,0.000000,0x0009
2026-07-08T11:41:50.733333Z,1783510910,733333,1,0x0000,true,60.014610,0.000923,88,90.009499,72.547688,59.989235,-37.577976,79.993538,-143.120153,74.982544,72.163524,89.978416,-37.222963,90.032600,-35.405826,0.000000,0.000000,0.000000,0x000A
2026-07-08T11:41:50.766666Z,1783510910,766666,1,0x0000,true,59.992638,-0.000732,88,95.005493,109.441125,64.985779,-2.067432,84.999344,-106.450704,79.974632,108.487276,94.982323,-1.269154,95.038551,0.753500,0.000000,0.000000,0.000000,0x000B
2026-07-08T11:41:50.8Z,1783510910,800000,1,0x0000,true,59.998016,0.000179,88,50.000000,146.199803,69.970642,33.969143,89.984764,-69.728104,84.977409,143.611093,99.977844,34.821104,50.000000,36.701072,0.000000,0.000000,0.000000,0x000C
2026-07-08T11:41:50.833333Z,1783510910,833333,1,0x0000,true,59.999935,0.000064,88,54.991554,-180.000005,74.960030,69.023829,94.996460,-33.720381,89.962585,178.886220,50.000000,71.501740,55.015156,73.083748,0.000000,0.000000,0.000000,0x000D
2026-07-08T11:41:50.866666Z,1783510910,866666,1,0x0000,true,60.002193,0.000075,88,59.975918,-144.830733,79.954430,104.296681,99.993317,2.974302,94.954285,-180.000005,55.003895,108.304425,60.025650,109.780879,0.000000,0.000000,0.000000,0x000E
2026-07-08T11:41:50.9Z,1783510910,900000,1,0x0000,true,60.016289,0.000470,88,64.967583,-109.180362,84.965141,140.303123,50.000000,38.950434,99.966927,-144.416195,59.995819,144.348808,65.022835,145.539843,0.000000,0.000000,0.000000,0x000F
2026-07-08T11:41:50.933333Z,1783510910,933333,1,0x0000,true,59.998173,-0.000604,88,69.983910,-74.127886,89.973267,175.681358,54.998055,75.775915,50.000000,-109.337026,64.982529,-180.000005,70.011040,-180.000005,0.000000,0.000000,0.000000,0x0000
2026-07-08T11:41:50.966666Z,1783510910,966666,1,0x0000,true,59.996864,-0.000044,88,74.994774,-37.506935,94.988403,-180.000005,59.993210,111.444706,54.992096,-73.453159,69.993538,-143.481224,75.010490,-143.808103,0.000000,0.000000,0.000000,0x0001
2026-07-08T11:41:51Z,1783510911,0,1,0x0000,true,60.004417,0.000252,88,79.987343,-2.399498,99.987289,-144.686821,64.991760,146.877549,59.983974,-37.290743,74.994530,-108.031121,80.000099,-106.904229,0.000000,0.000000,0.000000,0x0002
2026-07-08T11:41:51.033333Z,1783510911,33333,1,0x0000,true,60.008526,0.000137,88,84.992249,32.682001,50.000000,-108.838566,69.975952,-180.000005,64.983963,-1.168254,80.000885,-72.488989,84.999367,-71.432092,0.000000,0.000000,0.000000,0x0003
2026-07-08T11:41:51.066666Z,1783510911,66666,1,0x0000,true,59.993977,-0.000485,88,89.990776,68.020720,54.986717,-73.170942,74.971748,-143.439901,69.972786,35.223982,85.017159,-36.840073,90.003693,-34.829850,0.000000,0.000000,0.000000,0x0004
2026-07-08T11:41:51.1Z,1783510911,100000,1,0x0000,true,59.988289,-0.000190,88,95.000992,103.652205,59.988049,-37.604501,79.967506,-106.688040,74.963394,70.343428,90.011383,-1.195763,94.987068,1.922071,0.000000,0.000000,0.000000,0x0005
2026-07-08T11:41:51.133333Z,1783510911,133333,1,0x0000,true,59.992142,0.000128,88,50.000000,139.258459,64.996445,-2.159937,84.953629,-69.737365,79.957031,106.755426,95.010460,35.335369,99.974434,38.593325,0.000000,0.000000,0.000000,0x0006
2026-07-08T11:41:51.166666Z,1783510911,166666,1,0x0000,true,59.986347,-0.000193,88,54.985619,175.181498,69.999023,34.298980,89.938171,-34.126279,84.942520,143.016457,50.000000,70.853083,50.000000,74.447464,0.000000,0.000000,0.000000,0x0007
2026-07-08T11:41:51.2Z,1783510911,200000,1,0x0000,true,59.988663,0.000077,88,59.996738,-180.000005,74.994995,69.652206,94.951233,1.069928,89.927567,178.101977,54.999538,106.598168,54.990093,111.119589,0.000000,0.000000,0.000000,0x0008
2026-07-08T11:41:51.233333Z,1783510911,233333,1,0x0000,true,60.003307,0.000488,88,65.006180,-143.365944,80.003189,106.365600,99.942383,36.809303,94.927856,-180.000005,60.012947,142.794913,59.979107,146.211237,0.000000,0.000000,0.000000,0x0009
2026-07-08T11:41:51.266666Z,1783510911,266666,1,0x0000,true,59.997662,-0.000188,88,70.007805,-106.554277,85.015923,143.269584,50.000000,73.222524,99.937668,-143.942685,65.017578,178.201302,64.993538,-180.000005,0.000000,0.000000,0.000000,0x000A
2026-07-08T11:41:51.3Z,1783510911,300000,1,0x0000,true,59.983532,-0.000471,88,74.998604,-71.205125,90.019653,178.973701,55.009167,109.008064,50.000000,-108.711736,70.008553,-180.000005,69.991554,-143.581423,0.000000,0.000000,0.000000,0x000B
2026-07-08T11:41:51.333333Z,1783510911,333333,1,0x0000,true,59.984383,0.000028,88,80.009743,-34.989553,95.003052,-180.000005,59.994457,144.996788,55.001400,-71.956084,74.997391,-144.197970,75.007828,-107.308617,0.000000,0.000000,0.000000,0x000C
2026-07-08T11:41:51.366666Z,1783510911,366666,1,0x0000,true,59.990784,0.000213,88,85.005707,1.171463,99.998451,-143.167937,65.002098,-180.000005,59.996315,-36.555992,79.995750,-107.732464,80.018417,-71.134719,0.000000,0.000000,0.000000,0x000D
2026-07-08T11:41:51.4Z,1783510911,400000,1,0x0000,true,60.002800,0.000401,88,89.994171,36.830463,50.000000,-106.574440,69.987312,-144.698063,64.998787,-0.794818,85.002075,-71.036556,85.024200,-34.797095,0.000000,0.000000,0.000000,0x000E
2026-07-08T11:41:51.933333Z,1783510911,933333,1,0x0000,true,60.007858,0.000543,88,64.996567,-180.000005,74.982765,104.839381,94.989693,36.090696,95.016350,179.723505,59.999813,106.591987,64.985207,142.772646,0.000000,0.000000,0.000000,0x000E
2026-07-08T11:41:51.966666Z,1783510911,966666,1,0x0000,true,59.986874,-0.000699,88,69.993050,-143.942152,79.979843,140.879332,99.991707,72.965716,50.000000,-180.000005,65.003395,142.851385,69.977325,178.307607,0.000000,0.000000,0.000000,0x000F
2026-07-08T11:41:52Z,1783510912,0,1,0x0000,true,59.983601,-0.000109,88,74.983032,-108.686492,84.994949,177.372923,50.000000,108.995824,54.988701,-144.180020,69.995827,179.690324,74.974815,-180.000005,0.000000,0.000000,0.000000,0x0000
2026-07-08T11:41:52.033333Z,1783510912,33333,1,0x0000,true,59.987053,0.000115,88,79.968376,-72.998002,90.005623,-180.000005,55.004723,145.624360,59.987446,-108.505574,75.007988,-180.000005,79.962837,-143.711756,0.000000,0.000000,0.000000,0x0001
2026-07-08T11:41:52.066666Z,1783510912,66666,1,0x0000,true,59.993652,0.000220,88,84.979172,-36.619171,95.010986,-143.703178,60.008129,-180.000005,64.990067,-73.011936,80.006859,-143.918315,84.959068,-106.801995,0.000000,0.000000,0.000000,0x0002
2026-07-08T11:41:52.1Z,1783510912,100000,1,0x0000,true,60.010780,0.000571,88,89.965965,-0.533927,50.000000,-106.794406,64.993713,-144.762472,69.994171,-37.875762,85.014374,-107.805329,89.968872,-71.048454,0.000000,0.000000,0.000000,0x0003
2026-07-08T11:41:52.133333Z,1783510912,133333,1,0x0000,true,59.994976,-0.000527,88,94.960419,35.372730,55.013420,-71.004263,69.981667,-108.668426,75.010178,-2.248530,90.003052,-71.691933,94.972359,-34.428204,0.000000,0.000000,0.000000,0x0004
2026-07-08T11:41:52.166666Z,1783510912,166666,1,0x0000,true,60.015221,0.000675,88,99.975868,72.002017,60.023087,-34.659296,74.993301,-71.994435,80.017677,34.181245,95.005447,-34.921654,99.974205,1.330114,0.000000,0.000000,0.000000,0x0005
2026-07-08T11:41:52.2Z,1783510912,200000,1,0x0000,true,59.988438,-0.000893,88,50.000000,107.348895,65.008430,0.390554,79.986038,-36.060325,85.011948,70.302686,50.000000,0.772549,50.000000,38.233463,0.000000,0.000000,0.000000,0x0006
2026-07-08T11:41:52.233333Z,1783510912,233333,1,0x0000,true,60.011570,0.000771,88,55.014614,143.062274,69.994392,36.780285,84.995628,0.844071,90.017311,106.681052,54.992832,37.612715,55.006592,74.898768,0.000000,0.000000,0.000000,0x0007
2026-07-08T11:41:52.266666Z,1783510912,266666,1,0x0000,true,59.993935,-0.000588,88,60.025623,178.968059,75.006203,72.634369,89.983994,37.486182,95.006020,142.861589,60.006676,72.760489,60.021648,111.797452,0.000000,0.000000,0.000000,0x0008
2026-07-08T11:41:52.3Z,1783510912,300000,1,0x0000,true,60.001205,0.000242,88,65.040237,-180.000005,79.993355,109.294256,94.967514,72.958783,50.000000,179.174495,65.012032,108.396523,65.010071,148.048872,0.000000,0.000000,0.000000,0x0009
2026-07-08T11:41:52.333333Z,1783510912,333333,1,0x0000,true,59.996067,-0.000171,88,70.030098,-144.178736,85.002647,145.162147,99.961586,108.274474,55.003189,-180.000005,70.026863,143.583923,70.025970,-180.000005,0.000000,0.000000,0.000000,0x000A
2026-07-08T11:41:52.366666Z,1783510912,366666,1,0x0000,true,59.993393,-0.000089,88,75.033592,-108.820787,90.005264,-180.000005,50.000000,144.325394,60.008358,-144.560216,75.041298,179.650573,75.013092,-143.918083,0.000000,0.000000,0.000000,0x000B
2026-07-08T11:41:52.4Z,1783510912,400000,1,0x0000,true,59.999161,0.000192,88,80.042099,-73.592700,95.015213,-143.929626,54.990761,-180.000005,65.022194,-109.273143,80.025635,-180.000005,80.005394,-108.158136,0.000000,0.000000,0.000000,0x000C
2026-07-08T11:41:52.433333Z,1783510912,433333,1,0x0000,true,59.987919,-0.000375,88,85.027328,-37.096598,50.000000,-107.711721,59.975845,-143.926538,70.033958,-73.149837,85.010674,-144.060998,85.017570,-72.356804,0.000000,0.000000,0.000000,0x000D
2026-07-08T11:41:52.466666Z,1783510912,466666,1,0x0000,true,60.013908,0.000866,88,90.040985,-1.846884,55.015320,-71.506350,64.990158,-108.837056,75.033821,-37.114077,90.011253,-107.773090,90.013069,-35.643820,0.000000,0.000000,0.000000,0x000E
2026-07-08T11:41:52.5Z,1783510912,500000,1,0x0000,true,59.986542,-0.000912,88,95.024719,34.621416,60.028656,-35.214772,69.986961,-72.568561,80.030655,-1.396326,95.004639,-72.645250,95.018356,1.237495,0.000000,0.000000,0.000000,0x000F
2026-07-08T11:41:52.533333Z,1783510912,533333,1,0x0000,true,60.015873,0.000978,88,50.000000,71.174464,65.026566,0.569717,74.989861,-37.231361,85.031311,33.731046,50.000000,-36.375648,50.000000,37.724972,0.000000,0.000000,0.000000,0x0000
2026-07-08T11:41:52.566666Z,1783510912,566666,1,0x0000,true,60.014538,-0.000045,88,54.996922,107.712650,70.019859,36.368544,80.005577,-0.787541,90.022057,69.147633,54.989029,-0.556130,54.989456,74.649651,0.000000,0.000000,0.000000,0x0001
2026-07-08T11:41:52.6Z,1783510912,600000,1,0x0000,true,59.998440,-0.000537,88,59.988407,144.000086,75.018684,72.079184,85.020599,34.613018,95.020401,106.018285,59.986042,34.559002,60.005436,111.246474,0.000000,0.000000,0.000000,0x0002
2026-07-08T11:41:52.633333Z,1783510912,633333,1,0x0000,true,60.000378,0.000065,88,64.979759,-180.000005,80.009094,108.125672,90.036530,70.624067,50.000000,142.734998,64.982018,70.305897,65.006096,146.977461,0.000000,0.000000,0.000000,0x0003
2026-07-08T11:41:52.666666Z,1783510912,666666,1,0x0000,true,59.984879,-0.000517,88,69.991997,-144.199951,85.006714,144.621947,95.023720,106.758275,54.997597,178.406522,69.975250,106.528343,70.015228,-180.000005,0.000000,0.000000,0.000000,0x0004
2026-07-08T11:41:52.7Z,1783510912,700000,1,0x0000,true,59.990517,0.000188,88,74.993851,-108.925057,90.002190,-180.000005,50.000000,141.986300,59.990700,-180.000005,74.964012,142.938770,75.024078,-143.784894,0.000000,0.000000,0.000000,0x0005
2026-07-08T11:41:52.733333Z,1783510912,733333,1,0x0000,true,59.995392,0.000163,88,79.978867,-72.191493,94.987442,-143.148703,54.992172,177.463327,64.989716,-144.573098,79.967072,178.505327,80.019547,-108.604714,0.000000,0.000000,0.000000,0x0006
2026-07-08T11:41:52.766666Z,1783510912,766666,1,0x0000,true,60.012936,0.000585,88,84.985695,-36.807138,99.980774,-106.825825,60.001495,-180.000005,69.987648,-108.059275,84.967545,-180.000005,85.010445,-72.028231,0.000000,0.000000,0.000000,0x0007
2026-07-08T11:41:52.8Z,1783510912,800000,1,0x0000,true,60.014378,0.000048,88,89.983459,-1.422784,50.000000,-70.280584,64.986282,-143.408428,74.988625,-71.297333,89.982803,-143.960812,90.006668,-36.394472,0.000000,0.000000,0.000000,0x0008
2026-07-08T11:41:52.833333Z,1783510912,833333,1,0x0000,true,59.993214,-0.000705,88,94.985298,35.023950,55.015247,-33.751899,69.971107,-106.501815,79.996819,-34.413512,94.985489,-107.308849,95.005157,0.010705,0.000000,0.000000,0.000000,0x0009
2026-07-08T11:41:52.866666Z,1783510912,866666,1,0x0000,true,60.000046,0.000228,88,99.969536,70.498180,60.013313,3.055277,74.984245,-69.916945,85.009789,2.132717,99.980576,-71.691995,50.000000,35.476952,0.000000,0.000000,0.000000,0x000A
2026-07-08T11:41:52.9Z,1783510912,900000,1,0x0000,true,59.983635,-0.000547,88,50.000000,106.077325,65.008621,38.346082,79.977325,-34.117652,90.018974,38.442244,50.000000,-36.417042,55.014774,71.789981,0.000000,0.000000,0.000000,0x000B
2026-07-08T11:41:52.933333Z,1783510912,933333,1,0x0000,true,59.985126,0.000050,88,55.007576,143.000720,70.007469,74.000592,84.967499,2.202427,95.003441,75.067392,55.010368,-1.096394,60.020264,108.596921,0.000000,0.000000,0.000000,0x000C
2026-07-08T11:41:52.966666Z,1783510912,966666,1,0x0000,true,60.000618,0.000516,88,60.002930,179.180382,74.996216,110.876428,89.972336,37.487869,99.995781,111.934253,60.007717,34.645779,65.013840,144.072144,0.000000,0.000000,0.000000,0x000D
2026-07-08T11:41:53Z,1783510913,0,1,0x0000,true,59.996597,-0.000134,88,64.991348,-180.000005,80.008881,146.037490,94.965515,73.768195,50.000000,147.699917,65.013878,71.014235,70.006683,-180.000005,0.000000,0.000000,0.000000,0x000E
2026-07-08T11:41:53.033333Z,1783510913,33333,1,0x0000,true,59.992226,-0.000146,88,69.982933,-144.838710,85.016273,-180.000005,99.955696,110.286621,54.987274,-180.000005,70.024673,106.116776,75.010811,-143.941742,0.000000,0.000000,0.000000,0x000F
2026-07-08T11:41:53.066666Z,1783510913,66666,1,0x0000,true,60.002945,0.000357,88,74.987251,-108.825623,90.014214,-144.810857,50.000000,146.833262,60.002277,-143.456744,75.016640,142.185236,80.000938,-108.123623,0.000000,0.000000,0.000000,0x0000
2026-07-08T11:41:53.1Z,1783510913,100000,1,0x0000,true,59.987297,-0.000522,88,80.003082,-72.612848,95.030548,-108.885435,54.993813,-180.000005,64.985779,-107.679134,80.027588,177.709296,85.008171,-71.922445,0.000000,0.000000,0.000000,0x0001
2026-07-08T11:41:53.133333Z,1783510913,133333,1,0x0000,true,60.008949,0.000722,88,85.000557,-36.945456,50.000000,-73.760688,60.004200,-144.852357,69.991592,-72.128840,85.016235,-180.000005,90.009369,-35.112821,0.000000,0.000000,0.000000,0x0002
2026-07-08T11:41:53.166666Z,1783510913,166666,1,0x0000,true,59.990417,-0.000618,88,89.996208,-1.555506,54.995022,-38.347831,65.008286,-108.033935,74.986008,-36.461158,90.023499,-143.122598,95.022118,1.790527,0.000000,0.000000,0.000000,0x0003
2026-07-08T11:41:53.2Z,1783510913,200000,1,0x0000,true,59.989178,-0.000041,88,94.985878,35.364920,59.994808,-2.130802,70.019531,-72.479153,79.990005,-0.832993,95.023842,-107.835464,50.000000,37.189571,0.000000,0.000000,0.000000,0x0004
2026-07-08T11:41:53.233333Z,1783510913,233333,1,0x0000,true,59.995014,0.000195,88,99.975327,71.954861,65.002457,34.514688,75.023560,-36.880307,84.996758,34.758044,50.000000,-71.770446,54.991123,73.639220,0.000000,0.000000,0.000000,0x0005
2026-07-08T11:41:53.266666Z,1783510913,266666,1,0x0000,true,60.011833,0.000561,88,50.000000,107.912460,70.010010,70.606985,80.031700,-0.733687,89.983757,69.885355,54.992302,-36.448867,59.990070,109.276012,0.000000,0.000000,0.000000,0x0006
2026-07-08T11:41:53.3Z,1783510913,300000,1,0x0000,true,60.002670,-0.000305,88,55.016411,144.521748,75.008377,106.097304,85.025368,36.102225,94.987015,105.188690,59.976604,-1.116679,65.003738,144.637575,0.000000,0.000000,0.000000,0x0007
2026-07-08T11:41:53.333333Z,1783510913,333333,1,0x0000,true,60.016392,0.000457,88,60.030910,179.847528,80.024017,142.603845,90.014626,71.667734,99.979889,142.076773,64.974190,34.057321,70.020157,-180.000005,0.000000,0.000000,0.000000,0x0008
2026-07-08T11:41:53.366666Z,1783510913,366666,1,0x0000,true,60.006142,-0.000342,88,65.021469,-180.000005,85.029152,178.064903,95.025940,106.913190,50.000000,178.658324,69.988533,69.885526,75.009140,-144.027489,0.000000,0.000000,0.000000,0x0009
2026-07-08T11:41:53.4Z,1783510913,400000,1,0x0000,true,60.001244,-0.000163,88,70.016670,-143.218945,90.043510,-180.000005,50.000000,143.663481,54.990223,-180.000005,74.995453,105.575825,80.013908,-107.671505,0.000000,0.000000,0.000000,0x000A
2026-07-08T11:41:53.433333Z,1783510913,433333,1,0x0000,true,59.995960,-0.000176,88,75.032272,-107.322605,95.028160,-143.675502,55.002392,-180.000005,59.975281,-143.181583,79.998077,141.621377,85.006935,-71.071943,0.000000,0.000000,0.000000,0x000B
2026-07-08T11:41:53.466666Z,1783510913,466666,1,0x0000,true,60.013294,0.000578,88,80.047729,-70.703577,50.000000,-107.485519,59.987793,-144.067418,64.963867,-108.021341,85.009933,176.886887,90.004539,-34.833873,0.000000,0.000000,0.000000,0x000C
2026-07-08T11:41:53.5Z,1783510913,500000,1,0x0000,true,59.998005,-0.000510,88,85.037132,-34.841570,55.005543,-71.031905,64.988571,-107.900863,69.959534,-71.289123,90.023506,-180.000005,95.007370,0.455709,0.000000,0.000000,0.000000,0x000D
2026-07-08T11:41:53.533333Z,1783510913,533333,1,0x0000,true,60.006496,0.000283,88,90.053459,1.062346,60.006992,-34.185503,70.001724,-71.886785,74.943268,-34.838951,95.025284,-143.943614,50.000000,37.036151,0.000000,0.000000,0.000000,0x000E
2026-07-08T11:41:53.566666Z,1783510913,566666,1,0x0000,true,59.988220,-0.000609,88,95.062393,37.674497,65.017540,2.694996,75.013512,-35.834297,79.958580,0.735125,50.000000,-108.352400,54.985294,72.769525,0.000000,0.000000,0.000000,0x000F
2026-07-08T11:41:53.6Z,1783510913,600000,1,0x0000,true,60.012802,0.000819,88,50.000000,74.548291,70.016304,38.732097,80.002617,0.391533,84.973183,37.483491,54.988419,-71.551696,59.992924,108.200278,0.000000,0.000000,0.000000,0x0000
2026-07-08T11:41:53.633333Z,1783510913,633333,1,0x0000,true,60.006279,-0.000217,88,55.003738,110.297979,75.032394,75.430745,84.999641,36.566712,89.986877,74.322259,59.994381,-36.239150,65.001289,143.871692,0.000000,0.000000,0.000000,0x0001
2026-07-08T11:41:53.666666Z,1783510913,666666,1,0x0000,true,60.009468,0.000106,88,60.016109,146.140695,80.026802,112.216586,90.007980,72.315065,94.970879,109.980731,65.005257,-1.096624,70.009987,179.233139,0.000000,0.000000,0.000000,0x0002
2026-07-08T11:41:53.7Z,1783510913,700000,1,0x0000,true,60.015369,0.000197,88,65.020226,-180.000005,85.016319,147.580130,95.013359,108.759465,99.979019,146.670348,69.991135,34.278346,75.021233,-180.000005,0.000000,0.000000,0.000000,0x0003
2026-07-08T11:41:53.733333Z,1783510913,733333,1,0x0000,true,60.000580,-0.000493,88,70.021706,-144.086529,90.014992,-180.000005,50.000000,144.295942,50.000000,-180.000005,74.979088,69.407406,80.025192,-144.575543,0.000000,0.000000,0.000000,0x0004
2026-07-08T11:41:53.766666Z,1783510913,766666,1,0x0000,true,60.008877,0.000277,88,75.037460,-108.824578,95.013290,-143.362269,54.983536,-180.000005,54.998573,-144.505493,79.980843,105.459897,85.031143,-107.754731,0.000000,0.000000,0.000000,0x0005
2026-07-08T11:41:53.8Z,1783510913,800000,1,0x0000,true,59.986736,-0.000738,88,80.050003,-73.740280,50.000000,-107.399773,59.976963,-143.073803,59.988167,-109.003692,84.977013,141.855926,90.047089,-71.948851,0.000000,0.000000,0.000000,0x0006
2026-07-08T11:41:53.833333Z,1783510913,833333,1,0x0000,true,59.993294,0.000219,88,85.053711,-38.338846,55.008759,-70.832791,64.990143,-107.969629,64.995827,-72.773138,89.979553,177.956672,95.043983,-36.799854,0.000000,0.000000,0.000000,0x0007
2026-07-08T11:41:53.866666Z,1783510913,866666,1,0x0000,true,60.004650,0.000379,88,90.038857,-2.006119,60.012054,-34.565460,69.975670,-71.670240,69.986816,-37.498654,94.969101,-180.000005,50.000000,-0.528036,0.000000,0.000000,0.000000,0x0008
2026-07-08T11:41:53.9Z,1783510913,900000,1,0x0000,true,59.991814,-0.000428,88,95.037910,33.701957,65.014656,2.183488,74.981918,-36.024416,74.977440,-2.117738,99.976364,-144.794478,55.010330,35.007339,0.000000,0.000000,0.000000,0x0009
2026-07-08T11:41:53.933333Z,1783510913,933333,1,0x0000,true,60.006836,0.000501,88,50.000000,70.446243,70.007896,39.098550,79.976707,-0.696773,79.965874,33.019484,50.000000,-108.745491,60.025349,71.461298,0.000000,0.000000,0.000000,0x000A
2026-07-08T11:41:53.966666Z,1783510913,966666,1,0x0000,true,59.994617,-0.000407,88,55.009106,106.035825,74.998520,75.397120,84.966270,36.045415,84.980370,69.492039,55.008053,-73.498634,65.026825,107.314915,0.000000,0.000000,0.000000,0x000B
2026-07-08T11:41:54Z,1783510914,0,1,0x0000,true,59.983368,-0.000375,88,59.993279,142.806510,79.990135,111.181375,89.969917,71.190741,89.991058,105.377067,60.013569,-37.159439,70.018822,142.547728,0.000000,0.000000,0.000000,0x000C
2026-07-08T11:41:54.033333Z,1783510914,33333,1,0x0000,true,60.008522,0.000838,88,64.977158,178.556144,85.003792,147.394321,94.975746,106.341777,94.990112,140.876244,65.007751,-1.897078,75.017693,177.865639,0.000000,0.000000,0.000000,0x000D
2026-07-08T11:41:54.066666Z,1783510914,66666,1,0x0000,true,59.998287,-0.000341,88,69.992355,-180.000005,90.002052,-180.000005,99.972023,142.993507,50.000000,177.176159,69.992004,33.464604,80.008453,-180.000005,0.000000,0.000000,0.000000,0x000E
2026-07-08T11:41:54.1Z,1783510914,100000,1,0x0000,true,60.010044,0.000392,88,75.004723,-144.048116,95.012085,-143.698984,50.000000,179.540907,55.008789,-180.000005,75.007332,69.074523,85.007706,-144.950917,0.000000,0.000000,0.000000,0x000F
2026-07-08T11:41:54.133333Z,1783510914,133333,1,0x0000,true,59.985756,-0.000810,88,79.989304,-107.721625,50.000000,-106.894667,55.010963,-180.000005,60.002487,-143.805357,80.006195,105.759940,90.012291,-109.540040,0.000000,0.000000,0.000000,0x0000
2026-07-08T11:41:54.166666Z,1783510914,166666,1,0x0000,true,59.993980,0.000274,88,84.994637,-72.434320,55.009289,-70.037074,60.017948,-144.637274,64.999855,-107.306575,85.022575,141.491740,95.000465,-73.699305,0.000000,0.000000,0.000000,0x0001
2026-07-08T11:41:54.2Z,1783510914,200000,1,0x0000,true,59.987339,-0.000221,88,89.983116,-36.553834,60.008251,-34.038442,65.009117,-108.748981,69.996368,-70.599827,90.031631,177.657482,50.000000,-37.325720,0.000000,0.000000,0.000000,0x0002
2026-07-08T11:41:54.233333Z,1783510914,233333,1,0x0000,true,60.014065,0.000891,88,94.995140,-0.693865,65.004066,1.137773,70.007378,-73.318290,75.010948,-35.132765,95.046700,-180.000005,55.009953,-1.109099,0.000000,0.000000,0.000000,0x0003
2026-07-08T11:41:54.266666Z,1783510914,266666,1,0x0000,true,60.008083,-0.000199,88,50.000000,34.800241,69.992653,37.897212,75.007942,-37.210782,79.994385,1.245075,50.000000,-144.120284,60.007072,34.251998,0.000000,0.000000,0.000000,0x0004
2026-07-08T11:41:54.3Z,1783510914,300000,1,0x0000,true,60.011936,0.000128,88,54.996052,70.324481,74.979042,73.506728,80.017509,-0.905799,84.995590,36.891774,55.002476,-108.984520,64.999146,69.399360,0.000000,0.000000,0.000000,0x0005
2026-07-08T11:41:54.333333Z,1783510914,333333,1,0x0000,true,59.987778,-0.000805,88,60.011158,106.335588,79.987137,109.737453,85.030777,35.665492,89.978989,73.583076,60.012886,-73.819790,69.996872,104.808952,0.000000,0.000000,0.000000,0x0006
2026-07-08T11:41:54.366666Z,1783510914,366666,1,0x0000,true,60.004795,0.000567,88,65.017487,141.834889,84.981522,145.097916,90.042114,71.145258,94.979256,110.151164,65.018173,-38.730653,74.986214,140.186901,0.000000,0.000000,0.000000,0x0007
2026-07-08T11:41:54.4Z,1783510914,400000,1,0x0000,true,59.987400,-0.000580,88,70.028648,177.063912,89.978477,-180.000005,95.046783,106.448013,99.993774,145.872295,70.005135,-1.965501,79.989441,175.369355,0.000000,0.000000,0.000000,0x0008
2026-07-08T11:41:54.433333Z,1783510914,433333,1,0x0000,true,59.996525,0.000304,88,75.030167,-180.000005,94.968567,-144.526065,50.000000,142.665740,50.000000,-180.000005,75.007378,33.244170,84.986984,-180.000005,0.000000,0.000000,0.000000,0x0009
2026-07-08T11:41:54.466666Z,1783510914,466666,1,0x0000,true,60.008301,0.000393,88,80.037582,-144.757745,99.954430,-108.104396,55.012589,178.269781,54.996956,-144.147154,80.005905,68.560332,89.976738,-143.380738,0.000000,0.000000,0.000000,0x000A
2026-07-08T11:41:54.5Z,1783510914,500000,1,0x0000,true,60.004471,-0.000128,88,85.037720,-109.360454,50.000000,-71.616104,60.007706,-180.000005,59.990387,-108.000010,85.021690,104.899001,94.984673,-106.457979,0.000000,0.000000,0.000000,0x000B
2026-07-08T11:41:54.533333Z,1783510914,533333,1,0x0000,true,59.989265,-0.000507,88,90.021645,-72.648692,55.008064,-34.702965,65.017799,-144.888844,65.000595,-71.358716,90.037491,141.086136,99.999741,-70.103450,0.000000,0.000000,0.000000,0x000C
2026-07-08T11:41:54.566666Z,1783510914,566666,1,0x0000,true,59.999851,0.000353,88,95.034317,-35.767901,60.007412,0.649740,70.012001,-108.042617,69.985840,-35.520020,95.052467,177.828961,50.000000,-33.309330,0.000000,0.000000,0.000000,0x000D
2026-07-08T11:41:54.6Z,1783510914,600000,1,0x0000,true,59.993244,-0.000220,88,50.000000,-0.483798,65.000435,36.272891,75.003578,-72.132637,74.978348,0.135423,50.000000,-180.000005,55.009491,2.229133,0.000000,0.000000,0.000000,0x000E
2026-07-08T11:41:54.633333Z,1783510914,633333,1,0x0000,true,59.990295,-0.000098,88,55.011993,35.433758,69.995262,72.366005,79.990891,-37.082145,79.982925,35.496578,55.014095,-144.545709,60.005642,37.342806,0.000000,0.000000,0.000000,0x000F
2026-07-08T11:41:54.666666Z,1783510914,666666,1,0x0000,true,59.996952,0.000222,88,60.027561,71.215097,75.011253,108.105031,84.976471,-0.455424,84.970016,71.498413,60.006901,-108.414595,65.018364,73.794901,0.000000,0.000000,0.000000,0x0000
2026-07-08T11:41:54.7Z,1783510914,700000,1,0x0000,true,60.006947,0.000333,88,65.021690,106.951439,80.016785,144.466137,89.984619,36.334209,89.979103,107.463765,65.018158,-71.865454,70.034500,109.722481,0.000000,0.000000,0.000000,0x0001
2026-07-08T11:41:54.733333Z,1783510914,733333,1,0x0000,true,59.995472,-0.000382,88,70.030983,142.168571,85.008102,179.677442,94.985107,71.852094,94.986519,143.682141,70.017494,-36.273133,75.020248,145.434467,0.000000,0.000000,0.000000,0x0002
2026-07-08T11:41:54.766666Z,1783510914,766666,1,0x0000,true,60.008858,0.000446,88,75.015594,178.352085,90.007149,-180.000005,99.981888,107.689509,99.991356,179.300867,75.013481,-0.734146,80.004059,-180.000005,0.000000,0.000000,0.000000,0x0003
2026-07-08T11:41:54.8Z,1783510914,800000,1,0x0000,true,59.992802,-0.000535,88,80.006447,-180.000005,95.015717,-143.495622,50.000000,144.549083,50.000000,-180.000005,80.008255,35.963217,85.015236,-143.893139,0.000000,0.000000,0.000000,0x0004
2026-07-08T11:41:54.833333Z,1783510914,833333,1,0x0000,true,59.996208,0.000114,88,85.009071,-144.361936,50.000000,-107.082285,54.998371,-180.000005,55.008934,-143.267903,85.017914,71.976363,90.030716,-107.874751,0.000000,0.000000,0.000000,0x0005
2026-07-08T11:41:54.866666Z,1783510914,866666,1,0x0000,true,59.997131,0.000031,88,90.023132,-108.907694,55.015171,-71.210890,60.006176,-143.763802,59.995049,-107.672728,90.018402,107.092483,95.020477,-72.708504,0.000000,0.000000,0.000000,0x0006
2026-07-08T11:41:54.9Z,1783510914,900000,1,0x0000,true,60.010498,0.000446,88,95.008163,-72.238888,60.014969,-35.359432,65.009850,-106.860516,64.980576,-70.984278,95.032059,142.145416,50.000000,-36.329674,0.000000,0.000000,0.000000,0x0007
2026-07-08T11:41:54.933333Z,1783510914,933333,1,0x0000,true,60.005646,-0.000162,88,50.000000,-36.913402,65.024704,0.688510,69.997421,-69.915613,69.985077,-34.615180,50.000000,177.588525,55.007256,0.100566,0.000000,0.000000,0.000000,0x0008
2026-07-08T11:41:54.966666Z,1783510914,966666,1,0x0000,true,60.006866,0.000041,88,55.007252,-1.703265,70.023872,36.146129,75.000534,-34.489993,74.970253,1.010712,54.986408,-180.000005,60.023281,36.728687,0.000000,0.000000,0.000000,0x0009
2026-07-08T11:41:55Z,1783510915,0,1,0x0000,true,60.010593,0.000124,88,60.023521,34.042520,75.012505,72.500477,80.011650,1.314487,79.973770,36.072920,59.970947,-143.457045,65.037300,72.272397,0.000000,0.000000,0.000000,0x000A
2026-07-08T11:41:55.033333Z,1783510915,33333,1,0x0000,true,59.990166,-0.000681,88,65.021309,69.410493,80.008972,108.278203,84.996414,37.918188,84.985023,72.010582,64.982384,-107.693075,70.051567,109.074153,0.000000,0.000000,0.000000,0x000B
2026-07-08T11:41:55.066666Z,1783510915,66666,1,0x0000,true,60.014935,0.000826,88,70.020226,104.689991,85.023537,143.955389,90.000092,74.822762,89.969032,108.486224,69.986481,-72.034016,75.043686,145.701172,0.000000,0.000000,0.000000,0x000C
2026-07-08T11:41:55.1Z,1783510915,100000,1,0x0000,true,59.991459,-0.000783,88,75.026443,139.847317,90.008026,-180.000005,94.994087,111.427337,94.957222,143.920350,74.999336,-35.473506,80.031776,-180.000005,0.000000,0.000000,0.000000,0x000D
2026-07-08T11:41:55.133333Z,1783510915,133333,1,0x0000,true,60.008427,0.000566,88,80.030479,174.893264,95.019585,-144.382918,99.998383,146.644585,99.951271,179.713929,80.001259,0.371250,85.041603,-144.598042,0.000000,0.000000,0.000000,0x000E
2026-07-08T11:41:55.166666Z,1783510915,166666,1,0x0000,true,60.004478,-0.000132,88,85.027786,-180.000005,50.000000,-108.504358,50.000000,-180.000005,50.000000,-180.000005,84.990021,36.831799,90.046585,-107.745285,0.000000,0.000000,0.000000,0x000F
2026-07-08T11:41:55.2Z,1783510915,200000,1,0x0000,true,59.985538,-0.000631,88,90.024429,-144.145979,54.999237,-73.106308,54.990559,-143.283463,54.999325,-143.236198,89.990631,73.374298,95.058212,-70.992959,0.000000,0.000000,0.000000,0x0000
2026-07-08T11:41:55.233333Z,1783510915,233333,1,0x0000,true,60.014938,0.000980,88,95.009422,-107.515121,59.985744,-36.957006,59.990814,-107.379193,59.993790,-107.539956,94.989548,109.887710,50.000000,-35.458285,0.000000,0.000000,0.000000,0x0001
2026-07-08T11:41:55.266666Z,1783510915,266666,1,0x0000,true,60.014824,-0.000004,88,99.994720,-71.230595,64.974686,-1.774846,64.990532,-70.811050,65.004173,-71.365764,99.987328,146.694951,54.991001,-0.385003,0.000000,0.000000,0.000000,0x0002
2026-07-08T11:41:55.3Z,1783510915,300000,1,0x0000,true,59.984802,-0.001001,88,50.000000,-36.182784,69.968056,34.360117,69.986977,-35.536798,70.007187,-36.276047,50.000000,-180.000005,60.005718,36.273485,0.000000,0.000000,0.000000,0x0003
2026-07-08T11:41:55.333333Z,1783510915,333333,1,0x0000,true,59.990482,0.000189,88,55.002434,-0.099638,74.972931,70.812738,74.985054,0.217440,74.991135,-0.148020,55.002361,-143.517478,65.012535,72.516392,0.000000,0.000000,0.000000,0x0004
2026-07-08T11:41:55.366666Z,1783510915,366666,1,0x0000,true,60.011715,0.000708,88,60.012974,35.193557,79.979721,106.474009,79.978035,36.954090,79.981316,36.090224,60.006172,-107.987353,70.027847,107.791867,0.000000,0.000000,0.000000,0x0005
2026-07-08T11:41:55.4Z,1783510915,400000,1,0x0000,true,60.007339,-0.000146,88,65.008766,70.407714,84.973709,142.164363,84.966011,73.324178,84.966995,72.227167,65.003609,-71.878213,75.022095,143.388320,0.000000,0.000000,0.000000,0x0006
2026-07-08T11:41:55.433333Z,1783510915,433333,1,0x0000,true,60.016209,0.000296,88,70.011589,106.781996,89.963760,178.749821,89.956314,108.561943,89.962654,108.232557,70.002579,-36.028794,80.027733,178.703485,0.000000,0.000000,0.000000,0x0007
2026-07-08T11:41:55.466666Z,1783510915,466666,1,0x0000,true,59.995628,-0.000686,88,75.009453,142.458649,94.974670,-180.000005,94.970459,143.633824,94.948906,144.379120,74.994698,-0.239293,85.011208,-180.000005,0.000000,0.000000,0.000000,0x0008
2026-07-08T11:41:55.5Z,1783510915,500000,1,0x0000,true,59.995560,-0.000002,88,80.015930,178.309875,99.964432,-144.346363,99.961433,179.303312,99.964363,-180.000005,79.987083,36.692849,90.018631,-143.651309,0.000000,0.000000,0.000000,0x0009
2026-07-08T11:41:55.533333Z,1783510915,533333,1,0x0000,true,59.994640,-0.000031,88,85.031174,-180.000005,50.000000,-108.406078,50.000000,-180.000005,50.000000,-143.233807,84.993347,73.157828,95.022156,-107.453574,0.000000,0.000000,0.000000,0x000A
2026-07-08T11:41:55.566666Z,1783510915,566666,1,0x0000,true,60.001961,0.000244,88,90.047722,-143.468929,55.004471,-72.255089,54.995258,-144.528688,54.996590,-106.402558,89.993973,109.237770,50.000000,-71.510373,0.000000,0.000000,0.000000,0x000B
2026-07-08T11:41:55.6Z,1783510915,600000,1,0x0000,true,59.996864,-0.000170,88,95.037552,-108.117913,60.001404,-36.367551,60.008255,-108.020521,59.992149,-70.046807,94.991829,144.943280,55.009842,-35.619805,0.000000,0.000000,0.000000,0x000C
2026-07-08T11:41:55.633333Z,1783510915,633333,1,0x0000,true,60.000381,0.000117,88,50.000000,-71.733017,65.007133,-0.446148,65.007881,-72.456354,64.997742,-33.754532,99.990219,-180.000005,60.014153,0.583993,0.000000,0.000000,0.000000,0x000D
2026-07-08T11:41:55.666666Z,1783510915,666666,1,0x0000,true,59.985806,-0.000486,88,54.990761,-35.726401,70.018517,35.582499,69.999565,-35.846359,69.986275,2.069416,50.000000,-143.558173,65.009888,36.336074,0.000000,0.000000,0.000000,0x000E
2026-07-08T11:41:55.7Z,1783510915,700000,1,0x0000,true,59.983486,-0.000077,88,60.007069,-0.111408,75.011925,71.991990,74.984749,-0.316465,74.990509,37.502438,54.986259,-106.610934,70.022636,73.286516,0.000000,0.000000,0.000000,0x000F
2026-07-08T11:41:55.733333Z,1783510915,733333,1,0x0000,true,59.983814,0.000011,88,65.003632,35.060611,80.020561,107.715396,79.991798,35.128158,79.990990,72.947062,59.995621,-71.304272,75.013863,109.836532,0.000000,0.000000,0.000000,0x0000
2026-07-08T11:41:55.766666Z,1783510915,766666,1,0x0000,true,60.013432,0.000987,88,70.016937,70.950304,85.005699,143.709830,85.002640,71.874190,85.006943,108.107893,65.001724,-34.367992,80.020721,146.156554,0.000000,0.000000,0.000000,0x0001
2026-07-08T11:41:55.8Z,1783510915,800000,1,0x0000,true,59.983585,-0.000995,88,75.033478,106.626964,90.020645,179.405901,90.005890,107.901730,89.998177,144.197451,70.017960,1.915192,85.035675,-180.000005,0.000000,0.000000,0.000000,0x0002
2026-07-08T11:41:55.833333Z,1783510915,833333,1,0x0000,true,60.002151,0.000619,88,80.043213,142.897680,95.015175,-180.000005,94.992592,144.113276,95.010254,179.659438,75.033417,37.631484,90.039726,-144.771337,0.000000,0.000000,0.000000,0x0003
2026-07-08T11:41:55.866666Z,1783510915,866666,1,0x0000,true,59.987316,-0.000495,88,85.051300,178.282909,50.000000,-144.771569,99.985535,179.682169,50.000000,-180.000005,80.025612,74.136157,95.027084,-108.201214,0.000000,0.000000,0.000000,0x0004
2026-07-08T11:41:55.9Z,1783510915,900000,1,0x0000,true,60.012310,0.000833,88,90.061455,-180.000005,54.990513,-107.916600,50.000000,-180.000005,55.000050,-144.143247,85.037598,110.036287,50.000000,-73.147925,0.000000,0.000000,0.000000,0x0005
2026-07-08T11:41:55.933333Z,1783510915,933333,1,0x0000,true,59.983791,-0.000951,88,95.063324,-144.747732,59.998535,-72.695097,54.997986,-144.476464,60.002823,-107.532087,90.031273,145.125592,54.999218,-37.318671,0.000000,0.000000,0.000000,0x0006
2026-07-08T11:41:55.966666Z,1783510915,966666,1,0x0000,true,60.006046,0.000742,88,50.000000,-109.478377,64.995087,-36.531048,59.999718,-108.077116,65.006012,-70.976881,95.026505,-180.000005,60.005840,-1.824331,0.000000,0.000000,0.000000,0x0007
2026-07-08T11:41:56Z,1783510916,0,1,0x0000,true,59.984676,-0.000712,88,55.011673,-73.861577,69.983559,-0.959537,64.998825,-71.435241,70.004608,-35.491866,50.000000,-144.161306,64.993782,33.476673,0.000000,0.000000,0.000000,0x0008
2026-07-08T11:41:56.033333Z,1783510916,33333,1,0x0000,true,60.000626,0.000532,88,60.027855,-37.622168,74.979477,34.678885,70.009674,-36.028971,74.998749,1.253585,55.010838,-107.244611,69.995903,69.265242,0.000000,0.000000,0.000000,0x0009
2026-07-08T11:41:56.066666Z,1783510916,66666,1,0x0000,true,60.013187,0.000419,88,65.037903,-0.729078,79.990929,70.379792,74.999985,0.484442,79.993927,36.472056,59.995190,-71.476154,74.996368,104.352395,0.000000,0.000000,0.000000,0x000A
2026-07-08T11:41:56.1Z,1783510916,100000,1,0x0000,true,59.988220,-0.000832,88,70.026733,36.109629,84.994667,107.103151,80.013527,37.039064,84.990425,73.119934,64.983299,-35.306860,80.008896,140.461652,0.000000,0.000000,0.000000,0x000B
2026-07-08T11:41:56.133333Z,1783510916,133333,1,0x0000,true,59.986584,-0.000055,88,75.016426,73.029646,89.986626,143.515853,85.005608,72.117652,89.994522,109.186878,69.969742,0.877063,85.021057,176.069709,0.000000,0.000000,0.000000,0x000C
2026-07-08T11:41:56.166666Z,1783510916,166666,1,0x0000,true,59.987091,0.000017,88,80.016853,109.964878,94.980286,-180.000005,89.989960,108.708061,95.005920,146.051929,74.971313,37.480352,90.032784,-180.000005,0.000000,0.000000,0.000000,0x000D
2026-07-08T11:41:56.2Z,1783510916,200000,1,0x0000,true,59.988140,0.000035,88,85.017159,145.770403,99.991173,-143.498313,94.982132,144.517323,50.000000,-180.000005,79.966209,74.407828,95.021103,-144.231657,0.000000,0.000000,0.000000,0x000E
2026-07-08T11:41:56.233333Z,1783510916,233333,1,0x0000,true,59.992802,0.000155,88,90.005196,-180.000005,50.000000,-107.988699,99.994934,-180.000005,55.006279,-144.165909,84.972008,110.204030,50.000000,-108.981242,0.000000,0.000000,0.000000,0x000F
2026-07-08T11:41:56.266666Z,1783510916,266666,1,0x0000,true,60.013092,0.000676,88,95.018890,-143.179603,55.002449,-71.320596,50.000000,-143.910802,59.994987,-108.521249,89.964005,146.262982,55.014309,-72.050791,0.000000,0.000000,0.000000,0x0000
2026-07-08T11:41:56.3Z,1783510916,300000,1,0x0000,true,60.002796,-0.000343,88,50.000000,-107.871951,60.000526,-35.148041,55.007759,-107.483531,64.993706,-72.100337,94.954491,-180.000005,60.006149,-36.022203,0.000000,0.000000,0.000000,0x0001
2026-07-08T11:41:56.333333Z,1783510916,333333,1,0x0000,true,59.993015,-0.000326,88,54.988377,-71.546744,64.994492,1.132170,60.013374,-71.276002,69.984100,-36.460223,99.945961,-144.243732,65.017654,-0.120326,0.000000,0.000000,0.000000,0x0002
2026-07-08T11:41:56.366666Z,1783510916,366666,1,0x0000,true,60.008846,0.000528,88,59.976910,-34.893326,69.980118,37.387786,65.010155,-35.084035,74.977066,-0.473948,50.000000,-107.587637,70.002792,35.284313,0.000000,0.000000,0.000000,0x0003
2026-07-08T11:41:56.4Z,1783510916,400000,1,0x0000,true,60.015797,0.000232,88,64.985680,0.311449,74.969452,72.853680,69.996750,-0.020662,79.977837,34.745749,55.016388,-72.199259,74.997406,70.379512,0.000000,0.000000,0.000000,0x0004
2026-07-08T11:41:56.433333Z,1783510916,433333,1,0x0000,true,60.001534,-0.000475,88,69.972000,36.099493,79.968979,109.631653,75.010551,35.712477,84.970612,70.260667,60.003334,-35.373198,80.005356,106.280455,0.000000,0.000000,0.000000,0x0005
2026-07-08T11:41:56.466666Z,1783510916,466666,1,0x0000,true,59.993889,-0.000255,88,74.963455,72.416773,84.981857,144.984535,80.021667,72.506652,89.957275,106.389800,65.008850,0.981328,85.013123,142.509028,0.000000,0.000000,0.000000,0x0006
2026-07-08T11:41:56.5Z,1783510916,500000,1,0x0000,true,59.988297,-0.000186,88,79.957588,107.465227,89.978050,-180.000005,85.033043,107.616365,94.957390,141.507900,70.020515,37.795671,90.009186,179.088134,0.000000,0.000000,0.000000,0x0007
2026-07-08T11:41:56.533333Z,1783510916,533333,1,0x0000,true,59.987026,-0.000042,88,84.969688,142.941557,94.989632,-143.663836,90.020897,143.318734,99.947037,176.633528,75.017677,74.207143,95.006653,-180.000005,0.000000,0.000000,0.000000,0x0008
2026-07-08T11:41:56.566666Z,1783510916,566666,1,0x0000,true,60.004562,0.000585,88,89.962280,179.378267,99.994652,-108.290908,95.034630,179.869685,50.000000,-180.000005,80.020576,109.700085,50.000000,-143.146258,0.000000,0.000000,0.000000,0x0009
2026-07-08T11:41:56.6Z,1783510916,600000,1,0x0000,true,59.986614,-0.000598,88,94.968636,-180.000005,50.000000,-72.032439,50.000000,-180.000005,55.010098,-143.349333,85.032906,145.686186,55.002716,-106.807527,0.000000,0.000000,0.000000,0x000A
2026-07-08T11:41:56.633333Z,1783510916,633333,1,0x0000,true,60.007919,0.000710,88,99.979408,-143.343732,54.990753,-36.619639,54.989239,-144.202164,59.999054,-107.817746,90.023209,-180.000005,59.993641,-70.494792,0.000000,0.000000,0.000000,0x000B
2026-07-08T11:41:56.666666Z,1783510916,666666,1,0x0000,true,60.013165,0.000175,88,50.000000,-107.440809,60.007336,-0.905094,60.005489,-108.359449,64.992836,-70.979797,95.006866,-143.424984,64.989693,-34.733267,0.000000,0.000000,0.000000,0x000C
2026-07-08T11:41:56.7Z,1783510916,700000,1,0x0000,true,60.001308,-0.000395,88,54.990547,-70.563921,64.992653,35.903712,65.018265,-71.962197,69.994431,-35.349357,99.991272,-106.772966,70.005791,1.776533,0.000000,0.000000,0.000000,0x000D
2026-07-08T11:41:56.733333Z,1783510916,733333,1,0x0000,true,59.994778,-0.000218,88,59.977150,-34.471855,69.977821,72.386290,70.006149,-35.655814,74.985901,1.570485,50.000000,-71.494459,74.994064,37.999508,0.000000,0.000000,0.000000,0x000E
2026-07-08T11:41:56.766666Z,1783510916,766666,1,0x0000,true,60.011631,0.000562,88,64.992218,1.926035,74.972809,107.861685,74.993156,0.700519,79.984573,37.654273,55.011375,-35.460915,79.998833,74.426775,0.000000,0.000000,0.000000,0x000F
2026-07-08T11:41:56.8Z,1783510916,800000,1,0x0000,true,60.012833,0.000040,88,69.997406,37.614934,79.974174,142.954439,79.985329,35.806150,84.970634,74.511572,60.014549,0.568900,85.011169,111.148734,0.000000,0.000000,0.000000,0x0000
2026-07-08T11:41:56.833333Z,1783510916,833333,1,0x0000,true,60.000767,-0.000402,88,74.998665,74.111500,84.972397,178.269030,84.996971,72.159801,89.980408,110.764215,65.001045,37.255014,90.005592,147.041979,0.000000,0.000000,0.000000,0x0001
2026-07-08T11:41:56.866666Z,1783510916,866666,1,0x0000,true,60.016582,0.000527,88,79.999374,110.867911,89.987022,-180.000005,90.007645,108.069316,94.979149,146.142279,70.015411,72.557769,94.993706,-180.000005,0.000000,0.000000,0.000000,0x0002
2026-07-08T11:41:56.9Z,1783510916,900000,1,0x0000,true,59.986362,-0.001007,88,85.008904,146.159177,94.983337,-143.053586,95.015831,143.300497,99.989632,-180.000005,75.001984,108.359688,99.996170,-143.593840,0.000000,0.000000,0.000000,0x0003
2026-07-08T11:41:57.433333Z,1783510917,433333,1,0x0000,true,59.995529,-0.000343,88,60.005856,-35.923885,70.005577,71.253729,74.996422,-71.293788,74.988419,-0.330453,55.011677,-71.495155,75.014992,35.578944,0.000000,0.000000,0.000000,0x0003
2026-07-08T11:41:57.466666Z,1783510917,466666,1,0x0000,true,60.004074,0.000285,88,64.997818,0.793763,75.003845,106.356209,79.985970,-36.033991,79.983185,35.752168,59.995380,-35.173562,80.005508,71.411404,0.000000,0.000000,0.000000,0x0004
2026-07-08T11:41:57.5Z,1783510917,500000,1,0x0000,true,59.983372,-0.000690,88,69.986076,37.634277,80.002266,142.845839,84.978981,0.815092,84.997734,71.615811,64.980614,1.458522,84.992378,106.964901,0.000000,0.000000,0.000000,0x0005
2026-07-08T11:41:57.533333Z,1783510917,533333,1,0x0000,true,60.003082,0.000657,88,74.973885,73.199841,84.988640,179.602474,89.972786,36.268865,90.000885,106.830258,69.983040,36.693023,89.990570,143.048750,0.000000,0.000000,0.000000,0x0006
2026-07-08T11:41:57.566666Z,1783510917,566666,1,0x0000,true,59.992252,-0.000361,88,79.978836,109.548127,89.973755,-180.000005,94.981293,72.692050,95.003357,142.179636,74.975853,73.340959,94.979446,178.789873,0.000000,0.000000,0.000000,0x0007
2026-07-08T11:41:57.6Z,1783510917,600000,1,0x0000,true,59.998180,0.000198,88,84.977486,145.550375,94.959122,-144.547048,99.967896,108.507486,99.991905,178.662804,79.969337,109.153308,99.963882,-180.000005,0.000000,0.000000,0.000000,0x0008
2026-07-08T11:41:57.633333Z,1783510917,633333,1,0x0000,true,60.002998,0.000161,88,89.985924,-180.000005,99.948997,-108.214669,50.000000,144.530300,50.000000,-180.000005,84.982704,144.987567,50.000000,-144.380295,0.000000,0.000000,0.000000,0x0009
2026-07-08T11:41:57.666666Z,1783510917,666666,1,0x0000,true,59.992882,-0.000337,88,94.986656,-143.141709,50.000000,-72.620313,55.014313,-180.000005,55.005035,-143.656732,89.980614,-180.000005,55.001255,-108.299070,0.000000,0.000000,0.000000,0x000A
2026-07-08T11:41:57.7Z,1783510917,700000,1,0x0000,true,60.011627,0.000625,88,50.000000,-107.682631,54.990482,-36.395998,60.014248,-144.469580,59.998123,-108.122523,94.985062,-143.647525,60.001972,-71.495565,0.000000,0.000000,0.000000,0x000B
2026-07-08T11:41:57.733333Z,1783510917,733333,1,0x0000,true,59.989201,-0.000748,88,55.003983,-71.977237,59.988541,-0.086236,65.030182,-109.249593,64.984444,-73.051107,99.974541,-108.125733,65.005409,-35.388754,0.000000,0.000000,0.000000,0x000C
2026-07-08T11:41:57.766666Z,1783510917,766666,1,0x0000,true,59.999146,0.000331,88,60.014816,-36.907395,64.990425,36.040682,70.021011,-72.571812,69.989029,-37.422709,50.000000,-71.432393,69.990952,0.957670,0.000000,0.000000,0.000000,0x000D
2026-07-08T11:41:57.8Z,1783510917,800000,1,0x0000,true,59.996395,-0.000092,88,65.022881,-0.302356,69.974068,72.101970,75.007896,-37.291440,75.000626,-0.723829,54.989578,-34.971552,74.977272,37.567024,0.000000,0.000000,0.000000,0x000E
2026-07-08T11:41:57.833333Z,1783510917,833333,1,0x0000,true,60.005028,0.000288,88,70.027466,36.210067,74.990456,107.753624,80.002068,-0.478377,79.984383,34.914301,59.991745,0.807341,79.980637,72.919960,0.000000,0.000000,0.000000,0x000F
2026-07-08T11:41:57.866666Z,1783510917,866666,1,0x0000,true,60.014076,0.000302,88,75.036346,72.931681,79.974930,144.701915,85.005630,35.349125,84.975151,70.429332,65.005043,37.647040,84.991508,109.154298,0.000000,0.000000,0.000000,0x0000
2026-07-08T11:41:57.9Z,1783510917,900000,1,0x0000,true,59.988762,-0.000844,88,80.029129,109.760655,84.982834,-180.000005,90.000832,71.210958,89.977623,107.140451,70.014923,74.553127,90.004021,145.173854,0.000000,0.000000,0.000000,0x0001
2026-07-08T11:41:57.933333Z,1783510917,933333,1,0x0000,true,59.986179,-0.000086,88,85.023155,146.021344,89.979828,-144.641523,94.999962,108.051120,94.978111,143.896513,75.027061,111.200835,94.991646,-180.000005,0.000000,0.000000,0.000000,0x0002
2026-07-08T11:41:57.966666Z,1783510917,966666,1,0x0000,true,59.989044,0.000095,88,90.023651,-180.000005,94.982681,-109.014812,99.997337,143.804305,99.986923,-180.000005,80.031784,147.309627,99.979309,-143.685638,0.000000,0.000000,0.000000,0x0003
2026-07-08T11:41:58Z,1783510918,0,1,0x0000,true,59.989452,0.000014,88,95.013786,-144.399529,99.980789,-73.307088,50.000000,178.923403,50.000000,-144.684307,85.024467,-180.000005,50.000000,-107.601851,0.000000,0.000000,0.000000,0x0004
2026-07-08T11:41:58.033333Z,1783510918,33333,1,0x0000,true,60.010597,0.000705,88,50.000000,-108.295170,50.000000,-37.183724,55.006790,-180.000005,54.993675,-107.786963,90.012985,-144.503853,54.989559,-70.761047,0.000000,0.000000,0.000000,0x0005
2026-07-08T11:41:58.066666Z,1783510918,66666,1,0x0000,true,60.009579,-0.000034,88,54.997002,-72.217325,54.989323,-1.351499,59.991421,-144.248213,60.000019,-71.891382,95.015076,-107.598524,59.980160,-35.243274,0.000000,0.000000,0.000000,0x0006
2026-07-08T11:41:58.1Z,1783510918,100000,1,0x0000,true,59.997112,-0.000416,88,59.981842,-35.543973,59.990891,33.760542,64.994598,-108.963531,65.001740,-35.363339,50.000000,-71.694085,64.963600,0.448539,0.000000,0.000000,0.000000,0x0007
2026-07-08T11:41:58.133333Z,1783510918,133333,1,0x0000,true,59.999203,0.000070,88,64.973381,-0.158220,65.000351,69.150433,69.997803,-73.350406,70.003441,0.853632,55.009037,-36.042430,69.978790,36.840425,0.000000,0.000000,0.000000,0x0008
2026-07-08T11:41:58.166666Z,1783510918,166666,1,0x0000,true,59.997303,-0.000063,88,69.975853,35.154444,69.986496,104.491888,74.989136,-37.218298,75.016960,36.282518,59.994812,0.270771,74.972801,72.671307,0.000000,0.000000,0.000000,0x0009
2026-07-08T11:41:58.2Z,1783510918,200000,1,0x0000,true,60.000538,0.000108,88,74.981483,70.683524,74.987816,141.328908,79.983948,-0.838243,80.009560,71.378878,64.997444,35.808360,79.973564,108.480336,0.000000,0.000000,0.000000,0x000A
2026-07-08T11:41:58.233333Z,1783510918,233333,1,0x0000,true,60.012489,0.000398,88,79.969269,106.228109,79.997986,176.924958,84.977463,35.974179,85.004066,108.241662,69.984108,71.913709,84.967270,144.891221,0.000000,0.000000,0.000000,0x000B
2026-07-08T11:41:58.266666Z,1783510918,266666,1,0x0000,true,60.013653,0.000039,88,84.973251,141.654900,84.983315,-180.000005,89.988503,72.049630,90.015411,143.527915,74.994339,107.604883,89.982620,-180.000005,0.000000,0.000000,0.000000,0x000C
2026-07-08T11:41:58.3Z,1783510918,300000,1,0x0000,true,60.007671,-0.000199,88,89.987175,178.078673,89.995575,-144.718704,94.994049,107.922419,95.014320,179.146573,80.000237,143.375902,94.995728,-143.768747,0.000000,0.000000,0.000000,0x000D
2026-07-08T11:41:58.333333Z,1783510918,333333,1,0x0000,true,59.995583,-0.000403,88,94.995255,-180.000005,94.999634,-108.529479,99.996048,144.301489,50.000000,-180.000005,84.994736,178.737581,50.000000,-108.462086,0.000000,0.000000,0.000000,0x000E
2026-07-08T11:41:58.366666Z,1783510918,366666,1,0x0000,true,59.985863,-0.000324,88,99.997604,-144.107224,99.995537,-72.688861,50.000000,-180.000005,55.013695,-143.461648,89.979828,-180.000005,55.016033,-72.654983,0.000000,0.000000,0.000000,0x000F
2026-07-08T11:41:58.4Z,1783510918,400000,1,0x0000,true,60.014500,0.000955,88,50.000000,-107.955361,50.000000,-36.145081,54.995487,-144.755300,60.004547,-108.414944,94.972412,-144.790448,60.029602,-36.241472,0.000000,0.000000,0.000000,0x0000
2026-07-08T11:41:58.433333Z,1783510918,433333,1,0x0000,true,60.013691,-0.000027,88,54.998291,-71.821679,54.990250,0.476337,59.988144,-108.189834,65.011192,-71.724342,99.974808,-108.006936,65.039749,0.606679,0.000000,0.000000,0.000000,0x0001
2026-07-08T11:41:58.466666Z,1783510918,466666,1,0x0000,true,59.986130,-0.000919,88,60.008179,-35.917820,59.975349,36.614448,64.987419,-72.163865,70.001633,-36.673967,50.000000,-71.262417,70.028961,35.933506,0.000000,0.000000,0.000000,0x0002
2026-07-08T11:41:58.5Z,1783510918,500000,1,0x0000,true,59.990639,0.000150,88,64.998131,-0.559636,64.978622,71.714247,69.999489,-36.138480,74.985886,-0.073415,55.008858,-35.123025,75.041611,71.246748,0.000000,0.000000,0.000000,0x0003
2026-07-08T11:41:58.533333Z,1783510918,533333,1,0x0000,true,60.015976,0.000845,88,70.004448,35.982454,69.982239,107.604002,75.003807,0.176645,79.978317,35.522516,60.001572,-0.054698,80.048447,107.110330,0.000000,0.000000,0.000000,0x0004
2026-07-08T11:41:58.566666Z,1783510918,566666,1,0x0000,true,59.987331,-0.000955,88,74.997131,72.295128,74.989311,143.212989,80.016876,37.071132,84.992493,71.791948,65.011742,36.261942,85.053864,143.155943,0.000000,0.000000,0.000000,0x0005
2026-07-08T11:41:58.6Z,1783510918,600000,1,0x0000,true,59.989529,0.000073,88,79.983353,108.362829,79.999352,179.579702,85.029671,72.939146,90.001701,107.252835,70.016624,71.388611,90.053215,179.662484,0.000000,0.000000,0.000000,0x0006
2026-07-08T11:41:58.633333Z,1783510918,633333,1,0x0000,true,59.985706,-0.000127,88,84.979790,145.286347,84.989899,-180.000005,90.031761,108.132850,95.004707,143.425571,75.011604,106.775705,95.060379,-180.000005,0.000000,0.000000,0.000000,0x0007
2026-07-08T11:41:58.666666Z,1783510918,666666,1,0x0000,true,59.989628,0.000131,88,89.989380,-180.000005,89.974167,-144.499482,95.026901,143.776630,50.000000,179.054256,80.024719,142.425440,50.000000,-144.518306,0.000000,0.000000,0.000000,0x0008
2026-07-08T11:41:58.7Z,1783510918,700000,1,0x0000,true,60.015102,0.000849,88,94.986786,-144.708732,94.958931,-107.668937,50.000000,-180.000005,54.989380,-180.000005,85.022873,178.579339,55.008400,-108.037419,0.000000,0.000000,0.000000,0x0009
2026-07-08T11:41:58.733333Z,1783510918,733333,1,0x0000,true,60.004383,-0.000357,88,99.970779,-108.723621,99.959076,-71.981089,54.992126,-143.769226,59.986095,-144.572456,90.032677,-180.000005,60.012089,-71.961794,0.000000,0.000000,0.000000,0x000A
2026-07-08T11:41:58.766666Z,1783510918,766666,1,0x0000,true,60.005497,0.000037,88,50.000000,-71.860372,50.000000,-35.324642,59.978809,-108.317204,64.979080,-109.282002,95.048470,-144.669035,65.015038,-35.833652,0.000000,0.000000,0.000000,0x000B
2026-07-08T11:41:58.8Z,1783510918,800000,1,0x0000,true,60.016628,0.000371,88,54.983833,-36.242524,54.988037,1.488245,64.994232,-72.825253,69.965973,-73.423550,50.000000,-108.055717,70.025734,0.456293,0.000000,0.000000,0.000000,0x000C
2026-07-08T11:41:58.833333Z,1783510918,833333,1,0x0000,true,59.985191,-0.001048,88,59.998726,-0.985524,59.977009,36.758709,69.980011,-36.281996,74.965012,-36.854413,55.003941,-72.303283,75.013336,36.176899,0.000000,0.000000,0.000000,0x000D
2026-07-08T11:41:58.866666Z,1783510918,866666,1,0x0000,true,59.999172,0.000466,88,65.004959,34.938675,64.960365,73.166216,74.974342,-0.379944,79.981491,-0.416247,60.009686,-37.054268,80.009712,71.492888,0.000000,0.000000,0.000000,0x000E
2026-07-08T11:41:58.9Z,1783510918,900000,1,0x0000,true,60.013760,0.000486,88,69.989258,70.516478,69.962921,109.540737,79.968872,36.221306,84.981628,35.764646,65.017502,-0.252047,85.010841,107.924406,0.000000,0.000000,0.000000,0x000F
2026-07-08T11:41:58.933333Z,1783510918,933333,1,0x0000,true,60.008240,-0.000184,88,75.004967,106.922821,74.976791,146.471426,84.963341,71.840900,89.992134,71.231298,70.003586,36.679861,89.998116,144.367181,0.000000,0.000000,0.000000,0x0000
2026-07-08T11:41:58.966666Z,1783510918,966666,1,0x0000,true,60.008698,0.000015,88,79.989098,142.067265,79.973877,-180.000005,89.954308,107.301377,95.001266,106.610702,74.998741,72.458868,95.012726,-180.000005,0.000000,0.000000,0.000000,0x0001
2026-07-08T11:41:59Z,1783510919,0,1,0x0000,true,59.999729,-0.000299,88,84.983429,178.059835,84.966515,-143.267548,94.948242,143.201500,50.000000,142.523481,79.992340,109.312786,99.999268,-143.143812,0.000000,0.000000,0.000000,0x0002
2026-07-08T11:41:59.033333Z,1783510919,33333,1,0x0000,true,60.007565,0.000261,88,89.969009,-180.000005,89.957260,-107.742491,99.941811,179.479025,55.010597,177.810438,84.977455,144.770408,50.000000,-106.389267,0.000000,0.000000,0.000000,0x0003
2026-07-08T11:41:59.066666Z,1783510919,66666,1,0x0000,true,59.985073,-0.000750,88,94.965881,-144.475945,94.952232,-71.134651,50.000000,-180.000005,60.022942,-180.000005,89.983337,-180.000005,54.996384,-70.707594,0.000000,0.000000,0.000000,0x0004
2026-07-08T11:41:59.1Z,1783510919,100000,1,0x0000,true,59.986320,0.000042,88,99.971252,-107.824160,99.964584,-34.558988,54.992180,-143.684176,65.036491,-143.216964,94.969040,-143.967629,59.998405,-35.128913,0.000000,0.000000,0.000000,0x0005
2026-07-08T11:41:59.133333Z,1783510919,133333,1,0x0000,true,59.991264,0.000165,88,50.000000,-72.141032,50.000000,1.193734,59.993443,-107.592985,70.044579,-106.826822,99.953140,-108.103870,65.005295,0.193076,0.000000,0.000000,0.000000,0x0006
2026-07-08T11:41:59.166666Z,1783510919,166666,1,0x0000,true,60.007915,0.000555,88,55.002033,-35.544909,55.010666,37.663316,65.007477,-71.338362,75.061073,-71.245635,50.000000,-71.475751,70.017410,35.719997,0.000000,0.000000,0.000000,0x0007
2026-07-08T11:41:59.2Z,1783510919,200000,1,0x0000,true,59.989105,-0.000627,88,59.999977,-0.439978,59.999725,73.611940,70.006104,-35.985600,80.064079,-34.954234,54.984814,-35.001332,75.022232,71.701202,0.000000,0.000000,0.000000,0x0008
2026-07-08T11:41:59.233333Z,1783510919,233333,1,0x0000,true,60.015373,0.000876,88,64.999908,36.146177,64.993599,108.892490,74.998367,0.823674,85.074905,1.245717,59.969841,0.329341,80.027428,108.442866,0.000000,0.000000,0.000000,0x0009
2026-07-08T11:41:59.266666Z,1783510919,266666,1,0x0000,true,60.000515,-0.000495,88,70.011887,71.248251,70.002838,145.268753,79.986305,37.117816,90.083664,37.140834,64.984543,36.555172,85.017807,144.821348,0.000000,0.000000,0.000000,0x000A
2026-07-08T11:41:59.3Z,1783510919,300000,1,0x0000,true,59.990192,-0.000344,88,75.011917,108.055778,75.017944,-180.000005,84.983025,73.892996,95.092285,72.321130,69.971909,72.966296,90.003853,-180.000005,0.000000,0.000000,0.000000,0x000B
2026-07-08T11:41:59.333333Z,1783510919,333333,1,0x0000,true,59.985722,-0.000149,88,80.001640,143.977410,80.012596,-144.808931,89.998047,110.675170,50.000000,109.200286,74.970688,108.135166,94.993095,-143.344251,0.000000,0.000000,0.000000,0x000C
2026-07-08T11:41:59.366666Z,1783510919,366666,1,0x0000,true,60.015224,0.000983,88,85.001556,179.058381,85.001389,-108.266025,95.005058,146.119494,54.998821,144.617508,79.979218,144.305969,50.000000,-107.598115,0.000000,0.000000,0.000000,0x000D
2026-07-08T11:41:59.4Z,1783510919,400000,1,0x0000,true,60.007019,-0.000274,88,89.989998,-180.000005,89.985725,-71.898382,50.000000,-180.000005,60.013130,-180.000005,84.963272,-180.000005,55.005764,-72.489979,0.000000,0.000000,0.000000,0x000E
2026-07-08T11:41:59.433333Z,1783510919,433333,1,0x0000,true,59.990780,-0.000541,88,94.981468,-143.191378,94.989365,-36.485351,55.002880,-144.435838,65.003716,-144.824954,89.975647,-143.727193,60.007458,-36.755560,0.000000,0.000000,0.000000,0x000F
2026-07-08T11:41:59.466666Z,1783510919,466666,1,0x0000,true,59.996414,0.000188,88,99.983879,-106.672255,99.998314,-0.504905,59.992950,-107.659730,69.999115,-108.799162,94.970131,-108.582277,65.018501,-0.236026,0.000000,0.000000,0.000000,0x0000
2026-07-08T11:41:59.5Z,1783510919,500000,1,0x0000,true,59.999279,0.000095,88,50.000000,-69.964455,50.000000,35.735440,64.988564,-71.099510,75.006226,-72.967464,99.964005,-71.673273,70.010437,36.698098,0.000000,0.000000,0.000000,0x0001
2026-07-08T11:41:59.533333Z,1783510919,533333,1,0x0000,true,60.015755,0.000549,88,54.990677,-34.736191,54.999050,72.531193,69.992897,-35.003599,80.005753,-37.044781,50.000000,-35.997781,75.002937,73.205448,0.000000,0.000000,0.000000,0x0002
2026-07-08T11:41:59.566666Z,1783510919,566666,1,0x0000,true,60.009766,-0.000200,88,60.002361,1.480372,60.014233,107.718948,74.998489,0.757225,84.998428,-0.988505,54.991623,-0.763047,80.012825,109.463917,0.000000,0.000000,0.000000,0x0003
2026-07-08T11:41:59.6Z,1783510919,600000,1,0x0000,true,59.986134,-0.000788,88,64.999100,37.510245,65.007156,143.388210,80.000755,37.704755,89.984291,35.559064,59.980732,35.902784,85.017632,145.105197,0.000000,0.000000,0.000000,0x0004
2026-07-08T11:41:59.633333Z,1783510919,633333,1,0x0000,true,60.004974,0.000628,88,69.986481,73.336991,70.006042,179.709804,84.985291,73.189479,94.987755,71.693852,64.965416,71.181581,90.004356,-180.000005,0.000000,0.000000,0.000000,0x0005
2026-07-08T11:41:59.666666Z,1783510919,666666,1,0x0000,true,60.006802,0.000061,88,74.990158,109.673679,74.992775,-180.000005,89.995743,109.194637,99.990639,108.421876,69.977318,106.904400,94.990074,-144.322293,0.000000,0.000000,0.000000,0x0006
2026-07-08T11:41:59.7Z,1783510919,700000,1,0x0000,true,60.012772,0.000199,88,79.989700,146.380257,80.000481,-143.045663,94.994736,144.688979,50.000000,143.514104,74.984497,143.255664,99.992188,-108.611715,0.000000,0.000000,0.000000,0x0007
2026-07-08T11:41:59.733333Z,1783510919,733333,1,0x0000,true,60.012531,-0.000008,88,84.993988,-180.000005,84.993073,-106.255798,99.983597,179.810645,55.006474,-180.000005,79.979858,179.583609,50.000000,-72.696722,0.000000,0.000000,0.000000,0x0008
2026-07-08T11:41:59.766666Z,1783510919,766666,1,0x0000,true,60.009907,-0.000087,88,89.991653,-144.224840,90.009682,-70.672104,50.000000,-180.000005,60.000847,-143.231758,84.972954,-180.000005,54.985928,-36.646974,0.000000,0.000000,0.000000,0x0009
2026-07-08T11:41:59.8Z,1783510919,800000,1,0x0000,true,59.994350,-0.000519,88,94.999008,-108.250978,95.021072,-34.601899,55.000324,-143.253915,65.015152,-107.178160,89.966728,-143.930090,59.991119,0.027077,0.000000,0.000000,0.000000,0x000A
2026-07-08T11:41:59.833333Z,1783510919,833333,1,0x0000,true,59.985054,-0.000310,88,50.000000,-72.590171,50.000000,2.028495,60.012260,-107.445528,70.015930,-71.121066,94.950279,-107.548111,65.004913,36.786456,0.000000,0.000000,0.000000,0x000B
2026-07-08T11:41:59.866666Z,1783510919,866666,1,0x0000,true,59.994400,0.000312,88,55.010979,-36.388997,55.015476,37.616270,65.004326,-71.188459,75.024124,-34.580257,99.962982,-71.569181,70.017082,73.594974,0.000000,0.000000,0.000000,0x000C
2026-07-08T11:41:59.9Z,1783510919,900000,1,0x0000,true,60.012203,0.000593,88,60.008526,-0.447078,60.032074,72.713217,70.015381,-36.071756,80.013321,0.753447,50.000000,-36.207325,75.017448,109.607126,0.000000,0.000000,0.000000,0x000D
2026-07-08T11:41:59.933333Z,1783510919,933333,1,0x0000,true,60.010593,-0.000054,88,65.023041,35.025114,65.033569,108.713888,75.030220,0.829027,85.010971,35.960027,55.003670,-0.530374,80.016342,144.831252,0.000000,0.000000,0.000000,0x000E
2026-07-08T11:41:59.966666Z,1783510919,966666,1,0x0000,true,60.007717,-0.000096,88,70.013145,71.520748,70.026794,144.779493,80.025932,36.668772,90.010895,71.877236,60.017620,34.834747,85.001801,-180.000005,0.000000,0.000000,0.000000,0x000F
2026-07-08T11:42:00Z,1783510920,0,1,0x0000,true,60.006641,-0.000036,88,75.020836,106.966650,75.037895,-180.000005,85.034706,72.681566,95.000999,108.042391,65.026123,70.993430,90.009430,-144.938090,0.000000,0.000000,0.000000,0x0000
2026-07-08T11:42:00.033333Z,1783510920,33333,1,0x0000,true,60.003304,-0.000111,88,80.020508,143.292151,80.039680,-143.266674,90.041237,107.961126,50.000000,144.335653,70.015480,107.196411,95.016739,-108.977984,0.000000,0.000000,0.000000,0x0001
2026-07-08T11:42:00.066666Z,1783510920,66666,1,0x0000,true,60.013538,0.000341,88,85.018936,179.316481,85.029121,-106.348231,95.043930,143.084882,55.005440,-180.000005,75.023888,143.652648,50.000000,-72.333425,0.000000,0.000000,0.000000,0x0002
2026-07-08T11:42:00.1Z,1783510920,100000,1,0x0000,true,60.009060,-0.000149,88,90.006477,-180.000005,90.043823,-70.039342,50.000000,179.761850,60.019611,-143.836544,80.019951,-180.000005,55.010204,-36.684919,0.000000,0.000000,0.000000,0x0003
2026-07-08T11:42:00.133333Z,1783510920,133333,1,0x0000,true,59.992332,-0.000558,88,95.021759,-143.608757,95.031761,-33.954332,55.001244,-180.000005,65.006454,-107.666376,85.016586,-144.271122,60.003452,-0.529673,0.000000,0.000000,0.000000,0x0004
2026-07-08T11:42:00.166666Z,1783510920,166666,1,0x0000,true,60.011223,0.000630,88,50.000000,-107.966255,50.000000,1.260818,60.004395,-143.835779,70.022034,-71.441245,90.006477,-108.031654,64.989273,35.144305,0.000000,0.000000,0.000000,0x0005
2026-07-08T11:42:00.2Z,1783510920,200000,1,0x0000,true,60.001007,-0.000341,88,55.008820,-72.274268,55.013996,37.514858,65.005096,-108.630887,75.014984,-34.911569,94.995018,-71.995542,69.983467,71.220575,0.000000,0.000000,0.000000,0x0006
2026-07-08T11:42:00.233333Z,1783510920,233333,1,0x0000,true,59.994293,-0.000224,88,60.010475,-36.544104,60.007801,74.174919,70.019157,-72.457864,80.020515,0.845758,99.992294,-36.212686,74.995392,107.704379,0.000000,0.000000,0.000000,0x0007
2026-07-08T11:42:00.266666Z,1783510920,266666,1,0x0000,true,59.999203,0.000164,88,65.018501,0.061635,65.023468,110.952953,75.028389,-37.383241,85.023346,35.969631,50.000000,-0.729945,79.989738,144.365310,0.000000,0.000000,0.000000,0x0008
2026-07-08T11:42:00.3Z,1783510920,300000,1,0x0000,true,60.009125,0.000331,88,70.023491,36.357934,70.020393,146.568524,80.022133,-1.742078,90.019691,72.589768,54.993729,35.436726,84.997292,-180.000005,0.000000,0.000000,0.000000,0x0009
2026-07-08T11:42:00.333333Z,1783510920,333333,1,0x0000,true,59.996437,-0.000423,88,75.015472,71.617675,75.013382,-180.000005,85.035042,34.300909,95.008659,107.849329,59.994228,71.371358,89.982925,-143.816313,0.000000,0.000000,0.000000,0x000A
2026-07-08T11:42:00.366666Z,1783510920,366666,1,0x0000,true,60.006687,0.000342,88,80.005478,107.976575,80.013077,-143.416351,90.039207,70.440069,50.000000,144.037802,64.979904,107.616420,94.998970,-107.807713,0.000000,0.000000,0.000000,0x000B
2026-07-08T11:42:00.4Z,1783510920,400000,1,0x0000,true,59.997841,-0.000295,88,85.014755,143.322640,85.024857,-106.932957,95.026764,105.841499,55.008942,179.710733,69.978569,144.458269,99.996834,-70.939451,0.000000,0.000000,0.000000,0x000C
2026-07-08T11:42:00.433333Z,1783510920,433333,1,0x0000,true,60.000668,0.000094,88,90.005966,179.414234,90.029404,-71.321812,50.000000,141.849929,60.012936,-180.000005,74.967163,-180.000005,50.000000,-34.272629,0.000000,0.000000,0.000000,0x000D
2026-07-08T11:42:00.466666Z,1783510920,466666,1,0x0000,true,59.988781,-0.000396,88,95.019943,-180.000005,95.019608,-35.087997,55.004322,178.163012,65.010239,-144.952201,79.981941,-143.326124,54.983845,0.899098,0.000000,0.000000,0.000000,0x000E
2026-07-08T11:42:00.5Z,1783510920,500000,1,0x0000,true,59.989944,0.000039,88,50.000000,-143.470965,50.000000,1.515819,59.991817,-180.000005,69.999809,-108.330489,84.995247,-106.813879,59.974506,36.331190,0.000000,0.000000,0.000000,0x000F
2026-07-08T11:42:00.533333Z,1783510920,533333,1,0x0000,true,59.988876,-0.000036,88,54.983551,-106.870993,54.994728,37.451150,65.001617,-143.541493,75.000404,-72.098131,89.999985,-71.471782,64.980453,71.485723,0.000000,0.000000,0.000000,0x0000
2026-07-08T11:42:00.566666Z,1783510920,566666,1,0x0000,true,60.010201,0.000711,88,59.978130,-71.586188,60.010422,74.338529,69.998901,-108.155800,80.008720,-36.405619,95.003319,-35.637578,69.984673,106.916530,0.000000,0.000000,0.000000,0x0001
2026-07-08T11:42:00.6Z,1783510920,600000,1,0x0000,true,59.992146,-0.000602,88,64.980568,-35.914074,64.994171,109.862302,75.006920,-71.338717,84.994888,0.333712,50.000000,0.609469,74.971840,142.352002,0.000000,0.000000,0.000000,0x0002
2026-07-08T11:42:00.633333Z,1783510920,633333,1,0x0000,true,60.004948,0.000427,88,69.987144,-0.362380,69.988976,145.118721,79.998642,-35.038747,89.978317,36.595505,54.988190,36.815833,79.958260,177.425338,0.000000,0.000000,0.000000,0x0003
2026-07-08T11:42:00.666666Z,1783510920,666666,1,0x0000,true,59.989799,-0.000505,88,74.985916,35.872075,74.991692,-180.000005,84.993988,1.492968,94.977806,72.770338,59.997398,73.119299,84.952919,-180.000005,0.000000,0.000000,0.000000,0x0004
2026-07-08T11:42:00.7Z,1783510920,700000,1,0x0000,true,59.989319,-0.000016,88,79.990852,72.817330,79.975403,-143.544062,90.006775,38.443235,99.991837,108.050649,65.007240,109.796848,89.943306,-143.527041,0.000000,0.000000,0.000000,0x0005
2026-07-08T11:42:00.733333Z,1783510920,733333,1,0x0000,true,60.007435,0.000604,88,84.996979,108.836886,84.968666,-107.006224,95.001556,74.365918,50.000000,144.717816,70.012032,145.735678,94.949036,-107.272301,0.000000,0.000000,0.000000,0x0006
2026-07-08T11:42:00.766666Z,1783510920,766666,1,0x0000,true,60.003994,-0.000115,88,90.011986,143.929571,89.961929,-71.598264,99.994087,110.452034,54.990395,179.999650,75.000259,-180.000005,99.935425,-71.225233,0.000000,0.000000,0.000000,0x0007
2026-07-08T11:42:00.8Z,1783510920,800000,1,0x0000,true,60.008675,0.000156,88,95.028061,-180.000005,94.955528,-35.607036,50.000000,146.246781,59.988396,-180.000005,79.987106,-144.912094,50.000000,-35.197867,0.000000,0.000000,0.000000,0x0008
2026-07-08T11:42:00.833333Z,1783510920,833333,1,0x0000,true,60.001244,-0.000248,88,50.000000,-143.250937,99.954300,-0.061229,55.008125,-180.000005,64.980385,-143.154126,84.982590,-109.006486,54.994911,-0.021594,0.000000,0.000000,0.000000,0x0009
2026-07-08T11:42:00.866666Z,1783510920,866666,1,0x0000,true,59.984974,-0.000542,88,54.987671,-107.891123,50.000000,35.913213,60.012188,-144.542499,69.974632,-107.855920,89.977127,-73.473970,59.986473,35.998546,0.000000,0.000000,0.000000,0x000A
2026-07-08T11:42:00.9Z,1783510920,900000,1,0x0000,true,60.015629,0.001022,88,59.997910,-71.279902,54.989857,71.920820,65.020134,-108.234483,74.964706,-71.689836,94.963844,-36.565261,64.980675,71.379056,0.000000,0.000000,0.000000,0x000B
2026-07-08T11:42:00.933333Z,1783510920,933333,1,0x0000,true,59.995422,-0.000674,88,65.012352,-35.471809,59.981491,107.872763,70.017273,-72.373934,79.959908,-35.140811,99.979614,-1.386015,69.965141,106.853173,0.000000,0.000000,0.000000,0x000C
2026-07-08T11:42:00.966666Z,1783510920,966666,1,0x0000,true,59.994400,-0.000034,88,70.010750,0.096905,64.972725,143.799347,75.025482,-36.137903,84.959023,1.719696,50.000000,33.698808,74.970177,143.006840,0.000000,0.000000,0.000000,0x000D
2026-07-08T11:42:01Z,1783510921,0,1,0x0000,true,60.003757,0.000312,88,75.026001,35.992662,69.968590,179.685953,80.010796,-0.862834,89.962944,37.314054,55.006065,68.971544,79.985146,179.058450,0.000000,0.000000,0.000000,0x000E
2026-07-08T11:42:01.033333Z,1783510921,33333,1,0x0000,true,60.009903,0.000205,88,80.020370,71.893376,74.958191,-180.000005,85.002632,34.202463,94.976280,74.126595,60.015400,105.713440,84.990356,-180.000005,0.000000,0.000000,0.000000,0x000F
2026-07-08T11:42:01.066666Z,1783510921,66666,1,0x0000,true,60.011230,0.000044,88,85.027840,107.092728,79.954857,-144.256901,90.016922,70.531983,99.966331,110.414270,65.023552,142.652107,89.993980,-144.284700,0.000000,0.000000,0.000000,0x0000
2026-07-08T11:42:01.1Z,1783510921,100000,1,0x0000,true,59.993435,-0.000593,88,90.019737,143.693042,84.966019,-107.759635,95.011169,105.921583,50.000000,145.725884,70.024521,178.893555,94.977646,-107.496700,0.000000,0.000000,0.000000,0x0001
2026-07-08T11:42:01.133333Z,1783510921,133333,1,0x0000,true,59.999535,0.000203,88,95.021805,-180.000005,89.965263,-72.446041,50.000000,141.691154,54.986233,-180.000005,75.029716,-180.000005,99.972176,-72.289595,0.000000,0.000000,0.000000,0x0002
2026-07-08T11:42:01.166666Z,1783510921,166666,1,0x0000,true,59.997139,-0.000080,88,50.000000,-144.797743,94.972809,-36.769849,55.013020,177.978132,59.998890,-143.655913,80.022057,-143.707085,50.000000,-35.701634,0.000000,0.000000,0.000000,0x0003
2026-07-08T11:42:01.2Z,1783510921,200000,1,0x0000,true,60.006790,0.000322,88,54.992889,-109.511428,99.960815,-1.178229,60.010643,-180.000005,65.013062,-106.934357,85.018631,-107.815759,55.009621,1.091786,0.000000,0.000000,0.000000,0x0004
2026-07-08T11:42:01.233333Z,1783510921,233333,1,0x0000,true,59.985714,-0.000703,88,59.988113,-73.947378,50.000000,35.108279,65.019768,-143.147255,70.020996,-71.681319,90.009865,-72.388913,60.011730,36.778120,0.000000,0.000000,0.000000,0x0005
2026-07-08T11:42:01.266666Z,1783510921,266666,1,0x0000,true,59.990818,0.000170,88,64.980850,-38.583831,54.988407,70.550923,70.026855,-107.042602,75.015900,-35.955174,95.014397,-35.483758,65.016319,72.769580,0.000000,0.000000,0.000000,0x0006
2026-07-08T11:42:01.3Z,1783510921,300000,1,0x0000,true,59.996700,0.000196,88,69.966866,-3.471789,59.976788,106.968692,75.016655,-70.167817,80.013657,-0.529320,50.000000,1.353668,70.009254,109.126964,0.000000,0.000000,0.000000,0x0007
2026-07-08T11:42:01.333333Z,1783510921,333333,1,0x0000,true,60.016586,0.000663,88,74.958946,33.403757,64.982155,143.516618,80.012993,-34.947595,85.016716,35.204284,55.000000,37.329217,75.011948,145.735323,0.000000,0.000000,0.000000,0x0008
2026-07-08T11:42:01.366666Z,1783510921,366666,1,0x0000,true,59.998119,-0.000616,88,79.973625,69.789814,69.967400,179.206159,85.001511,0.361803,90.004723,72.154433,59.989902,73.721510,79.998543,-180.000005,0.000000,0.000000,0.000000,0x0009
2026-07-08T11:42:01.4Z,1783510921,400000,1,0x0000,true,60.001640,0.000117,88,84.985611,105.371760,74.966972,-180.000005,90.010872,36.336828,95.011383,107.524041,64.994133,109.860492,84.999519,-143.916102,0.000000,0.000000,0.000000,0x000A
2026-07-08T11:42:01.433333Z,1783510921,433333,1,0x0000,true,59.995533,-0.000204,88,89.994972,141.673887,79.979111,-143.870872,95.010544,71.636083,50.000000,144.281039,69.997948,144.989726,89.999908,-107.316192,0.000000,0.000000,0.000000,0x000B
2026-07-08T11:42:01.466666Z,1783510921,466666,1,0x0000,true,59.993233,-0.000077,88,94.981949,178.352072,84.984886,-107.674012,50.000000,107.972484,54.988049,-180.000005,75.007965,-180.000005,94.992226,-71.085993,0.000000,0.000000,0.000000,0x000C
2026-07-08T11:42:01.5Z,1783510921,500000,1,0x0000,true,60.008953,0.000524,88,99.998421,-180.000005,89.985756,-71.316457,54.995834,143.138389,59.986416,-144.367987,79.992882,-144.388164,99.990509,-34.383558,0.000000,0.000000,0.000000,0x000D
2026-07-08T11:42:01.533333Z,1783510921,533333,1,0x0000,true,59.996784,-0.000406,88,50.000000,-143.395136,95.002182,-35.109454,60.008087,179.442785,64.983551,-107.901204,84.993401,-107.853707,50.000000,1.160150,0.000000,0.000000,0.000000,0x000E
2026-07-08T11:42:01.566666Z,1783510921,566666,1,0x0000,true,59.999596,0.000094,88,55.004276,-107.200140,99.999649,0.248206,65.008766,-180.000005,69.980148,-72.727028,90.004936,-72.775993,55.012524,36.227720,0.000000,0.000000,0.000000,0x000F
2026-07-08T11:42:01.6Z,1783510921,600000,1,0x0000,true,59.989151,-0.000348,88,60.015827,-71.028169,50.000000,35.609830,70.009911,-144.624912,74.988213,-35.906564,94.992851,-37.092865,60.008644,72.259167,0.000000,0.000000,0.000000,0x0000
2026-07-08T11:42:01.633333Z,1783510921,633333,1,0x0000,true,59.989704,0.000018,88,65.026749,-35.802936,55.009731,70.993662,74.999001,-108.677571,80.004677,0.731407,99.996185,-1.202821,65.025261,107.432004,0.000000,0.000000,0.000000,0x0001
2026-07-08T11:42:01.666666Z,1783510921,666666,1,0x0000,true,59.995056,0.000178,88,70.033813,-0.136652,60.022758,107.338629,79.990372,-73.437415,85.001129,37.472252,50.000000,35.194896,70.031410,142.954206,0.000000,0.000000,0.000000,0x0002
2026-07-08T11:42:01.7Z,1783510921,700000,1,0x0000,true,59.998024,0.000099,88,75.027550,35.196002,65.020126,144.132277,84.974602,-36.727635,89.998169,72.976617,55.013233,71.249596,75.022385,179.229109,0.000000,0.000000,0.000000,0x0003
2026-07-08T11:42:01.733333Z,1783510921,733333,1,0x0000,true,60.009518,0.000383,88,80.032791,71.196731,70.005257,-180.000005,89.977432,-1.628765,94.988152,108.690344,60.026527,107.761377,80.024597,-180.000005,0.000000,0.000000,0.000000,0x0004
2026-07-08T11:42:01.766666Z,1783510921,766666,1,0x0000,true,59.988178,-0.000711,88,85.022156,106.638029,75.013115,-144.786773,94.975395,33.428428,99.985397,144.544479,65.024696,143.734077,85.037056,-144.562607,0.000000,0.000000,0.000000,0x0005
2026-07-08T11:42:01.8Z,1783510921,800000,1,0x0000,true,60.009583,0.000713,88,90.030609,142.535420,80.026863,-109.565093,99.981476,69.285364,50.000000,-180.000005,70.038521,179.558720,90.052155,-108.740812,0.000000,0.000000,0.000000,0x0006
2026-07-08T11:42:01.833333Z,1783510921,833333,1,0x0000,true,60.009731,0.000005,88,95.043976,179.204985,85.025520,-73.045970,50.000000,105.433266,55.001774,-143.964009,75.038589,-180.000005,95.052910,-73.491155,0.000000,0.000000,0.000000,0x0007
2026-07-08T11:42:01.866666Z,1783510921,866666,1,0x0000,true,60.010483,0.000025,88,50.000000,-180.000005,90.028358,-37.362258,54.986488,140.523861,59.998501,-107.228991,80.046707,-144.443065,50.000000,-36.540539,0.000000,0.000000,0.000000,0x0008
2026-07-08T11:42:01.9Z,1783510921,900000,1,0x0000,true,60.014400,0.000131,88,54.992081,-143.216267,95.026115,-1.093529,59.992096,175.952162,65.000221,-70.705497,85.044098,-108.233438,55.014088,-1.412177,0.000000,0.000000,0.000000,0x0009
2026-07-08T11:42:01.933333Z,1783510921,933333,1,0x0000,true,60.014080,-0.000011,88,59.999504,-106.538896,50.000000,35.151476,64.976227,-180.000005,70.013840,-34.080872,90.033203,-72.654464,60.019978,34.366951,0.000000,0.000000,0.000000,0x000A
2026-07-08T11:42:01.966666Z,1783510921,966666,1,0x0000,true,59.998997,-0.000503,88,65.007889,-71.196799,54.986843,71.651423,69.986320,-143.877689,75.009758,2.673963,95.023949,-36.012353,65.036583,70.621752,0.000000,0.000000,0.000000,0x000B
2026-07-08T11:42:02Z,1783510922,0,1,0x0000,true,59.999897,0.000030,88,70.021767,-34.884296,59.996902,108.278845,74.975555,-108.663706,80.001602,38.166906,50.000000,-0.535790,70.023087,105.674166,0.000000,0.000000,0.000000,0x000C
2026-07-08T11:42:02.033333Z,1783510922,33333,1,0x0000,true,60.007458,0.000252,88,75.023621,1.457115,64.986031,143.911676,79.989166,-73.578650,85.007568,73.213201,55.009911,35.798743,75.009041,142.124803,0.000000,0.000000,0.000000,0x000D
2026-07-08T11:42:02.066666Z,1783510922,66666,1,0x0000,true,59.984062,-0.000780,88,80.030029,36.612929,69.984245,179.769541,84.997452,-37.736515,90.015648,109.286674,59.994514,72.317285,80.015343,178.387875,0.000000,0.000000,0.000000,0x000E
2026-07-08T11:42:02.1Z,1783510922,100000,1,0x0000,true,59.996445,0.000413,88,85.035919,72.233342,74.971909,-180.000005,89.994232,-2.504171,95.031067,146.239445,64.980370,108.437265,85.019371,-180.000005,0.000000,0.000000,0.000000,0x000F
2026-07-08T11:42:02.133333Z,1783510922,133333,1,0x0000,true,60.014576,0.000604,88,90.047585,108.006055,79.961929,-143.700623,94.997055,33.089780,50.000000,-180.000005,69.966949,145.054490,90.025291,-143.524240,0.000000,0.000000,0.000000,0x0000
2026-07-08T11:42:02.166666Z,1783510922,166666,1,0x0000,true,60.011414,-0.000105,88,95.055695,144.918268,84.962753,-108.635265,99.981674,68.890996,55.010319,-144.604285,74.966888,-180.000005,95.015160,-107.147684,0.000000,0.000000,0.000000,0x0001
2026-07-08T11:42:02.2Z,1783510922,200000,1,0x0000,true,60.011948,0.000018,88,50.000000,-180.000005,89.953941,-71.888943,50.000000,105.301245,60.026764,-108.151661,79.965103,-143.116178,50.000000,-71.342152,0.000000,0.000000,0.000000,0x0002
2026-07-08T11:42:02.233333Z,1783510922,233333,1,0x0000,true,60.011864,-0.000003,88,54.998661,-144.700754,94.967529,-36.803887,54.997139,141.117145,65.020737,-72.632956,84.980286,-107.516282,55.003109,-35.876723,0.000000,0.000000,0.000000,0x0003
2026-07-08T11:42:02.266666Z,1783510922,266666,1,0x0000,true,59.997974,-0.000463,88,59.999828,-108.065928,99.955986,-0.999523,60.013741,177.754594,70.004578,-37.389244,89.974899,-71.648384,59.998928,0.232477,0.000000,0.000000,0.000000,0x0004
2026-07-08T11:42:02.3Z,1783510922,300000,1,0x0000,true,60.005005,0.000234,88,65.002815,-71.131400,50.000000,34.857939,65.021400,-180.000005,74.989807,-1.165454,94.966194,-34.984359,65.014107,35.780557,0.000000,0.000000,0.000000,0x0005
2026-07-08T11:42:02.333333Z,1783510922,333333,1,0x0000,true,60.011665,0.000222,88,70.001007,-36.040634,54.996559,70.759230,70.031593,-143.748407,79.995041,35.747567,99.969673,0.283715,70.011551,71.625373,0.000000,0.000000,0.000000,0x0006
2026-07-08T11:42:02.366666Z,1783510922,366666,1,0x0000,true,60.008717,-0.000098,88,74.994873,-0.799430,59.989807,106.221743,75.045860,-106.955742,84.995277,72.463874,50.000000,35.367430,75.004860,107.373142,0.000000,0.000000,0.000000,0x0007
2026-07-08T11:42:02.4Z,1783510922,400000,1,0x0000,true,59.985653,-0.000769,88,79.989258,34.668681,64.996330,142.238621,80.057762,-71.022916,89.983139,109.008002,55.013866,71.546109,80.019279,143.462755,0.000000,0.000000,0.000000,0x0008
2026-07-08T11:42:03.033333Z,1783510923,33333,1,0x0000,true,60.006737,0.000166,88,70.020737,-72.206308,55.009636,35.662583,69.986725,-180.000005,75.022804,74.225974,99.972237,36.666440,70.036980,107.028607,0.000000,0.000000,0.000000,0x000B
2026-07-08T11:42:03.066666Z,1783510923,66666,1,0x0000,true,59.995316,-0.000381,88,75.006958,-36.736155,60.022888,71.222726,74.987625,-144.114505,80.030502,109.297158,50.000000,72.591223,75.029793,142.651697,0.000000,0.000000,0.000000,0x000C
2026-07-08T11:42:03.1Z,1783510923,100000,1,0x0000,true,59.988510,-0.000227,88,80.010719,-0.151458,65.012573,106.594138,79.979347,-108.732192,85.037216,144.962337,54.985775,109.236069,80.027031,179.322956,0.000000,0.000000,0.000000,0x000D
2026-07-08T11:42:03.133333Z,1783510923,133333,1,0x0000,true,59.989197,0.000023,88,85.012314,36.015738,70.026855,142.957635,84.964592,-72.773548,90.044083,-180.000005,59.979023,144.626783,85.035606,-180.000005,0.000000,0.000000,0.000000,0x000E
2026-07-08T11:42:03.166666Z,1783510923,166666,1,0x0000,true,59.996601,0.000247,88,90.015587,72.960818,75.038383,179.100647,89.975487,-36.970233,95.036713,-143.725977,64.984222,-180.000005,90.022614,-143.086343,0.000000,0.000000,0.000000,0x000F
2026-07-08T11:42:03.2Z,1783510923,200000,1,0x0000,true,59.999870,0.000109,88,95.006424,108.979152,80.047966,-180.000005,94.965599,-0.618854,50.000000,-108.542532,69.970184,-144.893734,95.033409,-107.491113,0.000000,0.000000,0.000000,0x0000
2026-07-08T11:42:03.233333Z,1783510923,233333,1,0x0000,true,60.001007,0.000038,88,99.996811,144.259059,85.047478,-143.429642,99.951851,35.846650,54.985916,-73.392370,74.954521,-109.181694,50.000000,-71.213929,0.000000,0.000000,0.000000,0x0001
2026-07-08T11:42:03.266666Z,1783510923,266666,1,0x0000,true,59.987286,-0.000457,88,50.000000,179.856803,90.039162,-107.232665,50.000000,72.599153,59.989021,-36.537691,79.955185,-73.327497,55.008865,-35.540650,0.000000,0.000000,0.000000,0x0002
2026-07-08T11:42:03.3Z,1783510923,300000,1,0x0000,true,59.996426,0.000305,88,54.985615,-180.000005,95.027725,-71.298787,55.009968,108.033983,64.996506,-0.355342,84.947472,-38.007725,59.994774,0.212713,0.000000,0.000000,0.000000,0x0003
2026-07-08T11:42:03.333333Z,1783510923,333333,1,0x0000,true,60.009365,0.000431,88,59.987831,-143.075852,50.000000,-34.674920,59.998348,144.938677,69.980827,34.795986,89.951126,-1.221183,64.979225,35.872235,0.000000,0.000000,0.000000,0x0004
2026-07-08T11:42:03.366666Z,1783510923,366666,1,0x0000,true,59.992424,-0.000565,88,64.973831,-106.683327,54.986717,0.513535,64.989433,-180.000005,74.976044,70.978568,94.954269,34.100163,69.971649,72.436595,0.000000,0.000000,0.000000,0x0005
2026-07-08T11:42:03.4Z,1783510923,400000,1,0x0000,true,60.013470,0.000702,88,69.987343,-70.282462,59.970203,35.653031,69.988174,-144.804382,79.981857,106.064150,99.960030,70.795662,74.977722,107.596899,0.000000,0.000000,0.000000,0x0006
2026-07-08T11:42:03.433333Z,1783510923,433333,1,0x0000,true,60.010380,-0.000103,88,74.987778,-34.202579,64.972252,71.972292,75.001762,-108.117161,84.979996,142.032937,50.000000,107.531493,79.990410,143.747191,0.000000,0.000000,0.000000,0x0007
2026-07-08T11:42:03.466666Z,1783510923,466666,1,0x0000,true,60.008091,-0.000076,88,79.987595,2.210933,69.972031,108.094956,80.000252,-72.970087,89.970367,177.235909,54.993713,144.415840,85.003464,179.297315,0.000000,0.000000,0.000000,0x0008
2026-07-08T11:42:03.5Z,1783510923,500000,1,0x0000,true,59.997345,-0.000358,88,84.997604,38.794641,74.981735,144.520246,84.986412,-36.846664,94.980820,-180.000005,59.991074,179.918808,90.019180,-180.000005,0.000000,0.000000,0.000000,0x0009
2026-07-08T11:42:03.533333Z,1783510923,533333,1,0x0000,true,60.004700,0.000245,88,89.996353,74.729448,79.970734,179.762670,89.973145,-1.034490,99.965485,-143.540797,64.994804,-180.000005,95.021996,-143.795098,0.000000,0.000000,0.000000,0x000A
2026-07-08T11:42:03.566666Z,1783510923,566666,1,0x0000,true,60.006771,0.000069,88,95.004814,111.136959,84.974747,-180.000005,94.978874,34.687225,50.000000,-107.370219,69.982224,-144.044619,50.000000,-108.089526,0.000000,0.000000,0.000000,0x000B
2026-07-08T11:42:03.6Z,1783510923,600000,1,0x0000,true,60.009850,0.000103,88,50.000000,147.524177,89.986855,-143.183441,99.981148,70.177311,55.007301,-71.184956,74.969604,-108.858032,54.987900,-72.682556,0.000000,0.000000,0.000000,0x000C
2026-07-08T11:42:03.633333Z,1783510923,633333,1,0x0000,true,60.014454,0.000153,88,55.007542,-180.000005,95.003212,-106.597109,50.000000,105.778197,59.996769,-35.035305,79.975204,-72.660119,59.991817,-37.044190,0.000000,0.000000,0.000000,0x000D
2026-07-08T11:42:03.666666Z,1783510923,666666,1,0x0000,true,60.009960,-0.000150,88,60.015457,-144.060711,50.000000,-70.893054,54.985039,141.818906,65.007057,1.849916,84.979164,-37.074444,65.006271,-0.184149,0.000000,0.000000,0.000000,0x000E
2026-07-08T11:42:03.7Z,1783510923,700000,1,0x0000,true,60.014259,0.000143,88,65.020355,-108.728695,54.993675,-34.164449,59.979401,176.945982,70.009659,38.619963,89.989326,-0.190681,70.020149,35.293636,0.000000,0.000000,0.000000,0x000F
2026-07-08T11:42:03.733333Z,1783510923,733333,1,0x0000,true,59.988609,-0.000855,88,70.036797,-72.546349,60.009590,0.901722,64.983803,-180.000005,75.024078,74.678222,94.990471,35.596897,75.035248,70.723515,0.000000,0.000000,0.000000,0x0000
2026-07-08T11:42:03.766666Z,1783510923,766666,1,0x0000,true,59.984787,-0.000127,88,75.023567,-36.440531,65.014236,37.210201,69.983269,-143.586846,80.018166,111.416156,99.996239,71.601474,80.021103,107.264146,0.000000,0.000000,0.000000,0x0001
2026-07-08T11:42:03.8Z,1783510923,800000,1,0x0000,true,60.010857,0.000869,88,80.027580,0.123766,70.001266,73.156257,74.982651,-107.332571,85.026932,147.868541,50.000000,107.326977,85.023018,143.307423,0.000000,0.000000,0.000000,0x0002
2026-07-08T11:42:03.833333Z,1783510923,833333,1,0x0000,true,60.014141,0.000109,88,85.014450,36.771881,75.017487,109.714203,79.975014,-70.879598,90.022461,-180.000005,55.006393,143.168237,90.026016,-180.000005,0.000000,0.000000,0.000000,0x0003
2026-07-08T11:42:03.866666Z,1783510923,866666,1,0x0000,true,59.997074,-0.000569,88,90.003716,72.517901,80.005325,146.224815,84.982857,-34.469933,95.012337,-143.453316,60.007385,178.979124,95.011299,-144.874446,0.000000,0.000000,0.000000,0x0004
2026-07-08T11:42:03.9Z,1783510923,900000,1,0x0000,true,59.994637,-0.000081,88,94.996033,108.526617,85.013680,-180.000005,89.996536,0.645082,99.998520,-106.764114,65.012451,-180.000005,50.000000,-108.048033,0.000000,0.000000,0.000000,0x0005
2026-07-08T11:42:03.933333Z,1783510923,933333,1,0x0000,true,59.985832,-0.000293,88,99.979858,144.009006,90.016457,-143.298626,94.995392,36.351701,50.000000,-69.921910,70.025253,-143.344729,54.994602,-72.953305,0.000000,0.000000,0.000000,0x0006
2026-07-08T11:42:03.966666Z,1783510923,966666,1,0x0000,true,59.998432,0.000420,88,50.000000,-180.000005,95.031906,-106.478975,50.000000,71.747715,54.990490,-33.804085,75.038086,-107.783711,59.984806,-37.613889,0.000000,0.000000,0.000000,0x0007
2026-07-08T11:42:04Z,1783510924,0,1,0x0000,true,60.013847,0.000514,88,54.996548,-143.537996,50.000000,-70.185241,54.995033,108.615157,59.989838,1.495813,80.030182,-71.288836,64.990479,-2.421821,0.000000,0.000000,0.000000,0x0008
2026-07-08T11:42:04.033333Z,1783510924,33333,1,0x0000,true,59.997917,-0.000531,88,59.989452,-106.923108,55.011131,-33.711461,59.986942,143.983366,64.974281,37.276686,85.038933,-36.179884,69.987396,32.698031,0.000000,0.000000,0.000000,0x0009
2026-07-08T11:42:04.066666Z,1783510924,66666,1,0x0000,true,59.983772,-0.000471,88,64.979401,-71.792706,60.015438,2.239376,64.994789,179.574689,69.989693,73.195524,90.034752,0.756861,74.997971,68.672067,0.000000,0.000000,0.000000,0x000A
2026-07-08T11:42:04.1Z,1783510924,100000,1,0x0000,true,60.013546,0.000992,88,69.975449,-36.219329,65.017189,38.158214,69.984718,-180.000005,74.994415,110.132791,95.030243,37.408587,79.999001,105.360688,0.000000,0.000000,0.000000,0x000B
2026-07-08T11:42:04.133333Z,1783510924,133333,1,0x0000,true,60.009796,-0.000125,88,74.974510,0.248913,70.009872,73.808240,74.990013,-143.720144,79.979027,145.384374,50.000000,72.687911,84.992561,141.850666,0.000000,0.000000,0.000000,0x000C
2026-07-08T11:42:04.166666Z,1783510924,166666,1,0x0000,true,60.002811,-0.000233,88,79.985962,36.722403,75.018608,109.569471,79.991837,-107.708108,84.963806,-180.000005,54.995926,108.087709,89.988708,177.897263,0.000000,0.000000,0.000000,0x000D
2026-07-08T11:42:04.2Z,1783510924,200000,1,0x0000,true,59.989136,-0.000456,88,84.982658,72.061296,80.009003,146.168562,85.008484,-72.637976,89.951431,-144.568959,59.997517,144.727023,94.986778,-180.000005,0.000000,0.000000,0.000000,0x000E
2026-07-08T11:42:04.233333Z,1783510924,233333,1,0x0000,true,59.992756,0.000121,88,89.984253,108.869056,85.022438,-180.000005,89.996147,-35.979664,94.961037,-108.006294,64.996338,-180.000005,99.974159,-143.385232,0.000000,0.000000,0.000000,0x000F
2026-07-08T11:42:04.266666Z,1783510924,266666,1,0x0000,true,60.007603,0.000495,88,94.973755,144.314316,90.028503,-143.224245,95.012016,-0.860395,99.945427,-72.935226,69.985451,-143.205940,50.000000,-108.060853,0.000000,0.000000,0.000000,0x0000
2026-07-08T11:42:04.3Z,1783510924,300000,1,0x0000,true,59.984119,-0.000783,88,99.982689,-180.000005,95.017578,-107.211102,99.997917,34.503561,50.000000,-36.473395,74.999146,-107.458403,55.008839,-71.511828,0.000000,0.000000,0.000000,0x0001
2026-07-08T11:42:04.333333Z,1783510924,333333,1,0x0000,true,60.011032,0.000897,88,50.000000,-144.596826,50.000000,-71.223840,50.000000,70.230758,54.993855,0.225369,79.990532,-71.217829,60.014416,-35.946497,0.000000,0.000000,0.000000,0x0002
2026-07-08T11:42:04.366666Z,1783510924,366666,1,0x0000,true,59.997135,-0.000463,88,55.011669,-108.104334,54.999706,-35.482307,55.006409,106.918449,59.991219,36.221145,84.994995,-34.855552,65.028915,-0.811781,0.000000,0.000000,0.000000,0x0003
2026-07-08T11:42:04.4Z,1783510924,400000,1,0x0000,true,59.991737,-0.000180,88,60.027100,-71.941105,60.008156,-0.217322,59.990192,142.204074,64.994247,72.439279,89.988846,0.801407,70.019325,35.413698,0.000000,0.000000,0.000000,0x0004
2026-07-08T11:42:04.433333Z,1783510924,433333,1,0x0000,true,59.999435,0.000257,88,65.010719,-35.694582,64.991508,36.695236,65.003395,178.615949,69.999680,108.851393,94.973442,37.060285,75.023705,71.097058,0.000000,0.000000,0.000000,0x0005
2026-07-08T11:42:04.466666Z,1783510924,466666,1,0x0000,true,60.011791,0.000412,88,70.020042,0.530549,69.993042,71.838461,69.997154,-180.000005,75.002182,145.251677,99.987480,73.493088,80.028145,107.125356,0.000000,0.000000,0.000000,0x0006
2026-07-08T11:42:04.5Z,1783510924,500000,1,0x0000,true,60.001522,-0.000342,88,75.004105,35.673716,74.996262,108.516939,74.997505,-144.173204,79.990288,-180.000005,50.000000,109.504543,85.040306,143.261251,0.000000,0.000000,0.000000,0x0007
2026-07-08T11:42:04.533333Z,1783510924,533333,1,0x0000,true,60.009537,0.000267,88,80.004662,72.432517,79.994354,144.588958,79.986786,-107.943934,84.982964,-143.778542,54.994999,145.225968,90.054718,178.875373,0.000000,0.000000,0.000000,0x0008
2026-07-08T11:42:04.566666Z,1783510924,566666,1,0x0000,true,60.003979,-0.000185,88,85.001663,107.936940,84.985687,-180.000005,84.985237,-71.339591,89.975670,-108.010665,60.000309,-180.000005,95.057152,-180.000005,0.000000,0.000000,0.000000,0x0009
2026-07-08T11:42:04.6Z,1783510924,600000,1,0x0000,true,60.007359,0.000113,88,89.994644,143.957370,89.971321,-144.043567,89.976959,-34.985298,94.970634,-72.479024,65.016327,-143.849535,50.000000,-143.347694,0.000000,0.000000,0.000000,0x000A
2026-07-08T11:42:04.633333Z,1783510924,633333,1,0x0000,true,60.011894,0.000151,88,94.985107,179.183128,94.975136,-108.346683,94.976494,0.102789,99.959213,-37.337547,70.012634,-108.638988,54.984982,-106.569720,0.000000,0.000000,0.000000,0x000B
2026-07-08T11:42:04.666666Z,1783510924,666666,1,0x0000,true,59.987305,-0.000820,88,99.990211,-180.000005,99.982513,-72.463867,99.981125,36.350943,50.000000,-1.283427,75.019394,-72.876882,59.987663,-70.830346,0.000000,0.000000,0.000000,0x000C
2026-07-08T11:42:04.7Z,1783510924,700000,1,0x0000,true,60.008854,0.000718,88,50.000000,-143.214218,50.000000,-37.067505,50.000000,72.907550,54.986370,34.700342,80.017624,-36.981708,64.982788,-34.009646,0.000000,0.000000,0.000000,0x000D
2026-07-08T11:42:04.733333Z,1783510924,733333,1,0x0000,true,59.988430,-0.000681,88,55.005280,-108.164952,55.007820,-1.538368,54.984123,109.494230,59.984703,70.155045,85.011787,-0.344902,69.970612,1.439989,0.000000,0.000000,0.000000,0x000E
2026-07-08T11:42:04.766666Z,1783510924,766666,1,0x0000,true,59.984032,-0.000147,88,60.020798,-71.855776,60.009342,34.173147,59.999275,145.405493,64.982162,105.901530,90.018623,35.645279,74.963768,36.773984,0.000000,0.000000,0.000000,0x000F
2026-07-08T11:42:04.8Z,1783510924,800000,1,0x0000,true,60.002106,0.000602,88,65.036499,-36.217003,65.013260,70.229193,64.994995,-180.000005,69.976837,140.948002,95.015419,72.333083,79.964821,73.317006,0.000000,0.000000,0.000000,0x0000
2026-07-08T11:42:04.833333Z,1783510924,833333,1,0x0000,true,60.010826,0.000291,88,70.023193,0.566916,70.015839,106.607327,69.986519,-143.899901,74.968430,176.794679,50.000000,107.985086,84.979050,109.691991,0.000000,0.000000,0.000000,0x0001
2026-07-08T11:42:04.866666Z,1783510924,866666,1,0x0000,true,59.994694,-0.000538,88,75.038139,35.792210,75.015030,142.156809,74.984116,-107.192975,79.974518,-180.000005,55.006695,143.479953,89.976746,145.769665,0.000000,0.000000,0.000000,0x0002
2026-07-08T11:42:04.9Z,1783510924,900000,1,0x0000,true,59.996479,0.000060,88,80.034813,72.362337,80.015297,177.709323,79.968582,-72.138634,84.976585,-144.783276,60.009514,179.168976,94.975281,-180.000005,0.000000,0.000000,0.000000,0x0003
2026-07-08T11:42:04.933333Z,1783510924,933333,1,0x0000,true,59.999794,0.000110,88,85.040428,108.105092,85.005836,-180.000005,84.982277,-35.369926,89.984047,-109.304788,65.001129,-180.000005,99.965874,-143.809961,0.000000,0.000000,0.000000,0x0004
2026-07-08T11:42:04.966666Z,1783510924,966666,1,0x0000,true,60.005146,0.000178,88,90.029953,143.162636,89.998779,-144.173436,89.967430,1.344399,94.977692,-73.608662,70.007095,-143.943846,50.000000,-108.752765,0.000000,0.000000,0.000000,0x0005
2026-07-08T11:42:05Z,1783510925,0,1,0x0000,true,59.991043,-0.000470,88,95.028091,179.854577,95.008102,-108.344012,94.956474,36.424617,99.971657,-37.215959,75.015167,-108.213508,55.012630,-73.591177,0.000000,0.000000,0.000000,0x0006
2026-07-08T11:42:05.033333Z,1783510925,33333,1,0x0000,true,60.014385,0.000778,88,50.000000,-180.000005,50.000000,-73.134223,99.948593,73.363458,50.000000,-1.569958,80.001762,-71.589467,60.000095,-38.313079,0.000000,0.000000,0.000000,0x0007
2026-07-08T11:42:05.066666Z,1783510925,66666,1,0x0000,true,60.000027,-0.000479,88,54.989082,-143.619071,54.986500,-37.509206,50.000000,109.894650,55.000755,34.452977,85.000809,-35.548054,65.015121,-2.644172,0.000000,0.000000,0.000000,0x0008
2026-07-08T11:42:05.1Z,1783510925,100000,1,0x0000,true,60.009476,0.000315,88,59.995739,-107.499610,59.977303,-2.270392,55.001606,145.851901,60.012802,70.931829,90.010460,0.579914,69.998795,33.319896,0.000000,0.000000,0.000000,0x0009
2026-07-08T11:42:05.133333Z,1783510925,133333,1,0x0000,true,60.011459,0.000066,88,65.008202,-71.179819,64.974724,33.312544,59.992805,-180.000005,65.001244,107.387834,95.000572,37.122239,75.005699,69.658162,0.000000,0.000000,0.000000,0x000A
2026-07-08T11:42:05.166666Z,1783510925,166666,1,0x0000,true,59.997250,-0.000474,88,70.015823,-35.031975,69.959541,69.373077,64.980125,-143.880845,69.986328,143.030103,99.993317,73.691082,80.004219,106.494773,0.000000,0.000000,0.000000,0x000B
2026-07-08T11:42:05.2Z,1783510925,200000,1,0x0000,true,60.012077,0.000494,88,75.026405,1.433586,74.948303,104.574124,69.996353,-108.422348,74.983055,179.211118,50.000000,109.508266,84.998749,142.675835,0.000000,0.000000,0.000000,0x000C
2026-07-08T11:42:05.233333Z,1783510925,233333,1,0x0000,true,60.010422,-0.000055,88,80.036751,37.556424,79.946892,141.457999,74.994316,-71.668676,79.993103,-180.000005,54.985962,145.251841,90.008469,177.856418,0.000000,0.000000,0.000000,0x000D
2026-07-08T11:42:05.266666Z,1783510925,266666,1,0x0000,true,59.986153,-0.000809,88,85.039986,73.500321,84.960434,177.874887,79.996201,-35.047610,84.988129,-144.508812,59.980801,-180.000005,95.000183,-180.000005,0.000000,0.000000,0.000000,0x000E
2026-07-08T11:42:05.3Z,1783510925,300000,1,0x0000,true,59.987080,0.000031,88,90.025681,108.924776,89.967514,-180.000005,84.996544,1.137770,89.997185,-108.783310,64.982124,-143.254325,50.000000,-144.704825,0.000000,0.000000,0.000000,0x000F
2026-07-08T11:42:05.333333Z,1783510925,333333,1,0x0000,true,60.002216,0.000505,88,95.018501,145.053684,94.963303,-144.323468,90.006958,36.893813,95.013458,-72.171686,69.968254,-107.988521,55.008209,-108.521604,0.000000,0.000000,0.000000,0x0000
2026-07-08T11:42:05.366666Z,1783510925,366666,1,0x0000,true,59.994106,-0.000270,88,50.000000,-180.000005,99.967812,-107.871370,95.022057,73.041777,50.000000,-35.310712,74.977257,-71.384178,60.021133,-72.762354,0.000000,0.000000,0.000000,0x0001
2026-07-08T11:42:05.4Z,1783510925,400000,1,0x0000,true,59.984276,-0.000328,88,54.990883,-143.354223,50.000000,-71.640877,50.000000,108.350767,55.010307,0.302415,79.992088,-35.730775,65.030838,-36.824166,0.000000,0.000000,0.000000,0x0002
2026-07-08T11:42:05.433333Z,1783510925,433333,1,0x0000,true,59.996769,0.000416,88,59.989410,-106.960066,54.992340,-35.853825,55.011169,145.112068,60.012875,35.727104,84.977760,0.504206,70.041870,-1.771401,0.000000,0.000000,0.000000,0x0003
2026-07-08T11:42:05.466666Z,1783510925,466666,1,0x0000,true,60.003151,0.000213,88,64.973564,-70.987720,59.985023,-0.047479,60.025436,-180.000005,65.005905,72.214347,89.970444,37.334231,75.052773,34.130766,0.000000,0.000000,0.000000,0x0004
2026-07-08T11:42:05.5Z,1783510925,500000,1,0x0000,true,60.005611,0.000082,88,69.986870,-34.152158,64.999382,35.438583,65.014717,-144.519945,70.009102,108.917366,94.975403,73.971563,80.044151,69.176538,0.000000,0.000000,0.000000,0x0005
2026-07-08T11:42:05.533333Z,1783510925,533333,1,0x0000,true,59.987804,-0.000594,88,74.992096,2.296616,70.009705,72.083610,70.029945,-108.309622,75.000877,144.172972,99.988655,110.560573,85.051254,104.642494,0.000000,0.000000,0.000000,0x0006
2026-07-08T11:42:05.566666Z,1783510925,566666,1,0x0000,true,60.001755,0.000465,88,79.984978,37.435413,75.023018,107.209525,75.036880,-72.502055,80.012459,-180.000005,50.000000,146.701125,90.065536,139.813112,0.000000,0.000000,0.000000,0x0007
2026-07-08T11:42:05.6Z,1783510925,600000,1,0x0000,true,60.006260,0.000150,88,84.981056,73.552832,80.036385,142.460466,80.044998,-35.984794,85.004936,-144.304630,55.013809,-180.000005,95.065453,174.988340,0.000000,0.000000,0.000000,0x0008
2026-07-08T11:42:05.633333Z,1783510925,633333,1,0x0000,true,59.998657,-0.000253,88,89.972382,109.803084,85.052261,179.228303,85.034546,0.606898,89.989006,-109.064652,60.007866,-143.133321,50.000000,-180.000005,0.000000,0.000000,0.000000,0x0009
2026-07-08T11:42:05.666666Z,1783510925,666666,1,0x0000,true,59.995567,-0.000103,88,94.987831,146.183779,90.051598,-180.000005,90.050888,37.050368,94.998375,-73.709380,65.020470,-107.475841,54.990627,-144.261969,0.000000,0.000000,0.000000,0x000A
2026-07-08T11:42:05.7Z,1783510925,700000,1,0x0000,true,59.988163,-0.000247,88,99.994202,-180.000005,95.057114,-144.658079,95.065460,73.238896,50.000000,-37.874881,70.032303,-71.693743,60.006767,-107.612458,0.000000,0.000000,0.000000,0x000B
2026-07-08T11:42:05.733333Z,1783510925,733333,1,0x0000,true,59.993839,0.000189,88,50.000000,-144.283648,50.000000,-109.237995,50.000000,109.999910,54.985226,-2.494723,75.043312,-34.817559,65.004036,-71.356086,0.000000,0.000000,0.000000,0x000C
2026-07-08T11:42:05.766666Z,1783510925,766666,1,0x0000,true,59.987125,-0.000224,88,54.998314,-108.242120,54.995342,-72.788349,54.992210,145.462197,59.991398,34.352494,80.053665,2.003431,70.019722,-35.403852,0.000000,0.000000,0.000000,0x000D
2026-07-08T11:42:05.8Z,1783510925,800000,1,0x0000,true,60.006390,0.000642,88,59.986500,-72.259112,60.004509,-36.724670,59.982742,-180.000005,64.977394,70.319420,85.038078,37.472241,75.012924,-0.035992,0.000000,0.000000,0.000000,0x000E
2026-07-08T11:42:05.833333Z,1783510925,833333,1,0x0000,true,59.993813,-0.000419,88,65.000351,-35.834816,65.014679,-0.276187,64.994484,-143.133089,69.969528,105.473721,90.031433,74.086201,80.017830,35.164645,0.000000,0.000000,0.000000,0x000F
2026-07-08T11:42:05.866666Z,1783510925,866666,1,0x0000,true,59.985355,-0.000282,88,70.006943,0.607314,70.007622,35.754268,69.978630,-106.621247,74.976120,140.567001,95.028030,110.271929,85.014397,70.696406,0.000000,0.000000,0.000000,0x0000
2026-07-08T11:42:05.9Z,1783510925,900000,1,0x0000,true,59.993050,0.000256,88,75.008705,36.998677,75.017250,71.064252,74.965988,-71.442583,79.961586,176.515734,50.000000,145.879522,90.000183,106.477977,0.000000,0.000000,0.000000,0x0001
2026-07-08T11:42:05.933333Z,1783510925,933333,1,0x0000,true,60.013611,0.000685,88,79.997993,73.589264,80.008041,106.137363,79.955238,-35.128158,84.945892,-180.000005,54.988892,-180.000005,94.989296,142.948373,0.000000,0.000000,0.000000,0x0002
2026-07-08T11:42:05.966666Z,1783510925,966666,1,0x0000,true,59.995296,-0.000610,88,85.004372,109.212362,85.017479,141.778116,84.957817,0.753843,89.954010,-144.793713,59.973213,-143.857581,99.987526,179.640546,0.000000,0.000000,0.000000,0x0003
2026-07-08T11:42:06Z,1783510926,0,1,0x0000,true,59.988327,-0.000232,88,90.008339,144.549042,90.014824,176.974149,89.941727,35.915252,94.938965,-109.466363,64.986809,-108.387896,50.000000,-180.000005,0.000000,0.000000,0.000000,0x0004
2026-07-08T11:42:06.033333Z,1783510926,33333,1,0x0000,true,60.002666,0.000478,88,95.019356,-180.000005,95.014862,-180.000005,94.937157,72.077088,99.949547,-73.933731,69.988205,-72.659593,55.015278,-144.405990,0.000000,0.000000,0.000000,0x0005
2026-07-08T11:42:06.066666Z,1783510926,66666,1,0x0000,true,59.993309,-0.000312,88,50.000000,-144.628586,50.000000,-143.648277,99.927437,107.373955,50.000000,-38.349105,74.985001,-36.194265,60.031101,-107.555856,0.000000,0.000000,0.000000,0x0006
2026-07-08T11:42:06.1Z,1783510926,100000,1,0x0000,true,60.010838,0.000584,88,54.989048,-109.472599,54.998901,-107.079259,50.000000,144.309248,54.986069,-2.209363,79.988480,-1.014961,65.023628,-71.549940,0.000000,0.000000,0.000000,0x0007
2026-07-08T11:42:06.133333Z,1783510926,133333,1,0x0000,true,59.994434,-0.000547,88,59.997082,-74.106548,59.995586,-70.984633,55.013401,-180.000005,59.990448,33.852566,84.979454,34.437414,70.030830,-35.915713,0.000000,0.000000,0.000000,0x0008
2026-07-08T11:42:06.166666Z,1783510926,166666,1,0x0000,true,59.991905,-0.000084,88,64.981796,-38.095561,64.980110,-35.744361,60.002087,-144.896767,64.984756,69.045740,89.972443,70.645582,75.024307,-0.492132,0.000000,0.000000,0.000000,0x0009
2026-07-08T11:42:06.2Z,1783510926,200000,1,0x0000,true,59.985142,-0.000225,88,69.975708,-2.006470,69.988937,0.230490,64.999031,-109.412978,70.000214,105.619423,94.981606,105.875889,80.034119,34.569609,0.000000,0.000000,0.000000,0x000A
2026-07-08T11:42:06.233333Z,1783510926,233333,1,0x0000,true,60.005463,0.000677,88,74.976646,34.463987,74.980888,36.158304,69.995964,-74.240844,75.003654,142.488784,99.965523,142.760475,85.043045,71.164451,0.000000,0.000000,0.000000,0x000B
2026-07-08T11:42:06.266666Z,1783510926,266666,1,0x0000,true,60.011528,0.000202,88,79.979584,70.606466,79.971764,71.719671,74.984070,-39.191694,79.987473,178.764274,50.000000,178.457298,90.026840,107.432537,0.000000,0.000000,0.000000,0x000C
2026-07-08T11:42:06.3Z,1783510926,300000,1,0x0000,true,59.999508,-0.000401,88,84.976944,106.194764,84.986443,108.093488,79.979744,-2.819624,84.992996,-180.000005,55.012939,-180.000005,95.028297,143.482289,0.000000,0.000000,0.000000,0x000D
2026-07-08T11:42:06.333333Z,1783510926,333333,1,0x0000,true,60.014812,0.000510,88,89.991951,142.854062,89.997757,144.419104,84.985748,33.775682,89.990669,-143.904149,60.020107,-143.442237,50.000000,-180.000005,0.000000,0.000000,0.000000,0x000E
2026-07-08T11:42:06.366666Z,1783510926,366666,1,0x0000,true,60.001537,-0.000443,88,95.002190,179.147734,94.998703,179.468726,89.994415,68.876010,95.002518,-108.474681,65.003868,-107.335193,55.013847,-143.803964,0.000000,0.000000,0.000000,0x000F
2026-07-08T11:42:06.4Z,1783510926,400000,1,0x0000,true,60.005447,0.000130,88,99.995407,-180.000005,99.992760,-180.000005,94.989120,104.968130,50.000000,-71.962081,70.011597,-71.112337,60.001945,-108.753120,0.000000,0.000000,0.000000,0x0000
2026-07-08T11:42:06.433333Z,1783510926,433333,1,0x0000,true,60.009121,0.000122,88,50.000000,-144.746680,50.000000,-144.366307,99.972618,141.647769,55.001289,-36.711843,74.997635,-36.019880,64.998116,-72.040601,0.000000,0.000000,0.000000,0x0001
2026-07-08T11:42:06.466666Z,1783510926,466666,1,0x0000,true,59.990414,-0.000624,88,54.992214,-108.094369,55.001469,-107.624821,50.000000,178.344490,60.015976,-0.919253,80.012054,-0.318216,69.993462,-35.090742,0.000000,0.000000,0.000000,0x0002
2026-07-08T11:42:06.5Z,1783510926,500000,1,0x0000,true,60.014553,0.000805,88,59.979900,-72.362050,59.991398,-72.244953,54.985397,-180.000005,65.006149,34.911047,85.001686,36.365102,75.002602,1.800190,0.000000,0.000000,0.000000,0x0003
2026-07-08T11:42:06.533333Z,1783510926,533333,1,0x0000,true,60.008965,-0.000186,88,64.988945,-36.598486,64.998100,-36.424036,59.983963,-143.638783,70.012466,71.001592,89.986588,73.083680,79.994675,37.629035,0.000000,0.000000,0.000000,0x0004
2026-07-08T11:42:06.566666Z,1783510926,566666,1,0x0000,true,59.985329,-0.000788,88,69.992950,-0.069452,69.988205,-0.136364,64.979996,-107.219504,75.008102,106.355464,94.998238,108.551500,84.991539,73.884239,0.000000,0.000000,0.000000,0x0005
2026-07-08T11:42:06.6Z,1783510926,600000,1,0x0000,true,59.988308,0.000099,88,74.996040,36.201782,74.998306,35.167787,69.995415,-70.853145,80.002167,141.656648,50.000000,145.138706,89.994156,110.760895,0.000000,0.000000,0.000000,0x0006
2026-07-08T11:42:06.633333Z,1783510926,633333,1,0x0000,true,59.983833,-0.000149,88,80.007538,72.529260,80.008667,72.040129,74.980934,-34.119701,84.990265,177.228574,54.999603,-180.000005,94.997215,146.286587,0.000000,0.000000,0.000000,0x0007
2026-07-08T11:42:06.666666Z,1783510926,666666,1,0x0000,true,60.005154,0.000711,88,85.000679,109.198530,84.998466,107.174377,79.983704,2.750773,89.993393,-180.000005,59.986458,-143.132324,50.000000,-180.000005,0.000000,0.000000,0.000000,0x0008
2026-07-08T11:42:06.7Z,1783510926,700000,1,0x0000,true,59.991566,-0.000453,88,89.997978,144.889650,90.004021,143.659000,84.993179,39.309651,94.978149,-144.492611,65.002037,-106.551067,55.010216,-144.750997,0.000000,0.000000,0.000000,0x0009
2026-07-08T11:42:06.733333Z,1783510926,733333,1,0x0000,true,59.994125,0.000085,88,94.991928,-180.000005,95.000916,-180.000005,90.004868,75.678107,99.982597,-108.829707,70.001190,-70.380434,60.005157,-108.101718,0.000000,0.000000,0.000000,0x000A
2026-07-08T11:42:06.766666Z,1783510926,766666,1,0x0000,true,59.984753,-0.000312,88,99.998726,-144.103031,50.000000,-143.618429,94.988472,112.410270,50.000000,-73.053729,74.989700,-34.919141,64.995468,-72.606618,0.000000,0.000000,0.000000,0x000B
2026-07-08T11:42:06.8Z,1783510926,800000,1,0x0000,true,60.009125,0.000812,88,50.000000,-107.216007,55.006607,-107.230036,50.000000,147.575294,54.992100,-37.519930,79.976402,1.619220,69.996361,-37.329743,0.000000,0.000000,0.000000,0x000C
2026-07-08T11:42:06.833333Z,1783510926,833333,1,0x0000,true,60.001514,-0.000254,88,54.991177,-70.426026,59.997704,-72.027651,54.983437,-180.000005,59.990536,-2.048204,84.981133,36.964639,75.010361,-1.633791,0.000000,0.000000,0.000000,0x000D
2026-07-08T11:42:06.866666Z,1783510926,866666,1,0x0000,true,60.014542,0.000434,88,59.982777,-34.351272,65.011871,-36.747862,59.985538,-144.304753,64.994392,34.457632,89.981155,73.766685,80.018806,34.489747,0.000000,0.000000,0.000000,0x000E
2026-07-08T11:42:06.9Z,1783510926,900000,1,0x0000,true,59.992134,-0.000747,88,64.988892,1.691249,70.004028,-1.207185,64.972626,-109.205887,69.990929,71.088315,94.990158,109.111814,85.004799,70.391506,0.000000,0.000000,0.000000,0x000F
2026-07-08T11:42:06.933333Z,1783510926,933333,1,0x0000,true,59.988743,-0.000113,88,69.990746,37.614282,75.018456,35.540715,69.975243,-73.713642,74.987518,106.471448,99.991737,144.647834,89.999077,105.486118,0.000000,0.000000,0.000000,0x0000
2026-07-08T11:42:06.966666Z,1783510926,966666,1,0x0000,true,59.998672,0.000331,88,74.996582,72.739787,80.025581,71.374924,74.977600,-37.457676,79.985069,143.104812,50.000000,-180.000005,95.001503,141.350287,0.000000,0.000000,0.000000,0x0001
2026-07-08T11:42:07Z,1783510927,0,1,0x0000,true,59.992138,-0.000218,88,79.980324,108.906396,85.014351,106.512497,79.977776,-1.570021,84.977715,179.357107,54.985210,-143.842199,99.997070,176.670766,0.000000,0.000000,0.000000,0x0002
2026-07-08T11:42:07.033333Z,1783510927,33333,1,0x0000,true,60.014717,0.000753,88,84.981056,144.861605,90.003944,142.614814,84.987190,33.747128,89.972549,-180.000005,59.983086,-107.551321,50.000000,-180.000005,0.000000,0.000000,0.000000,0x0003
2026-07-08T11:42:07.066666Z,1783510927,66666,1,0x0000,true,60.015003,0.000010,88,89.978012,-180.000005,95.009125,178.617821,89.994743,70.558736,94.979752,-143.685351,64.996742,-72.065374,55.003792,-144.223911,0.000000,0.000000,0.000000,0x0004
2026-07-08T11:42:07.1Z,1783510927,100000,1,0x0000,true,60.008957,-0.000202,88,94.969444,-144.903761,50.000000,-180.000005,94.980026,106.078664,99.967094,-107.069239,69.991226,-35.626215,60.016693,-108.271851,0.000000,0.000000,0.000000,0x0005
2026-07-08T11:42:07.133333Z,1783510927,133333,1,0x0000,true,60.005577,-0.000113,88,99.969772,-108.841776,55.012856,-143.834153,99.984337,141.656935,50.000000,-71.060701,74.978577,1.314202,65.013046,-72.974342,0.000000,0.000000,0.000000,0x0006
2026-07-08T11:42:07.166666Z,1783510927,166666,1,0x0000,true,60.003761,-0.000061,88,50.000000,-72.985366,60.005951,-107.782946,50.000000,178.309943,54.990658,-34.465510,79.986298,37.830065,69.999840,-36.552495,0.000000,0.000000,0.000000,0x0007
2026-07-08T11:42:07.2Z,1783510927,200000,1,0x0000,true,60.015945,0.000406,88,54.997147,-36.104749,65.016518,-72.335931,54.993233,-180.000005,60.005371,1.613031,84.977852,73.738005,75.011902,-1.347487,0.000000,0.000000,0.000000,0x0008
2026-07-08T11:42:07.233333Z,1783510927,233333,1,0x0000,true,59.994453,-0.000716,88,59.992615,-0.588027,70.007599,-36.126827,59.985474,-144.840582,65.005051,38.482980,89.969322,110.627659,80.015930,35.507773,0.000000,0.000000,0.000000,0x0009
2026-07-08T11:42:07.266666Z,1783510927,266666,1,0x0000,true,59.987427,-0.000234,88,65.004189,35.369803,74.991570,0.352198,64.969460,-108.394781,70.015030,73.860983,94.960770,146.088075,85.031433,71.645064,0.000000,0.000000,0.000000,0x000A
2026-07-08T11:42:07.3Z,1783510927,300000,1,0x0000,true,59.988922,0.000050,88,69.990685,71.537578,79.992599,37.286088,69.972565,-71.776047,75.017174,110.543483,99.960869,-180.000005,90.026733,107.753392,0.000000,0.000000,0.000000,0x000B
2026-07-08T11:42:07.333333Z,1783510927,333333,1,0x0000,true,59.991474,0.000085,88,75.006256,107.418412,84.996628,72.679182,74.988548,-36.349669,80.001785,146.583550,50.000000,-143.401556,95.025131,143.390587,0.000000,0.000000,0.000000,0x000C
2026-07-08T11:42:07.366666Z,1783510927,366666,1,0x0000,true,59.986370,-0.000170,88,80.020432,144.193995,90.012177,107.827418,79.993813,0.087448,85.015785,-180.000005,55.012035,-107.114933,50.000000,179.664329,0.000000,0.000000,0.000000,0x000D
2026-07-08T11:42:07.4Z,1783510927,400000,1,0x0000,true,60.008629,0.000742,88,85.028549,179.580386,94.997437,143.407963,84.986794,36.972961,90.003929,-143.865162,60.000404,-71.996423,54.995571,-180.000005,0.000000,0.000000,0.000000,0x000E
2026-07-08T11:42:07.433333Z,1783510927,433333,1,0x0000,true,60.011219,0.000086,88,90.028191,-180.000005,99.995750,179.015379,89.978935,73.419520,94.987556,-108.493109,64.987381,-36.268530,60.009258,-144.185853,0.000000,0.000000,0.000000,0x000F
2026-07-08T11:42:07.466666Z,1783510927,466666,1,0x0000,true,59.996326,-0.000496,88,95.018631,-144.338262,50.000000,-180.000005,94.992599,108.988878,99.993088,-72.057683,69.979301,0.204958,65.021194,-107.560706,0.000000,0.000000,0.000000,0x0000
2026-07-08T11:42:07.5Z,1783510927,500000,1,0x0000,true,59.985432,-0.000363,88,50.000000,-108.941668,54.985210,-144.457982,50.000000,145.660191,50.000000,-36.332529,74.968002,36.761970,70.024918,-70.659106,0.000000,0.000000,0.000000,0x0001
2026-07-08T11:42:07.533333Z,1783510927,533333,1,0x0000,true,59.995125,0.000323,88,55.012451,-72.193242,59.998146,-109.331139,55.008545,-180.000005,55.009853,-0.063742,79.967194,73.025685,75.018776,-34.108971,0.000000,0.000000,0.000000,0x0002
2026-07-08T11:42:07.566666Z,1783510927,566666,1,0x0000,true,60.006172,0.000368,88,60.019554,-35.329061,64.992210,-73.651562,60.001923,-143.378184,59.998577,35.585289,84.957077,109.076250,80.006004,2.134287,0.000000,0.000000,0.000000,0x0003
2026-07-08T11:42:07.6Z,1783510927,600000,1,0x0000,true,60.015163,0.000300,88,65.034248,1.231331,69.980789,-37.725904,64.997978,-107.244038,64.992455,70.924356,89.969635,144.333249,85.001701,38.502975,0.000000,0.000000,0.000000,0x0004
2026-07-08T11:42:07.633333Z,1783510927,633333,1,0x0000,true,60.007755,-0.000247,88,70.030342,36.777895,74.971550,-1.206779,70.002945,-71.234099,70.002121,107.735026,94.966515,179.854631,90.002449,75.061149,0.000000,0.000000,0.000000,0x0005
2026-07-08T11:42:07.666666Z,1783510927,666666,1,0x0000,true,59.992397,-0.000512,88,75.017433,72.803690,79.979973,33.869419,75.015160,-35.923827,74.989227,143.803363,99.968971,-180.000005,94.989235,111.741902,0.000000,0.000000,0.000000,0x0006
2026-07-08T11:42:07.7Z,1783510927,700000,1,0x0000,true,60.006958,0.000485,88,80.011726,109.326433,84.980476,70.433717,80.023224,-0.617460,80.004585,-180.000005,50.000000,-144.176237,99.979851,148.289882,0.000000,0.000000,0.000000,0x0007
2026-07-08T11:42:07.733333Z,1783510927,733333,1,0x0000,true,60.003738,-0.000107,88,85.017532,144.847412,89.984352,105.899672,85.034859,35.322477,84.991508,-144.658024,54.991470,-108.368785,50.000000,-180.000005,0.000000,0.000000,0.000000,0x0008
2026-07-08T11:42:07.766666Z,1783510927,766666,1,0x0000,true,60.004345,0.000020,88,90.031570,-180.000005,94.986740,142.851863,90.021233,72.241852,89.989624,-109.140310,60.008114,-72.275846,54.986664,-143.987846,0.000000,0.000000,0.000000,0x0009
2026-07-08T11:42:07.8Z,1783510927,800000,1,0x0000,true,60.010117,0.000192,88,95.020134,-143.815206,99.989136,178.281570,95.032379,107.883774,94.987000,-72.296412,65.021721,-35.856622,59.995804,-107.443015,0.000000,0.000000,0.000000,0x000A
2026-07-08T11:42:07.833333Z,1783510927,833333,1,0x0000,true,59.987301,-0.000761,88,50.000000,-108.722166,50.000000,-180.000005,50.000000,143.684518,99.997871,-36.998961,70.022385,0.420267,64.988739,-72.103309,0.000000,0.000000,0.000000,0x000B
2026-07-08T11:42:07.866666Z,1783510927,866666,1,0x0000,true,59.986801,-0.000017,88,54.989517,-72.433856,54.987251,-144.847972,55.014900,179.667115,50.000000,-0.844356,75.033432,36.699546,69.980469,-36.029429,0.000000,0.000000,0.000000,0x000C
2026-07-08T11:42:07.9Z,1783510927,900000,1,0x0000,true,59.999046,0.000408,88,59.986839,-37.256708,60.001831,-108.725130,60.012978,-180.000005,54.999191,35.802185,80.022385,72.117823,74.988731,0.238251,0.000000,0.000000,0.000000,0x000D
2026-07-08T11:42:07.933333Z,1783510927,933333,1,0x0000,true,59.995892,-0.000105,88,64.986259,-1.553995,64.996521,-73.099239,65.028618,-143.866733,60.005665,72.569203,85.037643,109.058942,79.974098,36.210712,0.000000,0.000000,0.000000,0x000E
2026-07-08T11:42:08.466666Z,1783510928,466666,1,0x0000,true,60.000084,-0.000512,88,90.033691,-180.000005,95.014229,107.910125,94.979813,35.232725,84.980560,-72.347290,64.991585,-71.332720,55.009415,-106.636458,0.000000,0.000000,0.000000,0x000E
2026-07-08T11:42:08.5Z,1783510928,500000,1,0x0000,true,60.011002,0.000364,88,95.048515,-144.910810,50.000000,143.547094,99.963234,71.278454,89.982063,-37.156386,69.979851,-36.120250,60.021160,-71.275128,0.000000,0.000000,0.000000,0x000F
2026-07-08T11:42:08.533333Z,1783510928,533333,1,0x0000,true,60.011173,0.000006,88,50.000000,-108.696170,55.005497,179.680243,50.000000,106.519484,94.969032,-1.800825,74.963860,-0.727852,65.025299,-35.041780,0.000000,0.000000,0.000000,0x0000
2026-07-08T11:42:08.566666Z,1783510928,566666,1,0x0000,true,59.990776,-0.000680,88,55.000984,-73.487549,59.991570,-180.000005,55.000523,142.295052,99.964912,34.313388,79.952888,35.051042,70.025803,1.105247,0.000000,0.000000,0.000000,0x0001
2026-07-08T11:42:08.6Z,1783510928,600000,1,0x0000,true,60.013050,0.000742,88,60.007706,-36.958574,64.982697,-143.665653,60.011742,178.551254,50.000000,71.043045,84.963364,70.538096,75.019714,37.315400,0.000000,0.000000,0.000000,0x0002
2026-07-08T11:42:08.633333Z,1783510928,633333,1,0x0000,true,59.997116,-0.000531,88,65.012222,-0.123712,69.967148,-107.789305,65.014267,-180.000005,54.988216,107.165709,89.976433,107.455664,80.021538,73.599106,0.000000,0.000000,0.000000,0x0003
2026-07-08T11:42:08.666666Z,1783510928,666666,1,0x0000,true,60.001678,0.000152,88,70.028549,35.144363,74.959160,-71.827799,70.020981,-144.183162,59.993843,143.798554,94.984764,143.356491,85.020706,108.798288,0.000000,0.000000,0.000000,0x0004
2026-07-08T11:42:08.7Z,1783510928,700000,1,0x0000,true,60.003510,0.000061,88,75.036636,71.102372,79.958778,-35.162842,75.036697,-108.435803,64.985840,-180.000005,99.982414,179.046265,90.006752,145.282208,0.000000,0.000000,0.000000,0x0005
2026-07-08T11:42:08.733333Z,1783510928,733333,1,0x0000,true,60.011459,0.000265,88,80.027000,106.372430,84.945564,1.590536,80.025848,-73.038628,69.991745,-143.209901,50.000000,-180.000005,95.002831,-180.000005,0.000000,0.000000,0.000000,0x0006
2026-07-08T11:42:08.766666Z,1783510928,766666,1,0x0000,true,59.983456,-0.000933,88,85.025780,143.193304,89.930237,37.063834,85.025505,-36.752821,74.994232,-107.659901,54.992210,-144.667819,99.986725,-143.430585,0.000000,0.000000,0.000000,0x0007
2026-07-08T11:42:08.8Z,1783510928,800000,1,0x0000,true,59.990158,0.000223,88,90.014526,179.358869,94.927956,73.232954,90.022591,-0.854792,79.982674,-72.373757,60.004498,-108.978393,50.000000,-107.599467,0.000000,0.000000,0.000000,0x0008
2026-07-08T11:42:08.833333Z,1783510928,833333,1,0x0000,true,60.003418,0.000442,88,95.016640,-180.000005,99.929482,109.851223,95.015785,35.262511,84.979965,-36.782546,65.009972,-73.558371,54.992508,-71.628057,0.000000,0.000000,0.000000,0x0009
2026-07-08T11:42:08.866666Z,1783510928,866666,1,0x0000,true,59.999592,-0.000128,88,50.000000,-144.793768,50.000000,146.652631,50.000000,72.083037,89.992592,-0.658308,70.002846,-38.246700,60.007877,-35.523052,0.000000,0.000000,0.000000,0x000A
2026-07-08T11:42:08.9Z,1783510928,900000,1,0x0000,true,59.984566,-0.000501,88,54.995937,-108.519446,55.000992,-180.000005,54.997040,107.842055,94.989632,34.967410,75.011894,-1.390972,64.995461,0.715834,0.000000,0.000000,0.000000,0x000B
2026-07-08T11:42:08.933333Z,1783510928,933333,1,0x0000,true,59.987801,0.000108,88,59.997589,-71.800164,60.000061,-143.150807,59.989838,144.595255,50.000000,70.118681,79.997101,34.030629,69.992378,36.130379,0.000000,0.000000,0.000000,0x000C
2026-07-08T11:42:08.966666Z,1783510928,966666,1,0x0000,true,59.988209,0.000014,88,64.989883,-34.960989,64.995766,-107.648071,64.978462,-180.000005,54.997593,106.147854,85.012489,69.230743,74.978821,71.566606,0.000000,0.000000,0.000000,0x000D
2026-07-08T11:42:09Z,1783510929,0,1,0x0000,true,59.999065,0.000362,88,70.001083,1.417959,69.992325,-71.260846,69.972031,-144.474074,60.003277,142.295407,89.999191,104.465360,79.995232,107.303180,0.000000,0.000000,0.000000,0x000E
2026-07-08T11:42:09.033333Z,1783510929,33333,1,0x0000,true,60.014122,0.000502,88,75.013977,37.800579,74.999344,-34.399346,74.956863,-107.655358,65.001465,179.055076,94.999634,140.098067,85.006226,143.423044,0.000000,0.000000,0.000000,0x000F
2026-07-08T11:42:09.066666Z,1783510929,66666,1,0x0000,true,60.010590,-0.000118,88,80.006943,74.691800,80.008003,2.481678,79.971420,-71.079170,70.009384,-180.000005,50.000000,176.463907,90.001167,179.594961,0.000000,0.000000,0.000000,0x0000
2026-07-08T11:42:09.1Z,1783510929,100000,1,0x0000,true,60.006241,-0.000145,88,84.990616,109.930788,85.005806,38.051558,84.980133,-35.642123,75.022003,-144.578808,55.005493,-180.000005,95.012100,-180.000005,0.000000,0.000000,0.000000,0x0001
2026-07-08T11:42:09.133333Z,1783510929,133333,1,0x0000,true,60.004307,-0.000064,88,89.978500,145.721280,90.003914,74.020932,89.974792,0.563074,80.021629,-108.154167,59.992104,-144.739632,99.996346,-143.514569,0.000000,0.000000,0.000000,0x0002
2026-07-08T11:42:09.166666Z,1783510929,166666,1,0x0000,true,60.014172,0.000329,88,94.993027,-180.000005,95.007484,110.896242,94.963875,36.330603,85.030396,-72.229326,65.000046,-108.710513,50.000000,-108.215140,0.000000,0.000000,0.000000,0x0003
2026-07-08T11:42:09.2Z,1783510929,200000,1,0x0000,true,59.995262,-0.000630,88,99.996796,-143.793295,99.997276,147.811482,99.971657,72.194594,90.017067,-36.382881,69.988144,-72.938088,55.002747,-72.568554,0.000000,0.000000,0.000000,0x0004
2026-07-08T11:42:09.233333Z,1783510929,233333,1,0x0000,true,60.008907,0.000455,88,50.000000,-107.252254,50.000000,-180.000005,50.000000,107.428863,95.004433,0.349630,74.998375,-36.334854,60.009880,-35.692602,0.000000,0.000000,0.000000,0x0005
2026-07-08T11:42:09.266666Z,1783510929,266666,1,0x0000,true,60.006699,-0.000074,88,54.987804,-70.499573,55.010525,-143.818061,55.005882,143.456458,99.995590,36.222249,79.984047,-1.232488,65.004501,1.165807,0.000000,0.000000,0.000000,0x0006
2026-07-08T11:42:09.3Z,1783510929,300000,1,0x0000,true,60.008541,0.000061,88,59.991562,-35.220250,59.997978,-108.332756,60.021736,-180.000005,50.000000,73.119245,84.988197,34.212424,70.013695,37.556820,0.000000,0.000000,0.000000,0x0007
2026-07-08T11:42:09.333333Z,1783510929,333333,1,0x0000,true,60.002220,-0.000211,88,64.988831,0.763869,64.983582,-72.289418,65.017860,-144.386060,54.984886,109.841033,90.004784,70.709048,75.021172,73.993120,0.000000,0.000000,0.000000,0x0008
2026-07-08T11:42:09.366666Z,1783510929,366666,1,0x0000,true,60.014156,0.000398,88,69.984703,37.430632,69.987083,-35.957391,70.013588,-108.728053,59.987389,145.490652,95.010094,106.123012,80.024925,110.315417,0.000000,0.000000,0.000000,0x0009
2026-07-08T11:42:09.4Z,1783510929,400000,1,0x0000,true,59.986378,-0.000926,88,74.977409,72.758679,74.980751,-0.306494,75.029327,-73.657744,64.979561,-180.000005,50.000000,142.124448,85.031494,147.220452,0.000000,0.000000,0.000000,0x000A
2026-07-08T11:42:09.433333Z,1783510929,433333,1,0x0000,true,60.000179,0.000460,88,79.986069,108.949946,79.974625,35.951452,80.020744,-37.978813,69.963440,-143.920992,54.997433,177.806462,90.036926,-180.000005,0.000000,0.000000,0.000000,0x000B
2026-07-08T11:42:09.466666Z,1783510929,466666,1,0x0000,true,59.995941,-0.000141,88,84.998657,144.527404,84.969559,71.651423,85.010414,-2.297899,74.973785,-108.336308,60.007030,-180.000005,95.033478,-144.654350,0.000000,0.000000,0.000000,0x000C
2026-07-08T11:42:09.5Z,1783510929,500000,1,0x0000,true,59.992596,-0.000112,88,89.993279,-180.000005,89.957695,107.004885,90.019012,32.996347,79.980576,-71.606125,64.998306,-144.505083,50.000000,-108.706251,0.000000,0.000000,0.000000,0x000D
2026-07-08T11:42:09.533333Z,1783510929,533333,1,0x0000,true,59.987286,-0.000177,88,94.980812,-144.390090,94.962059,143.257931,95.018616,68.416666,84.969841,-35.383734,69.999695,-108.739712,55.001331,-73.593157,0.000000,0.000000,0.000000,0x000E
2026-07-08T11:42:09.566666Z,1783510929,566666,1,0x0000,true,60.015564,0.000943,88,99.967270,-108.973325,99.952705,179.145644,50.000000,104.283574,89.957222,0.990143,75.001099,-73.202238,60.016541,-36.648309,0.000000,0.000000,0.000000,0x000F
2026-07-08T11:42:09.6Z,1783510929,600000,1,0x0000,true,60.010265,-0.000177,88,50.000000,-73.271080,50.000000,-180.000005,54.988342,140.145756,94.958931,36.282696,80.004364,-36.371632,65.004608,-1.536617,0.000000,0.000000,0.000000,0x0000
2026-07-08T11:42:09.633333Z,1783510929,633333,1,0x0000,true,60.004345,-0.000197,88,55.005020,-37.101321,54.983994,-143.895707,59.980766,175.641033,99.950310,71.901299,84.991531,-0.297870,70.009193,35.060321,0.000000,0.000000,0.000000,0x0001
2026-07-08T11:42:09.666666Z,1783510929,666666,1,0x0000,true,60.007790,0.000115,88,60.000809,-1.333619,59.990200,-108.431965,64.980225,-180.000005,50.000000,107.511221,89.980103,35.220075,75.017326,70.253031,0.000000,0.000000,0.000000,0x0002
2026-07-08T11:42:09.7Z,1783510929,700000,1,0x0000,true,60.015984,0.000273,88,65.014954,35.593451,64.975792,-73.331465,69.963585,-143.853210,55.006779,143.079581,94.985741,71.773417,80.004921,106.559940,0.000000,0.000000,0.000000,0x0003
2026-07-08T11:42:09.733333Z,1783510929,733333,1,0x0000,true,59.989082,-0.000897,88,70.001419,71.726487,69.962120,-36.428001,74.968086,-108.263457,59.997231,179.900626,99.981247,107.851023,85.000443,143.421323,0.000000,0.000000,0.000000,0x0004
2026-07-08T11:42:09.766666Z,1783510929,766666,1,0x0000,true,59.998013,0.000298,88,75.004715,107.680179,74.965210,0.244417,79.957458,-72.151168,65.006332,-180.000005,50.000000,144.565762,90.006050,179.445885,0.000000,0.000000,0.000000,0x0005
2026-07-08T11:42:09.8Z,1783510929,800000,1,0x0000,true,59.989170,-0.000295,88,79.999702,144.285574,79.965858,36.299061,84.952827,-36.809536,70.015778,-143.599031,54.998829,179.982643,95.013611,-180.000005,0.000000,0.000000,0.000000,0x0006
2026-07-08T11:42:09.833333Z,1783510929,833333,1,0x0000,true,60.012119,0.000765,88,84.985283,-180.000005,84.957794,72.065367,89.958015,-1.510220,75.019196,-107.638638,59.999561,-180.000005,99.998207,-143.272562,0.000000,0.000000,0.000000,0x0007
2026-07-08T11:42:09.866666Z,1783510929,866666,1,0x0000,true,60.009838,-0.000076,88,89.989220,-144.887205,89.970184,107.501365,94.970108,35.198683,80.020432,-72.499904,65.007446,-144.484688,50.000000,-107.826421,0.000000,0.000000,0.000000,0x0008
2026-07-08T11:42:09.9Z,1783510929,900000,1,0x0000,true,60.000008,-0.000328,88,94.972763,-109.837761,94.954742,143.759718,99.984444,71.555364,85.012291,-36.988835,69.992546,-109.008822,55.004921,-71.163208,0.000000,0.000000,0.000000,0x0009
2026-07-08T11:42:09.933333Z,1783510929,933333,1,0x0000,true,60.000885,0.000029,88,99.967369,-74.270507,99.941391,179.358855,50.000000,107.510627,90.027588,-1.782428,74.998695,-73.253478,59.991329,-35.451404,0.000000,0.000000,0.000000,0x000A
2026-07-08T11:42:09.966666Z,1783510929,966666,1,0x0000,true,60.001774,0.000030,88,50.000000,-38.933540,50.000000,-180.000005,54.989285,144.034879,95.020027,33.280595,79.992928,-37.011152,65.007263,0.827117,0.000000,0.000000,0.000000,0x000B
2026-07-08T11:42:10Z,1783510930,0,1,0x0000,true,60.013676,0.000397,88,54.995827,-2.072683,55.002796,-143.707727,60.002148,179.707577,50.000000,69.621949,84.993896,-0.202053,69.999817,37.757043,0.000000,0.000000,0.000000,0x000C
2026-07-08T11:42:10.033333Z,1783510930,33333,1,0x0000,true,60.005611,-0.000269,88,59.992252,33.820102,60.003632,-106.971540,65.004517,-180.000005,55.002583,105.046520,90.008415,36.409573,75.006134,73.920098,0.000000,0.000000,0.000000,0x000D
2026-07-08T11:42:10.066666Z,1783510930,66666,1,0x0000,true,60.004974,-0.000021,88,65.000999,70.750030,65.009857,-71.376016,70.001793,-143.786479,60.006538,140.702539,94.994949,72.394568,80.007431,110.814642,0.000000,0.000000,0.000000,0x000E
2026-07-08T11:42:10.1Z,1783510930,100000,1,0x0000,true,60.000469,-0.000150,88,69.989784,105.898907,70.002136,-34.607076,75.013893,-107.181207,65.012436,177.180803,99.998718,107.717609,85.010033,146.845912,0.000000,0.000000,0.000000,0x000F
2026-07-08T11:42:10.133333Z,1783510930,133333,1,0x0000,true,60.016270,0.000527,88,74.973892,142.221136,75.007874,2.281758,80.007576,-70.811529,70.012642,-180.000005,50.000000,143.715540,90.021324,-180.000005,0.000000,0.000000,0.000000,0x0000
2026-07-08T11:42:10.166666Z,1783510930,166666,1,0x0000,true,59.999905,-0.000546,88,79.986336,177.980619,79.993828,38.882600,84.995705,-34.265010,75.020874,-144.253281,55.016598,179.008849,95.026894,-143.537423,0.000000,0.000000,0.000000,0x0001
2026-07-08T11:42:10.2Z,1783510930,200000,1,0x0000,true,59.998474,-0.000048,88,84.992104,-180.000005,85.010307,75.368501,90.003731,2.336707,80.020699,-108.747806,60.022202,-180.000005,50.000000,-108.121362,0.000000,0.000000,0.000000,0x0002
2026-07-08T11:42:10.233333Z,1783510930,233333,1,0x0000,true,59.984745,-0.000458,88,89.994492,-143.913534,89.996719,110.815919,95.006714,38.745498,85.026268,-71.795438,65.019547,-144.113522,54.997437,-72.792201,0.000000,0.000000,0.000000,0x0003
2026-07-08T11:42:10.266666Z,1783510930,266666,1,0x0000,true,59.989975,0.000174,88,94.990463,-108.621038,95.001945,145.966661,50.000000,74.282562,90.034599,-36.066322,70.028633,-107.486216,59.987953,-36.725258,0.000000,0.000000,0.000000,0x0004
2026-07-08T11:42:10.3Z,1783510930,300000,1,0x0000,true,59.986725,-0.000108,88,99.995224,-72.452270,50.000000,-180.000005,54.995323,110.834620,95.044884,0.712876,75.025108,-71.856008,64.997345,-1.209235,0.000000,0.000000,0.000000,0x0005
2026-07-08T11:42:10.333333Z,1783510930,333333,1,0x0000,true,60.016247,0.000984,88,50.000000,-36.226439,55.012093,-144.538482,59.987038,146.368946,50.000000,35.804634,80.013435,-35.326217,69.997185,34.229384,0.000000,0.000000,0.000000,0x0006
2026-07-08T11:42:10.366666Z,1783510930,366666,1,0x0000,true,59.984638,-0.001054,88,55.012737,-1.106470,60.024498,-108.587351,64.997780,-180.000005,55.006912,72.151584,85.013855,-0.126163,75.004608,70.538212,0.000000,0.000000,0.000000,0x0007
2026-07-08T11:42:10.4Z,1783510930,400000,1,0x0000,true,59.991188,0.000218,88,60.011631,35.035954,65.020058,-73.005816,69.989594,-143.195859,60.005402,108.853667,90.005386,36.416919,79.990517,105.944540,0.000000,0.000000,0.000000,0x0008
2026-07-08T11:42:10.433333Z,1783510930,433333,1,0x0000,true,59.987087,-0.000137,88,65.007881,70.548307,70.025948,-37.878737,74.987396,-106.506944,64.991211,144.992471,94.998764,71.500749,85.004463,141.465102,0.000000,0.000000,0.000000,0x0009
2026-07-08T11:42:10.466666Z,1783510930,466666,1,0x0000,true,59.993053,0.000199,88,70.013397,107.402464,75.031494,-2.527722,79.977135,-70.212685,70.001236,-180.000005,99.985489,107.898001,90.008636,176.916079,0.000000,0.000000,0.000000,0x000A
2026-07-08T11:42:10.5Z,1783510930,500000,1,0x0000,true,60.011749,0.000623,88,75.011971,143.352024,80.022202,32.666561,84.968315,-33.265330,74.993469,-143.913356,50.000000,143.038081,95.021202,-180.000005,0.000000,0.000000,0.000000,0x000B
2026-07-08T11:42:10.533333Z,1783510930,533333,1,0x0000,true,59.990238,-0.000717,88,80.007622,-180.000005,85.016357,68.016233,89.963684,2.504704,80.001007,-108.553310,55.012032,179.787723,50.000000,-144.692640,0.000000,0.000000,0.000000,0x000C
2026-07-08T11:42:10.566666Z,1783510930,566666,1,0x0000,true,59.985184,-0.000168,88,85.006538,-143.638250,90.008942,103.948943,94.960609,38.477632,85.009995,-73.225379,60.011097,-180.000005,54.996109,-109.101139,0.000000,0.000000,0.000000,0x000D
2026-07-08T11:42:10.6Z,1783510930,600000,1,0x0000,true,60.000622,0.000515,88,90.010704,-106.969211,94.998024,139.593016,99.969292,74.913235,90.014847,-36.847190,65.022011,-143.093214,59.987469,-72.388155,0.000000,0.000000,0.000000,0x000E
2026-07-08T11:42:10.633333Z,1783510930,633333,1,0x0000,true,59.992702,-0.000264,88,95.025726,-71.809201,99.997482,175.687232,50.000000,111.300398,95.022789,-0.317690,70.031944,-107.860401,64.980194,-36.460807,0.000000,0.000000,0.000000,0x000F
2026-07-08T11:42:10.666666Z,1783510930,666666,1,0x0000,true,60.011169,0.000616,88,50.000000,-36.146471,50.000000,-180.000005,54.987019,147.279615,50.000000,35.262446,75.041512,-72.114210,69.966240,0.124416,0.000000,0.000000,0.000000,0x0000
2026-07-08T11:42:10.7Z,1783510930,700000,1,0x0000,true,59.983452,-0.000924,88,54.990524,0.689556,55.012917,-144.824258,59.997101,-180.000005,55.006111,71.984702,80.052917,-36.191233,74.953384,35.212036,0.000000,0.000000,0.000000,0x0001
2026-07-08T11:42:10.733333Z,1783510930,733333,1,0x0000,true,59.991898,0.000282,88,59.989895,37.017095,59.998566,-107.958271,65.000877,-143.882115,60.017464,107.805267,85.058975,0.580622,79.959808,71.493994,0.000000,0.000000,0.000000,0x0002
2026-07-08T11:42:10.766666Z,1783510930,766666,1,0x0000,true,59.994503,0.000087,88,64.979858,73.948539,64.998695,-71.715771,70.010422,-107.708217,65.008118,142.913758,90.059464,37.045017,84.950462,107.041550,0.000000,0.000000,0.000000,0x0003
2026-07-08T11:42:10.8Z,1783510930,800000,1,0x0000,true,60.005230,0.000358,88,69.968109,109.412281,69.988518,-36.584959,75.014420,-71.418329,70.004311,179.665736,95.047485,73.781199,89.943863,142.612656,0.000000,0.000000,0.000000,0x0004
2026-07-08T11:42:10.833333Z,1783510930,833333,1,0x0000,true,60.011467,0.000208,88,74.957924,144.986475,74.979248,-0.633248,80.029572,-34.847564,75.018272,-180.000005,50.000000,109.239867,94.959221,179.157597,0.000000,0.000000,0.000000,0x0005
2026-07-08T11:42:10.866666Z,1783510930,866666,1,0x0000,true,60.001492,-0.000333,88,79.956604,-180.000005,79.992012,34.452099,85.041870,1.099426,80.032272,-144.553058,55.007271,145.656120,99.964821,-180.000005,0.000000,0.000000,0.000000,0x0006
2026-07-08T11:42:10.9Z,1783510930,900000,1,0x0000,true,60.011524,0.000334,88,84.941750,-144.395089,85.004822,71.137629,90.031197,37.131456,85.015816,-108.862000,60.008297,-180.000005,50.000000,-144.765381,0.000000,0.000000,0.000000,0x0007
2026-07-08T11:42:10.933333Z,1783510930,933333,1,0x0000,true,59.998848,-0.000423,88,89.929054,-109.136225,89.992752,106.595190,95.031479,73.259776,90.016960,-72.196459,65.019104,-143.146777,55.000469,-109.234027,0.000000,0.000000,0.000000,0x0008
2026-07-08T11:42:10.966666Z,1783510930,966666,1,0x0000,true,59.983467,-0.000513,88,94.937553,-72.253450,94.978958,141.750946,50.000000,109.222033,95.011520,-35.763188,70.005768,-106.987448,59.987995,-73.012161,0.000000,0.000000,0.000000,0x0009
2026-07-08T11:42:11Z,1783510931,0,1,0x0000,true,60.001297,0.000594,88,99.925209,-35.704189,99.978981,177.611611,55.002495,145.183006,50.000000,0.686111,74.994026,-71.880713,64.973656,-37.563575,0.000000,0.000000,0.000000,0x000A
2026-07-08T11:42:11.033333Z,1783510931,33333,1,0x0000,true,60.000599,-0.000023,88,50.000000,0.530443,50.000000,-180.000005,60.000359,-180.000005,54.987865,37.312832,79.983910,-36.071687,69.971474,-2.168845,0.000000,0.000000,0.000000,0x000B
2026-07-08T11:42:11.066666Z,1783510931,66666,1,0x0000,true,60.006603,0.000200,88,55.012016,35.625932,55.008133,-144.842385,65.012688,-144.586567,59.984020,73.394522,84.991325,-0.724053,74.975174,33.666467,0.000000,0.000000,0.000000,0x000C
2026-07-08T11:42:11.1Z,1783510931,100000,1,0x0000,true,60.015999,0.000313,88,60.020203,71.570704,60.007587,-107.892059,70.027420,-108.152945,64.993584,108.540196,89.986305,35.059853,79.970627,68.809054,0.000000,0.000000,0.000000,0x000D
2026-07-08T11:42:11.133333Z,1783510931,133333,1,0x0000,true,59.993492,-0.000750,88,65.009727,106.976738,64.991684,-72.132986,75.014526,-71.257294,69.987968,144.542731,94.988884,70.138960,84.984344,104.660805,0.000000,0.000000,0.000000,0x000E
2026-07-08T11:42:11.166666Z,1783510931,166666,1,0x0000,true,60.000710,0.000241,88,70.024414,142.213459,69.980690,-36.013993,80.009048,-35.442381,74.998901,-180.000005,99.980148,105.257354,89.976646,140.317002,0.000000,0.000000,0.000000,0x000F
2026-07-08T11:42:11.2Z,1783510931,200000,1,0x0000,true,60.016533,0.000527,88,75.027969,178.261285,74.964630,0.900138,85.016563,0.094392,80.011360,-144.385951,50.000000,140.864715,94.966606,176.611494,0.000000,0.000000,0.000000,0x0000
2026-07-08T11:42:11.233333Z,1783510931,233333,1,0x0000,true,60.000397,-0.000538,88,80.034836,-180.000005,79.952469,36.123566,90.012749,36.210876,85.018669,-109.016226,55.003483,177.344960,99.950806,-180.000005,0.000000,0.000000,0.000000,0x0001
2026-07-08T11:42:11.266666Z,1783510931,266666,1,0x0000,true,60.006649,0.000208,88,85.028305,-143.892497,84.941063,71.255190,95.013016,72.479140,90.018555,-73.546425,60.003368,-180.000005,50.000000,-144.415034,0.000000,0.000000,0.000000,0x0002
2026-07-08T11:42:11.3Z,1783510931,300000,1,0x0000,true,59.990345,-0.000543,88,90.040009,-108.808083,89.945969,107.899278,50.000000,109.298613,95.007416,-38.395041,65.007935,-144.025849,55.003979,-108.811177,0.000000,0.000000,0.000000,0x0003
2026-07-08T11:42:11.333333Z,1783510931,333333,1,0x0000,true,60.005096,0.000492,88,95.046211,-71.953290,94.944977,143.631829,55.005978,144.668160,50.000000,-2.788092,70.009285,-108.086671,60.002312,-72.968516,0.000000,0.000000,0.000000,0x0004
2026-07-08T11:42:11.366666Z,1783510931,366666,1,0x0000,true,60.008312,0.000107,88,50.000000,-35.579179,99.928467,179.752916,60.013096,-180.000005,54.992344,33.492294,75.016853,-71.333177,65.004135,-37.112977,0.000000,0.000000,0.000000,0x0005
2026-07-08T11:42:11.4Z,1783510931,400000,1,0x0000,true,60.010498,0.000073,88,54.983940,1.077094,50.000000,-180.000005,65.000023,-144.306611,59.996410,68.593083,80.032829,-35.704196,69.994827,-2.032409,0.000000,0.000000,0.000000,0x0006
2026-07-08T11:42:11.433333Z,1783510931,433333,1,0x0000,true,59.985691,-0.000827,88,59.997295,37.247320,54.985939,-144.432396,69.990677,-107.877831,65.008438,105.468919,85.025055,0.627832,74.996559,34.611741,0.000000,0.000000,0.000000,0x0007
2026-07-08T11:42:11.466666Z,1783510931,466666,1,0x0000,true,59.988995,0.000110,88,64.982521,73.576198,59.992783,-108.111444,75.007156,-71.554025,70.001427,140.836370,90.034531,36.178535,79.982666,70.852257,0.000000,0.000000,0.000000,0x0008
2026-07-08T11:42:11.5Z,1783510931,500000,1,0x0000,true,59.991692,0.000090,88,69.966621,109.590740,65.006973,-72.030103,79.994431,-35.566875,74.998695,177.649491,95.043198,71.367458,84.982910,106.049280,0.000000,0.000000,0.000000,0x0009
2026-07-08T11:42:11.533333Z,1783510931,533333,1,0x0000,true,60.015018,0.000778,88,74.953156,146.389928,70.009453,-36.711959,84.998024,1.123845,79.987808,-180.000005,50.000000,107.962416,89.978584,142.016025,0.000000,0.000000,0.000000,0x000A
2026-07-08T11:42:11.566666Z,1783510931,566666,1,0x0000,true,59.999447,-0.000519,88,79.940491,-180.000005,75.025085,-0.205948,89.987450,37.583229,84.986015,-144.470932,54.995857,144.777170,94.974350,178.361921,0.000000,0.000000,0.000000,0x000B
2026-07-08T11:42:11.6Z,1783510931,600000,1,0x0000,true,60.004585,0.000171,88,84.936852,-143.538119,80.039101,36.434121,94.997604,72.742307,89.982285,-107.764881,59.988697,-180.000005,99.972122,-180.000005,0.000000,0.000000,0.000000,0x000C
2026-07-08T11:42:11.633333Z,1783510931,633333,1,0x0000,true,59.988670,-0.000530,88,89.951218,-107.977101,85.053055,72.437708,99.983894,107.884020,94.975578,-71.290516,64.989655,-144.635813,50.000000,-143.114265,0.000000,0.000000,0.000000,0x000D
2026-07-08T11:42:11.666666Z,1783510931,666666,1,0x0000,true,60.002785,0.000470,88,94.947334,-71.202161,90.048843,108.495847,50.000000,143.552572,99.960373,-35.107760,70.001076,-107.965203,55.006844,-106.882140,0.000000,0.000000,0.000000,0x000E
2026-07-08T11:42:11.7Z,1783510931,700000,1,0x0000,true,59.996670,-0.000204,88,99.951469,-36.070475,95.054985,145.382407,54.993999,-180.000005,50.000000,0.008537,75.001617,-71.854314,60.014568,-70.675485,0.000000,0.000000,0.000000,0x000F
2026-07-08T11:42:11.733333Z,1783510931,733333,1,0x0000,true,59.988754,-0.000264,88,50.000000,0.310513,50.000000,-180.000005,60.000263,-144.249620,54.984436,36.694478,80.005051,-36.460984,65.000580,-34.157059,0.000000,0.000000,0.000000,0x0000
2026-07-08T11:42:11.766666Z,1783510931,766666,1,0x0000,true,59.996872,0.000271,88,54.991245,36.969000,54.993244,-144.371484,64.987389,-107.485458,59.977077,72.336689,84.989861,0.152041,70.006393,2.355655,0.000000,0.000000,0.000000,0x0001
2026-07-08T11:42:11.8Z,1783510931,800000,1,0x0000,true,59.993553,-0.000111,88,59.994057,73.399474,60.007454,-107.417545,69.991066,-72.034249,64.987816,107.536158,89.991005,36.175503,75.022392,38.589647,0.000000,0.000000,0.000000,0x0002
2026-07-08T11:42:11.833333Z,1783510931,833333,1,0x0000,true,60.000870,0.000244,88,64.999832,108.546022,65.016251,-71.014003,74.982262,-36.522831,70.002029,144.296817,94.974655,72.840696,80.024315,73.680474,0.000000,0.000000,0.000000,0x0003
2026-07-08T11:42:11.866666Z,1783510931,866666,1,0x0000,true,59.985268,-0.000520,88,70.008621,145.455777,70.019318,-35.217507,79.975983,-0.931969,75.005020,179.839714,99.965073,109.457914,85.008072,109.907996,0.000000,0.000000,0.000000,0x0004
2026-07-08T11:42:11.9Z,1783510931,900000,1,0x0000,true,59.992203,0.000231,88,74.995819,-180.000005,75.007851,0.068169,84.986382,34.642398,80.017654,-180.000005,50.000000,145.821820,90.015793,144.960820,0.000000,0.000000,0.000000,0x0005
2026-07-08T11:42:11.933333Z,1783510931,933333,1,0x0000,true,59.990028,-0.000072,88,80.010597,-143.203904,80.001030,36.675483,89.973389,70.928202,85.010765,-143.914408,55.011162,-180.000005,95.030975,-180.000005,0.000000,0.000000,0.000000,0x0006
2026-07-08T11:42:11.966666Z,1783510931,966666,1,0x0000,true,59.986706,-0.000111,88,85.008278,-107.696449,85.000298,73.134052,94.976585,107.785214,89.997147,-107.579933,60.012547,-143.750634,50.000000,-143.071249,0.000000,0.000000,0.000000,0x0007
2026-07-08T11:42:12Z,1783510932,0,1,0x0000,true,59.983868,-0.000095,88,90.023689,-71.359877,89.996956,109.828212,99.972473,143.218589,95.010109,-72.453206,65.006783,-107.552550,55.009415,-107.016661,0.000000,0.000000,0.000000,0x0008
2026-07-08T11:42:12.033333Z,1783510932,33333,1,0x0000,true,59.987934,0.000136,88,95.012276,-36.170664,94.991287,146.659516,50.000000,178.327374,99.998001,-37.296518,70.009544,-71.197906,59.999840,-71.907187,0.000000,0.000000,0.000000,0x0009
2026-07-08T11:42:12.066666Z,1783510932,66666,1,0x0000,true,60.003750,0.000527,88,50.000000,-0.467717,99.981857,-180.000005,54.998154,-180.000005,50.000000,-2.067671,75.015854,-34.566522,65.000336,-36.806742,0.000000,0.000000,0.000000,0x000A
2026-07-08T11:42:12.1Z,1783510932,100000,1,0x0000,true,60.012512,0.000292,88,55.000141,35.231441,50.000000,-144.700221,60.002663,-144.449881,55.002216,34.522098,80.032005,0.869416,69.998177,-1.432879,0.000000,0.000000,0.000000,0x000B
2026-07-08T11:42:12.133333Z,1783510932,133333,1,0x0000,true,60.016056,0.000118,88,60.014278,70.468387,55.007050,-108.444607,65.005051,-108.965450,60.004875,71.160066,85.042931,36.063583,75.002556,34.687044,0.000000,0.000000,0.000000,0x000C
2026-07-08T11:42:12.166666Z,1783510932,166666,1,0x0000,true,60.012230,-0.000128,88,65.018433,107.190817,60.004574,-71.889578,70.000969,-72.085536,65.005272,107.083159,90.053093,72.491782,79.987083,70.858903,0.000000,0.000000,0.000000,0x000D
2026-07-08T11:42:12.2Z,1783510932,200000,1,0x0000,true,60.010128,-0.000070,88,70.018379,143.912318,65.002449,-35.666954,74.989990,-35.634722,69.999275,142.772114,95.058044,107.759451,84.988411,106.258701,0.000000,0.000000,0.000000,0x000E
2026-07-08T11:42:12.233333Z,1783510932,233333,1,0x0000,true,59.995667,-0.000482,88,75.030823,-180.000005,70.012825,0.322410,79.990669,-0.083495,75.013123,179.258014,50.000000,144.321938,89.979324,142.733701,0.000000,0.000000,0.000000,0x000F
2026-07-08T11:42:12.266666Z,1783510932,266666,1,0x0000,true,60.014889,0.000641,88,80.031334,-143.318898,75.015656,36.113075,84.999435,35.912745,80.015678,-180.000005,54.984055,-180.000005,94.964363,178.546636,0.000000,0.000000,0.000000,0x0000
2026-07-08T11:42:12.3Z,1783510932,300000,1,0x0000,true,59.998886,-0.000533,88,85.046104,-107.708511,79.999397,72.369741,90.004997,72.368340,85.029640,-143.076726,59.970673,-143.139209,99.978729,-180.000005,0.000000,0.000000,0.000000,0x0001
2026-07-08T11:42:12.333333Z,1783510932,333333,1,0x0000,true,59.998161,-0.000024,88,90.048584,-71.441996,84.993927,109.134484,95.013680,108.324362,90.015137,-106.683088,64.961151,-106.275203,50.000000,-144.491149,0.000000,0.000000,0.000000,0x0002
2026-07-08T11:42:12.366666Z,1783510932,366666,1,0x0000,true,59.984051,-0.000470,88,95.041405,-36.261993,89.989487,144.761133,50.000000,144.749071,95.028877,-70.831049,69.970016,-70.714588,54.989304,-108.267357,0.000000,0.000000,0.000000,0x0003
2026-07-08T11:42:12.4Z,1783510932,400000,1,0x0000,true,59.996078,0.000401,88,50.000000,0.492375,95.002342,-180.000005,54.987762,-180.000005,50.000000,-34.234288,74.968109,-35.550380,59.997589,-72.602179,0.000000,0.000000,0.000000,0x0004
2026-07-08T11:42:12.433333Z,1783510932,433333,1,0x0000,true,60.002731,0.000222,88,54.992695,36.645580,50.000000,-143.377241,59.978699,-144.052310,55.016186,1.598228,79.972061,1.195479,65.009331,-36.058573,0.000000,0.000000,0.000000,0x0005
2026-07-08T11:42:12.466666Z,1783510932,466666,1,0x0000,true,59.997200,-0.000184,88,60.001530,73.441390,55.002670,-108.195142,64.966751,-107.430597,59.999847,37.596452,84.960510,37.345654,70.005165,0.055290,0.000000,0.000000,0.000000,0x0006
2026-07-08T11:42:12.5Z,1783510932,500000,1,0x0000,true,59.993298,-0.000130,88,65.008919,109.177678,60.010101,-72.320311,69.966713,-71.505462,64.994919,72.867846,89.966583,73.060027,75.019302,37.007772,0.000000,0.000000,0.000000,0x0007
2026-07-08T11:42:12.533333Z,1783510932,533333,1,0x0000,true,60.000973,0.000256,88,70.012054,144.827290,65.001350,-35.418885,74.966370,-35.249616,69.979233,108.097627,94.963821,109.132510,80.018715,73.139175,0.000000,0.000000,0.000000,0x0008
2026-07-08T11:42:12.566666Z,1783510932,566666,1,0x0000,true,60.001167,0.000006,88,75.013824,-180.000005,69.994156,-0.133908,79.960228,0.358032,74.966866,144.210442,99.954994,145.148569,85.024681,108.206801,0.000000,0.000000,0.000000,0x0009
2026-07-08T11:42:12.6Z,1783510932,600000,1,0x0000,true,60.013008,0.000395,88,80.021637,-144.331733,75.010521,35.188431,84.954575,35.503648,79.979622,-180.000005,50.000000,-180.000005,90.021767,143.429997,0.000000,0.000000,0.000000,0x000A
2026-07-08T11:42:12.633333Z,1783510932,633333,1,0x0000,true,59.996304,-0.000557,88,85.006058,-108.613982,80.014343,70.766764,89.940681,71.158161,84.964394,-143.143403,54.995968,-144.934770,95.030472,-180.000005,0.000000,0.000000,0.000000,0x000B
2026-07-08T11:42:12.666666Z,1783510932,666666,1,0x0000,true,59.992088,-0.000141,88,90.013336,-73.003070,85.018654,107.030424,94.939545,106.753391,89.974442,-107.850149,59.999676,-109.795509,50.000000,-144.633258,0.000000,0.000000,0.000000,0x000C
2026-07-08T11:42:12.7Z,1783510932,700000,1,0x0000,true,59.993309,0.000041,88,95.019958,-37.437271,90.011726,142.737621,99.933838,143.690542,94.975914,-71.515851,64.989082,-73.528236,55.009808,-107.958858,0.000000,0.000000,0.000000,0x000D
2026-07-08T11:42:12.733333Z,1783510932,733333,1,0x0000,true,59.988750,-0.000152,88,50.000000,-1.758164,95.007538,178.951038,50.000000,179.597666,99.984016,-34.662162,69.986580,-38.018684,60.025543,-71.168351,0.000000,0.000000,0.000000,0x000E
2026-07-08T11:42:12.766666Z,1783510932,766666,1,0x0000,true,60.001518,0.000426,88,54.993855,33.849133,99.995476,-180.000005,55.005386,-180.000005,50.000000,0.691010,74.982933,-2.391451,65.010651,-34.322472,0.000000,0.000000,0.000000,0x000F
2026-07-08T11:42:12.8Z,1783510932,800000,1,0x0000,true,60.008499,0.000233,88,59.990326,70.737790,50.000000,-143.577570,60.016163,-143.054870,55.001495,37.082839,79.975601,33.471547,70.018867,2.362127,0.000000,0.000000,0.000000,0x0000
2026-07-08T11:42:12.833333Z,1783510932,833333,1,0x0000,true,59.991505,-0.000566,88,64.992714,106.721439,54.998501,-107.771690,65.018120,-107.763945,60.008148,72.780775,84.967506,69.977385,75.023575,38.996309,0.000000,0.000000,0.000000,0x0001
2026-07-08T11:42:12.866666Z,1783510932,866666,1,0x0000,true,59.989906,-0.000053,88,69.983131,143.108951,59.999104,-72.109893,70.012375,-72.634827,64.999374,108.841598,89.978500,105.933645,80.011597,74.322492,0.000000,0.000000,0.000000,0x0002
2026-07-08T11:42:12.9Z,1783510932,900000,1,0x0000,true,60.006390,0.000549,88,74.971619,179.127339,65.002930,-35.665141,75.020599,-37.409127,70.012672,144.639720,94.972771,141.611760,85.002014,110.284462,0.000000,0.000000,0.000000,0x0003
2026-07-08T11:42:12.933333Z,1783510932,933333,1,0x0000,true,60.004971,-0.000047,88,79.964081,-180.000005,70.011864,-0.027184,80.023445,-1.766332,75.002617,-180.000005,99.970650,177.684352,90.008499,145.598992,0.000000,0.000000,0.000000,0x0004
2026-07-08T11:42:12.966666Z,1783510932,966666,1,0x0000,true,59.983345,-0.000721,88,84.957207,-144.536611,75.004158,36.802780,85.010696,34.523205,80.000282,-143.877744,50.000000,-180.000005,95.020050,-180.000005,0.000000,0.000000,0.000000,0x0005
2026-07-08T11:42:13Z,1783510933,0,1,0x0000,true,59.995323,0.000399,88,89.962784,-109.471663,79.990051,73.202013,90.009544,70.132895,85.011261,-107.521582,55.004837,-143.110768,50.000000,-144.594435,0.000000,0.000000,0.000000,0x0006
2026-07-08T11:42:13.033333Z,1783510933,33333,1,0x0000,true,59.995834,0.000017,88,94.955986,-73.035534,84.988129,109.320361,94.993935,106.698128,90.011482,-71.918190,60.018063,-107.008273,55.003681,-108.511058,0.000000,0.000000,0.000000,0x0007
2026-07-08T11:42:13.066666Z,1783510933,66666,1,0x0000,true,60.015545,0.000657,88,99.961403,-36.210173,89.997986,145.285541,99.984367,142.300994,95.021927,-35.452046,65.023338,-70.577157,60.013756,-73.258253,0.000000,0.000000,0.000000,0x0008
2026-07-08T11:42:13.1Z,1783510933,100000,1,0x0000,true,59.992332,-0.000774,88,50.000000,-0.180125,95.014557,-180.000005,50.000000,178.122372,50.000000,0.130715,70.010796,-34.736016,64.997246,-37.142350,0.000000,0.000000,0.000000,0x0009
2026-07-08T11:42:13.133333Z,1783510933,133333,1,0x0000,true,59.993450,0.000037,88,55.000057,36.307585,50.000000,-143.666117,54.999252,-180.000005,55.008118,35.347670,75.003845,1.398013,70.006134,-1.078497,0.000000,0.000000,0.000000,0x000A
2026-07-08T11:42:13.166666Z,1783510933,166666,1,0x0000,true,60.005440,0.000400,88,60.012215,72.917460,55.009464,-107.328493,59.993328,-143.310455,60.023975,71.287900,80.016823,36.819029,74.998192,34.954173,0.000000,0.000000,0.000000,0x000B
2026-07-08T11:42:13.2Z,1783510933,200000,1,0x0000,true,59.998798,-0.000221,88,65.002289,107.988235,60.016632,-71.437632,64.994850,-107.259248,65.032898,107.923013,85.025307,73.206371,79.982407,70.221311,0.000000,0.000000,0.000000,0x000C
2026-07-08T11:42:13.233333Z,1783510933,233333,1,0x0000,true,60.015297,0.000550,88,70.008003,143.971481,65.020737,-36.014577,70.005775,-71.109776,70.042953,143.008534,90.016922,109.672628,84.989777,107.002201,0.000000,0.000000,0.000000,0x000D
2026-07-08T11:42:13.266666Z,1783510933,266666,1,0x0000,true,59.999329,-0.000532,88,75.010048,179.436501,70.009956,-0.936923,75.000404,-35.263269,75.053459,179.747042,95.029625,146.288035,89.975510,142.169322,0.000000,0.000000,0.000000,0x000E
2026-07-08T11:42:13.3Z,1783510933,300000,1,0x0000,true,59.985947,-0.000446,88,80.017052,-180.000005,75.007645,35.505963,79.986015,0.162701,80.046768,-180.000005,50.000000,-180.000005,94.979576,177.303105,0.000000,0.000000,0.000000,0x000F
2026-07-08T11:42:13.333333Z,1783510933,333333,1,0x0000,true,60.005470,0.000651,88,85.015198,-144.327949,79.995247,71.857108,84.993477,35.711306,85.057426,-143.693397,54.983467,-143.624494,99.995827,-180.000005,0.000000,0.000000,0.000000,0x0000
2026-07-08T11:42:13.366666Z,1783510933,366666,1,0x0000,true,59.998005,-0.000249,88,90.027275,-108.694128,85.002342,107.244960,89.993874,71.704111,90.059547,-106.919795,59.998062,-108.379966,50.000000,-144.869842,0.000000,0.000000,0.000000,0x0001
2026-07-08T11:42:13.4Z,1783510933,400000,1,0x0000,true,59.991291,-0.000224,88,95.043854,-72.430584,90.007309,143.640517,94.980064,107.344400,95.075821,-71.730114,64.995430,-72.985469,54.987953,-109.553857,0.000000,0.000000,0.000000,0x0002
2026-07-08T11:42:13.433333Z,1783510933,433333,1,0x0000,true,59.988747,-0.000085,88,50.000000,-37.132026,95.013603,178.776923,99.966362,143.366641,50.000000,-35.999950,70.004723,-36.743669,59.982800,-74.234259,0.000000,0.000000,0.000000,0x0003
2026-07-08T11:42:13.966666Z,1783510933,966666,1,0x0000,true,59.985508,-0.000718,88,75.015518,-180.000005,74.958672,0.462646,69.996918,-36.172415,74.991470,177.926360,94.982216,146.963350,85.014229,104.995997,0.000000,0.000000,0.000000,0x0003
2026-07-08T11:42:14Z,1783510934,0,1,0x0000,true,60.014072,0.000952,88,80.023148,-143.664655,79.964592,36.808955,74.998062,-0.740033,79.993225,-180.000005,99.978409,-180.000005,89.998009,141.175434,0.000000,0.000000,0.000000,0x0004
2026-07-08T11:42:14.033333Z,1783510934,33333,1,0x0000,true,59.989479,-0.000820,88,85.006554,-108.149912,84.965515,73.282329,79.984016,34.398530,85.007950,-144.425456,50.000000,-144.609585,94.990189,177.380983,0.000000,0.000000,0.000000,0x0005
2026-07-08T11:42:14.066666Z,1783510934,66666,1,0x0000,true,59.990223,0.000025,88,90.022224,-71.988370,89.974380,109.908351,84.976814,69.657800,89.997025,-108.516119,54.998241,-108.027570,99.995621,-180.000005,0.000000,0.000000,0.000000,0x0006
2026-07-08T11:42:14.1Z,1783510934,100000,1,0x0000,true,59.983521,-0.000223,88,95.033730,-35.187140,94.958527,145.591301,89.967110,105.933058,94.988533,-71.635331,59.982666,-72.356272,50.000000,-144.493075,0.000000,0.000000,0.000000,0x0007
2026-07-08T11:42:14.133333Z,1783510934,133333,1,0x0000,true,60.001804,0.000609,88,50.000000,0.673994,99.956284,-180.000005,94.966515,141.340260,50.000000,-35.333320,64.981033,-36.995989,55.008884,-109.131219,0.000000,0.000000,0.000000,0x0008
2026-07-08T11:42:14.166666Z,1783510934,166666,1,0x0000,true,59.987061,-0.000491,88,55.001232,37.486240,50.000000,-143.958832,99.964287,177.585902,54.992123,0.012741,69.970642,-1.702386,59.998619,-72.412286,0.000000,0.000000,0.000000,0x0009
2026-07-08T11:42:14.2Z,1783510934,200000,1,0x0000,true,60.004578,0.000584,88,59.996014,74.298367,55.002640,-108.469852,50.000000,-180.000005,59.982697,36.935088,74.984154,33.625896,65.011414,-36.795137,0.000000,0.000000,0.000000,0x000A
2026-07-08T11:42:14.233333Z,1783510934,233333,1,0x0000,true,59.983768,-0.000694,88,64.979813,110.832414,59.989346,-71.773301,54.987877,-143.245924,64.986633,73.496469,79.990898,70.105970,70.012749,-1.576840,0.000000,0.000000,0.000000,0x000B
2026-07-08T11:42:14.266666Z,1783510934,266666,1,0x0000,true,59.985550,0.000059,88,69.964813,146.736451,64.987724,-36.451429,59.990047,-107.220071,69.983536,110.283479,84.978615,106.863541,75.027901,34.137415,0.000000,0.000000,0.000000,0x000C
2026-07-08T11:42:14.3Z,1783510934,300000,1,0x0000,true,60.007637,0.000736,88,74.977180,-180.000005,69.985802,0.258351,64.976257,-70.363174,74.976875,146.392565,89.994278,142.533617,80.028809,70.009972,0.000000,0.000000,0.000000,0x000D
2026-07-08T11:42:14.333333Z,1783510934,333333,1,0x0000,true,60.004517,-0.000104,88,79.983994,-143.091001,74.992882,37.060398,69.970718,-34.133672,79.985718,-180.000005,94.988144,179.034968,85.024643,105.448593,0.000000,0.000000,0.000000,0x000E
2026-07-08T11:42:14.366666Z,1783510934,366666,1,0x0000,true,59.991955,-0.000419,88,84.977119,-106.454898,79.979912,73.588328,74.961533,1.334672,84.991829,-144.942406,99.978317,-180.000005,90.023491,142.261953,0.000000,0.000000,0.000000,0x000F
2026-07-08T11:42:14.4Z,1783510934,400000,1,0x0000,true,60.006371,0.000481,88,89.970711,-69.598241,84.975639,109.465898,79.965775,36.850404,89.984375,-108.709175,50.000000,-144.790749,95.025757,177.700403,0.000000,0.000000,0.000000,0x0000
2026-07-08T11:42:14.433333Z,1783510934,433333,1,0x0000,true,60.011833,0.000182,88,94.973564,-33.194989,89.986755,145.827708,84.975403,73.767798,94.999863,-72.229626,54.997463,-109.634529,50.000000,-180.000005,0.000000,0.000000,0.000000,0x0001
2026-07-08T11:42:14.466666Z,1783510934,466666,1,0x0000,true,59.986626,-0.000840,88,99.958725,3.483199,95.001328,-180.000005,89.976746,110.198156,99.992340,-37.072761,60.003616,-73.532266,54.988441,-143.253970,0.000000,0.000000,0.000000,0x0002
2026-07-08T11:42:14.5Z,1783510934,500000,1,0x0000,true,59.997093,0.000349,88,50.000000,40.176136,99.997841,-144.054932,94.976250,146.070945,50.000000,-0.896066,64.994972,-37.320365,59.995270,-106.562023,0.000000,0.000000,0.000000,0x0003
2026-07-08T11:42:14.533333Z,1783510934,533333,1,0x0000,true,59.997280,0.000006,88,54.989048,76.611329,50.000000,-107.936462,99.990295,-180.000005,54.988750,34.918847,69.985878,-1.543629,65.003014,-70.314626,0.000000,0.000000,0.000000,0x0004
2026-07-08T11:42:14.566666Z,1783510934,566666,1,0x0000,true,60.000259,0.000099,88,59.977879,112.459700,54.988834,-71.159711,50.000000,-143.563241,59.974159,70.662999,74.970856,33.866311,70.011871,-33.708537,0.000000,0.000000,0.000000,0x0005
2026-07-08T11:42:14.6Z,1783510934,600000,1,0x0000,true,60.007034,0.000226,88,64.990707,149.338685,60.004185,-35.654240,54.989029,-107.143142,64.977455,106.202570,79.962929,69.257777,75.011826,1.787959,0.000000,0.000000,0.000000,0x0006
2026-07-08T11:42:14.633333Z,1783510934,633333,1,0x0000,true,59.986858,-0.000673,88,69.989197,-180.000005,65.003250,0.175071,60.005512,-71.294478,69.993332,141.636581,84.951233,104.305472,80.000496,38.155366,0.000000,0.000000,0.000000,0x0007
2026-07-08T11:42:14.666666Z,1783510934,666666,1,0x0000,true,60.008553,0.000723,88,74.980148,-144.778850,69.998032,37.035171,65.018394,-34.737700,74.992706,176.800444,89.943832,140.359131,84.992630,74.273075,0.000000,0.000000,0.000000,0x0008
2026-07-08T11:42:14.7Z,1783510934,700000,1,0x0000,true,59.984833,-0.000791,88,79.983376,-109.282118,74.982292,72.934481,70.019577,1.359318,79.982994,-180.000005,94.935623,176.269520,90.007195,110.617516,0.000000,0.000000,0.000000,0x0009
2026-07-08T11:42:14.733333Z,1783510934,733333,1,0x0000,true,59.991459,0.000221,88,84.970917,-72.368743,79.991302,109.784786,75.019066,36.444257,84.979797,-144.166961,99.919388,-180.000005,95.020645,147.176506,0.000000,0.000000,0.000000,0x000A
2026-07-08T11:42:14.766666Z,1783510934,766666,1,0x0000,true,59.998589,0.000238,88,89.977936,-35.754435,84.992645,146.680375,80.009300,72.610109,89.985306,-107.641363,50.000000,-144.801294,50.000000,-180.000005,0.000000,0.000000,0.000000,0x000B
2026-07-08T11:42:14.8Z,1783510934,800000,1,0x0000,true,60.002178,0.000120,88,94.994438,-0.015410,89.999512,-180.000005,85.003136,109.121192,94.993629,-71.224236,55.008820,-109.419214,55.002308,-144.636755,0.000000,0.000000,0.000000,0x000C
2026-07-08T11:42:14.833333Z,1783510934,833333,1,0x0000,true,60.007721,0.000185,88,50.000000,36.467869,95.003098,-144.287855,90.013725,144.172617,99.982384,-35.092303,59.995346,-73.264379,60.002956,-109.113269,0.000000,0.000000,0.000000,0x000D
2026-07-08T11:42:14.866666Z,1783510934,866666,1,0x0000,true,59.986805,-0.000697,88,55.010876,72.935997,50.000000,-108.475043,95.025368,-180.000005,50.000000,1.440112,65.011505,-37.280378,64.991684,-73.334962,0.000000,0.000000,0.000000,0x000E
2026-07-08T11:42:14.9Z,1783510934,900000,1,0x0000,true,60.008999,0.000740,88,59.995197,109.422889,54.993103,-72.707166,50.000000,-144.756816,55.005272,37.604508,70.023285,-0.470580,69.992233,-37.221215,0.000000,0.000000,0.000000,0x000F
2026-07-08T11:42:14.933333Z,1783510934,933333,1,0x0000,true,59.989555,-0.000648,88,64.985741,146.103579,60.005264,-35.837333,54.987572,-108.934619,59.998817,73.645627,75.014854,34.806063,74.987305,-1.066435,0.000000,0.000000,0.000000,0x0000
2026-07-08T11:42:14.966666Z,1783510934,966666,1,0x0000,true,60.002636,0.000436,88,69.996475,-180.000005,65.015472,0.689078,60.003498,-72.575200,64.987671,110.085191,80.000793,70.449733,79.972481,34.225535,0.000000,0.000000,0.000000,0x0001
2026-07-08T11:42:15Z,1783510935,0,1,0x0000,true,59.986702,-0.000531,88,74.979904,-143.906594,70.017014,37.420947,65.009521,-35.663167,69.976936,145.756251,84.985909,106.575075,84.982994,70.504232,0.000000,0.000000,0.000000,0x0002
2026-07-08T11:42:15.033333Z,1783510935,33333,1,0x0000,true,60.015785,0.000969,88,79.974457,-108.859657,75.029411,72.915521,69.993172,-0.208694,74.965569,-180.000005,89.972702,142.443199,89.982208,106.445800,0.000000,0.000000,0.000000,0x0003
2026-07-08T11:42:15.066666Z,1783510935,66666,1,0x0000,true,60.002918,-0.000429,88,84.987724,-72.557414,80.037544,109.842590,74.992203,36.304252,79.981018,-143.876173,94.967819,177.975947,94.969002,142.109927,0.000000,0.000000,0.000000,0x0004
2026-07-08T11:42:15.1Z,1783510935,100000,1,0x0000,true,60.009975,0.000235,88,89.999702,-35.891114,85.054024,145.139812,80.000443,71.472773,84.976936,-107.150833,99.979141,-180.000005,99.953720,178.019906,0.000000,0.000000,0.000000,0x0005
2026-07-08T11:42:15.133333Z,1783510935,133333,1,0x0000,true,60.013195,0.000107,88,95.004974,1.006871,90.041374,-180.000005,85.013245,108.226909,89.983101,-71.143401,50.000000,-143.961509,50.000000,-180.000005,0.000000,0.000000,0.000000,0x0006
2026-07-08T11:42:15.166666Z,1783510935,166666,1,0x0000,true,60.014187,0.000033,88,50.000000,37.392987,95.035187,-143.934052,90.011322,143.840505,94.987900,-35.293107,54.999313,-108.700316,54.995110,-144.916697,0.000000,0.000000,0.000000,0x0007
2026-07-08T11:42:15.2Z,1783510935,200000,1,0x0000,true,60.007881,-0.000210,88,55.009686,72.539362,50.000000,-108.051291,95.006912,179.068709,99.990112,-0.086700,60.001190,-73.430435,60.006351,-108.029906,0.000000,0.000000,0.000000,0x0008
2026-07-08T11:42:15.233333Z,1783510935,233333,1,0x0000,true,60.007294,-0.000020,88,60.007328,108.377412,54.999580,-72.984594,99.997780,-180.000005,50.000000,35.277080,64.987373,-37.148415,64.991638,-71.305727,0.000000,0.000000,0.000000,0x0009
2026-07-08T11:42:15.266666Z,1783510935,266666,1,0x0000,true,59.986923,-0.000679,88,65.004364,145.051402,59.983360,-37.080038,50.000000,-144.276599,54.995300,71.057723,69.985710,-1.041547,69.996414,-34.835795,0.000000,0.000000,0.000000,0x000A
2026-07-08T11:42:15.3Z,1783510935,300000,1,0x0000,true,59.988342,0.000047,88,69.995033,-180.000005,64.977821,-0.692872,55.010353,-107.481373,59.998379,106.559933,74.996010,34.885219,74.987740,1.612105,0.000000,0.000000,0.000000,0x000B
2026-07-08T11:42:15.333333Z,1783510935,333333,1,0x0000,true,60.014324,0.000866,88,74.996414,-143.164672,69.964035,36.248302,60.014412,-70.594349,65.012566,142.636671,79.989548,70.631936,79.972473,36.914919,0.000000,0.000000,0.000000,0x000C
2026-07-08T11:42:15.366666Z,1783510935,366666,1,0x0000,true,59.999832,-0.000483,88,79.998161,-107.198740,74.958786,71.641923,65.024094,-33.812237,70.004028,177.884750,84.992966,106.293788,84.977676,72.547223,0.000000,0.000000,0.000000,0x000D
2026-07-08T11:42:15.4Z,1783510935,400000,1,0x0000,true,60.001400,0.000052,88,85.005699,-71.198595,79.966484,106.712410,70.035477,1.293219,75.015312,-180.000005,89.991730,141.642182,89.978821,107.792973,0.000000,0.000000,0.000000,0x000E
2026-07-08T11:42:15.433333Z,1783510935,433333,1,0x0000,true,59.987217,-0.000473,88,90.007721,-34.848032,84.975784,142.900466,75.046379,37.418857,80.002487,-143.900188,94.986435,176.892365,94.982613,143.923451,0.000000,0.000000,0.000000,0x000F
2026-07-08T11:42:15.466666Z,1783510935,466666,1,0x0000,true,59.992962,0.000191,88,94.998978,0.330165,89.959427,178.551363,80.036758,74.340038,84.988792,-107.575678,99.977829,-180.000005,99.976669,179.911937,0.000000,0.000000,0.000000,0x0000
2026-07-08T11:42:15.5Z,1783510935,500000,1,0x0000,true,59.999256,0.000210,88,99.984924,36.058758,94.961571,-180.000005,85.043724,109.969194,89.989700,-72.422893,50.000000,-144.713977,50.000000,-180.000005,0.000000,0.000000,0.000000,0x0001
2026-07-08T11:42:15.533333Z,1783510935,533333,1,0x0000,true,60.000359,0.000037,88,50.000000,72.417948,99.970184,-143.152200,90.048698,146.718952,94.978004,-35.991955,55.001392,-109.280199,54.988270,-144.489346,0.000000,0.000000,0.000000,0x0002
2026-07-08T11:42:15.566666Z,1783510935,566666,1,0x0000,true,60.004890,0.000151,88,55.000713,107.722103,50.000000,-106.297462,95.064384,-180.000005,99.988800,-0.333948,59.995071,-73.287568,59.977867,-108.047043,0.000000,0.000000,0.000000,0x0003
2026-07-08T11:42:15.6Z,1783510935,600000,1,0x0000,true,59.988213,-0.000556,88,60.002529,143.717535,54.993065,-69.979072,50.000000,-143.260090,50.000000,34.928238,65.001572,-36.612935,64.984085,-71.626650,0.000000,0.000000,0.000000,0x0004
2026-07-08T11:42:15.633333Z,1783510935,633333,1,0x0000,true,60.002113,0.000463,88,64.999329,179.085566,59.987026,-33.297329,55.010410,-107.943695,54.995033,70.493802,70.016029,0.265582,69.983711,-35.303950,0.000000,0.000000,0.000000,0x0005
2026-07-08T11:42:15.666666Z,1783510935,666666,1,0x0000,true,60.007103,0.000166,88,70.011673,-180.000005,64.975578,3.270873,60.020493,-71.524177,59.995899,107.201772,75.023743,36.088421,74.976387,0.573971,0.000000,0.000000,0.000000,0x0006
2026-07-08T11:42:15.7Z,1783510935,700000,1,0x0000,true,60.001644,-0.000182,88,75.026405,-143.627404,69.984161,38.664379,65.031868,-35.995275,65.005310,143.409712,80.015762,71.697937,79.978539,35.815757,0.000000,0.000000,0.000000,0x0007
2026-07-08T11:42:15.733333Z,1783510935,733333,1,0x0000,true,60.001274,-0.000012,88,80.017448,-108.570501,74.969788,74.987486,70.020355,-0.215682,70.005081,179.789594,85.006042,107.959848,84.994209,71.128941,0.000000,0.000000,0.000000,0x0008
2026-07-08T11:42:15.766666Z,1783510935,766666,1,0x0000,true,59.996052,-0.000174,88,85.029778,-73.432812,79.961349,110.386587,75.005653,34.831895,74.991432,-180.000005,90.003242,144.167439,89.997253,106.580847,0.000000,0.000000,0.000000,0x0009
2026-07-08T11:42:15.8Z,1783510935,800000,1,0x0000,true,60.004845,0.000293,88,90.014687,-37.967789,84.966034,146.808783,80.005058,71.023456,79.985085,-143.643086,95.001648,-180.000005,95.010796,142.998794,0.000000,0.000000,0.000000,0x000A
2026-07-08T11:42:15.833333Z,1783510935,833333,1,0x0000,true,59.985706,-0.000638,88,94.998444,-2.437952,89.971031,-180.000005,85.018288,106.788648,84.997993,-107.038572,99.992188,-144.471096,50.000000,179.389168,0.000000,0.000000,0.000000,0x000B
2026-07-08T11:42:15.866666Z,1783510935,866666,1,0x0000,true,60.000790,0.000503,88,99.984840,34.387349,94.967873,-144.190635,90.017860,142.916736,89.985977,-70.118613,50.000000,-107.810335,54.994564,-180.000005,0.000000,0.000000,0.000000,0x000C
2026-07-08T11:42:15.9Z,1783510935,900000,1,0x0000,true,60.005302,0.000150,88,50.000000,70.879544,99.966835,-108.670530,95.012566,179.396640,94.969635,-33.900708,55.004093,-71.336613,59.996933,-144.865061,0.000000,0.000000,0.000000,0x000D
2026-07-08T11:42:15.933333Z,1783510935,933333,1,0x0000,true,59.983639,-0.000722,88,55.002567,106.765801,50.000000,-72.694571,50.000000,-180.000005,99.957596,2.582455,60.020138,-34.781174,64.988800,-108.774512,0.000000,0.000000,0.000000,0x000E
2026-07-08T11:42:15.966666Z,1783510935,966666,1,0x0000,true,59.992020,0.000279,88,60.016720,143.431978,55.011574,-36.325125,55.005527,-143.792298,50.000000,37.820687,65.013428,1.649706,69.984489,-73.339272,0.000000,0.000000,0.000000,0x000F
2026-07-08T11:42:16Z,1783510936,0,1,0x0000,true,60.001629,0.000320,88,65.011017,178.832821,60.015095,-0.633778,60.014584,-108.240781,55.011356,73.129094,70.000076,37.424871,74.979485,-37.258515,0.000000,0.000000,0.000000,0x0000
2026-07-08T11:42:16.033333Z,1783510936,33333,1,0x0000,true,60.003555,0.000064,88,70.016655,-180.000005,65.011101,35.211271,65.010422,-72.720157,59.995392,108.477952,75.015961,73.513729,79.966728,-2.177772,0.000000,0.000000,0.000000,0x0001
2026-07-08T11:42:16.066666Z,1783510936,66666,1,0x0000,true,59.986221,-0.000578,88,75.002228,-144.550367,69.997749,70.771825,70.005974,-36.856165,64.983955,145.079201,80.001137,110.407809,84.983162,33.113966,0.000000,0.000000,0.000000,0x0002
2026-07-08T11:42:16.1Z,1783510936,100000,1,0x0000,true,60.011242,0.000834,88,80.006256,-108.005303,74.998756,106.698995,74.990128,-1.440161,69.994469,-180.000005,85.013771,146.586665,89.998047,69.916248,0.000000,0.000000,0.000000,0x0003
2026-07-08T11:42:16.133333Z,1783510936,133333,1,0x0000,true,60.002502,-0.000291,88,84.998566,-71.375962,80.010750,142.308740,80.004326,33.924201,75.001450,-143.431568,90.008820,-180.000005,95.000336,105.480592,0.000000,0.000000,0.000000,0x0004
2026-07-08T11:42:16.166666Z,1783510936,166666,1,0x0000,true,60.005665,0.000105,88,90.009445,-34.625791,85.021530,178.064261,84.988266,70.426306,79.994621,-107.527941,94.994980,-144.329520,99.994408,140.841342,0.000000,0.000000,0.000000,0x0005
2026-07-08T11:42:16.2Z,1783510936,200000,1,0x0000,true,60.001667,-0.000133,88,94.992989,0.594430,90.008766,-180.000005,89.990013,106.489459,84.992935,-71.823599,99.997169,-108.991098,50.000000,176.417694,0.000000,0.000000,0.000000,0x0006
2026-07-08T11:42:16.233333Z,1783510936,233333,1,0x0000,true,60.005363,0.000123,88,99.984306,36.940972,95.000328,-144.743880,94.994720,143.023970,89.989037,-36.048260,50.000000,-72.440672,54.984791,-180.000005,0.000000,0.000000,0.000000,0x0007
2026-07-08T11:42:16.266666Z,1783510936,266666,1,0x0000,true,59.989624,-0.000525,88,50.000000,72.071022,50.000000,-107.950696,50.000000,178.173380,94.977837,0.747259,54.984810,-37.159658,59.972958,-143.308242,0.000000,0.000000,0.000000,0x0008
2026-07-08T11:42:16.3Z,1783510936,300000,1,0x0000,true,59.999676,0.000335,88,55.010220,108.195845,55.007927,-71.917794,55.011974,-180.000005,99.971664,36.763141,60.000431,-1.617756,64.972359,-106.953311,0.000000,0.000000,0.000000,0x0009
2026-07-08T11:42:16.333333Z,1783510936,333333,1,0x0000,true,60.005909,0.000208,88,60.002129,144.445742,60.002594,-35.611647,59.996712,-144.360529,50.000000,72.286569,65.010918,35.103798,69.973724,-71.649682,0.000000,0.000000,0.000000,0x000A
2026-07-08T11:42:16.366666Z,1783510936,366666,1,0x0000,true,59.996468,-0.000315,88,64.996971,179.776876,65.010612,-0.251073,64.985779,-108.943184,55.011349,108.723047,70.000542,70.416286,74.979523,-36.110227,0.000000,0.000000,0.000000,0x000B
2026-07-08T11:42:16.4Z,1783510936,400000,1,0x0000,true,59.997089,0.000021,88,69.995949,-180.000005,70.002434,36.384568,70.000000,-71.993151,60.018661,144.299221,74.995369,106.734266,79.975685,0.717990,0.000000,0.000000,0.000000,0x000C
2026-07-08T11:42:16.433333Z,1783510936,433333,1,0x0000,true,59.997238,0.000005,88,74.992218,-144.275547,75.015015,71.850291,74.997391,-35.482884,65.017456,-180.000005,79.982826,142.828490,84.972473,36.516524,0.000000,0.000000,0.000000,0x000D
2026-07-08T11:42:16.466666Z,1783510936,466666,1,0x0000,true,59.997974,0.000025,88,80.005348,-107.816455,80.002953,107.524096,79.997902,0.406170,70.014824,-144.827058,84.976158,179.451896,89.984283,72.703068,0.000000,0.000000,0.000000,0x000E
2026-07-08T11:42:16.5Z,1783510936,500000,1,0x0000,true,59.998386,0.000014,88,85.006699,-72.125753,84.993111,143.786233,84.991539,36.759064,75.031036,-108.847486,89.965347,-180.000005,94.993172,108.939858,0.000000,0.000000,0.000000,0x000F
2026-07-08T11:42:16.533333Z,1783510936,533333,1,0x0000,true,59.997929,-0.000015,88,90.009552,-36.339980,89.999855,179.007264,90.005966,73.429205,80.043335,-72.425933,94.957947,-144.427506,50.000000,144.017107,0.000000,0.000000,0.000000,0x0000
2026-07-08T11:42:16.566666Z,1783510936,566666,1,0x0000,true,59.997272,-0.000022,88,94.997887,-0.205193,95.006157,-180.000005,95.016899,109.537062,85.051659,-37.238178,99.966652,-109.208100,54.993740,179.780783,0.000000,0.000000,0.000000,0x0001
2026-07-08T11:42:16.6Z,1783510936,600000,1,0x0000,true,59.997654,0.000013,88,50.000000,36.039056,50.000000,-144.252762,50.000000,145.693003,90.036934,-1.253885,50.000000,-73.463944,59.982861,-180.000005,0.000000,0.000000,0.000000,0x0002
2026-07-08T11:42:16.633333Z,1783510936,633333,1,0x0000,true,60.011044,0.000446,88,55.001713,71.169690,55.010315,-107.644983,54.992363,-180.000005,95.052483,34.191787,55.008026,-36.940330,64.968483,-143.657948,0.000000,0.000000,0.000000,0x0003
2026-07-08T11:42:16.666666Z,1783510936,666666,1,0x0000,true,60.016434,0.000180,88,60.002647,106.530495,59.993893,-70.858677,59.986752,-143.236020,50.000000,70.541067,60.006954,-0.433852,69.959915,-108.190825,0.000000,0.000000,0.000000,0x0004
2026-07-08T11:42:16.7Z,1783510936,700000,1,0x0000,true,60.007626,-0.000294,88,64.993912,142.109175,65.008820,-34.476698,64.978928,-107.578068,55.008255,106.812650,64.992538,34.736184,74.974915,-73.028307,0.000000,0.000000,0.000000,0x0005
2026-07-08T11:42:16.733333Z,1783510936,733333,1,0x0000,true,59.986824,-0.000693,88,69.988235,177.909407,69.994301,1.608080,69.991730,-71.951009,60.021263,142.986663,69.996361,70.105267,79.962051,-37.043200,0.000000,0.000000,0.000000,0x0006
2026-07-08T11:42:16.766666Z,1783510936,766666,1,0x0000,true,60.013962,0.000905,88,74.984352,-180.000005,75.005760,37.090646,75.002739,-35.458053,65.013687,179.668645,74.984810,105.748643,84.965157,-1.508467,0.000000,0.000000,0.000000,0x0007
2026-07-08T11:42:16.8Z,1783510936,800000,1,0x0000,true,60.002407,-0.000385,88,80.000786,-144.893147,79.998810,72.887551,80.016464,1.484230,69.997383,-180.000005,79.989426,141.410843,89.972389,34.076801,0.000000,0.000000,0.000000,0x0008
2026-07-08T11:42:16.833333Z,1783510936,833333,1,0x0000,true,59.986198,-0.000540,88,85.002647,-109.635273,84.990219,107.943873,85.003090,37.697819,74.992912,-143.582584,85.000488,177.277983,94.987862,69.962475,0.000000,0.000000,0.000000,0x0009
2026-07-08T11:42:16.866666Z,1783510936,866666,1,0x0000,true,59.993443,0.000241,88,90.003021,-72.884170,89.974678,143.891090,90.017036,74.209015,80.000854,-107.525025,90.009445,-180.000005,99.981689,106.268857,0.000000,0.000000,0.000000,0x000A
2026-07-08T11:42:16.9Z,1783510936,900000,1,0x0000,true,60.012028,0.000620,88,95.007607,-36.994241,94.968575,179.303244,95.016121,109.642677,85.014870,-71.211532,95.005409,-144.940767,50.000000,142.377411,0.000000,0.000000,0.000000,0x000B
2026-07-08T11:42:16.933333Z,1783510936,933333,1,0x0000,true,59.991280,-0.000692,88,50.000000,-1.373595,99.981270,-180.000005,50.000000,144.709606,90.031235,-34.885799,99.992088,-108.108002,55.015274,177.595942,0.000000,0.000000,0.000000,0x000C
2026-07-08T11:42:16.966666Z,1783510936,966666,1,0x0000,true,60.012989,0.000724,88,54.991013,34.125818,50.000000,-144.115912,55.015793,-180.000005,95.031944,0.428146,50.000000,-71.548369,60.004417,-180.000005,0.000000,0.000000,0.000000,0x000D
2026-07-08T11:42:17Z,1783510937,0,1,0x0000,true,60.000446,-0.000418,88,59.987961,70.934861,55.011276,-108.707542,60.029633,-143.633537,50.000000,35.794139,55.002769,-35.564600,65.004265,-144.521981,0.000000,0.000000,0.000000,0x000E
2026-07-08T11:42:17.033333Z,1783510937,33333,1,0x0000,true,60.003365,0.000097,88,64.990723,107.834767,60.006634,-71.761123,65.038925,-107.495833,55.004890,72.575029,60.006580,0.765096,70.004967,-108.019408,0.000000,0.000000,0.000000,0x000F
2026-07-08T11:42:17.066666Z,1783510937,66666,1,0x0000,true,59.990730,-0.000421,88,69.977966,144.436549,65.005676,-36.176732,70.053139,-72.427094,60.003174,108.218405,65.021141,37.150690,74.992661,-72.445508,0.000000,0.000000,0.000000,0x0000
2026-07-08T11:42:17.1Z,1783510937,100000,1,0x0000,true,59.987865,-0.000095,88,74.984344,-180.000005,70.004433,0.082438,75.061569,-35.920791,64.997215,143.879096,70.020042,73.378095,80.003174,-36.374777,0.000000,0.000000,0.000000,0x0001
2026-07-08T11:42:17.133333Z,1783510937,133333,1,0x0000,true,60.011909,0.000801,88,79.983017,-144.215346,75.008469,35.574098,80.074020,0.573330,69.996361,179.615848,75.024963,108.967267,84.998878,-0.984419,0.000000,0.000000,0.000000,0x0002
2026-07-08T11:42:17.166666Z,1783510937,166666,1,0x0000,true,59.989025,-0.000763,88,84.968987,-108.292076,80.001190,70.842408,85.078262,37.131449,74.995522,-180.000005,80.012085,144.446166,89.997383,35.781373,0.000000,0.000000,0.000000,0x0003
2026-07-08T11:42:17.2Z,1783510937,200000,1,0x0000,true,59.984428,-0.000153,88,89.953964,-72.637621,84.997398,106.419982,90.083252,73.894266,79.980148,-143.944598,84.999062,-180.000005,94.996735,72.681163,0.000000,0.000000,0.000000,0x0004
2026-07-08T11:42:17.233333Z,1783510937,233333,1,0x0000,true,59.998837,0.000480,88,94.944267,-37.188686,89.989517,142.365335,95.087616,110.231713,84.991669,-108.358807,89.984138,-144.468473,99.991684,109.200757,0.000000,0.000000,0.000000,0x0005
2026-07-08T11:42:17.266666Z,1783510937,266666,1,0x0000,true,59.992027,-0.000227,88,99.952888,-1.250614,95.004524,177.490553,50.000000,145.295896,89.983871,-72.693341,94.994904,-108.772928,50.000000,146.120477,0.000000,0.000000,0.000000,0x0006
2026-07-08T11:42:17.3Z,1783510937,300000,1,0x0000,true,59.994377,0.000078,88,50.000000,34.140909,50.000000,-180.000005,54.993607,-180.000005,94.983421,-36.653326,50.000000,-71.912767,55.014759,-180.000005,0.000000,0.000000,0.000000,0x0007
2026-07-08T11:42:17.333333Z,1783510937,333333,1,0x0000,true,59.993507,-0.000029,88,54.983372,71.058768,54.996490,-143.734077,59.987423,-143.134250,99.995750,-0.383548,54.990128,-36.741507,60.024399,-144.360119,0.000000,0.000000,0.000000,0x0008
2026-07-08T11:42:17.366666Z,1783510937,366666,1,0x0000,true,59.988960,-0.000152,88,59.974571,106.914133,59.988693,-106.823913,64.979782,-107.686245,50.000000,34.851771,60.001278,-0.307712,65.038857,-108.107770,0.000000,0.000000,0.000000,0x0009
2026-07-08T11:42:17.4Z,1783510937,400000,1,0x0000,true,60.009251,0.000676,88,64.971336,142.809885,64.997040,-71.702950,69.981705,-71.975024,55.014244,71.570936,65.013145,35.295682,70.048569,-71.966923,0.000000,0.000000,0.000000,0x000A
2026-07-08T11:42:17.433333Z,1783510937,433333,1,0x0000,true,59.988567,-0.000689,88,69.982857,178.057499,70.011162,-36.284905,74.969742,-35.557548,60.002514,107.864731,70.010292,71.902002,75.048553,-36.076178,0.000000,0.000000,0.000000,0x000B
2026-07-08T11:42:17.466666Z,1783510937,466666,1,0x0000,true,59.986446,-0.000071,88,74.977699,-180.000005,74.996475,-1.038864,79.983368,-0.370900,64.990952,144.401223,74.994690,107.308508,80.050110,0.504090,0.000000,0.000000,0.000000,0x000C
2026-07-08T11:42:17.5Z,1783510937,500000,1,0x0000,true,60.000011,0.000452,88,79.974174,-144.140679,80.002953,35.521003,84.976860,35.241119,69.987106,-180.000005,80.006508,143.868605,85.038750,36.076649,0.000000,0.000000,0.000000,0x000D
2026-07-08T11:42:17.533333Z,1783510937,533333,1,0x0000,true,60.001205,0.000040,88,84.988976,-108.640046,84.988251,71.030907,89.992805,71.685403,74.991043,-143.160478,84.998985,179.246321,90.050705,72.772326,0.000000,0.000000,0.000000,0x000E
2026-07-08T11:42:17.566666Z,1783510937,566666,1,0x0000,true,60.005238,0.000134,88,89.984215,-73.260240,89.971664,107.605286,94.999344,107.208302,79.975433,-107.423200,90.009827,-180.000005,95.049652,108.221841,0.000000,0.000000,0.000000,0x000F
2026-07-08T11:42:17.6Z,1783510937,600000,1,0x0000,true,60.011234,0.000200,88,94.998276,-36.414713,94.957726,143.832405,50.000000,142.397628,84.981956,-71.833796,95.020195,-143.193591,50.000000,143.505649,0.000000,0.000000,0.000000,0x0000
2026-07-08T11:42:17.633333Z,1783510937,633333,1,0x0000,true,59.987679,-0.000785,88,99.996742,-1.102400,99.960579,-180.000005,54.984825,178.941462,89.972786,-35.302082,50.000000,-107.756486,54.987312,-180.000005,0.000000,0.000000,0.000000,0x0001
2026-07-08T11:42:17.666666Z,1783510937,666666,1,0x0000,true,59.992634,0.000165,88,50.000000,34.437868,50.000000,-143.560031,59.977322,-180.000005,94.978287,-0.036398,54.984283,-72.008547,60.003952,-144.953881,0.000000,0.000000,0.000000,0x0002
2026-07-08T11:42:17.7Z,1783510937,700000,1,0x0000,true,59.984276,-0.000279,88,54.989807,71.206518,55.009983,-107.763071,64.967491,-144.688747,99.970901,35.760214,59.996887,-36.666160,65.019455,-108.760927,0.000000,0.000000,0.000000,0x0003
2026-07-08T11:42:17.733333Z,1783510937,733333,1,0x0000,true,60.007202,0.000764,88,59.995090,107.746104,60.013802,-72.220235,69.955246,-107.971624,50.000000,71.118573,64.984741,-1.429735,70.009712,-72.831659,0.000000,0.000000,0.000000,0x0004
2026-07-08T11:42:17.766666Z,1783510937,766666,1,0x0000,true,59.986481,-0.000691,88,64.983231,142.924072,65.025391,-35.649407,74.963440,-72.864417,55.006680,107.846365,70.000816,34.878802,75.007629,-36.103171,0.000000,0.000000,0.000000,0x0005
2026-07-08T11:42:17.8Z,1783510937,800000,1,0x0000,true,60.015404,0.000964,88,69.991257,179.276497,70.025017,0.958779,79.951958,-37.809263,60.018398,144.210155,75.012535,70.689808,80.022743,-0.492550,0.000000,0.000000,0.000000,0x0006
2026-07-08T11:42:17.833333Z,1783510937,833333,1,0x0000,true,60.004375,-0.000368,88,74.984627,-180.000005,75.039391,37.341925,84.944008,-1.262219,65.023193,179.465461,79.998955,105.756621,85.010262,35.055939,0.000000,0.000000,0.000000,0x0007
2026-07-08T11:42:17.866666Z,1783510937,866666,1,0x0000,true,60.003735,-0.000021,88,79.968399,-144.150063,80.023041,74.068429,89.948608,35.553699,70.035072,-180.000005,84.997841,142.026926,89.996529,71.987612,0.000000,0.000000,0.000000,0x0008
2026-07-08T11:42:17.9Z,1783510937,900000,1,0x0000,true,59.985767,-0.000599,88,84.956528,-107.752347,85.036888,110.938439,94.940781,71.175393,75.019257,-143.694790,90.011856,177.859205,94.990646,107.618516,0.000000,0.000000,0.000000,0x0009
2026-07-08T11:42:17.933333Z,1783510937,933333,1,0x0000,true,59.996113,0.000345,88,89.957321,-71.310098,90.036919,146.551804,99.932388,107.955579,80.012047,-106.908245,95.021980,-180.000005,99.980751,142.941502,0.000000,0.000000,0.000000,0x000A
2026-07-08T11:42:17.966666Z,1783510937,966666,1,0x0000,true,59.992878,-0.000108,88,94.968582,-35.540941,95.030754,-180.000005,50.000000,143.790426,85.011131,-70.058637,50.000000,-144.032202,50.000000,178.600909,0.000000,0.000000,0.000000,0x000B
2026-07-08T11:42:18Z,1783510938,0,1,0x0000,true,59.996555,0.000123,88,99.967369,-0.288546,50.000000,-143.969432,54.997536,-180.000005,89.999573,-33.128593,54.994995,-107.528460,54.991055,-180.000005,0.000000,0.000000,0.000000,0x000C
2026-07-08T11:42:18.033333Z,1783510938,33333,1,0x0000,true,59.995003,-0.000052,88,50.000000,36.435046,55.003345,-107.799851,59.996273,-143.170915,95.013527,2.364990,59.997105,-70.597778,59.983227,-143.144222,0.000000,0.000000,0.000000,0x000D
2026-07-08T11:42:18.066666Z,1783510938,66666,1,0x0000,true,59.993660,-0.000045,88,54.993023,71.543472,60.006668,-71.688901,64.982620,-106.929466,99.998581,39.091088,65.012817,-34.025728,64.966972,-106.620728,0.000000,0.000000,0.000000,0x000E
2026-07-08T11:42:18.1Z,1783510938,100000,1,0x0000,true,60.016033,0.000746,88,59.998856,108.231219,65.002319,-35.828174,69.987869,-70.404804,50.000000,75.164149,70.028244,1.069936,69.981415,-71.405168,0.000000,0.000000,0.000000,0x000F
2026-07-08T11:42:18.133333Z,1783510938,133333,1,0x0000,true,60.008804,-0.000241,88,65.007553,145.099132,70.004875,-0.415667,74.975418,-33.843598,54.998127,111.842278,75.014481,37.731628,74.969612,-36.012302,0.000000,0.000000,0.000000,0x0000
2026-07-08T11:42:18.166666Z,1783510938,166666,1,0x0000,true,59.993099,-0.000524,88,70.023003,-180.000005,74.995827,35.875500,79.964821,2.678442,59.988312,147.941105,80.007950,72.809338,79.967651,0.100570,0.000000,0.000000,0.000000,0x0001
2026-07-08T11:42:18.2Z,1783510938,200000,1,0x0000,true,59.985699,-0.000247,88,75.024811,-143.605151,80.011368,72.752791,84.961433,37.964585,64.985100,-180.000005,85.017586,108.598724,84.953606,35.460443,0.000000,0.000000,0.000000,0x0002
2026-07-08T11:42:18.233333Z,1783510938,233333,1,0x0000,true,60.002743,0.000568,88,80.024391,-107.708402,85.015099,108.743380,89.967552,73.316241,69.982788,-143.939297,90.032631,144.888147,89.963348,72.019495,0.000000,0.000000,0.000000,0x0003
2026-07-08T11:42:18.266666Z,1783510938,266666,1,0x0000,true,59.994255,-0.000283,88,85.013184,-72.471920,90.003525,144.161593,94.971214,109.907818,74.971710,-107.253067,95.018509,-180.000005,94.959343,108.113951,0.000000,0.000000,0.000000,0x0004
2026-07-08T11:42:18.3Z,1783510938,300000,1,0x0000,true,60.006577,0.000411,88,90.018402,-36.266839,95.008781,179.498205,99.960144,146.495427,79.980827,-70.496834,50.000000,-143.784430,99.957840,143.195216,0.000000,0.000000,0.000000,0x0005
2026-07-08T11:42:18.333333Z,1783510938,333333,1,0x0000,true,59.986279,-0.000677,88,95.005997,-0.821226,99.993240,-180.000005,50.000000,-180.000005,84.985962,-34.239120,55.015133,-108.146647,50.000000,178.254222,0.000000,0.000000,0.000000,0x0006
2026-07-08T11:42:18.366666Z,1783510938,366666,1,0x0000,true,60.005028,0.000625,88,99.990707,34.691183,50.000000,-143.960280,55.001316,-144.159448,89.980049,1.729552,60.011490,-71.352473,55.011726,-180.000005,0.000000,0.000000,0.000000,0x0007
2026-07-08T11:42:18.4Z,1783510938,400000,1,0x0000,true,59.989971,-0.000502,88,50.000000,71.233218,54.998119,-108.124791,59.995857,-108.115413,94.971382,37.423057,65.012901,-35.977793,60.022987,-143.316808,0.000000,0.000000,0.000000,0x0008
2026-07-08T11:42:18.433333Z,1783510938,433333,1,0x0000,true,60.011383,0.000714,88,54.987617,107.251086,59.990459,-72.038265,65.003952,-72.125411,99.970299,73.570727,70.013695,-0.403950,65.022285,-107.751302,0.000000,0.000000,0.000000,0x0009
2026-07-08T11:42:18.466666Z,1783510938,466666,1,0x0000,true,59.993618,-0.000592,88,59.982231,143.397417,64.978928,-35.830619,70.020462,-36.793457,50.000000,110.343632,75.010361,34.778210,70.016548,-72.685070,0.000000,0.000000,0.000000,0x000A
2026-07-08T11:42:18.5Z,1783510938,500000,1,0x0000,true,60.014866,0.000708,88,64.991234,179.662061,69.989891,0.560627,75.028214,-1.377745,54.988174,147.062265,80.015457,71.243716,75.023788,-37.574950,0.000000,0.000000,0.000000,0x000B
2026-07-08T11:42:18.533333Z,1783510938,533333,1,0x0000,true,60.008945,-0.000197,88,69.987869,-180.000005,74.975647,37.217598,80.018768,33.667386,59.990211,-180.000005,85.027847,106.622415,80.025818,-1.772452,0.000000,0.000000,0.000000,0x000C
2026-07-08T11:42:18.566666Z,1783510938,566666,1,0x0000,true,60.003098,-0.000195,88,75.002251,-144.260343,79.976776,73.080654,85.022385,70.130381,64.974365,-143.994089,90.026512,143.215161,85.022667,33.755929,0.000000,0.000000,0.000000,0x000D
2026-07-08T11:42:18.6Z,1783510938,600000,1,0x0000,true,59.983665,-0.000648,88,79.988281,-108.966857,84.987999,109.033472,90.033127,106.854382,69.966164,-108.034687,95.019897,178.651330,90.015633,69.620268,0.000000,0.000000,0.000000,0x000E
2026-07-08T11:42:18.633333Z,1783510938,633333,1,0x0000,true,60.007339,0.000789,88,84.979225,-73.362939,89.992317,144.967814,95.036736,142.190591,74.960510,-71.681210,50.000000,-180.000005,95.002502,106.421089,0.000000,0.000000,0.000000,0x000F
2026-07-08T11:42:18.666666Z,1783510938,666666,1,0x0000,true,60.013466,0.000204,88,89.963730,-38.092768,95.000542,-180.000005,50.000000,178.617397,79.947777,-35.744128,54.992588,-144.180840,50.000000,141.967476,0.000000,0.000000,0.000000,0x0000
2026-07-08T11:42:18.7Z,1783510938,700000,1,0x0000,true,59.997063,-0.000547,88,94.963280,-2.426017,99.991379,-144.482120,55.003418,-180.000005,84.952415,0.940821,59.989159,-108.775680,54.986591,177.979457,0.000000,0.000000,0.000000,0x0001
2026-07-08T11:42:18.733333Z,1783510938,733333,1,0x0000,true,60.015041,0.000599,88,99.952721,33.116934,50.000000,-108.218228,59.992939,-143.871337,89.964157,37.321168,64.991676,-72.527176,59.973682,-180.000005,0.000000,0.000000,0.000000,0x0002
